file_id,participant_id,source_path,corpus,group,label,sex,language,notes,age_months,total_utterances,mlu,mluw,ttr,total_words,unintelligible_count,unintelligible_ratio,zero_vocalization_count,nonverbal_vocalization_count,question_ratio,echolalia_count,echolalia_ratio,pronoun_reversal_count,pause_count,pause_ratio,therapist_utterances,caregiver_utterances,turn_taking_count,response_latency_avg,restricted_interest_words,adult_utterance_count,mean_words_per_turn,child_adult_turn_ratio,response_ratio,question_response_ratio,repetitive_phrase_count,echolalia_similarity_score,pronoun_reversal_rate,unintelligible_token_count,incomplete_utterance_rate,child_utterance_count,total_child_words,mean_length_utterance_child,type_token_ratio_child
Ambrose:51SA_14,Ambrose:HL:13,data/curated/english_child_transcripts/Ambrose/download_2026-05-31/HL/13/51SA_14.cha,Ambrose,HL,HL,female,eng,Built from labeled CHAT folder structure.,14.0,131,0.0,1.0,0.0153,0,0,0.0,0,127,0.0,0,0.0,0,2,0.0153,0,102,71,0.011,0,102,2.5193,1.2843,0.3431,0.3,126,0.0,0.0,0,0.0,131,127,0.9695,0.0079
Ambrose:52CC_13,Ambrose:HL:13,data/curated/english_child_transcripts/Ambrose/download_2026-05-31/HL/13/52CC_13.cha,Ambrose,HL,HL,female,eng,Built from labeled CHAT folder structure.,13.0,107,0.0,1.0,0.0093,0,0,0.0,0,104,0.0,0,0.0,0,6,0.0561,0,401,174,0.007,0,401,2.6161,0.2668,0.217,0.2955,102,0.0192,0.0,0,0.0,107,104,0.972,0.0192
Ambrose:57ZK_13,Ambrose:HL:13,data/curated/english_child_transcripts/Ambrose/download_2026-05-31/HL/13/57ZK_13.cha,Ambrose,HL,HL,male,eng,Built from labeled CHAT folder structure.,13.0,78,0.0,1.0,0.0128,0,0,0.0,0,32,0.0,0,0.0,0,5,0.0641,0,315,124,0.012,0,315,2.0941,0.2476,0.1968,0.1579,31,0.0,0.0,0,0.0,78,32,0.4103,0.0312
Ambrose:58LL_13,Ambrose:HL:13,data/curated/english_child_transcripts/Ambrose/download_2026-05-31/HL/13/58LL_13.cha,Ambrose,HL,HL,female,eng,Built from labeled CHAT folder structure.,13.2,83,0.0,1.0,0.012,0,0,0.0,0,1,0.0,0,0.0,0,11,0.1325,0,551,164,0.045,0,551,2.7697,0.1506,0.1488,0.1988,0,1.0,0.0,0,0.0,83,2,0.0241,1.0
Ambrose:60CS_13,Ambrose:HL:13,data/curated/english_child_transcripts/Ambrose/download_2026-05-31/HL/13/60CS_13.cha,Ambrose,HL,HL,male,eng,Built from labeled CHAT folder structure.,13.6,37,0.054,1.0,0.0541,2,8,0.2162,0,5,0.0,0,0.0,0,3,0.0811,0,383,72,0.086,0,383,3.1452,0.0966,0.094,0.0521,5,0.0,0.0,8,0.0,37,8,0.2162,0.25
Ambrose:61MC_15,Ambrose:HL:13,data/curated/english_child_transcripts/Ambrose/download_2026-05-31/HL/13/61MC_15.cha,Ambrose,HL,HL,female,eng,Built from labeled CHAT folder structure.,13.0,166,0.0,1.0,0.006,0,0,0.0,0,159,0.0,0,0.0,0,5,0.0301,0,181,154,0.079,0,181,1.7781,0.9171,0.4254,0.3889,157,0.0,0.0,0,0.0,166,159,0.9578,0.0126
Ambrose:66JP_13,Ambrose:HL:13,data/curated/english_child_transcripts/Ambrose/download_2026-05-31/HL/13/66JP_13.cha,Ambrose,HL,HL,male,eng,Built from labeled CHAT folder structure.,13.47,7,0.0,1.0,0.1429,0,0,0.0,0,5,0.0,0,0.0,0,2,0.2857,0,358,14,0.073,0,358,4.8658,0.0196,0.0196,0.0183,3,0.0,0.0,0,0.0,7,5,0.7143,0.4
Ambrose:70JW_13,Ambrose:HL:13,data/curated/english_child_transcripts/Ambrose/download_2026-05-31/HL/13/70JW_13.cha,Ambrose,HL,HL,female,eng,Built from labeled CHAT folder structure.,13.0,82,0.012,1.0,0.0244,1,9,0.1098,0,66,0.0,0,0.0,0,2,0.0244,0,305,118,0.2,0,305,2.1499,0.2689,0.1934,0.2093,65,0.0,0.0,9,0.0,82,67,0.8171,0.0299
Ambrose:74LA_13,Ambrose:HL:13,data/curated/english_child_transcripts/Ambrose/download_2026-05-31/HL/13/74LA_13.cha,Ambrose,HL,HL,female,eng,Built from labeled CHAT folder structure.,13.0,111,0.04,1.0,0.045,4,6,0.0541,0,95,0.0,0,0.0,0,1,0.009,0,484,190,0.003,0,484,3.3866,0.2293,0.1963,0.1835,93,0.0088,0.0,6,0.0,111,100,0.9009,0.05
Ambrose:76AM_13,Ambrose:HL:13,data/curated/english_child_transcripts/Ambrose/download_2026-05-31/HL/13/76AM_13.cha,Ambrose,HL,HL,female,eng,Built from labeled CHAT folder structure.,13.0,201,0.22,1.0,0.0498,28,24,0.1194,0,145,0.0,0,0.0,0,2,0.01,0,332,222,0.001,0,332,2.3621,0.6054,0.3343,0.3516,162,0.0194,0.0,25,0.0,201,185,0.9204,0.0865
Ambrose:81QF_14,Ambrose:HL:13,data/curated/english_child_transcripts/Ambrose/download_2026-05-31/HL/13/81QF_14.cha,Ambrose,HL,HL,male,eng,Built from labeled CHAT folder structure.,14.0,10,0.0,1.0,0.1,0,1,0.1,0,3,0.0,0,0.0,0,3,0.3,0,513,20,0.0,0,513,4.3136,0.0195,0.0195,0.0235,2,0.0,0.0,1,0.0,10,3,0.3,0.3333
Ambrose:85KB_14,Ambrose:HL:13,data/curated/english_child_transcripts/Ambrose/download_2026-05-31/HL/13/85KB_14.cha,Ambrose,HL,HL,female,eng,Built from labeled CHAT folder structure.,13.0,18,0.0,1.0,0.0556,0,0,0.0,0,1,0.0,0,0.0,0,3,0.1667,0,608,36,0.0,0,608,3.0064,0.0296,0.0296,0.0249,0,0.0,0.0,0,0.0,18,1,0.0556,1.0
Ambrose:86LS_14,Ambrose:HL:13,data/curated/english_child_transcripts/Ambrose/download_2026-05-31/HL/13/86LS_14.cha,Ambrose,HL,HL,female,eng,Built from labeled CHAT folder structure.,13.0,24,0.042,1.0,0.0833,1,0,0.0,0,1,0.0,0,0.0,0,2,0.0833,0,555,48,0.0,0,555,3.7945,0.0432,0.0432,0.0409,0,0.0,0.0,0,0.0,24,3,0.125,1.0
Ambrose:87FB_14,Ambrose:HL:13,data/curated/english_child_transcripts/Ambrose/download_2026-05-31/HL/13/87FB_14.cha,Ambrose,HL,HL,male,eng,Built from labeled CHAT folder structure.,14.0,11,0.0,1.0,0.0909,0,0,0.0,0,0,0.0,0,0.0,0,6,0.5455,0,421,22,0.0,0,421,3.1528,0.0261,0.0261,0.0206,0,0.0,0.0,0,0.0,11,0,0.0,0.0
Ambrose:89CH_14,Ambrose:HL:13,data/curated/english_child_transcripts/Ambrose/download_2026-05-31/HL/13/89CH_14.cha,Ambrose,HL,HL,female,eng,Built from labeled CHAT folder structure.,14.0,14,1.0,1.071,0.2,14,0,0.0,0,0,0.0,1,0.0714,0,3,0.2143,0,321,24,0.0,0,321,3.3254,0.0436,0.0374,0.0417,10,0.4,0.0,0,0.0,14,14,1.0,0.1429
Ambrose:90BM_14,Ambrose:HL:13,data/curated/english_child_transcripts/Ambrose/download_2026-05-31/HL/13/90BM_14.cha,Ambrose,HL,HL,female,eng,Built from labeled CHAT folder structure.,13.0,34,0.147,1.0,0.1176,5,0,0.0,0,15,0.0,0,0.0,0,7,0.2059,0,523,54,0.058,0,523,2.6948,0.065,0.0516,0.0584,20,0.0548,0.0,0,0.0,34,32,0.9412,0.2812
Ambrose:CP22_14,Ambrose:HL:13,data/curated/english_child_transcripts/Ambrose/download_2026-05-31/HL/13/CP22_14.cha,Ambrose,HL,HL,female,eng,Built from labeled CHAT folder structure.,14.0,59,0.017,1.0,0.0339,1,0,0.0,0,55,0.0,0,0.0,0,3,0.0508,0,281,86,0.25,0,281,2.7353,0.21,0.153,0.1375,53,0.0357,0.0,0,0.0,59,56,0.9492,0.0536
Ambrose:JW36_14,Ambrose:HL:13,data/curated/english_child_transcripts/Ambrose/download_2026-05-31/HL/13/JW36_14.cha,Ambrose,HL,HL,female,eng,Built from labeled CHAT folder structure.,14.0,83,0.012,1.0,0.0241,1,0,0.0,1,52,0.0,0,0.0,0,12,0.1446,0,321,113,0.042,0,321,2.5965,0.2586,0.1776,0.2143,50,0.3459,0.0,0,0.0,83,54,0.6506,0.0741
Ambrose:LR24_14,Ambrose:HL:13,data/curated/english_child_transcripts/Ambrose/download_2026-05-31/HL/13/LR24_14.cha,Ambrose,HL,HL,male,eng,Built from labeled CHAT folder structure.,14.0,97,0.0,1.0,0.0103,0,0,0.0,0,91,0.0,0,0.0,0,6,0.0619,0,399,163,0.101,0,399,2.75,0.2431,0.203,0.1801,90,0.0,0.0,0,0.0,97,91,0.9381,0.011
Ambrose:51SA_18,Ambrose:HL:18,data/curated/english_child_transcripts/Ambrose/download_2026-05-31/HL/18/51SA_18.cha,Ambrose,HL,HL,female,eng,Built from labeled CHAT folder structure.,18.0,90,0.089,1.022,0.0978,8,9,0.1,0,70,0.0,0,0.0,0,2,0.0222,0,178,72,1.76,0,178,2.8769,0.5056,0.2022,0.1333,69,0.0026,0.0,10,0.0,90,78,0.8667,0.1154
Ambrose:52CC_18,Ambrose:HL:18,data/curated/english_child_transcripts/Ambrose/download_2026-05-31/HL/18/52CC_18.cha,Ambrose,HL,HL,female,eng,Built from labeled CHAT folder structure.,18.0,122,0.06,1.0,0.0492,8,4,0.0328,0,98,0.0,0,0.0,0,1,0.0082,0,317,166,0.005,0,317,2.328,0.3849,0.2618,0.2959,101,0.0425,0.0,4,0.0,122,106,0.8689,0.0472
Ambrose:57ZK_18,Ambrose:HL:18,data/curated/english_child_transcripts/Ambrose/download_2026-05-31/HL/18/57ZK_18.cha,Ambrose,HL,HL,male,eng,Built from labeled CHAT folder structure.,18.0,82,0.012,1.0,0.0244,1,0,0.0,0,71,0.0,0,0.0,0,1,0.0122,0,293,134,0.04,0,293,2.2987,0.2799,0.2287,0.2639,68,0.0141,0.0,0,0.0,82,74,0.9024,0.0541
Ambrose:58LL_18,Ambrose:HL:18,data/curated/english_child_transcripts/Ambrose/download_2026-05-31/HL/18/58LL_18.cha,Ambrose,HL,HL,female,eng,Built from labeled CHAT folder structure.,18.0,161,0.01,1.0,0.0248,1,6,0.0373,0,129,0.0,0,0.0,0,1,0.0062,0,483,268,0.002,0,483,2.4441,0.3333,0.2774,0.2675,126,0.0,0.0,6,0.0,161,136,0.8447,0.0515
Ambrose:60CS_18,Ambrose:HL:18,data/curated/english_child_transcripts/Ambrose/download_2026-05-31/HL/18/60CS_18.cha,Ambrose,HL,HL,male,eng,Built from labeled CHAT folder structure.,18.0,129,0.01,1.0,0.0233,2,16,0.124,0,110,0.0,0,0.0,0,2,0.0155,0,506,170,0.063,0,506,3.1055,0.2549,0.168,0.1579,109,0.0089,0.0,16,0.0,129,112,0.8682,0.0268
Ambrose:61MC_18,Ambrose:HL:18,data/curated/english_child_transcripts/Ambrose/download_2026-05-31/HL/18/61MC_18.cha,Ambrose,HL,HL,female,eng,Built from labeled CHAT folder structure.,18.0,112,0.0,1.0,0.0089,0,0,0.0,0,91,0.0,0,0.0,0,2,0.0179,0,236,147,0.01,0,236,2.1695,0.4746,0.3136,0.2955,90,0.0,0.0,0,0.0,112,91,0.8125,0.011
Ambrose:66JP_18,Ambrose:HL:18,data/curated/english_child_transcripts/Ambrose/download_2026-05-31/HL/18/66JP_18.cha,Ambrose,HL,HL,male,eng,Built from labeled CHAT folder structure.,18.0,68,0.0,1.0,0.0147,0,0,0.0,0,38,0.0,0,0.0,0,0,0.0,0,471,134,0.0,0,471,3.564,0.1444,0.1423,0.2535,37,0.0,0.0,0,0.0,68,38,0.5588,0.0263
Ambrose:70JW_18,Ambrose:HL:18,data/curated/english_child_transcripts/Ambrose/download_2026-05-31/HL/18/70JW_18.cha,Ambrose,HL,HL,female,eng,Built from labeled CHAT folder structure.,18.0,96,0.135,1.021,0.0612,12,13,0.1354,0,56,0.0,0,0.0,0,1,0.0104,0,336,172,0.182,0,336,2.6875,0.2857,0.256,0.3444,65,0.0485,0.0,13,0.0,96,70,0.7292,0.0714
Ambrose:74LA_18,Ambrose:HL:18,data/curated/english_child_transcripts/Ambrose/download_2026-05-31/HL/18/74LA_18.cha,Ambrose,HL,HL,female,eng,Built from labeled CHAT folder structure.,18.0,84,0.0,1.0,0.0238,0,2,0.0238,2,64,0.0,0,0.0,0,0,0.0,0,463,141,0.012,0,463,3.925,0.1814,0.1533,0.1722,63,0.0,0.0,2,0.0,84,64,0.7619,0.0156
Ambrose:76AM_18,Ambrose:HL:18,data/curated/english_child_transcripts/Ambrose/download_2026-05-31/HL/18/76AM_18.cha,Ambrose,HL,HL,female,eng,Built from labeled CHAT folder structure.,18.0,137,0.52,1.03,0.2535,75,24,0.1752,0,32,0.0,0,0.0,0,0,0.0,0,302,187,0.0,0,302,2.738,0.4536,0.3079,0.4444,71,0.1065,0.0,24,0.0,137,116,0.8467,0.319
Ambrose:81QF_18,Ambrose:HL:18,data/curated/english_child_transcripts/Ambrose/download_2026-05-31/HL/18/81QF_18.cha,Ambrose,HL,HL,male,eng,Built from labeled CHAT folder structure.,18.0,59,0.051,1.0,0.0339,3,0,0.0,0,50,0.0,0,0.0,0,5,0.0847,0,533,112,0.017,0,533,3.9155,0.1107,0.1051,0.1714,49,0.0,0.0,0,0.0,59,53,0.8983,0.0755
Ambrose:82NE_18,Ambrose:HL:18,data/curated/english_child_transcripts/Ambrose/download_2026-05-31/HL/18/82NE_18.cha,Ambrose,HL,HL,male,eng,Built from labeled CHAT folder structure.,18.0,38,0.0,1.0,0.0263,0,0,0.0,0,23,0.0,0,0.0,0,0,0.0,0,393,70,0.0,0,393,4.0,0.0967,0.0891,0.1014,22,0.0,0.0,0,0.0,38,23,0.6053,0.0435
Ambrose:83DR_18,Ambrose:HL:18,data/curated/english_child_transcripts/Ambrose/download_2026-05-31/HL/18/83DR_18.cha,Ambrose,HL,HL,male,eng,Built from labeled CHAT folder structure.,18.0,62,0.0,1.0,0.0161,0,0,0.0,0,44,0.0,0,0.0,0,3,0.0484,0,535,117,0.005,0,535,3.4188,0.1159,0.1103,0.1019,41,0.0114,0.0,0,0.0,62,44,0.7097,0.0682
Ambrose:85KB_18,Ambrose:HL:18,data/curated/english_child_transcripts/Ambrose/download_2026-05-31/HL/18/85KB_18.cha,Ambrose,HL,HL,female,eng,Built from labeled CHAT folder structure.,18.0,34,0.0,1.0,0.0294,0,0,0.0,0,0,0.0,0,0.0,0,13,0.3824,0,618,66,0.05,0,618,3.1166,0.055,0.0534,0.0495,0,0.0,0.0,0,0.0,34,0,0.0,0.0
Ambrose:86LS_18,Ambrose:HL:18,data/curated/english_child_transcripts/Ambrose/download_2026-05-31/HL/18/86LS_18.cha,Ambrose,HL,HL,female,eng,Built from labeled CHAT folder structure.,18.0,37,0.486,1.027,0.3421,18,7,0.1892,1,0,0.0,0,0.0,0,11,0.2973,0,614,71,0.015,0,614,3.4547,0.0603,0.0586,0.0636,6,0.1713,0.0,7,0.0,37,28,0.7568,0.6429
Ambrose:87FB_18,Ambrose:HL:18,data/curated/english_child_transcripts/Ambrose/download_2026-05-31/HL/18/87FB_18.cha,Ambrose,HL,HL,male,eng,Built from labeled CHAT folder structure.,18.0,24,0.0,1.0,0.0417,0,2,0.0833,0,0,0.0,0,0.0,0,4,0.1667,0,542,46,0.0,0,542,3.4064,0.0443,0.0424,0.0382,0,0.0,0.0,2,0.0,24,0,0.0,0.0
Ambrose:89CH_18,Ambrose:HL:18,data/curated/english_child_transcripts/Ambrose/download_2026-05-31/HL/18/89CH_18.cha,Ambrose,HL,HL,female,eng,Built from labeled CHAT folder structure.,18.0,35,0.657,1.0,0.2857,23,7,0.2,0,2,0.0,0,0.0,0,5,0.1429,0,340,68,0.154,0,340,3.0827,0.1029,0.1,0.1591,16,0.1667,0.0,8,0.0,35,28,0.8,0.3929
Ambrose:90BM_18,Ambrose:HL:18,data/curated/english_child_transcripts/Ambrose/download_2026-05-31/HL/18/90BM_18.cha,Ambrose,HL,HL,female,eng,Built from labeled CHAT folder structure.,18.0,37,0.703,1.135,0.1667,26,6,0.1622,0,1,0.0,1,0.027,0,8,0.2162,0,643,72,0.139,0,643,3.4279,0.0575,0.056,0.0356,14,0.2768,0.0,6,0.0,37,28,0.7568,0.2857
Ambrose:CP22_18,Ambrose:HL:18,data/curated/english_child_transcripts/Ambrose/download_2026-05-31/HL/18/CP22_18.cha,Ambrose,HL,HL,male,eng,Built from labeled CHAT folder structure.,18.0,18,0.222,1.0,0.1111,4,2,0.1111,0,3,0.0,0,0.0,0,30,1.6667,0,353,34,0.738,0,353,3.2668,0.051,0.0482,0.0917,5,0.1429,0.0,2,0.0,18,7,0.3889,0.2857
Ambrose:JW36_18,Ambrose:HL:18,data/curated/english_child_transcripts/Ambrose/download_2026-05-31/HL/18/JW36_18.cha,Ambrose,HL,HL,male,eng,Built from labeled CHAT folder structure.,18.0,25,0.0,1.0,0.04,0,0,0.0,0,1,0.0,0,0.0,0,17,0.68,0,371,50,0.398,0,371,2.4242,0.0674,0.0674,0.127,0,0.0,0.0,0,0.0,25,1,0.04,1.0
Ambrose:LR24_18,Ambrose:HL:18,data/curated/english_child_transcripts/Ambrose/download_2026-05-31/HL/18/LR24_18.cha,Ambrose,HL,HL,female,eng,Built from labeled CHAT folder structure.,18.0,16,0.062,1.0,0.125,1,4,0.25,0,0,0.0,0,0.0,0,3,0.1875,0,322,32,0.0,0,322,2.4734,0.0497,0.0497,0.0333,0,1.0,0.0,7,0.0,16,1,0.0625,1.0
Ambrose:52CC_22,Ambrose:HL:22,data/curated/english_child_transcripts/Ambrose/download_2026-05-31/HL/22/52CC_22.cha,Ambrose,HL,HL,female,eng,Built from labeled CHAT folder structure.,22.0,83,0.53,1.012,0.1786,44,32,0.3855,0,8,0.0,0,0.0,0,34,0.4096,0,408,141,0.582,0,408,2.4012,0.2034,0.1716,0.215,36,0.1791,0.0,37,0.0,83,55,0.6627,0.2909
Ambrose:57ZK_22,Ambrose:HL:22,data/curated/english_child_transcripts/Ambrose/download_2026-05-31/HL/22/57ZK_22.cha,Ambrose,HL,HL,male,eng,Built from labeled CHAT folder structure.,22.0,17,0.0,1.0,0.0588,0,0,0.0,0,0,0.0,0,0.0,0,43,2.5294,0,337,34,0.001,0,337,2.6356,0.0504,0.0504,0.038,0,0.0,0.0,0,0.0,17,0,0.0,0.0
Ambrose:58LL_22,Ambrose:HL:22,data/curated/english_child_transcripts/Ambrose/download_2026-05-31/HL/22/58LL_22.cha,Ambrose,HL,HL,female,eng,Built from labeled CHAT folder structure.,22.7,162,0.13,1.0,0.1411,29,58,0.358,1,50,0.0,0,0.0,0,0,0.0,0,597,302,0.004,0,597,2.419,0.2714,0.2529,0.2642,51,0.1516,0.0,59,0.0,162,93,0.5741,0.4409
Ambrose:60CS_22,Ambrose:HL:22,data/curated/english_child_transcripts/Ambrose/download_2026-05-31/HL/22/60CS_22.cha,Ambrose,HL,HL,male,eng,Built from labeled CHAT folder structure.,22.0,42,0.452,1.024,0.3488,19,11,0.2619,0,0,0.0,0,0.0,0,2,0.0476,0,593,78,0.0,0,593,3.5339,0.0708,0.0658,0.0776,11,0.1096,0.0,11,0.0,42,33,0.7857,0.4848
Ambrose:61MC_22,Ambrose:HL:22,data/curated/english_child_transcripts/Ambrose/download_2026-05-31/HL/22/61MC_22.cha,Ambrose,HL,HL,female,eng,Built from labeled CHAT folder structure.,22.0,56,0.0,1.0,0.0179,0,0,0.0,0,0,0.0,0,0.0,0,14,0.25,0,230,98,0.275,0,230,2.458,0.2435,0.213,0.2222,0,0.0,0.0,0,0.0,56,0,0.0,0.0
Ambrose:66JP_22,Ambrose:HL:22,data/curated/english_child_transcripts/Ambrose/download_2026-05-31/HL/22/66JP_22.cha,Ambrose,HL,HL,male,eng,Built from labeled CHAT folder structure.,22.0,26,0.0,1.0,0.0385,0,0,0.0,0,0,0.0,0,0.0,0,16,0.6154,0,382,50,0.0,0,382,3.451,0.0681,0.0654,0.0963,0,0.0,0.0,0,0.0,26,0,0.0,0.0
Ambrose:70JW_22,Ambrose:HL:22,data/curated/english_child_transcripts/Ambrose/download_2026-05-31/HL/22/70JW_22.cha,Ambrose,HL,HL,female,eng,Built from labeled CHAT folder structure.,22.0,98,0.857,1.061,0.3654,84,14,0.1429,0,2,0.0,2,0.0204,0,23,0.2347,0,424,187,0.021,0,424,2.659,0.2311,0.2217,0.2636,40,0.4218,0.0,17,0.0,98,90,0.9184,0.4444
Ambrose:74LA_22,Ambrose:HL:22,data/curated/english_child_transcripts/Ambrose/download_2026-05-31/HL/22/74LA_22.cha,Ambrose,HL,HL,female,eng,Built from labeled CHAT folder structure.,22.0,50,0.46,1.0,0.28,23,3,0.06,0,2,0.0,0,0.0,0,53,1.06,0,476,98,0.014,0,476,3.6255,0.105,0.1029,0.2156,13,0.1038,0.0,3,0.0,50,30,0.6,0.5333
Ambrose:76AM_22,Ambrose:HL:22,data/curated/english_child_transcripts/Ambrose/download_2026-05-31/HL/22/76AM_22.cha,Ambrose,HL,HL,female,eng,Built from labeled CHAT folder structure.,22.0,201,1.25,1.33,0.4059,244,48,0.2388,0,1,0.0,2,0.01,0,6,0.0299,0,482,283,0.047,0,482,3.019,0.417,0.2925,0.542,70,0.0995,0.005,51,0.01,201,278,1.3831,0.4209
Ambrose:80LA_22,Ambrose:HL:22,data/curated/english_child_transcripts/Ambrose/download_2026-05-31/HL/22/80LA_22.cha,Ambrose,HL,HL,male,eng,Built from labeled CHAT folder structure.,22.0,27,0.037,1.0,0.0741,1,0,0.0,0,4,0.0,0,0.0,0,10,0.3704,0,461,48,0.0,0,461,2.7951,0.0586,0.0521,0.0429,3,0.0,0.0,0,0.0,27,5,0.1852,0.4
Ambrose:81QF_22,Ambrose:HL:22,data/curated/english_child_transcripts/Ambrose/download_2026-05-31/HL/22/81QF_22.cha,Ambrose,HL,HL,male,eng,Built from labeled CHAT folder structure.,22.0,136,0.75,1.02,0.1857,100,35,0.2574,0,0,0.0,0,0.0,0,0,0.0,0,666,266,0.0,0,666,3.5187,0.2042,0.1997,0.4565,72,0.1238,0.0,49,0.0,136,100,0.7353,0.25
Ambrose:82NE_22,Ambrose:HL:22,data/curated/english_child_transcripts/Ambrose/download_2026-05-31/HL/22/82NE_22.cha,Ambrose,HL,HL,male,eng,Built from labeled CHAT folder structure.,22.0,8,0.125,1.0,0.25,1,0,0.0,0,0,0.0,0,0.0,0,11,1.375,0,380,16,0.0,0,380,4.1521,0.0211,0.0211,0.0468,1,0.0,0.0,0,0.0,8,3,0.375,0.6667
Ambrose:83DR_22,Ambrose:HL:22,data/curated/english_child_transcripts/Ambrose/download_2026-05-31/HL/22/83DR_22.cha,Ambrose,HL,HL,male,eng,Built from labeled CHAT folder structure.,22.0,16,0.062,1.0,0.125,1,1,0.0625,0,0,0.0,0,0.0,0,2,0.125,0,639,32,0.0,0,639,3.426,0.025,0.025,0.0163,0,0.0,0.0,1,0.0,16,1,0.0625,1.0
Ambrose:85KB_22,Ambrose:HL:22,data/curated/english_child_transcripts/Ambrose/download_2026-05-31/HL/22/85KB_22.cha,Ambrose,HL,HL,,eng,Built from labeled CHAT folder structure.,22.0,198,0.23,1.04,0.1019,51,2,0.0101,0,141,0.0,0,0.0,0,2,0.0101,1,522,381,0.011,0,523,3.0388,0.3786,0.3633,0.4011,76,0.0692,0.0,2,0.0,198,293,1.4798,0.3345
Ambrose:86LS_22,Ambrose:HL:22,data/curated/english_child_transcripts/Ambrose/download_2026-05-31/HL/22/86LS_22.cha,Ambrose,HL,HL,female,eng,Built from labeled CHAT folder structure.,22.0,184,0.95,1.19,0.2617,178,53,0.288,0,3,0.0,2,0.0109,0,1,0.0054,0,529,298,0.009,0,529,3.1683,0.3478,0.2817,0.424,93,0.1123,0.0,67,0.0,184,191,1.038,0.3037
Ambrose:87FB_22,Ambrose:HL:22,data/curated/english_child_transcripts/Ambrose/download_2026-05-31/HL/22/87FB_22.cha,Ambrose,HL,HL,male,eng,Built from labeled CHAT folder structure.,22.0,157,0.56,1.02,0.1667,90,65,0.414,0,0,0.0,1,0.0064,0,0,0.0,0,460,292,0.0,0,460,2.9271,0.3413,0.3174,0.3333,57,0.2864,0.0,95,0.0,157,123,0.7834,0.2276
Ambrose:89CH_22,Ambrose:HL:22,data/curated/english_child_transcripts/Ambrose/download_2026-05-31/HL/22/89CH_22.cha,Ambrose,HL,HL,female,eng,Built from labeled CHAT folder structure.,22.0,164,0.44,1.0,0.1515,73,87,0.5305,0,1,0.0,0,0.0,0,16,0.0976,0,438,286,0.088,0,438,2.4435,0.3744,0.3265,0.443,48,0.1906,0.0,91,0.0,164,82,0.5,0.3659
Ambrose:90BM_22,Ambrose:HL:22,data/curated/english_child_transcripts/Ambrose/download_2026-05-31/HL/22/90BM_22.cha,Ambrose,HL,HL,female,eng,Built from labeled CHAT folder structure.,22.0,33,0.273,1.0,0.1515,9,5,0.1515,0,2,0.0,0,0.0,0,0,0.0,0,566,62,0.0,0,566,3.0451,0.0583,0.0548,0.0634,6,0.3636,0.0,5,0.0,33,12,0.3636,0.5
Ambrose:CP22_22,Ambrose:HL:22,data/curated/english_child_transcripts/Ambrose/download_2026-05-31/HL/22/CP22_22.cha,Ambrose,HL,HL,male,eng,Built from labeled CHAT folder structure.,14.0,25,0.44,1.12,0.3214,11,0,0.0,1,0,0.0,1,0.04,0,6,0.24,0,451,45,0.0,0,451,2.8445,0.0554,0.051,0.0746,2,0.1667,0.0,0,0.0,25,11,0.44,0.7273
Ambrose:LR24_22,Ambrose:HL:22,data/curated/english_child_transcripts/Ambrose/download_2026-05-31/HL/22/LR24_22.cha,Ambrose,HL,HL,female,eng,Built from labeled CHAT folder structure.,22.0,35,0.257,1.0,0.2286,9,11,0.3143,0,4,0.0,0,0.0,0,4,0.1143,0,397,70,0.018,0,397,2.7917,0.0882,0.0882,0.0789,4,0.1051,0.0,11,0.0,35,14,0.4,0.7143
Ambrose:51SA_28,Ambrose:HL:27,data/curated/english_child_transcripts/Ambrose/download_2026-05-31/HL/27/51SA_28.cha,Ambrose,HL,HL,female,eng,Built from labeled CHAT folder structure.,27.0,391,1.25,1.29,0.2543,555,130,0.3325,0,13,0.0,13,0.0332,0,9,0.023,0,310,345,0.041,0,310,2.4636,1.2613,0.5581,0.7536,163,0.0788,0.0,169,0.0051,391,584,1.4936,0.2192
Ambrose:52CC_27,Ambrose:HL:27,data/curated/english_child_transcripts/Ambrose/download_2026-05-31/HL/27/52CC_27.cha,Ambrose,HL,HL,female,eng,Built from labeled CHAT folder structure.,27.0,208,0.53,1.06,0.1514,99,60,0.2885,0,61,0.0,1,0.0048,0,0,0.0,0,467,284,0.0,0,467,2.2533,0.4454,0.3041,0.3274,120,0.2234,0.0,92,0.0,208,168,0.8077,0.2143
Ambrose:57ZK_27,Ambrose:HL:27,data/curated/english_child_transcripts/Ambrose/download_2026-05-31/HL/27/57ZK_27.cha,Ambrose,HL,HL,male,eng,Built from labeled CHAT folder structure.,27.0,19,0.053,1.0,0.1053,1,0,0.0,0,0,0.0,0,0.0,0,1,0.0526,0,249,36,0.0,0,249,3.6754,0.0763,0.0723,0.0563,0,1.0,0.0,0,0.0,19,6,0.3158,0.3333
Ambrose:58LL_27,Ambrose:HL:27,data/curated/english_child_transcripts/Ambrose/download_2026-05-31/HL/27/58LL_27.cha,Ambrose,HL,HL,female,eng,Built from labeled CHAT folder structure.,27.07,243,0.74,1.14,0.2967,167,132,0.5432,0,1,0.0,3,0.0123,0,0,0.0,0,585,456,0.005,0,585,2.5918,0.4154,0.3897,0.465,62,0.3256,0.0,133,0.0,243,171,0.7037,0.462
Ambrose:60CS_27,Ambrose:HL:27,data/curated/english_child_transcripts/Ambrose/download_2026-05-31/HL/27/60CS_27.cha,Ambrose,HL,HL,male,eng,Built from labeled CHAT folder structure.,27.4,95,0.368,1.032,0.2143,35,26,0.2737,1,24,0.0,1,0.0105,0,5,0.0526,0,540,176,0.003,0,540,3.2614,0.1759,0.163,0.149,28,0.1709,0.0,26,0.0,95,68,0.7158,0.4265
Ambrose:61MC_27,Ambrose:HL:27,data/curated/english_child_transcripts/Ambrose/download_2026-05-31/HL/27/61MC_27.cha,Ambrose,HL,HL,female,eng,Built from labeled CHAT folder structure.,27.0,63,0.016,1.0,0.0317,1,1,0.0159,0,0,0.0,0,0.0,0,2,0.0317,0,391,108,0.0,0,391,2.3656,0.1611,0.1381,0.1456,0,0.0,0.0,1,0.0,63,2,0.0317,1.0
Ambrose:66JP_27,Ambrose:HL:27,data/curated/english_child_transcripts/Ambrose/download_2026-05-31/HL/27/66JP_27.cha,Ambrose,HL,HL,male,eng,Built from labeled CHAT folder structure.,27.03,168,0.36,1.0,0.1302,55,21,0.125,0,81,0.0,0,0.0,0,0,0.0,0,499,303,0.0,0,499,3.1259,0.3367,0.3046,0.4975,105,0.1117,0.0,21,0.0,168,143,0.8512,0.2168
Ambrose:70JW_27,Ambrose:HL:27,data/curated/english_child_transcripts/Ambrose/download_2026-05-31/HL/27/70JW_27.cha,Ambrose,HL,HL,female,eng,Built from labeled CHAT folder structure.,27.0,289,0.87,1.09,0.2192,244,72,0.2491,0,26,0.0,6,0.0208,0,1,0.0035,0,438,456,0.0,0,438,2.2999,0.6598,0.5205,0.7325,146,0.156,0.0,75,0.0035,289,275,0.9516,0.28
Ambrose:74LA_27,Ambrose:HL:27,data/curated/english_child_transcripts/Ambrose/download_2026-05-31/HL/27/74LA_27.cha,Ambrose,HL,HL,female,eng,Built from labeled CHAT folder structure.,27.0,295,1.96,2.02,0.2971,593,27,0.0915,0,10,0.0,8,0.0271,0,3,0.0102,0,458,497,0.008,0,458,3.502,0.6441,0.5415,0.6784,117,0.118,0.0102,28,0.0034,295,625,2.1186,0.2704
Ambrose:76AM_27,Ambrose:HL:27,data/curated/english_child_transcripts/Ambrose/download_2026-05-31/HL/27/76AM_27.cha,Ambrose,HL,HL,female,eng,Built from labeled CHAT folder structure.,27.0,250,2.76,2.62,0.3657,631,15,0.06,0,4,0.0,9,0.036,0,0,0.0,0,324,362,0.002,4,324,3.9338,0.7716,0.5586,0.6241,63,0.085,0.0,16,0.012,250,676,2.704,0.2973
Ambrose:80LA_27,Ambrose:HL:27,data/curated/english_child_transcripts/Ambrose/download_2026-05-31/HL/27/80LA_27.cha,Ambrose,HL,HL,male,eng,Built from labeled CHAT folder structure.,27.0,5,0.0,1.0,0.2,0,0,0.0,0,0,0.0,0,0.0,0,0,0.0,0,406,10,0.0,0,406,3.1509,0.0123,0.0123,0.0164,0,0.0,0.0,0,0.0,5,0,0.0,0.0
Ambrose:81QF_28,Ambrose:HL:27,data/curated/english_child_transcripts/Ambrose/download_2026-05-31/HL/27/81QF_28.cha,Ambrose,HL,HL,male,eng,Built from labeled CHAT folder structure.,27.0,380,1.23,1.35,0.2543,530,71,0.1868,0,1,0.0,16,0.0421,0,6,0.0158,0,723,638,0.025,1,723,3.0997,0.5256,0.4412,0.736,189,0.0965,0.0026,102,0.0,380,554,1.4579,0.2166
Ambrose:82NE_27,Ambrose:HL:27,data/curated/english_child_transcripts/Ambrose/download_2026-05-31/HL/27/82NE_27.cha,Ambrose,HL,HL,male,eng,Built from labeled CHAT folder structure.,27.0,76,0.539,1.026,0.2179,41,18,0.2368,0,1,0.0,0,0.0,0,0,0.0,0,471,141,0.0,0,471,3.2486,0.1614,0.1507,0.1976,26,0.2471,0.0,23,0.0,76,46,0.6053,0.3696
Ambrose:83DR_27,Ambrose:HL:27,data/curated/english_child_transcripts/Ambrose/download_2026-05-31/HL/27/83DR_27.cha,Ambrose,HL,HL,male,eng,Built from labeled CHAT folder structure.,27.0,39,0.179,1.0,0.1538,7,2,0.0513,1,1,0.0,0,0.0,0,3,0.0769,0,688,77,0.0,0,688,3.0564,0.0567,0.0567,0.0881,2,0.0139,0.0,2,0.0,39,9,0.2308,0.7778
Ambrose:86LS_28,Ambrose:HL:27,data/curated/english_child_transcripts/Ambrose/download_2026-05-31/HL/27/86LS_28.cha,Ambrose,HL,HL,female,eng,Built from labeled CHAT folder structure.,27.0,361,2.57,2.36,0.2971,818,86,0.2382,0,2,0.0,13,0.036,0,6,0.0166,0,545,497,0.028,0,545,3.2263,0.6624,0.455,0.6667,89,0.152,0.0028,96,0.0388,361,844,2.338,0.2322
Ambrose:87FB_27,Ambrose:HL:27,data/curated/english_child_transcripts/Ambrose/download_2026-05-31/HL/27/87FB_27.cha,Ambrose,HL,HL,,eng,Built from labeled CHAT folder structure.,27.0,152,0.95,1.21,0.3011,150,48,0.3158,6,1,0.0,2,0.0132,0,1,0.0066,0,482,274,0.0,0,482,3.6041,0.3154,0.2842,0.4219,77,0.0724,0.0,61,0.0,152,178,1.1711,0.3202
Ambrose:89CH_27,Ambrose:HL:27,data/curated/english_child_transcripts/Ambrose/download_2026-05-31/HL/27/89CH_27.cha,Ambrose,HL,HL,female,eng,Built from labeled CHAT folder structure.,27.0,350,0.66,1.09,0.1886,204,186,0.5314,0,1,0.0,0,0.0,0,8,0.0229,0,467,476,0.046,0,467,2.0343,0.7495,0.5096,0.6646,96,0.1131,0.0,233,0.0,350,212,0.6057,0.3585
Ambrose:90BM_28,Ambrose:HL:27,data/curated/english_child_transcripts/Ambrose/download_2026-05-31/HL/27/90BM_28.cha,Ambrose,HL,HL,female,eng,Built from labeled CHAT folder structure.,27.0,97,0.361,1.0,0.1546,35,42,0.433,0,0,0.0,0,0.0,0,1,0.0103,0,614,178,0.0,0,614,2.6807,0.158,0.145,0.2021,21,0.2667,0.0,61,0.0,97,35,0.3608,0.4
Ambrose:CP22_28,Ambrose:HL:27,data/curated/english_child_transcripts/Ambrose/download_2026-05-31/HL/27/CP22_28.cha,Ambrose,HL,HL,male,eng,Built from labeled CHAT folder structure.,26.0,38,0.368,1.0,0.3158,14,14,0.3684,0,0,0.0,0,0.0,0,6,0.1579,0,347,58,2.49,0,347,2.9948,0.1095,0.0836,0.1098,8,0.1786,0.0,14,0.0,38,24,0.6316,0.5417
Ambrose:JW36_26,Ambrose:HL:27,data/curated/english_child_transcripts/Ambrose/download_2026-05-31/HL/27/JW36_26.cha,Ambrose,HL,HL,,eng,Built from labeled CHAT folder structure.,26.0,323,1.45,1.66,0.2714,462,41,0.1269,0,63,0.0,16,0.0495,0,1,0.0031,0,475,494,0.008,0,483,2.8499,0.6687,0.5031,0.5024,88,0.1773,0.0,42,0.0062,323,729,2.257,0.3457
Ambrose:JW36_28,Ambrose:HL:27,data/curated/english_child_transcripts/Ambrose/download_2026-05-31/HL/27/JW36_28.cha,Ambrose,HL,HL,male,eng,Built from labeled CHAT folder structure.,27.0,241,1.41,1.54,0.2543,320,73,0.3029,0,1,0.0,13,0.0539,0,7,0.029,0,475,406,0.013,0,475,2.5489,0.5074,0.4274,0.4651,85,0.256,0.0,74,0.0,241,358,1.4855,0.2989
Ambrose:LR24_26,Ambrose:HL:27,data/curated/english_child_transcripts/Ambrose/download_2026-05-31/HL/27/LR24_26.cha,Ambrose,HL,HL,female,eng,Built from labeled CHAT folder structure.,27.0,217,0.7,1.15,0.2259,147,103,0.4747,0,3,0.0,2,0.0092,0,14,0.0645,0,296,232,0.092,0,296,2.0487,0.7331,0.3919,0.46,75,0.1126,0.0046,125,0.0,217,159,0.7327,0.3396
Ambrose:51SA_34,Ambrose:HL:36,data/curated/english_child_transcripts/Ambrose/download_2026-05-31/HL/36/51SA_34.cha,Ambrose,HL,HL,female,eng,Built from labeled CHAT folder structure.,34.0,236,2.48,2.46,0.2943,612,91,0.3856,0,9,0.0,17,0.072,0,4,0.0169,0,199,204,0.049,0,199,3.8368,1.1859,0.5126,0.614,49,0.0901,0.0169,111,0.0085,236,659,2.7924,0.2473
Ambrose:52CC_36,Ambrose:HL:36,data/curated/english_child_transcripts/Ambrose/download_2026-05-31/HL/36/52CC_36.cha,Ambrose,HL,HL,female,eng,Built from labeled CHAT folder structure.,36.0,137,0.28,1.02,0.1007,29,42,0.3066,0,74,0.0,0,0.0,0,0,0.0,0,166,188,0.0,0,166,1.7624,0.8253,0.4759,0.3836,82,0.0658,0.0,42,0.0,137,105,0.7664,0.1429
Ambrose:57ZK_36,Ambrose:HL:36,data/curated/english_child_transcripts/Ambrose/download_2026-05-31/HL/36/57ZK_36.cha,Ambrose,HL,HL,male,eng,Built from labeled CHAT folder structure.,36.0,25,0.16,1.0,0.2,4,6,0.24,0,1,0.0,0,0.0,0,2,0.08,0,244,48,0.02,0,244,2.6357,0.1025,0.0984,0.0645,0,0.2667,0.0,7,0.0,25,5,0.2,1.0
Ambrose:58LL_36,Ambrose:HL:36,data/curated/english_child_transcripts/Ambrose/download_2026-05-31/HL/36/58LL_36.cha,Ambrose,HL,HL,female,eng,Built from labeled CHAT folder structure.,36.0,270,1.7,1.78,0.3057,367,90,0.3333,0,9,0.0,0,0.0,0,0,0.0,0,350,453,0.0,0,350,2.6742,0.7714,0.6486,0.7667,92,0.1006,0.0074,96,0.0074,270,385,1.4259,0.3506
Ambrose:60CS_36,Ambrose:HL:36,data/curated/english_child_transcripts/Ambrose/download_2026-05-31/HL/36/60CS_36.cha,Ambrose,HL,HL,male,eng,Built from labeled CHAT folder structure.,36.0,137,0.88,1.15,0.2857,120,42,0.3066,0,1,0.0,1,0.0073,0,0,0.0,0,390,236,0.012,0,390,3.0323,0.3513,0.3026,0.4017,49,0.1493,0.0,55,0.0,137,157,1.146,0.3185
Ambrose:61MC_36,Ambrose:HL:36,data/curated/english_child_transcripts/Ambrose/download_2026-05-31/HL/36/61MC_36.cha,Ambrose,HL,HL,female,eng,Built from labeled CHAT folder structure.,36.0,41,0.0,1.0,0.0244,0,0,0.0,0,0,0.0,0,0.0,0,0,0.0,0,227,70,0.0,0,227,2.7313,0.1806,0.1542,0.1616,0,0.0,0.0,0,0.0,41,0,0.0,0.0
Ambrose:66JP_36,Ambrose:HL:36,data/curated/english_child_transcripts/Ambrose/download_2026-05-31/HL/36/66JP_36.cha,Ambrose,HL,HL,male,eng,Built from labeled CHAT folder structure.,36.0,261,0.63,1.12,0.2114,191,132,0.5057,0,2,0.0,8,0.0307,0,1,0.0038,0,432,422,0.0,0,432,2.5945,0.6042,0.4884,0.5756,74,0.1956,0.0,139,0.0038,261,219,0.8391,0.3288
Ambrose:70JW_36,Ambrose:HL:36,data/curated/english_child_transcripts/Ambrose/download_2026-05-31/HL/36/70JW_36.cha,Ambrose,HL,HL,female,eng,Built from labeled CHAT folder structure.,36.0,329,2.16,2.13,0.2486,660,49,0.1489,0,16,0.0,16,0.0486,0,0,0.0,0,264,416,0.0,0,264,2.9241,1.2462,0.7879,0.886,139,0.1174,0.0122,54,0.0122,329,692,2.1033,0.211
Ambrose:74LA_36,Ambrose:HL:36,data/curated/english_child_transcripts/Ambrose/download_2026-05-31/HL/36/74LA_36.cha,Ambrose,HL,HL,female,eng,Built from labeled CHAT folder structure.,36.0,187,3.76,3.59,0.3743,665,11,0.0588,0,0,0.0,0,0.0,0,1,0.0053,0,300,324,0.017,0,300,4.4538,0.6233,0.54,0.6759,39,0.0646,0.016,11,0.0214,187,700,3.7433,0.2729
Ambrose:76AM_36,Ambrose:HL:36,data/curated/english_child_transcripts/Ambrose/download_2026-05-31/HL/36/76AM_36.cha,Ambrose,HL,HL,female,eng,Built from labeled CHAT folder structure.,36.0,189,3.44,3.24,0.4171,554,18,0.0952,0,3,0.0,4,0.0212,1,0,0.0,0,183,221,0.0,0,183,3.4677,1.0328,0.6011,0.7681,48,0.081,0.0106,18,0.0212,189,583,3.0847,0.3448
Ambrose:80LA_36,Ambrose:HL:36,data/curated/english_child_transcripts/Ambrose/download_2026-05-31/HL/36/80LA_36.cha,Ambrose,HL,HL,male,eng,Built from labeled CHAT folder structure.,36.0,29,0.276,1.0,0.1379,8,0,0.0,2,1,0.0,0,0.0,0,2,0.069,0,328,55,0.0,0,328,2.4594,0.0884,0.0854,0.1047,5,0.3926,0.0,0,0.0,29,17,0.5862,0.4118
Ambrose:81QF_36,Ambrose:HL:36,data/curated/english_child_transcripts/Ambrose/download_2026-05-31/HL/36/81QF_36.cha,Ambrose,HL,HL,male,eng,Built from labeled CHAT folder structure.,36.0,177,1.99,1.98,0.3429,348,53,0.2994,0,5,0.0,2,0.0113,0,0,0.0,0,455,322,0.0,0,455,3.8623,0.389,0.3538,0.6121,44,0.1062,0.0056,78,0.0056,177,361,2.0395,0.3601
Ambrose:82NE_36,Ambrose:HL:36,data/curated/english_child_transcripts/Ambrose/download_2026-05-31/HL/36/82NE_36.cha,Ambrose,HL,HL,male,eng,Built from labeled CHAT folder structure.,36.0,141,0.94,1.21,0.1919,135,44,0.3121,0,4,0.0,1,0.0071,0,1,0.0071,0,359,244,0.0,0,359,3.164,0.3928,0.3398,0.4744,72,0.0597,0.0,63,0.0,141,149,1.0567,0.2416
Ambrose:83DR_36,Ambrose:HL:36,data/curated/english_child_transcripts/Ambrose/download_2026-05-31/HL/36/83DR_36.cha,Ambrose,HL,HL,male,eng,Built from labeled CHAT folder structure.,36.0,73,0.384,1.027,0.2267,28,19,0.2603,0,16,0.0,1,0.0137,0,5,0.0685,0,392,136,0.011,0,392,3.2624,0.1862,0.1735,0.2525,23,0.1151,0.0,22,0.0,73,48,0.6575,0.4375
Ambrose:85KB_36,Ambrose:HL:36,data/curated/english_child_transcripts/Ambrose/download_2026-05-31/HL/36/85KB_36.cha,Ambrose,HL,HL,,eng,Built from labeled CHAT folder structure.,36.0,187,0.89,1.19,0.3465,176,73,0.3904,2,4,0.0,2,0.0107,0,0,0.0,0,397,344,0.0,0,397,2.7329,0.471,0.4332,0.5784,62,0.1021,0.0,98,0.0,187,190,1.016,0.4158
Ambrose:86LS_36,Ambrose:HL:36,data/curated/english_child_transcripts/Ambrose/download_2026-05-31/HL/36/86LS_36.cha,Ambrose,HL,HL,female,eng,Built from labeled CHAT folder structure.,36.0,253,5.7,5.53,0.2857,1101,23,0.0909,5,0,0.004,5,0.0198,2,1,0.004,0,320,334,0.0,0,320,4.4607,0.7906,0.5219,0.6279,53,0.0838,0.0316,24,0.0949,253,1153,4.5573,0.1986
Ambrose:89CH_36,Ambrose:HL:36,data/curated/english_child_transcripts/Ambrose/download_2026-05-31/HL/36/89CH_36.cha,Ambrose,HL,HL,,eng,Built from labeled CHAT folder structure.,36.0,263,1.49,1.59,0.2114,360,67,0.2548,2,1,0.0,6,0.0228,0,2,0.0076,0,253,324,0.003,0,253,2.5814,1.0395,0.6403,0.8413,115,0.0832,0.0114,78,0.0,263,376,1.4297,0.2234
Ambrose:90BM_36,Ambrose:HL:36,data/curated/english_child_transcripts/Ambrose/download_2026-05-31/HL/36/90BM_36.cha,Ambrose,HL,HL,female,eng,Built from labeled CHAT folder structure.,36.0,49,0.571,1.0,0.3265,28,24,0.4898,0,0,0.0,0,0.0,0,1,0.0204,0,393,86,0.0,0,393,3.233,0.1247,0.1094,0.1358,13,0.1399,0.0,27,0.0,49,30,0.6122,0.5333
Ambrose:CP22_36,Ambrose:HL:36,data/curated/english_child_transcripts/Ambrose/download_2026-05-31/HL/36/CP22_36.cha,Ambrose,HL,HL,male,eng,Built from labeled CHAT folder structure.,36.0,76,0.684,1.184,0.4111,49,52,0.6842,0,0,0.0,2,0.0263,0,1,0.0132,0,229,110,0.0,0,229,3.8295,0.3319,0.2402,0.3548,8,0.1875,0.0,55,0.0,76,55,0.7237,0.6727
Ambrose:JW36_36,Ambrose:HL:36,data/curated/english_child_transcripts/Ambrose/download_2026-05-31/HL/36/JW36_36.cha,Ambrose,HL,HL,male,eng,Built from labeled CHAT folder structure.,36.0,152,2.3,2.23,0.3304,320,25,0.1645,0,0,0.0,4,0.0263,0,0,0.0,0,300,240,0.0,0,300,2.9049,0.5067,0.4,0.568,38,0.119,0.0,36,0.0066,152,329,2.1645,0.3374
Ambrose:LR24_36,Ambrose:HL:36,data/curated/english_child_transcripts/Ambrose/download_2026-05-31/HL/36/LR24_36.cha,Ambrose,HL,HL,female,eng,Built from labeled CHAT folder structure.,36.0,317,1.17,1.35,0.2514,358,119,0.3754,0,0,0.0,5,0.0158,0,10,0.0315,0,277,431,0.022,1,277,2.165,1.1444,0.7762,0.8875,118,0.1222,0.0,148,0.0,317,375,1.183,0.304
Ambrose:01DM_13,Ambrose:TD:13,data/curated/english_child_transcripts/Ambrose/download_2026-05-31/TD/13/01DM_13.cha,Ambrose,TD,TD,male,eng,Built from labeled CHAT folder structure.,13.0,95,0.053,1.011,0.0729,5,4,0.0421,0,76,0.0,0,0.0,0,3,0.0316,0,501,165,0.032,0,501,4.0252,0.1896,0.1637,0.1515,74,0.0127,0.0,4,0.0,95,81,0.8526,0.0741
Ambrose:02JW_13,Ambrose:TD:13,data/curated/english_child_transcripts/Ambrose/download_2026-05-31/TD/13/02JW_13.cha,Ambrose,TD,TD,male,eng,Built from labeled CHAT folder structure.,13.0,83,0.084,1.0,0.0964,7,18,0.2169,0,49,0.0,0,0.0,0,2,0.0241,0,413,154,0.009,0,413,3.5605,0.201,0.1864,0.2023,48,0.0521,0.0,18,0.0,83,56,0.6747,0.1429
Ambrose:03PH_13,Ambrose:TD:13,data/curated/english_child_transcripts/Ambrose/download_2026-05-31/TD/13/03PH_13.cha,Ambrose,TD,TD,male,eng,Built from labeled CHAT folder structure.,13.0,190,0.1,1.0,0.0368,16,7,0.0368,0,145,0.0,0,0.0,0,3,0.0158,0,393,298,0.02,0,393,2.4614,0.4835,0.3791,0.4234,170,0.0757,0.0,7,0.0,190,198,1.0421,0.0758
Ambrose:06BB_13,Ambrose:TD:13,data/curated/english_child_transcripts/Ambrose/download_2026-05-31/TD/13/06BB_13.cha,Ambrose,TD,TD,female,eng,Built from labeled CHAT folder structure.,13.0,157,0.0,1.0,0.0064,0,8,0.051,0,120,0.0,0,0.0,0,0,0.0,0,416,230,0.001,0,416,2.3176,0.3774,0.2764,0.2148,119,0.0163,0.0,8,0.0,157,124,0.7898,0.0403
Ambrose:07ES_13,Ambrose:TD:13,data/curated/english_child_transcripts/Ambrose/download_2026-05-31/TD/13/07ES_13.cha,Ambrose,TD,TD,male,eng,Built from labeled CHAT folder structure.,13.0,218,0.0,1.0,0.0138,1,18,0.0826,0,198,0.0,0,0.0,0,1,0.0046,0,387,312,0.012,0,387,2.4545,0.5633,0.4031,0.4111,197,0.005,0.0,21,0.0,218,199,0.9128,0.0101
Ambrose:08SE_13,Ambrose:TD:13,data/curated/english_child_transcripts/Ambrose/download_2026-05-31/TD/13/08SE_13.cha,Ambrose,TD,TD,female,eng,Built from labeled CHAT folder structure.,13.0,37,0.0,1.0,0.027,0,2,0.0541,0,35,0.0,0,0.0,0,3,0.0811,0,143,28,0.367,0,143,2.3778,0.2587,0.0979,0.1333,34,0.0,0.0,2,0.0,37,35,0.9459,0.0286
Ambrose:10MF_13,Ambrose:TD:13,data/curated/english_child_transcripts/Ambrose/download_2026-05-31/TD/13/10MF_13.cha,Ambrose,TD,TD,male,eng,Built from labeled CHAT folder structure.,13.0,59,0.085,1.0,0.0508,5,4,0.0678,0,48,0.0,0,0.0,0,4,0.0678,0,645,102,0.01,0,645,3.0455,0.0915,0.0791,0.1019,50,0.0377,0.0,4,0.0,59,53,0.8983,0.0566
Ambrose:11ES_13,Ambrose:TD:13,data/curated/english_child_transcripts/Ambrose/download_2026-05-31/TD/13/11ES_13.cha,Ambrose,TD,TD,female,eng,Built from labeled CHAT folder structure.,13.0,408,0.1,1.01,0.0257,58,57,0.1397,0,260,0.0,0,0.0,0,5,0.0123,0,417,454,0.011,0,417,1.9988,0.9784,0.5444,0.4661,316,0.0269,0.0,58,0.0,408,344,0.8431,0.0494
Ambrose:13JI_13,Ambrose:TD:13,data/curated/english_child_transcripts/Ambrose/download_2026-05-31/TD/13/13JI_13.cha,Ambrose,TD,TD,male,eng,Built from labeled CHAT folder structure.,13.0,133,0.03,1.0,0.0226,3,9,0.0677,0,119,0.0,0,0.0,0,15,0.1128,0,328,191,0.009,0,328,2.8872,0.4055,0.2927,0.3313,119,0.0027,0.0,9,0.0,133,122,0.9173,0.0246
Ambrose:14AM_13,Ambrose:TD:13,data/curated/english_child_transcripts/Ambrose/download_2026-05-31/TD/13/14AM_13.cha,Ambrose,TD,TD,female,eng,Built from labeled CHAT folder structure.,13.0,71,0.127,1.0,0.1127,9,3,0.0423,0,51,0.0,0,0.0,0,12,0.169,0,336,122,0.006,0,336,3.4668,0.2113,0.1815,0.1857,52,0.0806,0.0,3,0.0,71,61,0.8592,0.1475
Ambrose:15BG_13,Ambrose:TD:13,data/curated/english_child_transcripts/Ambrose/download_2026-05-31/TD/13/15BG_13.cha,Ambrose,TD,TD,female,eng,Built from labeled CHAT folder structure.,13.0,153,0.05,1.0,0.0523,8,19,0.1242,0,124,0.0,0,0.0,0,1,0.0065,0,422,240,0.37,0,422,2.8191,0.3626,0.2844,0.3448,123,0.0333,0.0,22,0.0,153,136,0.8889,0.0882
Ambrose:17JH_13,Ambrose:TD:13,data/curated/english_child_transcripts/Ambrose/download_2026-05-31/TD/13/17JH_13.cha,Ambrose,TD,TD,female,eng,Built from labeled CHAT folder structure.,13.0,110,0.01,1.0,0.0182,1,5,0.0455,0,79,0.0,0,0.0,0,2,0.0182,0,500,159,0.001,0,500,4.6869,0.22,0.158,0.1463,78,0.0063,0.0,5,0.0,110,80,0.7273,0.025
Ambrose:19BB_13,Ambrose:TD:13,data/curated/english_child_transcripts/Ambrose/download_2026-05-31/TD/13/19BB_13.cha,Ambrose,TD,TD,male,eng,Built from labeled CHAT folder structure.,13.0,230,0.0,1.0,0.0043,0,8,0.0348,0,201,0.0,0,0.0,0,0,0.0,0,467,317,0.0,0,467,2.6413,0.4925,0.3383,0.3529,200,0.0,0.0,9,0.0,230,202,0.8783,0.0099
Ambrose:21MB_13,Ambrose:TD:13,data/curated/english_child_transcripts/Ambrose/download_2026-05-31/TD/13/21MB_13.cha,Ambrose,TD,TD,female,eng,Built from labeled CHAT folder structure.,13.0,101,0.34,1.0,0.0792,34,9,0.0891,0,61,0.0,0,0.0,0,1,0.0099,0,449,174,0.001,0,449,2.7709,0.2249,0.1938,0.1707,87,0.0723,0.0,9,0.0,101,95,0.9406,0.0842
Ambrose:23LH_13,Ambrose:TD:13,data/curated/english_child_transcripts/Ambrose/download_2026-05-31/TD/13/23LH_13.cha,Ambrose,TD,TD,female,eng,Built from labeled CHAT folder structure.,13.0,162,0.01,1.0,0.0247,3,2,0.0123,0,150,0.0,0,0.0,0,5,0.0309,0,353,196,0.002,0,353,2.3282,0.4589,0.2776,0.256,147,0.0,0.0,2,0.0,162,155,0.9568,0.0387
Ambrose:25CC_13,Ambrose:TD:13,data/curated/english_child_transcripts/Ambrose/download_2026-05-31/TD/13/25CC_13.cha,Ambrose,TD,TD,female,eng,Built from labeled CHAT folder structure.,13.0,176,0.02,1.0,0.0284,4,18,0.1023,0,151,0.0,0,0.0,0,1,0.0057,0,372,304,0.03,0,372,2.3595,0.4731,0.4086,0.4733,151,0.0127,0.0,19,0.0,176,158,0.8977,0.0443
Ambrose:26AC_13,Ambrose:TD:13,data/curated/english_child_transcripts/Ambrose/download_2026-05-31/TD/13/26AC_13.cha,Ambrose,TD,TD,female,eng,Built from labeled CHAT folder structure.,13.0,142,0.23,1.0,0.0775,40,21,0.1479,0,81,0.0,0,0.0,0,4,0.0282,0,468,212,0.004,0,468,3.7541,0.3034,0.2265,0.2289,109,0.1238,0.0,21,0.0,142,194,1.3662,0.067
Ambrose:27MR_13,Ambrose:TD:13,data/curated/english_child_transcripts/Ambrose/download_2026-05-31/TD/13/27MR_13.cha,Ambrose,TD,TD,female,eng,Built from labeled CHAT folder structure.,13.0,111,0.05,1.0,0.036,6,1,0.009,0,77,0.0,0,0.0,0,1,0.009,0,385,186,0.012,0,385,3.1532,0.2883,0.2416,0.2395,79,0.0161,0.0,1,0.0,111,83,0.7477,0.0482
Ambrose:01DM_18,Ambrose:TD:18,data/curated/english_child_transcripts/Ambrose/download_2026-05-31/TD/18/01DM_18.cha,Ambrose,TD,TD,male,eng,Built from labeled CHAT folder structure.,18.0,203,0.11,1.01,0.0539,21,29,0.1429,0,145,0.0,0,0.0,0,6,0.0296,0,544,344,0.0,0,544,3.1995,0.3732,0.3162,0.3744,154,0.0389,0.0,29,0.0,203,183,0.9015,0.071
Ambrose:02JW_18,Ambrose:TD:18,data/curated/english_child_transcripts/Ambrose/download_2026-05-31/TD/18/02JW_18.cha,Ambrose,TD,TD,male,eng,Built from labeled CHAT folder structure.,18.0,118,0.22,1.0,0.1417,29,23,0.1949,0,60,0.0,0,0.0,0,4,0.0339,0,318,198,0.005,0,318,3.4771,0.3711,0.3113,0.3514,68,0.0522,0.0,25,0.0,118,92,0.7797,0.2065
Ambrose:03PH_18,Ambrose:TD:18,data/curated/english_child_transcripts/Ambrose/download_2026-05-31/TD/18/03PH_18.cha,Ambrose,TD,TD,male,eng,Built from labeled CHAT folder structure.,18.0,154,0.1,1.0,0.0325,16,59,0.3831,0,73,0.0,0,0.0,0,2,0.013,0,392,250,0.046,0,392,2.674,0.3929,0.3189,0.3918,86,0.0297,0.0,59,0.0,154,90,0.5844,0.0444
Ambrose:06BB_18,Ambrose:TD:18,data/curated/english_child_transcripts/Ambrose/download_2026-05-31/TD/18/06BB_18.cha,Ambrose,TD,TD,female,eng,Built from labeled CHAT folder structure.,18.0,268,0.19,1.0,0.0373,56,10,0.0373,0,185,0.0,0,0.0,0,3,0.0112,0,589,380,0.002,0,589,2.3652,0.455,0.3226,0.3463,234,0.0882,0.0,12,0.0,268,259,0.9664,0.0541
Ambrose:07ES_18,Ambrose:TD:18,data/curated/english_child_transcripts/Ambrose/download_2026-05-31/TD/18/07ES_18.cha,Ambrose,TD,TD,male,eng,Built from labeled CHAT folder structure.,18.0,153,0.07,1.01,0.0584,11,40,0.2614,0,92,0.0,0,0.0,0,6,0.0392,0,441,254,0.002,0,441,2.8131,0.3469,0.288,0.3333,93,0.0186,0.0,40,0.0,153,104,0.6797,0.1058
Ambrose:08SE_18,Ambrose:TD:18,data/curated/english_child_transcripts/Ambrose/download_2026-05-31/TD/18/08SE_18.cha,Ambrose,TD,TD,female,eng,Built from labeled CHAT folder structure.,18.0,126,0.05,1.0,0.0556,7,8,0.0635,0,102,0.0,0,0.0,0,2,0.0159,0,241,162,0.02,0,241,2.624,0.5228,0.3361,0.3763,103,0.0268,0.0,8,0.0,126,111,0.881,0.0631
Ambrose:10MF_18,Ambrose:TD:18,data/curated/english_child_transcripts/Ambrose/download_2026-05-31/TD/18/10MF_18.cha,Ambrose,TD,TD,male,eng,Built from labeled CHAT folder structure.,18.0,140,0.07,1.0,0.0429,10,5,0.0357,0,112,0.0,0,0.0,0,3,0.0214,0,581,245,0.05,0,581,3.4161,0.241,0.2117,0.2292,116,0.0115,0.0,5,0.0,140,125,0.8929,0.056
Ambrose:11ES_18,Ambrose:TD:18,data/curated/english_child_transcripts/Ambrose/download_2026-05-31/TD/18/11ES_18.cha,Ambrose,TD,TD,female,eng,Built from labeled CHAT folder structure.,18.0,142,0.4,1.03,0.2973,65,38,0.2676,0,39,0.0,1,0.007,0,5,0.0352,0,480,260,0.001,0,480,3.0611,0.2958,0.2708,0.3692,56,0.1606,0.0,38,0.0,142,105,0.7394,0.4286
Ambrose:13JI_18,Ambrose:TD:18,data/curated/english_child_transcripts/Ambrose/download_2026-05-31/TD/18/13JI_18.cha,Ambrose,TD,TD,male,eng,Built from labeled CHAT folder structure.,18.0,127,0.02,1.0,0.0236,2,4,0.0315,0,108,0.0,0,0.0,0,2,0.0157,0,323,199,0.014,0,323,2.5111,0.3932,0.3096,0.4412,106,0.0,0.0,4,0.0,127,112,0.8819,0.0446
Ambrose:14AM_18,Ambrose:TD:18,data/curated/english_child_transcripts/Ambrose/download_2026-05-31/TD/18/14AM_18.cha,Ambrose,TD,TD,female,eng,Built from labeled CHAT folder structure.,18.0,136,0.14,1.01,0.0876,17,15,0.1103,0,98,0.0,0,0.0,0,0,0.0,0,324,180,0.0,0,324,3.3935,0.4198,0.2778,0.3551,100,0.0135,0.0,15,0.0,136,118,0.8676,0.1271
Ambrose:15BG_18,Ambrose:TD:18,data/curated/english_child_transcripts/Ambrose/download_2026-05-31/TD/18/15BG_18.cha,Ambrose,TD,TD,female,eng,Built from labeled CHAT folder structure.,18.0,197,0.82,1.14,0.1721,173,19,0.0964,0,55,0.0,8,0.0406,0,4,0.0203,0,409,286,0.011,0,409,2.8894,0.4817,0.3496,0.3333,130,0.1473,0.0,20,0.0,197,231,1.1726,0.1818
Ambrose:17JH_18,Ambrose:TD:18,data/curated/english_child_transcripts/Ambrose/download_2026-05-31/TD/18/17JH_18.cha,Ambrose,TD,TD,male,eng,Built from labeled CHAT folder structure.,18.0,169,0.16,1.0,0.0651,28,1,0.0059,0,120,0.0,0,0.0,0,4,0.0237,0,553,284,0.015,0,553,4.4183,0.3056,0.2568,0.3418,138,0.0245,0.0,1,0.0,169,149,0.8817,0.0738
Ambrose:19BB_18,Ambrose:TD:18,data/curated/english_child_transcripts/Ambrose/download_2026-05-31/TD/18/19BB_18.cha,Ambrose,TD,TD,male,eng,Built from labeled CHAT folder structure.,18.0,133,0.05,1.0,0.0376,7,6,0.0451,0,103,0.0,0,0.0,0,1,0.0075,0,384,218,0.004,0,384,2.7544,0.3464,0.2839,0.2929,105,0.0386,0.0,6,0.0,133,110,0.8271,0.0455
Ambrose:21MB_18,Ambrose:TD:18,data/curated/english_child_transcripts/Ambrose/download_2026-05-31/TD/18/21MB_18.cha,Ambrose,TD,TD,female,eng,Built from labeled CHAT folder structure.,18.0,177,0.55,1.04,0.2757,102,36,0.2034,0,36,0.0,3,0.0169,0,3,0.0169,0,472,287,0.023,0,472,2.3482,0.375,0.3051,0.4255,80,0.1799,0.0,38,0.0,177,150,0.8475,0.3733
Ambrose:23LH_18,Ambrose:TD:18,data/curated/english_child_transcripts/Ambrose/download_2026-05-31/TD/18/23LH_18.cha,Ambrose,TD,TD,female,eng,Built from labeled CHAT folder structure.,18.0,105,0.09,1.02,0.0748,9,6,0.0571,0,79,0.0,0,0.0,0,0,0.0,0,401,156,0.006,0,401,2.7036,0.2618,0.1945,0.3038,80,0.0417,0.0,6,0.0,105,88,0.8381,0.0909
Ambrose:25CC_18,Ambrose:TD:18,data/curated/english_child_transcripts/Ambrose/download_2026-05-31/TD/18/25CC_18.cha,Ambrose,TD,TD,female,eng,Built from labeled CHAT folder structure.,18.0,195,0.75,1.07,0.1154,133,21,0.1077,0,47,0.0,6,0.0308,0,1,0.0051,0,340,294,0.001,0,340,2.8748,0.5735,0.4324,0.6299,148,0.1118,0.0,21,0.0,195,189,0.9692,0.127
Ambrose:26AC_18,Ambrose:TD:18,data/curated/english_child_transcripts/Ambrose/download_2026-05-31/TD/18/26AC_18.cha,Ambrose,TD,TD,female,eng,Built from labeled CHAT folder structure.,18.0,140,0.65,1.16,0.2934,100,38,0.2714,0,24,0.0,0,0.0,0,3,0.0214,0,414,231,0.023,0,414,4.3466,0.3382,0.2802,0.268,57,0.1278,0.0,38,0.0,140,131,0.9357,0.3664
Ambrose:27MR_18,Ambrose:TD:18,data/curated/english_child_transcripts/Ambrose/download_2026-05-31/TD/18/27MR_18.cha,Ambrose,TD,TD,female,eng,Built from labeled CHAT folder structure.,18.0,151,0.45,1.05,0.1346,56,50,0.3311,0,62,0.0,1,0.0066,0,5,0.0331,0,435,222,0.003,0,435,3.1468,0.3471,0.2552,0.2622,89,0.0308,0.0,52,0.0,151,119,0.7881,0.1765
Ambrose:01DM_22,Ambrose:TD:22,data/curated/english_child_transcripts/Ambrose/download_2026-05-31/TD/22/01DM_22.cha,Ambrose,TD,TD,male,eng,Built from labeled CHAT folder structure.,22.0,125,0.94,1.13,0.3681,124,26,0.208,0,5,0.0,0,0.0,0,26,0.208,0,559,230,0.103,0,559,3.2705,0.2236,0.2057,0.1867,49,0.1679,0.0,29,0.0,125,150,1.2,0.3667
Ambrose:02JW_22,Ambrose:TD:22,data/curated/english_child_transcripts/Ambrose/download_2026-05-31/TD/22/02JW_22.cha,Ambrose,TD,TD,male,eng,Built from labeled CHAT folder structure.,22.0,265,1.57,1.63,0.3057,519,80,0.3019,0,0,0.0,13,0.0491,0,2,0.0075,0,404,423,0.019,0,404,3.2242,0.6559,0.5248,0.7063,98,0.1023,0.0075,96,0.0038,265,539,2.034,0.2597
Ambrose:03PH_22,Ambrose:TD:22,data/curated/english_child_transcripts/Ambrose/download_2026-05-31/TD/22/03PH_22.cha,Ambrose,TD,TD,male,eng,Built from labeled CHAT folder structure.,22.0,54,0.389,1.0,0.2037,21,11,0.2037,0,2,0.0,0,0.0,0,48,0.8889,0,441,106,0.002,0,441,3.3879,0.1224,0.1202,0.1167,11,0.1987,0.0,11,0.0,54,42,0.7778,0.3571
Ambrose:06BB_22,Ambrose:TD:22,data/curated/english_child_transcripts/Ambrose/download_2026-05-31/TD/22/06BB_22.cha,Ambrose,TD,TD,female,eng,Built from labeled CHAT folder structure.,22.0,117,0.76,1.07,0.2581,83,15,0.1282,1,16,0.0,0,0.0,0,10,0.0855,0,637,211,0.094,0,637,3.2944,0.1837,0.1664,0.1909,73,0.2268,0.0,17,0.0,117,113,0.9658,0.2832
Ambrose:07ES_22,Ambrose:TD:22,data/curated/english_child_transcripts/Ambrose/download_2026-05-31/TD/22/07ES_22.cha,Ambrose,TD,TD,male,eng,Built from labeled CHAT folder structure.,22.0,253,0.74,1.03,0.1931,183,69,0.2727,0,0,0.0,2,0.0079,0,12,0.0474,0,492,414,0.066,0,492,2.6899,0.5142,0.4207,0.52,153,0.0894,0.0,84,0.0,253,228,0.9012,0.2193
Ambrose:08SE_22,Ambrose:TD:22,data/curated/english_child_transcripts/Ambrose/download_2026-05-31/TD/22/08SE_22.cha,Ambrose,TD,TD,female,eng,Built from labeled CHAT folder structure.,22.0,153,0.63,1.06,0.3168,91,39,0.2549,0,7,0.0,2,0.0131,0,5,0.0327,0,356,224,0.151,0,356,2.3065,0.4298,0.3146,0.4833,41,0.2117,0.0,41,0.0,153,110,0.719,0.5364
Ambrose:10MF_22,Ambrose:TD:22,data/curated/english_child_transcripts/Ambrose/download_2026-05-31/TD/22/10MF_22.cha,Ambrose,TD,TD,male,eng,Built from labeled CHAT folder structure.,22.0,49,0.49,1.0,0.3265,24,7,0.1429,0,2,0.0,0,0.0,0,32,0.6531,0,599,90,0.394,0,599,3.9043,0.0818,0.0751,0.1036,10,0.1506,0.0,7,0.0,49,35,0.7143,0.4857
Ambrose:11ES_22,Ambrose:TD:22,data/curated/english_child_transcripts/Ambrose/download_2026-05-31/TD/22/11ES_22.cha,Ambrose,TD,TD,female,eng,Built from labeled CHAT folder structure.,22.0,223,0.95,1.1,0.3074,210,25,0.1121,0,6,0.0,3,0.0135,0,15,0.0673,0,452,358,0.047,0,452,2.7052,0.4934,0.396,0.5308,124,0.0661,0.0,29,0.0,223,220,0.9865,0.3545
Ambrose:14AM_22,Ambrose:TD:22,data/curated/english_child_transcripts/Ambrose/download_2026-05-31/TD/22/14AM_22.cha,Ambrose,TD,TD,female,eng,Built from labeled CHAT folder structure.,22.0,171,1.31,1.38,0.3853,195,23,0.1345,0,3,0.0,4,0.0234,0,4,0.0234,0,305,283,0.008,0,305,3.8004,0.5607,0.4656,0.6449,69,0.1319,0.0,24,0.0,171,213,1.2456,0.4178
Ambrose:15BG_22,Ambrose:TD:22,data/curated/english_child_transcripts/Ambrose/download_2026-05-31/TD/22/15BG_22.cha,Ambrose,TD,TD,female,eng,Built from labeled CHAT folder structure.,22.0,233,1.33,1.39,0.3033,312,39,0.1674,0,2,0.0,7,0.03,0,1,0.0043,0,388,328,0.0,0,388,3.0435,0.6005,0.4227,0.5,104,0.057,0.0,43,0.0,233,332,1.4249,0.3223
Ambrose:17JH_22,Ambrose:TD:22,data/curated/english_child_transcripts/Ambrose/download_2026-05-31/TD/22/17JH_22.cha,Ambrose,TD,TD,male,eng,Built from labeled CHAT folder structure.,22.0,234,1.19,1.37,0.2177,260,43,0.1838,1,2,0.0,17,0.0726,0,6,0.0256,0,523,345,0.056,0,523,3.9828,0.4474,0.3308,0.4973,131,0.0564,0.0,51,0.0,234,273,1.1667,0.2418
Ambrose:19BB_22,Ambrose:TD:22,data/curated/english_child_transcripts/Ambrose/download_2026-05-31/TD/22/19BB_22.cha,Ambrose,TD,TD,male,eng,Built from labeled CHAT folder structure.,22.0,167,0.88,1.2,0.1739,155,46,0.2754,4,2,0.0,12,0.0719,0,12,0.0719,0,552,261,0.005,0,552,3.0445,0.3025,0.2373,0.3312,77,0.2656,0.0,57,0.0,167,167,1.0,0.2275
Ambrose:21MB_22,Ambrose:TD:22,data/curated/english_child_transcripts/Ambrose/download_2026-05-31/TD/22/21MB_22.cha,Ambrose,TD,TD,female,eng,Built from labeled CHAT folder structure.,22.0,280,2.13,1.96,0.2943,503,26,0.0929,0,6,0.0,20,0.0714,0,3,0.0107,0,491,386,0.028,0,491,3.0415,0.5703,0.3931,0.5789,108,0.1502,0.0179,26,0.05,280,546,1.95,0.2747
Ambrose:23LH_22,Ambrose:TD:22,data/curated/english_child_transcripts/Ambrose/download_2026-05-31/TD/22/23LH_22.cha,Ambrose,TD,TD,female,eng,Built from labeled CHAT folder structure.,22.0,139,1.15,1.32,0.289,145,44,0.3165,0,1,0.0,9,0.0647,0,1,0.0072,0,423,188,0.003,0,423,3.4431,0.3286,0.2222,0.3561,66,0.1435,0.0,56,0.0,139,173,1.2446,0.3121
Ambrose:25CC_22,Ambrose:TD:22,data/curated/english_child_transcripts/Ambrose/download_2026-05-31/TD/22/25CC_22.cha,Ambrose,TD,TD,female,eng,Built from labeled CHAT folder structure.,22.0,287,1.39,1.51,0.3229,390,39,0.1359,0,1,0.0,18,0.0627,0,2,0.007,0,430,484,0.004,0,430,3.1032,0.6674,0.5628,0.698,135,0.1745,0.0,44,0.0,287,422,1.4704,0.3199
Ambrose:26AC_22,Ambrose:TD:22,data/curated/english_child_transcripts/Ambrose/download_2026-05-31/TD/22/26AC_22.cha,Ambrose,TD,TD,female,eng,Built from labeled CHAT folder structure.,22.0,168,2.05,2.08,0.3133,320,13,0.0774,0,0,0.0,2,0.0119,0,6,0.0357,0,464,310,0.005,0,464,4.8734,0.3621,0.3341,0.5096,82,0.115,0.0,15,0.0179,168,339,2.0179,0.3186
Ambrose:27MR_22,Ambrose:TD:22,data/curated/english_child_transcripts/Ambrose/download_2026-05-31/TD/22/27MR_22.cha,Ambrose,TD,TD,female,eng,Built from labeled CHAT folder structure.,22.0,260,1.43,1.5,0.2029,351,71,0.2731,0,2,0.0,16,0.0615,0,6,0.0231,0,486,390,0.028,0,486,3.0496,0.535,0.4012,0.6154,123,0.0941,0.0,74,0.0038,260,370,1.4231,0.2351
Ambrose:01DM_27,Ambrose:TD:27,data/curated/english_child_transcripts/Ambrose/download_2026-05-31/TD/27/01DM_27.cha,Ambrose,TD,TD,male,eng,Built from labeled CHAT folder structure.,27.0,276,1.35,1.45,0.3143,301,83,0.3007,0,0,0.0,8,0.029,0,9,0.0326,0,507,421,0.003,0,507,2.9106,0.5444,0.4142,0.6597,90,0.1144,0.0,88,0.0,276,320,1.1594,0.3781
Ambrose:02JW_27,Ambrose:TD:27,data/curated/english_child_transcripts/Ambrose/download_2026-05-31/TD/27/02JW_27.cha,Ambrose,TD,TD,male,eng,Built from labeled CHAT folder structure.,27.0,333,3.29,3.13,0.3629,979,26,0.0781,0,5,0.0,14,0.042,1,0,0.0,0,294,395,0.0,1,294,3.9984,1.1327,0.6701,0.814,118,0.0786,0.012,28,0.036,333,1146,3.4414,0.2565
Ambrose:03PH_27,Ambrose:TD:27,data/curated/english_child_transcripts/Ambrose/download_2026-05-31/TD/27/03PH_27.cha,Ambrose,TD,TD,male,eng,Built from labeled CHAT folder structure.,27.0,336,0.43,1.03,0.1714,187,85,0.253,0,50,0.0,4,0.0119,0,1,0.003,0,462,515,0.0,0,462,2.4085,0.7273,0.5584,0.6329,167,0.1055,0.0,86,0.0,336,309,0.9196,0.2039
Ambrose:06BB_27,Ambrose:TD:27,data/curated/english_child_transcripts/Ambrose/download_2026-05-31/TD/27/06BB_27.cha,Ambrose,TD,TD,female,eng,Built from labeled CHAT folder structure.,27.0,509,0.7,1.15,0.2229,419,153,0.3006,0,99,0.0,16,0.0314,0,1,0.002,0,746,838,0.0,0,746,2.5554,0.6823,0.5617,0.6421,211,0.1819,0.0,153,0.0039,509,562,1.1041,0.2402
Ambrose:07ES_27,Ambrose:TD:27,data/curated/english_child_transcripts/Ambrose/download_2026-05-31/TD/27/07ES_27.cha,Ambrose,TD,TD,male,eng,Built from labeled CHAT folder structure.,27.0,365,1.43,1.63,0.24,451,66,0.1808,0,35,0.0,10,0.0274,0,1,0.0027,0,482,560,0.006,0,482,3.0083,0.7573,0.5809,0.7029,176,0.0569,0.0,68,0.0027,365,553,1.5151,0.2405
Ambrose:08SE_27,Ambrose:TD:27,data/curated/english_child_transcripts/Ambrose/download_2026-05-31/TD/27/08SE_27.cha,Ambrose,TD,TD,female,eng,Built from labeled CHAT folder structure.,27.0,292,1.28,1.46,0.2686,378,67,0.2295,0,42,0.0,9,0.0308,0,4,0.0137,0,177,207,0.026,0,177,2.0384,1.6497,0.5876,0.6842,109,0.1671,0.0068,68,0.0103,292,445,1.524,0.2719
Ambrose:10MF_27,Ambrose:TD:27,data/curated/english_child_transcripts/Ambrose/download_2026-05-31/TD/27/10MF_27.cha,Ambrose,TD,TD,male,eng,Built from labeled CHAT folder structure.,27.0,156,0.63,1.2,0.2826,107,44,0.2821,1,19,0.0,4,0.0256,0,2,0.0128,0,558,261,0.007,0,558,3.3543,0.2796,0.2348,0.2672,53,0.1288,0.0,44,0.0,156,160,1.0256,0.3312
Ambrose:11ES_27,Ambrose:TD:27,data/curated/english_child_transcripts/Ambrose/download_2026-05-31/TD/27/11ES_27.cha,Ambrose,TD,TD,female,eng,Built from labeled CHAT folder structure.,27.0,230,2.72,2.57,0.3571,565,9,0.0391,0,9,0.0,4,0.0174,0,4,0.0174,0,374,356,0.06,0,374,3.5232,0.615,0.4759,0.6292,69,0.0542,0.0043,10,0.0174,230,619,2.6913,0.3118
Ambrose:13JI_27,Ambrose:TD:27,data/curated/english_child_transcripts/Ambrose/download_2026-05-31/TD/27/13JI_27.cha,Ambrose,TD,TD,male,eng,Built from labeled CHAT folder structure.,27.0,39,0.205,1.0,0.1538,8,4,0.1026,0,0,0.0,0,0.0,0,0,0.0,0,433,76,0.0,0,433,3.6356,0.0901,0.0878,0.1,3,0.3333,0.0,4,0.0,39,9,0.2308,0.6667
Ambrose:15BG_27,Ambrose:TD:27,data/curated/english_child_transcripts/Ambrose/download_2026-05-31/TD/27/15BG_27.cha,Ambrose,TD,TD,female,eng,Built from labeled CHAT folder structure.,27.0,321,2.34,2.25,0.36,661,41,0.1277,0,19,0.0,13,0.0405,0,5,0.0156,0,410,432,0.002,0,410,3.301,0.7829,0.5268,0.7656,98,0.0729,0.0093,44,0.0561,321,715,2.2274,0.3077
Ambrose:17JH_27,Ambrose:TD:27,data/curated/english_child_transcripts/Ambrose/download_2026-05-31/TD/27/17JH_27.cha,Ambrose,TD,TD,male,eng,Built from labeled CHAT folder structure.,27.0,249,2.14,2.33,0.36,515,24,0.0964,0,29,0.0,13,0.0522,0,6,0.0241,0,456,395,0.079,0,456,4.0199,0.5461,0.4342,0.5327,66,0.0602,0.008,25,0.0241,249,616,2.4739,0.3247
Ambrose:19BB_27,Ambrose:TD:27,data/curated/english_child_transcripts/Ambrose/download_2026-05-31/TD/27/19BB_27.cha,Ambrose,TD,TD,male,eng,Built from labeled CHAT folder structure.,27.0,321,0.68,1.21,0.2257,210,112,0.3489,0,147,0.0,1,0.0031,0,7,0.0218,0,593,523,0.012,0,593,2.9923,0.5413,0.4418,0.6064,196,0.0495,0.0,114,0.0,321,382,1.19,0.2435
Ambrose:21MB_27,Ambrose:TD:27,data/curated/english_child_transcripts/Ambrose/download_2026-05-31/TD/27/21MB_27.cha,Ambrose,TD,TD,female,eng,Built from labeled CHAT folder structure.,27.0,325,3.39,2.97,0.3429,974,9,0.0277,0,11,0.0,5,0.0154,0,0,0.0,0,355,426,0.0,0,355,3.4471,0.9155,0.6,0.6842,88,0.0703,0.0215,9,0.0615,325,1037,3.1908,0.2266
Ambrose:23LH_27,Ambrose:TD:27,data/curated/english_child_transcripts/Ambrose/download_2026-05-31/TD/27/23LH_27.cha,Ambrose,TD,TD,female,eng,Built from labeled CHAT folder structure.,27.0,254,1.25,1.46,0.1886,313,55,0.2165,0,36,0.0,17,0.0669,0,1,0.0039,0,391,340,0.0,0,391,3.1969,0.6496,0.4348,0.5282,139,0.0579,0.0,56,0.0276,254,382,1.5039,0.2251
Ambrose:25CC_27,Ambrose:TD:27,data/curated/english_child_transcripts/Ambrose/download_2026-05-31/TD/27/25CC_27.cha,Ambrose,TD,TD,female,eng,Built from labeled CHAT folder structure.,27.0,335,3.8,3.65,0.2771,1061,57,0.1701,0,6,0.0,14,0.0418,6,1,0.003,0,262,406,0.012,1,262,3.8727,1.2786,0.7748,0.8478,80,0.0614,0.0418,59,0.006,335,1112,3.3194,0.1897
Ambrose:26AC_27,Ambrose:TD:27,data/curated/english_child_transcripts/Ambrose/download_2026-05-31/TD/27/26AC_27.cha,Ambrose,TD,TD,female,eng,Built from labeled CHAT folder structure.,27.0,178,2.33,2.34,0.3886,427,6,0.0337,0,13,0.0,6,0.0337,1,3,0.0169,0,430,296,0.012,0,430,4.1349,0.414,0.3442,0.4744,41,0.0996,0.0112,6,0.0337,178,452,2.5393,0.3673
Ambrose:27MR_27,Ambrose:TD:27,data/curated/english_child_transcripts/Ambrose/download_2026-05-31/TD/27/27MR_27.cha,Ambrose,TD,TD,female,eng,Built from labeled CHAT folder structure.,27.0,281,2.94,2.74,0.3143,690,59,0.21,0,6,0.0,9,0.032,0,2,0.0071,0,435,394,0.011,0,435,3.4665,0.646,0.4529,0.6715,88,0.0741,0.0071,64,0.0427,281,836,2.9751,0.2584
Ambrose:01DM_36,Ambrose:TD:36,data/curated/english_child_transcripts/Ambrose/download_2026-05-31/TD/36/01DM_36.cha,Ambrose,TD,TD,male,eng,Built from labeled CHAT folder structure.,36.0,164,2.08,2.11,0.4571,379,11,0.0671,0,0,0.0,1,0.0061,0,0,0.0,0,352,281,0.001,0,352,3.9496,0.4659,0.3977,0.5727,36,0.1218,0.0,11,0.0305,164,410,2.5,0.4195
Ambrose:02JW_36,Ambrose:TD:36,data/curated/english_child_transcripts/Ambrose/download_2026-05-31/TD/36/02JW_36.cha,Ambrose,TD,TD,male,eng,Built from labeled CHAT folder structure.,36.0,262,2.91,2.83,0.4029,805,8,0.0305,0,25,0.0,5,0.0191,0,0,0.0,0,244,315,0.0,10,244,4.1344,1.0738,0.6475,0.8696,74,0.0628,0.0191,8,0.0954,262,883,3.3702,0.282
Ambrose:03PH_36,Ambrose:TD:36,data/curated/english_child_transcripts/Ambrose/download_2026-05-31/TD/36/03PH_36.cha,Ambrose,TD,TD,male,eng,Built from labeled CHAT folder structure.,36.0,171,1.99,2.06,0.3371,341,30,0.1754,0,0,0.0,0,0.0,0,0,0.0,0,283,298,0.0,1,283,3.4295,0.6042,0.5265,0.7561,69,0.0531,0.0117,31,0.0468,171,371,2.1696,0.3315
Ambrose:06BB_36,Ambrose:TD:36,data/curated/english_child_transcripts/Ambrose/download_2026-05-31/TD/36/06BB_36.cha,Ambrose,TD,TD,female,eng,Built from labeled CHAT folder structure.,36.0,296,2.08,2.0,0.3,521,46,0.1554,0,2,0.0,16,0.0541,0,0,0.0,0,450,469,0.0,0,450,3.1783,0.6578,0.5222,0.6788,130,0.1,0.0135,47,0.0304,296,561,1.8953,0.2602
Ambrose:07ES_36,Ambrose:TD:36,data/curated/english_child_transcripts/Ambrose/download_2026-05-31/TD/36/07ES_36.cha,Ambrose,TD,TD,male,eng,Built from labeled CHAT folder structure.,36.0,210,3.09,2.95,0.2886,509,39,0.1857,0,1,0.0,3,0.0143,0,0,0.0,0,328,316,0.0,3,328,3.658,0.6402,0.4817,0.6875,64,0.0631,0.0048,40,0.0619,210,535,2.5476,0.2804
Ambrose:08SE_36,Ambrose:TD:36,data/curated/english_child_transcripts/Ambrose/download_2026-05-31/TD/36/08SE_36.cha,Ambrose,TD,TD,female,eng,Built from labeled CHAT folder structure.,36.0,114,3.01,2.79,0.3313,321,5,0.0439,0,0,0.0,3,0.0263,0,0,0.0,0,120,136,0.001,0,120,3.735,0.95,0.5667,0.678,21,0.1132,0.0,9,0.0263,114,392,3.4386,0.2781
Ambrose:10MF_36,Ambrose:TD:36,data/curated/english_child_transcripts/Ambrose/download_2026-05-31/TD/36/10MF_36.cha,Ambrose,TD,TD,male,eng,Built from labeled CHAT folder structure.,36.0,86,2.837,2.837,0.3525,218,8,0.093,0,4,0.0,2,0.0233,0,1,0.0116,0,412,138,0.0,0,412,4.008,0.2087,0.1675,0.257,32,0.1056,0.0116,8,0.1512,86,258,3.0,0.3527
Ambrose:11ES_36,Ambrose:TD:36,data/curated/english_child_transcripts/Ambrose/download_2026-05-31/TD/36/11ES_36.cha,Ambrose,TD,TD,female,eng,Built from labeled CHAT folder structure.,36.0,210,3.4,3.29,0.3429,810,7,0.0333,0,1,0.0,3,0.0143,0,0,0.0,0,229,266,0.0,0,229,4.3645,0.917,0.5808,0.8068,54,0.0686,0.0143,7,0.0714,210,927,4.4143,0.2201
Ambrose:13JI_36,Ambrose:TD:36,data/curated/english_child_transcripts/Ambrose/download_2026-05-31/TD/36/13JI_36.cha,Ambrose,TD,TD,male,eng,Built from labeled CHAT folder structure.,36.0,247,1.37,1.51,0.2829,344,79,0.3198,0,0,0.0,3,0.0121,0,2,0.0081,0,296,405,0.001,8,296,3.1602,0.8345,0.6824,0.8485,82,0.1001,0.004,86,0.0,247,372,1.5061,0.3199
Ambrose:14AM_36,Ambrose:TD:36,data/curated/english_child_transcripts/Ambrose/download_2026-05-31/TD/36/14AM_36.cha,Ambrose,TD,TD,female,eng,Built from labeled CHAT folder structure.,36.0,133,2.14,2.04,0.3723,252,8,0.0602,0,8,0.0,3,0.0226,0,0,0.0,0,204,209,0.0,0,204,3.8635,0.652,0.5147,0.7937,47,0.0834,0.0,8,0.0,133,269,2.0226,0.3903
Ambrose:15BG_36,Ambrose:TD:36,data/curated/english_child_transcripts/Ambrose/download_2026-05-31/TD/36/15BG_36.cha,Ambrose,TD,TD,female,eng,Built from labeled CHAT folder structure.,36.0,192,2.91,2.78,0.4257,542,4,0.0208,0,4,0.0,2,0.0104,1,0,0.0,0,297,282,0.001,0,297,4.0204,0.6465,0.4747,0.6379,45,0.0795,0.0156,4,0.0521,192,595,3.099,0.358
Ambrose:17JH_36,Ambrose:TD:36,data/curated/english_child_transcripts/Ambrose/download_2026-05-31/TD/36/17JH_36.cha,Ambrose,TD,TD,male,eng,Built from labeled CHAT folder structure.,36.0,147,2.94,2.83,0.3914,387,4,0.0272,0,10,0.0,0,0.0,1,1,0.0068,0,310,258,0.0,2,310,4.4902,0.4742,0.4161,0.626,60,0.0425,0.0204,5,0.0272,147,413,2.8095,0.3608
Ambrose:19BB_36,Ambrose:TD:36,data/curated/english_child_transcripts/Ambrose/download_2026-05-31/TD/36/19BB_36.cha,Ambrose,TD,TD,male,eng,Built from labeled CHAT folder structure.,36.0,64,4.375,3.984,0.3922,247,5,0.0781,0,2,0.0,0,0.0,0,1,0.0156,0,166,107,0.01,1,166,3.9696,0.3855,0.3253,0.4697,15,0.0695,0.0,5,0.0625,64,271,4.2344,0.4022
Ambrose:21MB_36,Ambrose:TD:36,data/curated/english_child_transcripts/Ambrose/download_2026-05-31/TD/36/21MB_36.cha,Ambrose,TD,TD,female,eng,Built from labeled CHAT folder structure.,36.0,267,2.52,2.42,0.4086,712,8,0.03,1,4,0.0,5,0.0187,0,0,0.0,0,307,372,0.0,0,307,3.6533,0.8697,0.6059,0.8316,82,0.0943,0.015,8,0.0637,267,748,2.8015,0.2968
Ambrose:23LH_36,Ambrose:TD:36,data/curated/english_child_transcripts/Ambrose/download_2026-05-31/TD/36/23LH_36.cha,Ambrose,TD,TD,female,eng,Built from labeled CHAT folder structure.,36.0,194,2.29,2.3,0.2943,437,32,0.1649,0,5,0.0,8,0.0412,0,1,0.0052,0,206,248,0.009,0,206,3.745,0.9417,0.6019,0.7671,65,0.0861,0.0052,33,0.0515,194,464,2.3918,0.347
Ambrose:25CC_36,Ambrose:TD:36,data/curated/english_child_transcripts/Ambrose/download_2026-05-31/TD/36/25CC_36.cha,Ambrose,TD,TD,female,eng,Built from labeled CHAT folder structure.,36.0,222,3.35,3.19,0.38,642,13,0.0586,0,1,0.0,3,0.0135,0,0,0.0,0,226,282,0.0,0,226,3.6652,0.9823,0.6239,0.7778,32,0.0611,0.0315,13,0.0225,222,666,3.0,0.3153
Ambrose:26AC_36,Ambrose:TD:36,data/curated/english_child_transcripts/Ambrose/download_2026-05-31/TD/36/26AC_36.cha,Ambrose,TD,TD,female,eng,Built from labeled CHAT folder structure.,36.0,133,4.11,3.9,0.4114,455,9,0.0677,0,0,0.0,1,0.0075,0,0,0.0,0,227,206,0.0,1,227,4.7222,0.5859,0.4537,0.7126,25,0.1195,0.0075,9,0.0602,133,470,3.5338,0.3872
Ambrose:27MR_36,Ambrose:TD:36,data/curated/english_child_transcripts/Ambrose/download_2026-05-31/TD/36/27MR_36.cha,Ambrose,TD,TD,female,eng,Built from labeled CHAT folder structure.,36.0,252,2.83,2.64,0.3457,805,38,0.1508,0,2,0.0,7,0.0278,0,2,0.0079,0,296,385,0.0,0,296,3.8376,0.8514,0.652,0.7234,54,0.0986,0.004,40,0.0397,252,852,3.381,0.243
ENNI:474,ENNI:STI:A/0noaudio,data/curated/english_child_transcripts/ENNI/download_2026-05-31/SLI/A/0noaudio/474.cha,ENNI,STI,STI,female,eng,Built from labeled CHAT folder structure.,56.6,100,5.39,5.37,0.3286,532,13,0.13,0,2,0.0,1,0.01,0,0,0.0,0,0,80,0.0,1,41,5.8085,2.439,0.9756,0.9474,11,0.0973,0.0,13,0.0,100,615,6.15,0.2699
ENNI:475,ENNI:STI:A/0noaudio,data/curated/english_child_transcripts/ENNI/download_2026-05-31/SLI/A/0noaudio/475.cha,ENNI,STI,STI,male,eng,Built from labeled CHAT folder structure.,56.4,64,4.438,4.422,0.3039,283,0,0.0,0,0,0.0,3,0.0469,0,0,0.0,0,0,16,0.0,0,8,4.9444,8.0,1.0,1.0,4,0.148,0.0,0,0.0,64,335,5.2344,0.2776
ENNI:476,ENNI:STI:A/0noaudio,data/curated/english_child_transcripts/ENNI/download_2026-05-31/SLI/A/0noaudio/476.cha,ENNI,STI,STI,male,eng,Built from labeled CHAT folder structure.,57.23,97,4.711,4.639,0.2514,450,2,0.0206,0,0,0.0,1,0.0103,0,0,0.0,0,0,168,0.0,0,84,5.326,1.1548,1.0,1.0,86,0.129,0.0,3,0.0103,97,648,6.6804,0.179
ENNI:477,ENNI:STI:A/0noaudio,data/curated/english_child_transcripts/ENNI/download_2026-05-31/SLI/A/0noaudio/477.cha,ENNI,STI,STI,male,eng,Built from labeled CHAT folder structure.,56.1,62,3.984,3.984,0.2955,247,3,0.0484,0,0,0.0,7,0.1129,0,0,0.0,0,0,12,0.0,0,7,4.4493,8.8571,0.8571,0.6667,20,0.0567,0.0,3,0.0,62,269,4.3387,0.2937
ENNI:478,ENNI:STI:A/0noaudio,data/curated/english_child_transcripts/ENNI/download_2026-05-31/SLI/A/0noaudio/478.cha,ENNI,STI,STI,male,eng,Built from labeled CHAT folder structure.,54.13,58,3.724,3.741,0.2857,215,4,0.069,0,0,0.0,14,0.2414,0,0,0.0,0,0,11,0.0,0,13,4.4366,4.4615,0.4615,0.5714,18,0.0045,0.0,4,0.0,58,226,3.8966,0.2788
ENNI:482,ENNI:STI:A/0noaudio,data/curated/english_child_transcripts/ENNI/download_2026-05-31/SLI/A/0noaudio/482.cha,ENNI,STI,STI,male,eng,Built from labeled CHAT folder structure.,54.67,62,4.194,4.177,0.3784,259,5,0.0806,0,0,0.0,0,0.0,0,0,0.0,0,0,10,0.0,0,5,4.9104,12.4,1.0,1.0,21,0.0136,0.0,5,0.0,62,307,4.9516,0.3583
ENNI:523,ENNI:STI:A/0noaudio,data/curated/english_child_transcripts/ENNI/download_2026-05-31/SLI/A/0noaudio/523.cha,ENNI,STI,STI,male,eng,Built from labeled CHAT folder structure.,65.97,106,3.78,3.76,0.36,399,8,0.0755,0,2,0.066,4,0.0377,0,0,0.0,0,0,2,0.0,0,1,4.5794,106.0,1.0,1.0,32,0.0019,0.0,11,0.0,106,488,4.6038,0.3258
ENNI:575,ENNI:STI:A/0noaudio,data/curated/english_child_transcripts/ENNI/download_2026-05-31/SLI/A/0noaudio/575.cha,ENNI,STI,STI,male,eng,Built from labeled CHAT folder structure.,62.83,91,6.363,6.341,0.2429,577,2,0.022,0,0,0.022,0,0.0,0,0,0.0,0,0,10,0.0,0,6,7.6598,15.1667,0.8333,0.8333,46,0.1798,0.0,2,0.0,91,722,7.9341,0.1884
ENNI:613,ENNI:STI:A/0noaudio,data/curated/english_child_transcripts/ENNI/download_2026-05-31/SLI/A/0noaudio/613.cha,ENNI,STI,STI,female,eng,Built from labeled CHAT folder structure.,81.37,61,5.0,5.0,0.318,305,1,0.0164,0,1,0.0,0,0.0,0,0,0.0,0,0,4,0.0,0,2,5.3016,30.5,1.0,1.0,4,0.0307,0.0,1,0.0,61,327,5.3607,0.3394
ENNI:413,ENNI:STI:A,data/curated/english_child_transcripts/ENNI/download_2026-05-31/SLI/A/413.cha,ENNI,STI,STI,male,eng,Built from labeled CHAT folder structure.,58.87,73,2.918,2.89,0.4123,211,1,0.0137,0,0,0.0,0,0.0,0,46,0.6301,0,0,33,2.238,0,23,3.4062,3.1739,0.7391,0.7778,7,0.1048,0.0137,1,0.0,73,231,3.1644,0.4113
ENNI:444,ENNI:STI:A,data/curated/english_child_transcripts/ENNI/download_2026-05-31/SLI/A/444.cha,ENNI,STI,STI,male,eng,Built from labeled CHAT folder structure.,50.13,100,2.95,2.84,0.2887,284,0,0.0,0,0,0.0,17,0.17,0,55,0.55,0,0,21,4.38,0,17,3.1709,5.8824,0.6471,0.7143,35,0.0182,0.01,0,0.0,100,303,3.03,0.3069
ENNI:479,ENNI:STI:A,data/curated/english_child_transcripts/ENNI/download_2026-05-31/SLI/A/479.cha,ENNI,STI,STI,female,eng,Built from labeled CHAT folder structure.,57.27,72,5.736,5.597,0.2943,402,6,0.0833,0,0,0.0,2,0.0278,0,51,0.7083,0,0,15,1.767,2,11,5.5663,6.5455,0.7273,1.0,5,0.0199,0.0,6,0.0,72,424,5.8889,0.2712
ENNI:529,ENNI:STI:A,data/curated/english_child_transcripts/ENNI/download_2026-05-31/SLI/A/529.cha,ENNI,STI,STI,female,eng,Built from labeled CHAT folder structure.,61.37,83,6.036,5.988,0.3629,497,4,0.0482,0,0,0.0,0,0.0,0,69,0.8313,0,0,21,3.653,0,18,8.7327,4.6111,0.6111,1.0,189,0.0462,0.0,4,0.0,83,792,9.5422,0.2348
ENNI:568,ENNI:STI:A,data/curated/english_child_transcripts/ENNI/download_2026-05-31/SLI/A/568.cha,ENNI,STI,STI,male,eng,Built from labeled CHAT folder structure.,65.7,69,4.203,3.87,0.4007,267,0,0.0,0,0,0.0,1,0.0145,0,52,0.7536,0,0,72,3.367,0,66,3.1037,1.0455,0.5455,0.7,2,0.0049,0.0,0,0.0145,69,281,4.0725,0.4057
ENNI:570,ENNI:STI:A,data/curated/english_child_transcripts/ENNI/download_2026-05-31/SLI/A/570.cha,ENNI,STI,STI,male,eng,Built from labeled CHAT folder structure.,69.7,88,6.375,6.17,0.3314,549,1,0.0114,0,0,0.0114,0,0.0,0,61,0.6932,0,0,41,2.88,0,49,5.8321,1.7959,0.4286,0.8,36,0.0173,0.0,2,0.0,88,692,7.8636,0.2399
ENNI:572,ENNI:STI:A,data/curated/english_child_transcripts/ENNI/download_2026-05-31/SLI/A/572.cha,ENNI,STI,STI,male,eng,Built from labeled CHAT folder structure.,65.0,178,5.52,5.11,0.3743,940,0,0.0,0,3,0.0,3,0.0169,0,79,0.4438,0,0,104,2.759,0,125,4.3432,1.424,0.416,0.7273,18,0.022,0.0056,0,0.0281,178,998,5.6067,0.2385
ENNI:574,ENNI:STI:A,data/curated/english_child_transcripts/ENNI/download_2026-05-31/SLI/A/574.cha,ENNI,STI,STI,female,eng,Built from labeled CHAT folder structure.,60.87,86,6.419,6.233,0.3143,536,0,0.0,0,0,0.0,2,0.0233,0,69,0.8023,0,0,56,2.087,0,91,4.9944,0.9451,0.3077,0.5,16,0.0748,0.0116,0,0.0,86,628,7.3023,0.2596
ENNI:607,ENNI:STI:A,data/curated/english_child_transcripts/ENNI/download_2026-05-31/SLI/A/607.cha,ENNI,STI,STI,female,eng,Built from labeled CHAT folder structure.,73.5,90,7.8,7.711,0.2571,691,0,0.0,0,0,0.0,0,0.0,0,81,0.9,0,0,23,2.753,1,20,7.8273,4.5,0.6,0.5,21,0.1288,0.0,0,0.0222,90,751,8.3444,0.2104
ENNI:609,ENNI:STI:A,data/curated/english_child_transcripts/ENNI/download_2026-05-31/SLI/A/609.cha,ENNI,STI,STI,male,eng,Built from labeled CHAT folder structure.,79.87,142,5.99,5.65,0.3714,768,0,0.0,0,3,0.007,0,0.0,0,71,0.5,0,0,22,1.105,0,17,6.0692,8.3529,0.6471,0.0,29,0.0589,0.0141,0,0.0141,142,888,6.2535,0.2793
ENNI:617,ENNI:STI:A,data/curated/english_child_transcripts/ENNI/download_2026-05-31/SLI/A/617.cha,ENNI,STI,STI,male,eng,Built from labeled CHAT folder structure.,78.83,86,7.198,7.116,0.2857,611,1,0.0116,0,0,0.0,0,0.0,0,66,0.7674,0,0,16,2.814,0,12,7.9388,7.1667,0.6667,0.0,13,0.089,0.0,1,0.0,86,708,8.2326,0.2528
ENNI:625,ENNI:STI:A,data/curated/english_child_transcripts/ENNI/download_2026-05-31/SLI/A/625.cha,ENNI,STI,STI,female,eng,Built from labeled CHAT folder structure.,80.47,82,5.171,5.012,0.3886,411,1,0.0122,0,0,0.0,1,0.0122,0,57,0.6951,0,3,26,1.704,0,24,5.1415,3.4167,0.5,1.0,7,0.036,0.0122,1,0.0,82,429,5.2317,0.3683
ENNI:678,ENNI:STI:A,data/curated/english_child_transcripts/ENNI/download_2026-05-31/SLI/A/678.cha,ENNI,STI,STI,male,eng,Built from labeled CHAT folder structure.,82.8,81,6.58,6.358,0.3143,515,2,0.0247,0,0,0.0,0,0.0,0,59,0.7284,0,0,55,1.758,0,67,5.0135,1.209,0.4179,1.0,31,0.011,0.0,2,0.0,81,606,7.4815,0.2442
ENNI:717,ENNI:STI:A,data/curated/english_child_transcripts/ENNI/download_2026-05-31/SLI/A/717.cha,ENNI,STI,STI,male,eng,Built from labeled CHAT folder structure.,88.9,83,5.795,5.699,0.3086,472,0,0.0,0,2,0.012,0,0.0,0,59,0.7108,0,0,24,1.906,0,22,5.8571,3.7727,0.5455,0.5,12,0.1102,0.0,0,0.012,83,522,6.2892,0.2912
ENNI:721,ENNI:STI:A,data/curated/english_child_transcripts/ENNI/download_2026-05-31/SLI/A/721.cha,ENNI,STI,STI,male,eng,Built from labeled CHAT folder structure.,87.87,88,6.205,6.034,0.3829,531,1,0.0114,0,0,0.0,0,0.0,0,52,0.5909,0,0,19,3.499,0,16,6.4327,5.5,0.625,0.0,15,0.1059,0.0114,1,0.0,88,588,6.6818,0.3163
ENNI:725,ENNI:STI:A,data/curated/english_child_transcripts/ENNI/download_2026-05-31/SLI/A/725.cha,ENNI,STI,STI,female,eng,Built from labeled CHAT folder structure.,95.0,207,8.34,7.96,0.3657,1600,0,0.0,0,1,0.0,1,0.0048,0,69,0.3333,0,0,27,2.525,0,16,7.8879,12.9375,0.875,1.0,10,0.0782,0.0,0,0.0097,207,1687,8.1498,0.1992
ENNI:729,ENNI:STI:A,data/curated/english_child_transcripts/ENNI/download_2026-05-31/SLI/A/729.cha,ENNI,STI,STI,male,eng,Built from labeled CHAT folder structure.,90.4,159,4.03,3.93,0.3971,610,8,0.0503,0,16,0.0,2,0.0126,0,92,0.5786,0,0,39,2.069,1,28,4.5722,5.6786,0.7143,0.8571,25,0.0457,0.0189,10,0.0189,159,697,4.3836,0.3314
ENNI:733,ENNI:STI:A,data/curated/english_child_transcripts/ENNI/download_2026-05-31/SLI/A/733.cha,ENNI,STI,STI,male,eng,Built from labeled CHAT folder structure.,91.3,68,6.75,6.662,0.32,452,0,0.0,0,0,0.0,0,0.0,0,62,0.9118,0,0,22,5.35,0,18,6.9767,3.7778,0.6111,1.0,3,0.0965,0.0294,0,0.0,68,511,7.5147,0.2994
ENNI:777,ENNI:STI:A,data/curated/english_child_transcripts/ENNI/download_2026-05-31/SLI/A/777.cha,ENNI,STI,STI,female,eng,Built from labeled CHAT folder structure.,88.73,58,6.276,6.172,0.3257,358,0,0.0,0,0,0.0,0,0.0,0,55,0.9483,0,0,16,3.192,0,53,4.3063,1.0943,0.1509,1.0,5,0.0143,0.0,0,0.0,58,393,6.7759,0.3181
ENNI:817,ENNI:STI:A,data/curated/english_child_transcripts/ENNI/download_2026-05-31/SLI/A/817.cha,ENNI,STI,STI,male,eng,Built from labeled CHAT folder structure.,97.2,71,5.38,5.296,0.4,374,1,0.0141,0,3,0.0,0,0.0,0,61,0.8592,0,0,18,2.629,0,15,5.7674,4.7333,0.6,0.5,14,0.0286,0.0,2,0.0,71,410,5.7746,0.3805
ENNI:821,ENNI:STI:A,data/curated/english_child_transcripts/ENNI/download_2026-05-31/SLI/A/821.cha,ENNI,STI,STI,female,eng,Built from labeled CHAT folder structure.,107.03,74,7.622,7.473,0.3114,553,0,0.0,0,0,0.0,0,0.0,0,56,0.7568,0,0,17,0.822,0,13,7.2759,5.6923,0.6923,0.0,7,0.1523,0.0,0,0.0,74,564,7.6216,0.2695
ENNI:825,ENNI:STI:A,data/curated/english_child_transcripts/ENNI/download_2026-05-31/SLI/A/825.cha,ENNI,STI,STI,male,eng,Built from labeled CHAT folder structure.,102.2,81,5.605,5.111,0.4457,414,1,0.0123,0,2,0.0123,0,0.0,0,51,0.6296,0,0,21,2.307,0,13,5.2766,6.2308,0.8462,1.0,8,0.0313,0.0123,1,0.0,81,439,5.4198,0.41
ENNI:829,ENNI:STI:A,data/curated/english_child_transcripts/ENNI/download_2026-05-31/SLI/A/829.cha,ENNI,STI,STI,male,eng,Built from labeled CHAT folder structure.,101.43,69,5.58,5.565,0.3686,383,0,0.0,0,2,0.0,0,0.0,0,59,0.8551,0,0,24,2.99,1,18,6.3908,3.8333,0.6667,0.5,20,0.1056,0.0,0,0.0,69,454,6.5797,0.337
ENNI:871,ENNI:STI:A,data/curated/english_child_transcripts/ENNI/download_2026-05-31/SLI/A/871.cha,ENNI,STI,STI,female,eng,Built from labeled CHAT folder structure.,107.03,74,6.108,6.027,0.3543,446,0,0.0,0,0,0.0,0,0.0,0,56,0.7568,0,0,24,2.465,1,52,4.873,1.4231,0.2308,0.0,19,0.0082,0.0,0,0.0,74,521,7.0405,0.3225
ENNI:878,ENNI:STI:A,data/curated/english_child_transcripts/ENNI/download_2026-05-31/SLI/A/878.cha,ENNI,STI,STI,male,eng,Built from labeled CHAT folder structure.,107.5,72,6.389,6.319,0.3286,455,0,0.0,0,0,0.0,0,0.0,0,46,0.6389,0,0,61,1.754,0,63,4.8296,1.1429,0.4921,0.6667,12,0.0118,0.0,0,0.0139,72,507,7.0417,0.3057
ENNI:880,ENNI:STI:A,data/curated/english_child_transcripts/ENNI/download_2026-05-31/SLI/A/880.cha,ENNI,STI,STI,female,eng,Built from labeled CHAT folder structure.,105.4,114,7.69,7.55,0.36,858,0,0.0,0,0,0.0,1,0.0088,0,56,0.4912,0,0,21,2.706,0,47,6.5217,2.4255,0.234,1.0,15,0.018,0.0,0,0.0,114,938,8.2281,0.2676
ENNI:922,ENNI:STI:A,data/curated/english_child_transcripts/ENNI/download_2026-05-31/SLI/A/922.cha,ENNI,STI,STI,male,eng,Built from labeled CHAT folder structure.,112.73,207,6.77,6.62,0.4086,1260,1,0.0048,0,3,0.0193,1,0.0048,0,88,0.4251,0,0,39,3.032,0,39,6.3293,5.3077,0.5128,0.5,36,0.0235,0.0048,2,0.0,207,1449,7.0,0.2478
ENNI:926,ENNI:STI:A,data/curated/english_child_transcripts/ENNI/download_2026-05-31/SLI/A/926.cha,ENNI,STI,STI,female,eng,Built from labeled CHAT folder structure.,114.07,87,8.092,8.023,0.3343,698,0,0.0,0,0,0.0,0,0.0,0,53,0.6092,0,0,20,1.587,0,40,6.5827,2.175,0.25,0.6667,10,0.0153,0.0115,0,0.0,87,768,8.8276,0.276
ENNI:973,ENNI:STI:A,data/curated/english_child_transcripts/ENNI/download_2026-05-31/SLI/A/973.cha,ENNI,STI,STI,female,eng,Built from labeled CHAT folder structure.,115.93,66,6.394,6.333,0.3429,418,0,0.0,0,0,0.0152,2,0.0303,0,56,0.8485,0,0,9,4.54,0,7,6.9589,9.4286,0.7143,1.0,11,0.0412,0.0,0,0.0152,66,477,7.2273,0.3375
ENNI:427,ENNI:STI:B,data/curated/english_child_transcripts/ENNI/download_2026-05-31/SLI/B/427.cha,ENNI,STI,STI,female,eng,Built from labeled CHAT folder structure.,55.53,79,2.873,2.759,0.422,216,1,0.0127,0,3,0.0,1,0.0127,0,81,1.0253,0,0,49,3.799,0,59,3.5362,1.339,0.4237,0.5,18,0.0273,0.0,1,0.0,79,242,3.0633,0.4256
ENNI:480,ENNI:STI:B,data/curated/english_child_transcripts/ENNI/download_2026-05-31/SLI/B/480.cha,ENNI,STI,STI,male,eng,Built from labeled CHAT folder structure.,52.17,168,4.48,4.34,0.2857,781,1,0.006,0,1,0.0,5,0.0298,0,65,0.3869,0,0,70,1.224,0,73,4.8838,2.3014,0.4795,0.6,55,0.0829,0.006,1,0.006,168,915,5.4464,0.2044
ENNI:527,ENNI:STI:B,data/curated/english_child_transcripts/ENNI/download_2026-05-31/SLI/B/527.cha,ENNI,STI,STI,female,eng,Built from labeled CHAT folder structure.,70.1,141,5.37,4.92,0.3343,706,0,0.0,0,0,0.0071,5,0.0355,1,97,0.6879,0,0,45,2.065,0,39,4.8778,3.6154,0.5897,0.6875,16,0.0401,0.0426,0,0.0,141,757,5.3688,0.2814
ENNI:531,ENNI:STI:B,data/curated/english_child_transcripts/ENNI/download_2026-05-31/SLI/B/531.cha,ENNI,STI,STI,female,eng,Built from labeled CHAT folder structure.,64.23,73,2.562,2.521,0.3696,184,1,0.0137,0,0,0.0,3,0.0411,0,42,0.5753,0,0,35,6.33,0,38,3.1171,1.9211,0.4737,0.5385,20,0.0444,0.0,2,0.0,73,209,2.863,0.378
ENNI:535,ENNI:STI:B,data/curated/english_child_transcripts/ENNI/download_2026-05-31/SLI/B/535.cha,ENNI,STI,STI,female,eng,Built from labeled CHAT folder structure.,65.3,84,5.369,5.179,0.3057,435,2,0.0238,0,0,0.0119,1,0.0119,0,52,0.619,0,0,23,4.867,0,16,5.46,5.25,0.75,0.5,18,0.0914,0.0119,2,0.0357,84,490,5.8333,0.2755
ENNI:567,ENNI:STI:B,data/curated/english_child_transcripts/ENNI/download_2026-05-31/SLI/B/567.cha,ENNI,STI,STI,male,eng,Built from labeled CHAT folder structure.,61.4,91,5.099,4.945,0.3429,450,1,0.011,0,0,0.0,0,0.0,0,49,0.5385,0,0,65,2.692,0,80,4.9006,1.1375,0.4,0.5714,23,0.0292,0.011,1,0.011,91,568,6.2418,0.287
ENNI:569,ENNI:STI:B,data/curated/english_child_transcripts/ENNI/download_2026-05-31/SLI/B/569.cha,ENNI,STI,STI,male,eng,Built from labeled CHAT folder structure.,67.83,97,4.361,4.237,0.4114,420,2,0.0206,0,3,0.0,2,0.0206,0,56,0.5773,0,0,42,1.51,1,55,3.9539,1.7636,0.3818,0.6667,15,0.0278,0.0,2,0.0,97,465,4.7938,0.3656
ENNI:576,ENNI:STI:B,data/curated/english_child_transcripts/ENNI/download_2026-05-31/SLI/B/576.cha,ENNI,STI,STI,female,eng,Built from labeled CHAT folder structure.,67.37,93,4.656,4.495,0.3514,419,1,0.0108,0,1,0.0,4,0.043,0,56,0.6022,0,0,48,1.889,0,66,3.9057,1.4091,0.3636,0.5,12,0.024,0.0323,1,0.0215,93,450,4.8387,0.3244
ENNI:611,ENNI:STI:B,data/curated/english_child_transcripts/ENNI/download_2026-05-31/SLI/B/611.cha,ENNI,STI,STI,male,eng,Built from labeled CHAT folder structure.,82.3,86,5.547,5.279,0.3857,453,1,0.0116,0,1,0.0,1,0.0116,0,59,0.686,0,0,33,0.968,0,29,6.2174,2.9655,0.5862,0.6667,13,0.0777,0.0,1,0.0116,86,557,6.4767,0.3214
ENNI:667,ENNI:STI:B,data/curated/english_child_transcripts/ENNI/download_2026-05-31/SLI/B/667.cha,ENNI,STI,STI,male,eng,Built from labeled CHAT folder structure.,77.73,95,5.737,5.579,0.3514,533,0,0.0,0,2,0.0,1,0.0105,0,54,0.5684,0,0,51,1.257,1,60,4.5355,1.5833,0.4333,0.5,9,0.0336,0.0,0,0.0,95,570,6.0,0.307
ENNI:673,ENNI:STI:B,data/curated/english_child_transcripts/ENNI/download_2026-05-31/SLI/B/673.cha,ENNI,STI,STI,female,eng,Built from labeled CHAT folder structure.,83.27,166,6.39,6.2,0.2829,1013,1,0.006,0,2,0.0,3,0.0181,1,83,0.5,0,0,32,2.358,0,73,5.636,2.274,0.2192,1.0,53,0.012,0.0301,1,0.012,166,1200,7.2289,0.1717
ENNI:679,ENNI:STI:B,data/curated/english_child_transcripts/ENNI/download_2026-05-31/SLI/B/679.cha,ENNI,STI,STI,female,eng,Built from labeled CHAT folder structure.,80.8,68,6.941,6.824,0.3086,469,0,0.0,0,0,0.0,0,0.0,0,57,0.8382,0,0,23,2.018,0,56,5.1129,1.2143,0.1964,0.5,12,0.005,0.0147,0,0.0,68,523,7.6912,0.2696
ENNI:680,ENNI:STI:B,data/curated/english_child_transcripts/ENNI/download_2026-05-31/SLI/B/680.cha,ENNI,STI,STI,male,eng,Built from labeled CHAT folder structure.,75.03,68,4.382,3.794,0.4574,258,0,0.0,0,1,0.0,0,0.0,0,51,0.75,0,0,40,2.143,0,71,3.0288,0.9577,0.2817,0.5,9,0.0143,0.0,0,0.0147,68,278,4.0882,0.4604
ENNI:723,ENNI:STI:B,data/curated/english_child_transcripts/ENNI/download_2026-05-31/SLI/B/723.cha,ENNI,STI,STI,male,eng,Built from labeled CHAT folder structure.,87.87,67,6.343,6.239,0.34,418,0,0.0,0,0,0.0,0,0.0,0,58,0.8657,0,0,14,2.425,0,13,6.5875,5.1538,0.5385,0.0,12,0.1241,0.0,0,0.0149,67,455,6.791,0.3099
ENNI:727,ENNI:STI:B,data/curated/english_child_transcripts/ENNI/download_2026-05-31/SLI/B/727.cha,ENNI,STI,STI,male,eng,Built from labeled CHAT folder structure.,93.37,80,5.75,5.713,0.3457,457,2,0.025,0,0,0.0,0,0.0,0,52,0.65,0,0,20,2.186,0,15,6.1684,5.3333,0.6667,1.0,15,0.0943,0.0,2,0.0,80,521,6.5125,0.2937
ENNI:731,ENNI:STI:B,data/curated/english_child_transcripts/ENNI/download_2026-05-31/SLI/B/731.cha,ENNI,STI,STI,male,eng,Built from labeled CHAT folder structure.,92.4,62,5.145,5.145,0.2947,319,2,0.0323,0,0,0.0,0,0.0,0,59,0.9516,0,0,18,1.723,0,16,6.2564,3.875,0.5625,0.5,5,0.0889,0.0,2,0.0,62,388,6.2581,0.2887
ENNI:735,ENNI:STI:B,data/curated/english_child_transcripts/ENNI/download_2026-05-31/SLI/B/735.cha,ENNI,STI,STI,male,eng,Built from labeled CHAT folder structure.,93.23,196,5.29,5.1,0.4086,881,0,0.0,0,4,0.0102,2,0.0102,2,72,0.3673,0,0,15,1.274,1,12,4.9327,16.3333,0.6667,0.3333,26,0.0546,0.0255,0,0.0051,196,959,4.8929,0.2951
ENNI:739,ENNI:STI:B,data/curated/english_child_transcripts/ENNI/download_2026-05-31/SLI/B/739.cha,ENNI,STI,STI,male,eng,Built from labeled CHAT folder structure.,85.67,51,8.098,8.039,0.3714,410,0,0.0,0,0,0.0,0,0.0,0,53,1.0392,0,0,14,2.16,0,9,8.4167,5.6667,0.7778,0.0,0,0.0747,0.0,0,0.0,51,427,8.3725,0.3513
ENNI:774,ENNI:STI:B,data/curated/english_child_transcripts/ENNI/download_2026-05-31/SLI/B/774.cha,ENNI,STI,STI,female,eng,Built from labeled CHAT folder structure.,90.6,94,7.521,7.447,0.3343,700,0,0.0,0,0,0.0,0,0.0,0,56,0.5957,0,0,18,1.454,0,48,6.0634,1.9583,0.1875,1.0,6,0.0333,0.0106,0,0.0,94,770,8.1915,0.226
ENNI:778,ENNI:STI:B,data/curated/english_child_transcripts/ENNI/download_2026-05-31/SLI/B/778.cha,ENNI,STI,STI,male,eng,Built from labeled CHAT folder structure.,93.1,63,5.73,5.698,0.3314,355,7,0.1111,0,1,0.0,0,0.0,0,43,0.6825,0,0,36,1.847,0,35,5.1327,1.8,0.5143,0.5556,8,0.0304,0.0,9,0.0,63,374,5.9365,0.3235
ENNI:819,ENNI:STI:B,data/curated/english_child_transcripts/ENNI/download_2026-05-31/SLI/B/819.cha,ENNI,STI,STI,female,eng,Built from labeled CHAT folder structure.,104.9,144,7.04,6.65,0.3657,911,2,0.0139,0,4,0.0,0,0.0,0,74,0.5139,0,0,18,6.193,0,11,6.9161,13.0909,0.8182,0.6667,12,0.0971,0.0,2,0.0,144,993,6.8958,0.2608
ENNI:823,ENNI:STI:B,data/curated/english_child_transcripts/ENNI/download_2026-05-31/SLI/B/823.cha,ENNI,STI,STI,male,eng,Built from labeled CHAT folder structure.,106.9,110,6.01,5.96,0.3857,658,0,0.0,0,1,0.0,1,0.0091,0,58,0.5273,0,0,14,1.508,0,16,6.0476,6.875,0.4375,0.0,10,0.1371,0.0,0,0.0,110,686,6.2364,0.2901
ENNI:827,ENNI:STI:B,data/curated/english_child_transcripts/ENNI/download_2026-05-31/SLI/B/827.cha,ENNI,STI,STI,female,eng,Built from labeled CHAT folder structure.,102.67,123,6.25,6.18,0.3886,762,0,0.0,0,0,0.0,0,0.0,0,65,0.5285,0,0,14,3.144,0,9,6.8182,13.6667,0.7778,0.0,17,0.0449,0.0163,0,0.0,123,842,6.8455,0.2684
ENNI:831,ENNI:STI:B,data/curated/english_child_transcripts/ENNI/download_2026-05-31/SLI/B/831.cha,ENNI,STI,STI,male,eng,Built from labeled CHAT folder structure.,102.53,110,6.28,5.9,0.4286,663,2,0.0182,0,0,0.0,0,0.0,0,65,0.5909,0,0,24,3.249,0,16,6.8016,6.875,0.75,1.0,12,0.0627,0.0,2,0.0273,110,769,6.9909,0.3004
ENNI:870,ENNI:STI:B,data/curated/english_child_transcripts/ENNI/download_2026-05-31/SLI/B/870.cha,ENNI,STI,STI,male,eng,Built from labeled CHAT folder structure.,106.57,67,5.104,4.94,0.3837,331,0,0.0,0,0,0.0,0,0.0,0,56,0.8358,0,0,21,3.441,0,23,5.2444,2.913,0.4783,1.0,15,0.0049,0.0,0,0.0,67,397,5.9254,0.3703
ENNI:872,ENNI:STI:B,data/curated/english_child_transcripts/ENNI/download_2026-05-31/SLI/B/872.cha,ENNI,STI,STI,female,eng,Built from labeled CHAT folder structure.,107.03,66,6.576,6.5,0.38,429,0,0.0,0,1,0.0,0,0.0,0,53,0.803,0,0,12,1.888,0,11,6.5714,6.0,0.5455,1.0,5,0.0239,0.0,0,0.0,66,455,6.8939,0.3495
ENNI:874,ENNI:STI:B,data/curated/english_child_transcripts/ENNI/download_2026-05-31/SLI/B/874.cha,ENNI,STI,STI,male,eng,Built from labeled CHAT folder structure.,101.33,86,7.151,7.105,0.3514,605,0,0.0,0,0,0.0,1,0.0116,0,50,0.5814,0,0,9,1.77,0,10,7.7396,8.6,0.5,1.0,16,0.0258,0.0,0,0.0,86,699,8.1279,0.2618
ENNI:875,ENNI:STI:B,data/curated/english_child_transcripts/ENNI/download_2026-05-31/SLI/B/875.cha,ENNI,STI,STI,female,eng,Built from labeled CHAT folder structure.,106.8,90,6.3,6.178,0.4429,556,2,0.0222,0,16,0.0,0,0.0,0,54,0.6,0,0,19,2.493,0,16,6.566,5.625,0.625,0.5,2,0.0229,0.0,4,0.0111,90,626,6.9556,0.3658
ENNI:877,ENNI:STI:B,data/curated/english_child_transcripts/ENNI/download_2026-05-31/SLI/B/877.cha,ENNI,STI,STI,male,eng,Built from labeled CHAT folder structure.,106.63,66,5.848,5.712,0.34,377,0,0.0,0,0,0.0,1,0.0152,0,57,0.8636,0,0,37,5.171,0,30,5.4688,2.2,0.6333,0.5,9,0.0194,0.0,0,0.0,66,397,6.0152,0.3199
ENNI:879,ENNI:STI:B,data/curated/english_child_transcripts/ENNI/download_2026-05-31/SLI/B/879.cha,ENNI,STI,STI,male,eng,Built from labeled CHAT folder structure.,100.0,104,6.29,6.18,0.3571,640,1,0.0096,0,2,0.0288,0,0.0,1,64,0.6154,0,0,28,5.609,0,24,6.4688,4.3333,0.5833,1.0,27,0.0151,0.0288,1,0.0,104,731,7.0288,0.249
ENNI:903,ENNI:STI:B,data/curated/english_child_transcripts/ENNI/download_2026-05-31/SLI/B/903.cha,ENNI,STI,STI,female,eng,Built from labeled CHAT folder structure.,109.03,58,5.672,5.379,0.4551,312,0,0.0,0,0,0.0,0,0.0,0,51,0.8793,0,0,17,3.037,0,9,6.3134,6.4444,1.0,1.0,4,0.0315,0.0,0,0.0,58,353,6.0862,0.4391
ENNI:920,ENNI:STI:B,data/curated/english_child_transcripts/ENNI/download_2026-05-31/SLI/B/920.cha,ENNI,STI,STI,male,eng,Built from labeled CHAT folder structure.,114.07,88,7.068,7.011,0.3629,621,0,0.0,0,0,0.0,0,0.0,0,62,0.7045,0,0,17,1.649,0,18,7.3868,4.8889,0.5,1.0,26,0.0348,0.0114,0,0.0,88,705,8.0114,0.2695
ENNI:924,ENNI:STI:B,data/curated/english_child_transcripts/ENNI/download_2026-05-31/SLI/B/924.cha,ENNI,STI,STI,male,eng,Built from labeled CHAT folder structure.,112.43,164,6.6,6.43,0.4,989,0,0.0,0,1,0.0,1,0.0061,0,48,0.2927,0,0,29,2.489,0,23,6.5989,7.1304,0.6522,1.0,63,0.0171,0.0183,0,0.0061,164,1148,7.0,0.2352
ENNI:928,ENNI:STI:B,data/curated/english_child_transcripts/ENNI/download_2026-05-31/SLI/B/928.cha,ENNI,STI,STI,male,eng,Built from labeled CHAT folder structure.,116.2,73,7.11,6.959,0.3657,511,0,0.0,0,0,0.0,0,0.0,0,41,0.5616,0,0,18,1.313,0,17,7.6556,4.2941,0.5294,1.0,15,0.0235,0.0137,0,0.0,73,620,8.4932,0.3016
ENNI:932,ENNI:STI:B,data/curated/english_child_transcripts/ENNI/download_2026-05-31/SLI/B/932.cha,ENNI,STI,STI,female,eng,Built from labeled CHAT folder structure.,117.73,106,7.3,7.22,0.4,775,2,0.0189,0,1,0.0,0,0.0,0,42,0.3962,0,0,18,2.354,0,15,8.2562,7.0667,0.6,1.0,31,0.0166,0.0094,2,0.0,106,936,8.8302,0.2553
ENNI:934,ENNI:STI:B,data/curated/english_child_transcripts/ENNI/download_2026-05-31/SLI/B/934.cha,ENNI,STI,STI,male,eng,Built from labeled CHAT folder structure.,115.0,72,6.681,6.569,0.3571,474,0,0.0,0,0,0.0,0,0.0,0,55,0.7639,0,0,14,1.374,0,15,7.4828,4.8,0.4667,1.0,12,0.0049,0.0,0,0.0,72,589,8.1806,0.3158
ENNI:935,ENNI:STI:B,data/curated/english_child_transcripts/ENNI/download_2026-05-31/SLI/B/935.cha,ENNI,STI,STI,female,eng,Built from labeled CHAT folder structure.,111.7,64,7.062,6.938,0.3686,444,0,0.0,0,0,0.0,0,0.0,0,58,0.9062,0,0,24,1.78,0,21,6.7059,3.0476,0.5714,0.0,6,0.011,0.0,0,0.0,64,492,7.6875,0.3232
ENNI:401,ENNI:TD:A,data/curated/english_child_transcripts/ENNI/download_2026-05-31/TD/A/401.cha,ENNI,TD,TD,female,eng,Built from labeled CHAT folder structure.,58.07,139,6.63,6.5,0.32,902,0,0.0,0,0,0.0,0,0.0,0,63,0.4532,0,0,21,1.711,0,26,6.4848,5.3462,0.4231,0.5,16,0.0498,0.0072,0,0.0,139,956,6.8777,0.2563
ENNI:402,ENNI:TD:A,data/curated/english_child_transcripts/ENNI/download_2026-05-31/TD/A/402.cha,ENNI,TD,TD,male,eng,Built from labeled CHAT folder structure.,55.4,107,4.96,4.79,0.2886,511,3,0.028,0,0,0.0,3,0.028,0,67,0.6262,0,0,100,2.491,0,59,5.1024,1.8136,0.8475,0.92,6,0.0552,0.0,3,0.0093,107,557,5.2056,0.2298
ENNI:405,ENNI:TD:A,data/curated/english_child_transcripts/ENNI/download_2026-05-31/TD/A/405.cha,ENNI,TD,TD,male,eng,Built from labeled CHAT folder structure.,56.5,97,6.082,5.99,0.3486,582,2,0.0206,0,1,0.0,0,0.0,0,63,0.6495,0,0,64,1.642,0,49,5.7329,1.9796,0.6531,0.7647,15,0.0568,0.0,2,0.0103,97,621,6.4021,0.306
ENNI:406,ENNI:TD:A,data/curated/english_child_transcripts/ENNI/download_2026-05-31/TD/A/406.cha,ENNI,TD,TD,female,eng,Built from labeled CHAT folder structure.,55.5,111,7.35,7.01,0.3314,736,2,0.018,0,0,0.0,1,0.009,0,54,0.4865,0,0,38,2.177,0,28,6.3669,3.9643,0.6786,0.7857,29,0.0784,0.009,2,0.0,111,795,7.1622,0.2503
ENNI:409,ENNI:TD:A,data/curated/english_child_transcripts/ENNI/download_2026-05-31/TD/A/409.cha,ENNI,TD,TD,male,eng,Built from labeled CHAT folder structure.,58.03,68,5.956,5.647,0.3771,381,0,0.0,0,0,0.0,0,0.0,0,71,1.0441,0,0,37,2.189,1,36,5.8558,1.8889,0.5278,0.6667,4,0.0593,0.0,0,0.0147,68,432,6.3529,0.3333
ENNI:410,ENNI:TD:A,data/curated/english_child_transcripts/ENNI/download_2026-05-31/TD/A/410.cha,ENNI,TD,TD,female,eng,Built from labeled CHAT folder structure.,49.9,64,5.922,5.438,0.3305,349,1,0.0156,0,0,0.0,0,0.0,0,55,0.8594,0,0,26,3.369,0,23,6.2759,2.7826,0.5652,1.0,6,0.12,0.0,1,0.0,64,411,6.4219,0.3139
ENNI:414,ENNI:TD:A,data/curated/english_child_transcripts/ENNI/download_2026-05-31/TD/A/414.cha,ENNI,TD,TD,male,eng,Built from labeled CHAT folder structure.,59.6,87,5.264,5.126,0.4143,447,2,0.023,0,0,0.0,0,0.0,0,62,0.7126,0,0,50,1.812,0,37,5.25,2.3514,0.6757,0.7143,10,0.043,0.0,2,0.046,87,478,5.4943,0.3828
ENNI:417,ENNI:TD:A,data/curated/english_child_transcripts/ENNI/download_2026-05-31/TD/A/417.cha,ENNI,TD,TD,female,eng,Built from labeled CHAT folder structure.,55.87,140,7.23,6.94,0.3829,932,2,0.0143,0,1,0.0,1,0.0071,0,72,0.5143,0,0,24,2.289,0,23,7.454,6.087,0.5217,0.6667,18,0.0546,0.0,2,0.0,140,1091,7.7929,0.2383
ENNI:418,ENNI:TD:A,data/curated/english_child_transcripts/ENNI/download_2026-05-31/TD/A/418.cha,ENNI,TD,TD,male,eng,Built from labeled CHAT folder structure.,58.1,108,5.33,5.2,0.3171,580,1,0.0093,0,1,0.0,1,0.0093,0,57,0.5278,0,0,39,1.674,0,32,5.65,3.375,0.5938,0.5,26,0.0308,0.0,1,0.0093,108,632,5.8519,0.2642
ENNI:421,ENNI:TD:A,data/curated/english_child_transcripts/ENNI/download_2026-05-31/TD/A/421.cha,ENNI,TD,TD,male,eng,Built from labeled CHAT folder structure.,53.67,198,7.16,6.93,0.3857,1328,1,0.0051,0,2,0.0,6,0.0303,0,70,0.3535,0,0,20,2.395,0,27,7.0133,7.3333,0.3704,0.0,34,0.06,0.0101,1,0.0,198,1446,7.303,0.2227
ENNI:425,ENNI:TD:A,data/curated/english_child_transcripts/ENNI/download_2026-05-31/TD/A/425.cha,ENNI,TD,TD,female,eng,Built from labeled CHAT folder structure.,57.47,120,5.96,5.78,0.3371,699,1,0.0083,0,1,0.0,0,0.0,0,62,0.5167,0,0,22,1.72,0,15,7.1778,8.0,0.7333,0.0,17,0.0881,0.0,1,0.0,120,901,7.5083,0.2153
ENNI:429,ENNI:TD:A,data/curated/english_child_transcripts/ENNI/download_2026-05-31/TD/A/429.cha,ENNI,TD,TD,female,eng,Built from labeled CHAT folder structure.,58.03,67,6.358,6.284,0.3371,424,0,0.0,0,0,0.0,0,0.0,0,59,0.8806,0,0,18,1.892,0,13,6.4875,5.1538,0.6923,0.5,7,0.1093,0.0,0,0.0,67,434,6.4776,0.3111
ENNI:441,ENNI:TD:A,data/curated/english_child_transcripts/ENNI/download_2026-05-31/TD/A/441.cha,ENNI,TD,TD,male,eng,Built from labeled CHAT folder structure.,59.2,67,6.612,5.836,0.3657,390,0,0.0,0,0,0.0,0,0.0,0,56,0.8358,0,0,19,2.66,0,17,6.8333,3.9412,0.5882,1.0,16,0.1324,0.0,0,0.0,67,484,7.2239,0.3099
ENNI:448,ENNI:TD:A,data/curated/english_child_transcripts/ENNI/download_2026-05-31/TD/A/448.cha,ENNI,TD,TD,male,eng,Built from labeled CHAT folder structure.,55.07,88,5.977,5.932,0.3714,522,2,0.0227,0,0,0.0,0,0.0,0,49,0.5568,0,0,15,1.629,0,9,6.0619,9.7778,0.8889,1.0,18,0.027,0.0,2,0.0,88,562,6.3864,0.3025
ENNI:452,ENNI:TD:A,data/curated/english_child_transcripts/ENNI/download_2026-05-31/TD/A/452.cha,ENNI,TD,TD,female,eng,Built from labeled CHAT folder structure.,48.4,68,4.059,4.044,0.2145,275,2,0.0294,0,0,0.0,14,0.2059,0,44,0.6471,0,0,12,2.879,0,6,4.2297,11.3333,1.0,1.0,21,0.0122,0.0,2,0.0,68,282,4.1471,0.2199
ENNI:456,ENNI:TD:A,data/curated/english_child_transcripts/ENNI/download_2026-05-31/TD/A/456.cha,ENNI,TD,TD,male,eng,Built from labeled CHAT folder structure.,49.73,64,5.656,5.547,0.34,355,0,0.0,0,2,0.0,2,0.0312,0,48,0.75,0,0,15,1.886,0,9,5.589,7.1111,0.8889,0.6667,10,0.0117,0.0,0,0.0,64,383,5.9844,0.3238
ENNI:457,ENNI:TD:A,data/curated/english_child_transcripts/ENNI/download_2026-05-31/TD/A/457.cha,ENNI,TD,TD,male,eng,Built from labeled CHAT folder structure.,55.7,94,5.723,5.447,0.3286,515,0,0.0,0,1,0.0,2,0.0213,0,61,0.6489,0,0,19,4.338,0,13,5.757,7.2308,0.7692,0.6,20,0.0081,0.0,0,0.0213,94,580,6.1702,0.2914
ENNI:460,ENNI:TD:A,data/curated/english_child_transcripts/ENNI/download_2026-05-31/TD/A/460.cha,ENNI,TD,TD,female,eng,Built from labeled CHAT folder structure.,56.77,79,4.747,4.139,0.3823,327,0,0.0,0,0,0.0,0,0.0,0,49,0.6203,0,0,13,2.429,0,7,4.6395,11.2857,1.0,0.0,15,0.0,0.0,0,0.0253,79,392,4.962,0.3571
ENNI:464,ENNI:TD:A,data/curated/english_child_transcripts/ENNI/download_2026-05-31/TD/A/464.cha,ENNI,TD,TD,female,eng,Built from labeled CHAT folder structure.,56.3,65,5.092,4.923,0.3031,321,1,0.0154,0,2,0.0,0,0.0,0,56,0.8615,0,0,12,2.215,0,7,4.7917,9.2857,0.8571,0.0,12,0.0,0.0,1,0.0,65,338,5.2,0.3077
ENNI:468,ENNI:TD:A,data/curated/english_child_transcripts/ENNI/download_2026-05-31/TD/A/468.cha,ENNI,TD,TD,female,eng,Built from labeled CHAT folder structure.,53.67,66,4.848,4.667,0.3117,308,0,0.0,0,1,0.0,0,0.0,0,61,0.9242,0,0,14,3.324,0,13,4.8481,5.0769,0.5385,0.25,6,0.0532,0.0,0,0.0,66,314,4.7576,0.3121
ENNI:471,ENNI:TD:A,data/curated/english_child_transcripts/ENNI/download_2026-05-31/TD/A/471.cha,ENNI,TD,TD,male,eng,Built from labeled CHAT folder structure.,57.23,108,5.93,5.76,0.3629,631,1,0.0093,0,8,0.0093,0,0.0,0,50,0.463,0,0,12,1.689,0,6,6.1491,18.0,1.0,0.0,21,0.0145,0.0,1,0.0,108,695,6.4352,0.295
ENNI:501,ENNI:TD:A,data/curated/english_child_transcripts/ENNI/download_2026-05-31/TD/A/501.cha,ENNI,TD,TD,female,eng,Built from labeled CHAT folder structure.,68.4,95,7.295,7.021,0.3543,669,0,0.0,0,0,0.0,1,0.0105,0,62,0.6526,0,0,26,1.806,1,26,6.8099,3.6538,0.5,0.5,17,0.0376,0.0105,0,0.0105,95,727,7.6526,0.2944
ENNI:502,ENNI:TD:A,data/curated/english_child_transcripts/ENNI/download_2026-05-31/TD/A/502.cha,ENNI,TD,TD,female,eng,Built from labeled CHAT folder structure.,64.63,84,5.167,5.06,0.3143,428,1,0.0119,0,2,0.0,3,0.0357,0,65,0.7738,0,0,50,3.873,1,48,5.2121,1.75,0.5208,0.5385,6,0.0864,0.0,1,0.0,84,491,5.8452,0.2912
ENNI:505,ENNI:TD:A,data/curated/english_child_transcripts/ENNI/download_2026-05-31/TD/A/505.cha,ENNI,TD,TD,male,eng,Built from labeled CHAT folder structure.,62.17,66,6.136,6.091,0.3,402,0,0.0,0,0,0.0,1,0.0152,0,56,0.8485,0,0,30,1.286,0,33,6.1313,2.0,0.4545,0.8,23,0.0604,0.0,0,0.0,66,456,6.9091,0.2566
ENNI:506,ENNI:TD:A,data/curated/english_child_transcripts/ENNI/download_2026-05-31/TD/A/506.cha,ENNI,TD,TD,female,eng,Built from labeled CHAT folder structure.,63.07,81,6.741,6.642,0.3314,538,0,0.0,0,1,0.0,0,0.0,0,62,0.7654,0,0,23,2.931,4,17,6.4184,4.7647,0.7059,0.8333,4,0.0496,0.0,0,0.0,81,570,7.037,0.286
ENNI:509,ENNI:TD:A,data/curated/english_child_transcripts/ENNI/download_2026-05-31/TD/A/509.cha,ENNI,TD,TD,female,eng,Built from labeled CHAT folder structure.,69.4,90,6.633,6.467,0.3971,582,0,0.0,0,3,0.0,0,0.0,0,64,0.7111,0,0,37,1.237,1,27,6.2991,3.3333,0.7037,0.8571,14,0.1161,0.0,0,0.0,90,612,6.8,0.3137
ENNI:510,ENNI:TD:A,data/curated/english_child_transcripts/ENNI/download_2026-05-31/TD/A/510.cha,ENNI,TD,TD,female,eng,Built from labeled CHAT folder structure.,61.4,64,8.109,7.922,0.3771,507,0,0.0,0,0,0.0,0,0.0,0,57,0.8906,0,0,18,3.325,0,16,7.5875,4.0,0.5625,0.0,1,0.0375,0.0,0,0.0,64,548,8.5625,0.3248
ENNI:513,ENNI:TD:A,data/curated/english_child_transcripts/ENNI/download_2026-05-31/TD/A/513.cha,ENNI,TD,TD,female,eng,Built from labeled CHAT folder structure.,67.23,69,8.971,8.884,0.3686,613,0,0.0,0,2,0.0,0,0.0,0,69,1.0,0,0,26,3.461,0,26,8.8421,2.6538,0.5,0.8333,29,0.0571,0.0,0,0.0,69,705,10.2174,0.2723
ENNI:514,ENNI:TD:A,data/curated/english_child_transcripts/ENNI/download_2026-05-31/TD/A/514.cha,ENNI,TD,TD,male,eng,Built from labeled CHAT folder structure.,66.47,80,7.562,7.525,0.3343,604,3,0.0375,0,0,0.0,0,0.0,0,21,0.2625,0,0,30,1.506,0,17,7.1134,4.7059,0.8824,1.0,8,0.0395,0.0125,3,0.0125,80,635,7.9375,0.2898
ENNI:517,ENNI:TD:A,data/curated/english_child_transcripts/ENNI/download_2026-05-31/TD/A/517.cha,ENNI,TD,TD,female,eng,Built from labeled CHAT folder structure.,65.83,155,6.23,5.8,0.2657,926,1,0.0065,0,0,0.0,5,0.0323,0,74,0.4774,0,0,20,1.408,0,18,6.4277,8.6111,0.5556,0.6667,26,0.0788,0.0,1,0.0,155,1007,6.4968,0.1827
ENNI:518,ENNI:TD:A,data/curated/english_child_transcripts/ENNI/download_2026-05-31/TD/A/518.cha,ENNI,TD,TD,male,eng,Built from labeled CHAT folder structure.,66.23,81,6.531,6.494,0.3229,527,0,0.0,0,0,0.0,0,0.0,0,39,0.4815,0,0,31,1.182,0,23,7.2308,3.5217,0.6522,0.4444,15,0.0622,0.0,0,0.0123,81,647,7.9877,0.2751
ENNI:522,ENNI:TD:A,data/curated/english_child_transcripts/ENNI/download_2026-05-31/TD/A/522.cha,ENNI,TD,TD,male,eng,Built from labeled CHAT folder structure.,65.53,65,6.985,6.846,0.2971,444,0,0.0,0,0,0.0,0,0.0,0,51,0.7846,0,0,24,2.018,0,23,6.5682,2.8261,0.5217,0.5,9,0.0622,0.0,0,0.0,65,505,7.7692,0.2713
ENNI:526,ENNI:TD:A,data/curated/english_child_transcripts/ENNI/download_2026-05-31/TD/A/526.cha,ENNI,TD,TD,male,eng,Built from labeled CHAT folder structure.,71.2,97,6.608,6.412,0.3514,629,0,0.0,0,0,0.0,3,0.0309,0,52,0.5361,0,0,17,1.573,0,10,6.6168,9.7,0.8,0.0,6,0.0219,0.0309,0,0.0103,97,686,7.0722,0.2784
ENNI:530,ENNI:TD:A,data/curated/english_child_transcripts/ENNI/download_2026-05-31/TD/A/530.cha,ENNI,TD,TD,female,eng,Built from labeled CHAT folder structure.,69.43,83,5.843,5.759,0.3429,481,0,0.0,0,0,0.0,1,0.012,0,59,0.7108,0,0,32,1.178,0,37,5.3417,2.2432,0.4324,0.7,3,0.0418,0.012,0,0.0,83,504,6.0723,0.3214
ENNI:538,ENNI:TD:A,data/curated/english_child_transcripts/ENNI/download_2026-05-31/TD/A/538.cha,ENNI,TD,TD,female,eng,Built from labeled CHAT folder structure.,64.8,65,6.569,6.446,0.3429,420,0,0.0,0,0,0.0,1,0.0154,0,53,0.8154,0,0,20,1.887,0,15,6.125,4.3333,0.6667,0.5,9,0.0157,0.0,0,0.0,65,447,6.8769,0.3087
ENNI:541,ENNI:TD:A,data/curated/english_child_transcripts/ENNI/download_2026-05-31/TD/A/541.cha,ENNI,TD,TD,male,eng,Built from labeled CHAT folder structure.,70.83,66,7.606,7.258,0.3771,478,0,0.0,0,0,0.0,0,0.0,0,61,0.9242,0,0,20,1.375,0,14,7.7125,4.7143,0.7143,0.5,7,0.082,0.0152,0,0.0152,66,533,8.0758,0.3302
ENNI:544,ENNI:TD:A,data/curated/english_child_transcripts/ENNI/download_2026-05-31/TD/A/544.cha,ENNI,TD,TD,female,eng,Built from labeled CHAT folder structure.,65.7,67,5.299,5.119,0.3732,343,0,0.0,0,0,0.0,1,0.0149,0,54,0.806,0,0,31,1.944,0,23,5.0778,2.913,0.6957,1.0,11,0.0985,0.0,0,0.0,67,367,5.4776,0.3678
ENNI:545,ENNI:TD:A,data/curated/english_child_transcripts/ENNI/download_2026-05-31/TD/A/545.cha,ENNI,TD,TD,male,eng,Built from labeled CHAT folder structure.,61.4,63,5.952,5.81,0.3314,366,0,0.0,0,0,0.0,0,0.0,0,57,0.9048,0,0,18,1.756,1,16,6.4937,3.9375,0.5625,1.0,18,0.1017,0.0,0,0.0,63,426,6.7619,0.3028
ENNI:548,ENNI:TD:A,data/curated/english_child_transcripts/ENNI/download_2026-05-31/TD/A/548.cha,ENNI,TD,TD,female,eng,Built from labeled CHAT folder structure.,63.8,59,7.203,7.136,0.3514,422,0,0.0,0,1,0.0,0,0.0,0,46,0.7797,0,0,9,2.696,0,7,6.6667,8.4286,0.5714,0.0,7,0.0019,0.0,0,0.0,59,431,7.3051,0.3225
ENNI:549,ENNI:TD:A,data/curated/english_child_transcripts/ENNI/download_2026-05-31/TD/A/549.cha,ENNI,TD,TD,male,eng,Built from labeled CHAT folder structure.,68.33,109,7.22,7.03,0.3114,766,0,0.0,0,1,0.0,0,0.0,0,51,0.4679,0,0,17,0.843,0,13,7.3852,8.3846,0.6923,0.0,8,0.066,0.0092,0,0.0,109,830,7.6147,0.2265
ENNI:553,ENNI:TD:A,data/curated/english_child_transcripts/ENNI/download_2026-05-31/TD/A/553.cha,ENNI,TD,TD,female,eng,Built from labeled CHAT folder structure.,71.63,84,7.667,7.464,0.38,627,0,0.0,0,0,0.0,0,0.0,0,55,0.6548,0,0,20,1.643,0,16,7.37,5.25,0.625,0.0,1,0.0814,0.0,0,0.0,84,658,7.8333,0.3161
ENNI:555,ENNI:TD:A,data/curated/english_child_transcripts/ENNI/download_2026-05-31/TD/A/555.cha,ENNI,TD,TD,male,eng,Built from labeled CHAT folder structure.,62.8,69,5.855,5.739,0.3914,397,0,0.0,0,1,0.0,0,0.0,0,42,0.6087,0,0,15,2.979,0,16,5.8706,4.3125,0.5,0.5714,10,0.0525,0.0,0,0.029,69,420,6.087,0.381
ENNI:559,ENNI:TD:A,data/curated/english_child_transcripts/ENNI/download_2026-05-31/TD/A/559.cha,ENNI,TD,TD,male,eng,Built from labeled CHAT folder structure.,65.77,74,5.392,5.338,0.3286,396,0,0.0,0,0,0.0,0,0.0,0,42,0.5676,0,0,17,1.597,0,14,5.9432,5.2857,0.6429,0.8,10,0.0742,0.0,0,0.0,74,445,6.0135,0.2899
ENNI:561,ENNI:TD:A,data/curated/english_child_transcripts/ENNI/download_2026-05-31/TD/A/561.cha,ENNI,TD,TD,male,eng,Built from labeled CHAT folder structure.,62.07,82,6.756,6.646,0.3229,549,0,0.0,0,2,0.0,0,0.0,0,54,0.6585,0,0,7,3.409,0,9,7.1538,9.1111,0.4444,0.6667,9,0.0704,0.0122,0,0.0,82,589,7.1829,0.2937
ENNI:562,ENNI:TD:A,data/curated/english_child_transcripts/ENNI/download_2026-05-31/TD/A/562.cha,ENNI,TD,TD,female,eng,Built from labeled CHAT folder structure.,60.03,127,5.87,5.72,0.3514,712,2,0.0157,0,1,0.0079,1,0.0079,0,49,0.3858,0,0,9,4.253,0,6,5.9023,21.1667,0.8333,0.0,19,0.0056,0.0079,2,0.0157,127,777,6.1181,0.2535
ENNI:564,ENNI:TD:A,data/curated/english_child_transcripts/ENNI/download_2026-05-31/TD/A/564.cha,ENNI,TD,TD,female,eng,Built from labeled CHAT folder structure.,71.13,96,8.094,7.958,0.3714,774,0,0.0,0,0,0.0,2,0.0208,0,53,0.5521,0,0,10,2.776,1,7,7.9709,13.7143,0.7143,0.0,6,0.0015,0.0104,0,0.0,96,811,8.4479,0.2873
ENNI:601,ENNI:TD:A,data/curated/english_child_transcripts/ENNI/download_2026-05-31/TD/A/601.cha,ENNI,TD,TD,male,eng,Built from labeled CHAT folder structure.,82.1,123,6.55,6.11,0.3086,772,0,0.0,0,0,0.0,0,0.0,0,57,0.4634,0,0,17,1.477,0,17,6.8143,7.2353,0.4706,1.0,14,0.1249,0.0,0,0.0,123,867,7.0488,0.2411
ENNI:602,ENNI:TD:A,data/curated/english_child_transcripts/ENNI/download_2026-05-31/TD/A/602.cha,ENNI,TD,TD,male,eng,Built from labeled CHAT folder structure.,72.67,74,6.703,6.595,0.3029,491,0,0.0,0,0,0.0,0,0.0,0,54,0.7297,0,0,21,1.449,0,17,6.4066,4.3529,0.6471,0.6667,6,0.0436,0.0,0,0.0135,74,527,7.1216,0.2846
ENNI:605,ENNI:TD:A,data/curated/english_child_transcripts/ENNI/download_2026-05-31/TD/A/605.cha,ENNI,TD,TD,female,eng,Built from labeled CHAT folder structure.,81.97,84,9.131,8.845,0.36,742,0,0.0,0,0,0.0,0,0.0,1,64,0.7619,0,0,15,2.127,0,14,9.0918,6.0,0.5714,0.0,7,0.1224,0.0119,0,0.0,84,803,9.5595,0.2478
ENNI:606,ENNI:TD:A,data/curated/english_child_transcripts/ENNI/download_2026-05-31/TD/A/606.cha,ENNI,TD,TD,male,eng,Built from labeled CHAT folder structure.,83.3,69,5.971,5.913,0.3457,408,0,0.0,0,0,0.0,0,0.0,0,54,0.7826,0,0,9,0.363,0,11,6.0,6.2727,0.3636,0.6667,2,0.0425,0.0,0,0.0,69,446,6.4638,0.3206
ENNI:610,ENNI:TD:A,data/curated/english_child_transcripts/ENNI/download_2026-05-31/TD/A/610.cha,ENNI,TD,TD,female,eng,Built from labeled CHAT folder structure.,73.8,70,7.129,7.071,0.3514,497,0,0.0,0,0,0.0,0,0.0,0,45,0.6429,0,0,22,0.844,0,14,7.0119,5.0,0.7857,1.0,4,0.0629,0.0,0,0.0,70,542,7.7429,0.3063
ENNI:614,ENNI:TD:A,data/curated/english_child_transcripts/ENNI/download_2026-05-31/TD/A/614.cha,ENNI,TD,TD,male,eng,Built from labeled CHAT folder structure.,82.0,73,5.877,5.74,0.3943,423,0,0.0,0,0,0.0,0,0.0,0,55,0.7534,0,0,5,10.182,0,4,5.8312,18.25,0.75,0.0,5,0.0759,0.0,0,0.0,73,436,5.9726,0.3853
ENNI:618,ENNI:TD:A,data/curated/english_child_transcripts/ENNI/download_2026-05-31/TD/A/618.cha,ENNI,TD,TD,female,eng,Built from labeled CHAT folder structure.,77.57,76,8.211,8.132,0.3343,621,0,0.0,0,0,0.0,0,0.0,0,22,0.2895,0,0,18,1.8,0,13,8.1011,5.8462,0.6923,1.0,13,0.0755,0.0,0,0.0263,76,670,8.8158,0.2836
ENNI:622,ENNI:TD:A,data/curated/english_child_transcripts/ENNI/download_2026-05-31/TD/A/622.cha,ENNI,TD,TD,male,eng,Built from labeled CHAT folder structure.,79.27,75,6.293,6.227,0.3257,469,0,0.0,0,1,0.0,0,0.0,0,52,0.6933,0,0,21,3.502,0,16,6.4615,4.6875,0.6875,0.6667,7,0.016,0.0,0,0.0,75,539,7.1867,0.2931
ENNI:626,ENNI:TD:A,data/curated/english_child_transcripts/ENNI/download_2026-05-31/TD/A/626.cha,ENNI,TD,TD,male,eng,Built from labeled CHAT folder structure.,79.5,85,6.729,6.518,0.4,554,1,0.0118,0,0,0.0,0,0.0,0,51,0.6,0,0,21,1.907,0,16,6.505,5.3125,0.6875,1.0,6,0.0401,0.0,1,0.0235,85,613,7.2118,0.3295
ENNI:630,ENNI:TD:A,data/curated/english_child_transcripts/ENNI/download_2026-05-31/TD/A/630.cha,ENNI,TD,TD,female,eng,Built from labeled CHAT folder structure.,82.47,66,5.97,5.939,0.3143,392,0,0.0,0,0,0.0,0,0.0,0,57,0.8636,0,0,19,3.037,0,15,6.0247,4.4,0.6667,0.3333,12,0.0143,0.0,0,0.0,66,451,6.8333,0.2816
ENNI:634,ENNI:TD:A,data/curated/english_child_transcripts/ENNI/download_2026-05-31/TD/A/634.cha,ENNI,TD,TD,female,eng,Built from labeled CHAT folder structure.,73.47,70,6.3,6.157,0.3714,433,1,0.0143,0,1,0.0,0,0.0,0,50,0.7143,0,0,10,0.783,0,6,6.1447,11.6667,0.8333,0.0,7,0.0169,0.0,1,0.0143,70,455,6.5,0.3319
ENNI:637,ENNI:TD:A,data/curated/english_child_transcripts/ENNI/download_2026-05-31/TD/A/637.cha,ENNI,TD,TD,male,eng,Built from labeled CHAT folder structure.,73.1,58,6.276,6.103,0.36,355,0,0.0,0,0,0.0,0,0.0,0,45,0.7759,0,0,15,1.577,0,9,7.1642,6.4444,0.8889,1.0,6,0.0573,0.0,0,0.0,58,414,7.1379,0.3309
ENNI:641,ENNI:TD:A,data/curated/english_child_transcripts/ENNI/download_2026-05-31/TD/A/641.cha,ENNI,TD,TD,female,eng,Built from labeled CHAT folder structure.,77.57,80,5.95,5.775,0.3343,461,0,0.0,0,0,0.0,0,0.0,0,65,0.8125,0,0,21,1.981,0,16,6.0208,5.0,0.6875,0.5,3,0.1194,0.0,0,0.0,80,482,6.025,0.3112
ENNI:645,ENNI:TD:A,data/curated/english_child_transcripts/ENNI/download_2026-05-31/TD/A/645.cha,ENNI,TD,TD,male,eng,Built from labeled CHAT folder structure.,78.9,143,6.72,6.6,0.3486,983,3,0.021,0,0,0.0,1,0.007,0,71,0.4965,0,0,19,3.396,0,15,7.6582,9.5333,0.6667,0.8,12,0.0904,0.0,3,0.0,143,1094,7.6503,0.2093
ENNI:649,ENNI:TD:A,data/curated/english_child_transcripts/ENNI/download_2026-05-31/TD/A/649.cha,ENNI,TD,TD,female,eng,Built from labeled CHAT folder structure.,77.07,58,6.362,6.276,0.3629,366,0,0.0,0,0,0.0,0,0.0,0,48,0.8276,0,0,18,2.895,0,15,6.6438,3.8667,0.6,0.6667,9,0.057,0.0,0,0.0,58,403,6.9483,0.3449
ENNI:650,ENNI:TD:A,data/curated/english_child_transcripts/ENNI/download_2026-05-31/TD/A/650.cha,ENNI,TD,TD,male,eng,Built from labeled CHAT folder structure.,77.87,83,6.193,6.036,0.44,498,0,0.0,0,7,0.0,0,0.0,0,52,0.6265,0,0,8,1.829,0,4,6.2069,20.75,1.0,1.0,1,0.0391,0.0,0,0.0,83,517,6.2289,0.3888
ENNI:653,ENNI:TD:A,data/curated/english_child_transcripts/ENNI/download_2026-05-31/TD/A/653.cha,ENNI,TD,TD,female,eng,Built from labeled CHAT folder structure.,77.57,87,7.644,7.575,0.4029,657,1,0.0115,0,0,0.0,0,0.0,0,58,0.6667,0,0,17,2.215,0,10,8.0412,8.7,0.9,0.5,13,0.0645,0.0,3,0.0115,87,700,8.046,0.3143
ENNI:654,ENNI:TD:A,data/curated/english_child_transcripts/ENNI/download_2026-05-31/TD/A/654.cha,ENNI,TD,TD,female,eng,Built from labeled CHAT folder structure.,73.57,111,6.82,6.57,0.3657,733,0,0.0,0,0,0.0,2,0.018,0,58,0.5225,0,0,11,1.567,0,6,7.3333,18.5,0.8333,1.0,22,0.0546,0.0,0,0.0,111,844,7.6036,0.2654
ENNI:657,ENNI:TD:A,data/curated/english_child_transcripts/ENNI/download_2026-05-31/TD/A/657.cha,ENNI,TD,TD,male,eng,Built from labeled CHAT folder structure.,78.53,67,5.687,5.537,0.3229,369,0,0.0,0,0,0.0,0,0.0,0,50,0.7463,0,0,4,0.964,0,6,5.6164,11.1667,0.3333,0.5,2,0.057,0.0,0,0.0,67,382,5.7015,0.3063
ENNI:660,ENNI:TD:A,data/curated/english_child_transcripts/ENNI/download_2026-05-31/TD/A/660.cha,ENNI,TD,TD,male,eng,Built from labeled CHAT folder structure.,80.47,125,6.25,6.08,0.3486,793,0,0.0,0,1,0.0,0,0.0,0,51,0.408,0,0,8,4.629,1,6,6.6107,20.8333,0.6667,0.0,4,0.0064,0.016,0,0.0,125,858,6.864,0.2762
ENNI:661,ENNI:TD:A,data/curated/english_child_transcripts/ENNI/download_2026-05-31/TD/A/661.cha,ENNI,TD,TD,male,eng,Built from labeled CHAT folder structure.,79.87,66,6.318,5.833,0.4057,380,0,0.0,0,2,0.0,0,0.0,0,55,0.8333,0,0,9,4.934,0,5,6.2254,13.2,1.0,1.0,1,0.0022,0.0,0,0.0,66,437,6.6212,0.3753
ENNI:665,ENNI:TD:A,data/curated/english_child_transcripts/ENNI/download_2026-05-31/TD/A/665.cha,ENNI,TD,TD,female,eng,Built from labeled CHAT folder structure.,82.17,63,6.937,6.571,0.34,415,0,0.0,0,2,0.0,0,0.0,0,48,0.7619,0,0,6,2.033,0,4,6.9403,15.75,0.75,0.6667,3,0.0486,0.0,0,0.0,63,442,7.0159,0.3145
ENNI:670,ENNI:TD:A,data/curated/english_child_transcripts/ENNI/download_2026-05-31/TD/A/670.cha,ENNI,TD,TD,female,eng,Built from labeled CHAT folder structure.,82.27,106,7.11,7.04,0.3371,756,0,0.0,0,1,0.0,0,0.0,0,48,0.4528,0,0,10,2.971,0,7,7.1239,15.1429,0.7143,0.0,9,0.0,0.0,0,0.0,106,798,7.5283,0.2769
ENNI:671,ENNI:TD:A,data/curated/english_child_transcripts/ENNI/download_2026-05-31/TD/A/671.cha,ENNI,TD,TD,male,eng,Built from labeled CHAT folder structure.,75.1,75,6.2,5.893,0.3657,442,1,0.0133,0,1,0.0,0,0.0,0,48,0.64,0,0,11,2.192,0,7,5.9878,10.7143,0.8571,0.0,4,0.0,0.0,1,0.0,75,484,6.4533,0.3285
ENNI:677,ENNI:TD:A,data/curated/english_child_transcripts/ENNI/download_2026-05-31/TD/A/677.cha,ENNI,TD,TD,female,eng,Built from labeled CHAT folder structure.,80.87,88,7.534,7.33,0.38,646,0,0.0,0,0,0.0,0,0.0,0,52,0.5909,0,0,5,1.702,0,6,7.9681,14.6667,0.3333,0.0,10,0.0,0.0,0,0.0,88,743,8.4432,0.2907
ENNI:701,ENNI:TD:A,data/curated/english_child_transcripts/ENNI/download_2026-05-31/TD/A/701.cha,ENNI,TD,TD,male,eng,Built from labeled CHAT folder structure.,84.07,85,7.824,7.553,0.32,640,2,0.0235,0,1,0.0,1,0.0118,0,63,0.7412,0,0,24,3.041,0,17,7.7451,5.0,0.7059,1.0,5,0.0718,0.0,2,0.0471,85,675,7.9412,0.2637
ENNI:702,ENNI:TD:A,data/curated/english_child_transcripts/ENNI/download_2026-05-31/TD/A/702.cha,ENNI,TD,TD,male,eng,Built from labeled CHAT folder structure.,85.2,64,6.188,5.844,0.36,375,0,0.0,0,0,0.0,0,0.0,0,50,0.7812,0,0,12,1.071,0,11,6.1333,5.8182,0.5455,1.0,2,0.0326,0.0,0,0.0156,64,405,6.3281,0.3506
ENNI:705,ENNI:TD:A,data/curated/english_child_transcripts/ENNI/download_2026-05-31/TD/A/705.cha,ENNI,TD,TD,male,eng,Built from labeled CHAT folder structure.,89.5,88,6.33,6.136,0.3886,537,0,0.0,0,1,0.0,0,0.0,0,73,0.8295,0,0,18,2.072,0,19,6.4579,4.6316,0.4737,0.2,5,0.064,0.0,0,0.0227,88,582,6.6136,0.3196
ENNI:706,ENNI:TD:A,data/curated/english_child_transcripts/ENNI/download_2026-05-31/TD/A/706.cha,ENNI,TD,TD,female,eng,Built from labeled CHAT folder structure.,93.9,81,6.926,6.593,0.3886,533,0,0.0,0,0,0.0,0,0.0,0,51,0.6296,0,0,8,0.351,0,7,6.6136,11.5714,0.5714,0.0,5,0.0757,0.0,0,0.0,81,565,6.9753,0.3469
ENNI:709,ENNI:TD:A,data/curated/english_child_transcripts/ENNI/download_2026-05-31/TD/A/709.cha,ENNI,TD,TD,male,eng,Built from labeled CHAT folder structure.,93.27,55,6.0,5.964,0.3079,327,0,0.0,0,0,0.0,0,0.0,0,57,1.0364,0,0,14,3.792,0,13,6.5441,4.2308,0.5385,0.0,3,0.0717,0.0,0,0.0,55,344,6.2545,0.3169
ENNI:713,ENNI:TD:A,data/curated/english_child_transcripts/ENNI/download_2026-05-31/TD/A/713.cha,ENNI,TD,TD,male,eng,Built from labeled CHAT folder structure.,94.67,77,9.74,9.584,0.3057,736,0,0.0,0,0,0.0,0,0.0,0,63,0.8182,0,0,14,1.862,0,12,10.3483,6.4167,0.5833,0.0,3,0.0825,0.0,0,0.0,77,840,10.9091,0.2417
ENNI:714,ENNI:TD:A,data/curated/english_child_transcripts/ENNI/download_2026-05-31/TD/A/714.cha,ENNI,TD,TD,female,eng,Built from labeled CHAT folder structure.,90.63,110,7.14,6.98,0.4,764,0,0.0,0,4,0.0,2,0.0182,0,58,0.5273,0,0,14,0.534,0,14,7.0242,7.8571,0.5,0.0,5,0.0858,0.0,0,0.0,110,786,7.1455,0.3232
ENNI:718,ENNI:TD:A,data/curated/english_child_transcripts/ENNI/download_2026-05-31/TD/A/718.cha,ENNI,TD,TD,male,eng,Built from labeled CHAT folder structure.,93.17,109,7.57,7.0,0.38,760,0,0.0,0,0,0.0,0,0.0,0,59,0.5413,0,0,14,1.476,0,10,7.8151,10.9,0.7,0.0,5,0.0663,0.0,0,0.0,109,856,7.8532,0.2886
ENNI:722,ENNI:TD:A,data/curated/english_child_transcripts/ENNI/download_2026-05-31/TD/A/722.cha,ENNI,TD,TD,female,eng,Built from labeled CHAT folder structure.,92.7,84,7.893,7.476,0.3657,630,1,0.0119,0,4,0.0,0,0.0,0,53,0.631,0,0,15,1.266,0,18,6.8824,4.6667,0.4444,0.6667,1,0.0223,0.0119,1,0.0,84,657,7.8214,0.2922
ENNI:726,ENNI:TD:A,data/curated/english_child_transcripts/ENNI/download_2026-05-31/TD/A/726.cha,ENNI,TD,TD,female,eng,Built from labeled CHAT folder structure.,89.67,113,8.44,7.97,0.3486,902,0,0.0,0,7,0.0,0,0.0,0,59,0.5221,0,0,16,1.98,2,14,8.2205,8.0714,0.5714,1.0,8,0.033,0.0,0,0.0,113,998,8.8319,0.2655
ENNI:730,ENNI:TD:A,data/curated/english_child_transcripts/ENNI/download_2026-05-31/TD/A/730.cha,ENNI,TD,TD,female,eng,Built from labeled CHAT folder structure.,92.97,61,5.377,5.246,0.3656,321,0,0.0,0,1,0.0,1,0.0164,0,56,0.918,0,0,19,2.767,0,15,4.8421,4.0667,0.6667,0.5,1,0.0203,0.0,0,0.0,61,332,5.4426,0.3614
ENNI:737,ENNI:TD:A,data/curated/english_child_transcripts/ENNI/download_2026-05-31/TD/A/737.cha,ENNI,TD,TD,female,eng,Built from labeled CHAT folder structure.,94.53,65,8.123,7.985,0.3686,518,0,0.0,0,0,0.0,0,0.0,0,60,0.9231,0,0,14,2.38,0,15,7.7625,4.3333,0.4667,0.0,2,0.0714,0.0,0,0.0,65,536,8.2462,0.3228
ENNI:738,ENNI:TD:A,data/curated/english_child_transcripts/ENNI/download_2026-05-31/TD/A/738.cha,ENNI,TD,TD,male,eng,Built from labeled CHAT folder structure.,90.4,106,7.92,7.82,0.3457,839,1,0.0094,0,0,0.0,0,0.0,0,53,0.5,0,0,10,3.341,0,9,8.2174,11.7778,0.5556,0.0,10,0.0045,0.0,1,0.0,106,931,8.783,0.2288
ENNI:746,ENNI:TD:A,data/curated/english_child_transcripts/ENNI/download_2026-05-31/TD/A/746.cha,ENNI,TD,TD,female,eng,Built from labeled CHAT folder structure.,89.3,87,6.483,6.402,0.3886,563,0,0.0,0,0,0.0,1,0.0115,0,47,0.5402,0,0,5,1.752,0,4,6.8571,21.75,0.75,1.0,17,0.0471,0.0,0,0.0,87,606,6.9655,0.3251
ENNI:752,ENNI:TD:A,data/curated/english_child_transcripts/ENNI/download_2026-05-31/TD/A/752.cha,ENNI,TD,TD,male,eng,Built from labeled CHAT folder structure.,94.03,80,7.412,7.275,0.3114,582,0,0.0,0,0,0.0,0,0.0,0,43,0.5375,0,0,11,1.783,0,9,7.9213,8.8889,0.6667,1.0,4,0.0572,0.0,0,0.0,80,644,8.05,0.2562
ENNI:756,ENNI:TD:A,data/curated/english_child_transcripts/ENNI/download_2026-05-31/TD/A/756.cha,ENNI,TD,TD,male,eng,Built from labeled CHAT folder structure.,91.53,75,8.72,8.44,0.4,632,0,0.0,0,0,0.0,1,0.0133,0,49,0.6533,0,0,6,2.999,0,4,9.7722,18.75,0.75,1.0,4,0.0,0.0267,0,0.0,75,767,10.2267,0.3012
ENNI:757,ENNI:TD:A,data/curated/english_child_transcripts/ENNI/download_2026-05-31/TD/A/757.cha,ENNI,TD,TD,female,eng,Built from labeled CHAT folder structure.,89.87,83,6.554,6.181,0.3686,513,0,0.0,0,0,0.0,0,0.0,0,47,0.5663,0,0,12,1.986,0,12,6.3368,6.9167,0.5,0.6667,9,0.012,0.0,0,0.0,83,556,6.6988,0.3183
ENNI:761,ENNI:TD:A,data/curated/english_child_transcripts/ENNI/download_2026-05-31/TD/A/761.cha,ENNI,TD,TD,female,eng,Built from labeled CHAT folder structure.,90.87,76,6.316,6.171,0.3743,470,0,0.0,0,0,0.0,0,0.0,0,61,0.8026,0,0,16,2.482,0,13,6.5169,5.8462,0.6154,0.0,4,0.0569,0.0,0,0.0,76,502,6.6053,0.3386
ENNI:762,ENNI:TD:A,data/curated/english_child_transcripts/ENNI/download_2026-05-31/TD/A/762.cha,ENNI,TD,TD,male,eng,Built from labeled CHAT folder structure.,88.5,107,7.62,7.55,0.3229,825,0,0.0,0,1,0.0,1,0.0093,0,41,0.3832,0,0,12,5.003,0,6,8.0177,17.8333,1.0,0.0,12,0.0148,0.0,0,0.0,107,900,8.4112,0.2422
ENNI:765,ENNI:TD:A,data/curated/english_child_transcripts/ENNI/download_2026-05-31/TD/A/765.cha,ENNI,TD,TD,male,eng,Built from labeled CHAT folder structure.,84.57,72,7.806,7.417,0.3914,536,0,0.0,0,0,0.0,1,0.0139,0,55,0.7639,0,0,12,1.384,0,9,8.358,8.0,0.6667,0.0,11,0.0823,0.0,0,0.0,72,609,8.4583,0.3169
ENNI:766,ENNI:TD:A,data/curated/english_child_transcripts/ENNI/download_2026-05-31/TD/A/766.cha,ENNI,TD,TD,female,eng,Built from labeled CHAT folder structure.,95.5,106,7.09,7.02,0.3114,736,0,0.0,0,0,0.0,0,0.0,0,58,0.5472,0,0,7,0.294,0,5,6.8919,21.2,0.8,0.0,13,0.015,0.0,0,0.0,106,754,7.1132,0.2639
ENNI:767,ENNI:TD:A,data/curated/english_child_transcripts/ENNI/download_2026-05-31/TD/A/767.cha,ENNI,TD,TD,female,eng,Built from labeled CHAT folder structure.,90.2,94,6.628,6.415,0.3829,605,0,0.0,0,0,0.0,0,0.0,0,58,0.617,0,0,5,1.323,0,3,6.9072,31.3333,0.6667,0.0,14,0.0,0.0213,0,0.0,94,667,7.0957,0.3193
ENNI:769,ENNI:TD:A,data/curated/english_child_transcripts/ENNI/download_2026-05-31/TD/A/769.cha,ENNI,TD,TD,female,eng,Built from labeled CHAT folder structure.,93.2,72,7.222,7.181,0.3629,521,0,0.0,0,0,0.0,0,0.0,0,51,0.7083,0,0,6,1.892,0,10,7.0854,7.2,0.3,0.0,3,0.0371,0.0139,0,0.0,72,527,7.3194,0.3036
ENNI:771,ENNI:TD:A,data/curated/english_child_transcripts/ENNI/download_2026-05-31/TD/A/771.cha,ENNI,TD,TD,male,eng,Built from labeled CHAT folder structure.,88.13,63,6.381,6.349,0.3771,401,0,0.0,0,0,0.0,0,0.0,0,55,0.873,0,0,7,1.256,0,6,6.9275,10.5,0.6667,1.0,5,0.0647,0.0,0,0.0,63,447,7.0952,0.3423
ENNI:773,ENNI:TD:A,data/curated/english_child_transcripts/ENNI/download_2026-05-31/TD/A/773.cha,ENNI,TD,TD,female,eng,Built from labeled CHAT folder structure.,89.63,62,8.258,8.21,0.3314,508,0,0.0,0,0,0.0,0,0.0,0,52,0.8387,0,0,10,2.244,0,7,8.1449,8.8571,0.7143,0.0,3,0.0104,0.0,0,0.0,62,534,8.6129,0.2828
ENNI:801,ENNI:TD:A,data/curated/english_child_transcripts/ENNI/download_2026-05-31/TD/A/801.cha,ENNI,TD,TD,male,eng,Built from labeled CHAT folder structure.,106.67,67,7.955,7.881,0.3857,527,1,0.0149,0,11,0.0,0,0.0,0,60,0.8955,0,0,16,3.707,0,18,7.8118,3.7222,0.4444,0.0,4,0.0958,0.0,1,0.0149,67,554,8.2687,0.3195
ENNI:802,ENNI:TD:A,data/curated/english_child_transcripts/ENNI/download_2026-05-31/TD/A/802.cha,ENNI,TD,TD,female,eng,Built from labeled CHAT folder structure.,98.67,103,7.81,7.44,0.3143,767,1,0.0097,0,1,0.0,1,0.0097,0,55,0.534,0,0,28,3.013,0,17,7.2667,6.0588,0.8235,1.0,7,0.0444,0.0,1,0.0291,103,806,7.8252,0.2556
ENNI:805,ENNI:TD:A,data/curated/english_child_transcripts/ENNI/download_2026-05-31/TD/A/805.cha,ENNI,TD,TD,male,eng,Built from labeled CHAT folder structure.,107.33,158,9.11,8.93,0.4057,1312,0,0.0,0,2,0.0,0,0.0,0,59,0.3734,0,0,16,1.437,0,14,8.3488,11.2857,0.5714,1.0,14,0.1012,0.0063,0,0.0,158,1355,8.5759,0.2406
ENNI:806,ENNI:TD:A,data/curated/english_child_transcripts/ENNI/download_2026-05-31/TD/A/806.cha,ENNI,TD,TD,male,eng,Built from labeled CHAT folder structure.,104.1,86,7.047,6.895,0.3571,587,1,0.0116,0,0,0.0,0,0.0,0,55,0.6395,0,0,6,2.58,0,5,7.5495,17.2,0.6,0.0,5,0.0296,0.0,3,0.0,86,673,7.8256,0.2912
ENNI:809,ENNI:TD:A,data/curated/english_child_transcripts/ENNI/download_2026-05-31/TD/A/809.cha,ENNI,TD,TD,female,eng,Built from labeled CHAT folder structure.,107.03,87,8.057,8.011,0.3857,696,0,0.0,0,0,0.0,0,0.0,0,74,0.8506,0,0,22,7.7,0,23,7.8091,3.7826,0.4783,0.75,5,0.0677,0.0,0,0.0,87,719,8.2644,0.2907
ENNI:810,ENNI:TD:A,data/curated/english_child_transcripts/ENNI/download_2026-05-31/TD/A/810.cha,ENNI,TD,TD,female,eng,Built from labeled CHAT folder structure.,100.47,64,8.984,8.656,0.3629,551,0,0.0,0,0,0.0,0,0.0,0,54,0.8438,0,0,8,3.901,0,6,8.6286,10.6667,0.6667,0.0,9,0.001,0.0,0,0.0,64,582,9.0938,0.2887
ENNI:813,ENNI:TD:A,data/curated/english_child_transcripts/ENNI/download_2026-05-31/TD/A/813.cha,ENNI,TD,TD,female,eng,Built from labeled CHAT folder structure.,100.03,81,5.914,5.765,0.3771,474,0,0.0,0,1,0.0,0,0.0,0,61,0.7531,0,0,14,2.393,0,12,6.0215,6.75,0.5833,0.5,1,0.0471,0.0,0,0.0,81,485,5.9877,0.3485
ENNI:818,ENNI:TD:A,data/curated/english_child_transcripts/ENNI/download_2026-05-31/TD/A/818.cha,ENNI,TD,TD,female,eng,Built from labeled CHAT folder structure.,105.23,126,8.4,8.22,0.3943,1023,0,0.0,0,0,0.0,0,0.0,0,63,0.5,0,0,14,1.494,1,14,7.9643,9.0,0.5,1.0,4,0.0416,0.0159,0,0.0,126,1086,8.619,0.3168
ENNI:830,ENNI:TD:A,data/curated/english_child_transcripts/ENNI/download_2026-05-31/TD/A/830.cha,ENNI,TD,TD,male,eng,Built from labeled CHAT folder structure.,100.2,77,6.909,6.831,0.3943,528,0,0.0,0,1,0.0,0,0.0,0,59,0.7662,0,0,16,3.463,0,14,6.8022,5.5,0.5714,0.5,11,0.019,0.0,0,0.0,77,566,7.3506,0.3269
ENNI:836,ENNI:TD:A,data/curated/english_child_transcripts/ENNI/download_2026-05-31/TD/A/836.cha,ENNI,TD,TD,male,eng,Built from labeled CHAT folder structure.,105.6,126,6.79,6.62,0.3657,814,1,0.0079,0,0,0.0,0,0.0,0,63,0.5,0,0,10,1.914,1,8,6.4925,15.75,0.625,0.0,18,0.0085,0.0,1,0.0159,126,862,6.8413,0.2784
ENNI:837,ENNI:TD:A,data/curated/english_child_transcripts/ENNI/download_2026-05-31/TD/A/837.cha,ENNI,TD,TD,male,eng,Built from labeled CHAT folder structure.,101.47,78,7.397,7.192,0.4,561,0,0.0,0,0,0.0,0,0.0,0,57,0.7308,0,0,17,2.278,0,16,7.3723,4.875,0.5625,0.0,8,0.11,0.0,0,0.0,78,596,7.641,0.3372
ENNI:840,ENNI:TD:A,data/curated/english_child_transcripts/ENNI/download_2026-05-31/TD/A/840.cha,ENNI,TD,TD,male,eng,Built from labeled CHAT folder structure.,98.47,88,6.25,6.216,0.34,551,1,0.0114,0,0,0.0,1,0.0114,0,47,0.5341,0,0,13,1.206,0,9,6.7526,9.7778,0.7778,1.0,13,0.0073,0.0,2,0.0,88,634,7.2045,0.2729
ENNI:844,ENNI:TD:A,data/curated/english_child_transcripts/ENNI/download_2026-05-31/TD/A/844.cha,ENNI,TD,TD,female,eng,Built from labeled CHAT folder structure.,107.2,179,7.01,6.64,0.4029,1201,0,0.0,0,5,0.0,0,0.0,0,34,0.1899,0,0,8,0.394,0,6,6.9189,29.8333,0.6667,0.0,26,0.0162,0.0,0,0.0056,179,1266,7.0726,0.2567
ENNI:845,ENNI:TD:A,data/curated/english_child_transcripts/ENNI/download_2026-05-31/TD/A/845.cha,ENNI,TD,TD,female,eng,Built from labeled CHAT folder structure.,97.07,73,7.233,7.041,0.3857,515,1,0.0137,0,0,0.0,0,0.0,0,51,0.6986,0,0,10,1.282,0,7,7.35,10.4286,0.7143,0.5,2,0.0611,0.0,1,0.0,73,553,7.5753,0.3273
ENNI:848,ENNI:TD:A,data/curated/english_child_transcripts/ENNI/download_2026-05-31/TD/A/848.cha,ENNI,TD,TD,female,eng,Built from labeled CHAT folder structure.,103.97,173,7.59,7.41,0.3914,1308,0,0.0,0,1,0.0,3,0.0173,0,29,0.1676,0,0,5,1.643,1,5,8.3315,34.6,0.4,0.0,23,0.0,0.0,0,0.0,173,1478,8.5434,0.2368
ENNI:849,ENNI:TD:A,data/curated/english_child_transcripts/ENNI/download_2026-05-31/TD/A/849.cha,ENNI,TD,TD,male,eng,Built from labeled CHAT folder structure.,102.03,72,8.514,8.472,0.3286,612,0,0.0,0,2,0.0,0,0.0,0,48,0.6667,0,0,8,2.62,0,6,8.7179,12.0,0.6667,0.0,6,0.0,0.0,0,0.0,72,674,9.3611,0.27
ENNI:852,ENNI:TD:A,data/curated/english_child_transcripts/ENNI/download_2026-05-31/TD/A/852.cha,ENNI,TD,TD,female,eng,Built from labeled CHAT folder structure.,103.7,94,10.426,10.053,0.3457,940,0,0.0,0,12,0.0,0,0.0,0,49,0.5213,0,0,12,3.564,0,7,10.0792,13.4286,0.8571,0.0,8,0.0015,0.0,0,0.0,94,1011,10.7553,0.2206
ENNI:853,ENNI:TD:A,data/curated/english_child_transcripts/ENNI/download_2026-05-31/TD/A/853.cha,ENNI,TD,TD,male,eng,Built from labeled CHAT folder structure.,103.13,82,7.756,7.134,0.3114,583,0,0.0,0,0,0.0,0,0.0,0,50,0.6098,0,0,1,0.0,0,2,7.5595,41.0,0.0,0.0,7,0.0,0.0,0,0.0,82,630,7.6829,0.2683
ENNI:856,ENNI:TD:A,data/curated/english_child_transcripts/ENNI/download_2026-05-31/TD/A/856.cha,ENNI,TD,TD,male,eng,Built from labeled CHAT folder structure.,106.1,54,6.37,6.167,0.4024,333,0,0.0,0,0,0.0,0,0.0,0,48,0.8889,0,0,6,1.301,0,6,5.9167,9.0,0.5,0.0,0,0.0,0.0,0,0.0,54,349,6.463,0.4011
ENNI:865,ENNI:TD:A,data/curated/english_child_transcripts/ENNI/download_2026-05-31/TD/A/865.cha,ENNI,TD,TD,male,eng,Built from labeled CHAT folder structure.,106.03,56,7.446,7.268,0.3629,407,0,0.0,0,1,0.0,0,0.0,0,33,0.5893,0,0,6,1.816,0,9,7.2769,6.2222,0.3333,1.0,4,0.0529,0.0,0,0.0,56,435,7.7679,0.3448
ENNI:869,ENNI:TD:A,data/curated/english_child_transcripts/ENNI/download_2026-05-31/TD/A/869.cha,ENNI,TD,TD,female,eng,Built from labeled CHAT folder structure.,104.07,102,7.95,7.78,0.38,790,0,0.0,0,5,0.0,0,0.0,0,55,0.5392,0,0,7,1.063,0,8,7.9364,12.75,0.5,1.0,16,0.0486,0.0,0,0.0,102,842,8.2549,0.2993
ENNI:902,ENNI:TD:A,data/curated/english_child_transcripts/ENNI/download_2026-05-31/TD/A/902.cha,ENNI,TD,TD,female,eng,Built from labeled CHAT folder structure.,118.4,117,7.56,7.17,0.3314,861,0,0.0,0,2,0.0,1,0.0085,0,52,0.4444,0,0,15,1.002,0,11,7.5078,10.6364,0.7273,0.5,6,0.0271,0.0171,0,0.0,117,938,8.0171,0.2463
ENNI:905,ENNI:TD:A,data/curated/english_child_transcripts/ENNI/download_2026-05-31/TD/A/905.cha,ENNI,TD,TD,female,eng,Built from labeled CHAT folder structure.,113.17,182,9.48,9.31,0.38,1699,0,0.0,0,0,0.0,0,0.0,0,56,0.3077,0,0,14,2.776,0,13,10.1897,14.0,0.5385,0.0,37,0.0316,0.011,0,0.0055,182,1912,10.5055,0.2087
ENNI:906,ENNI:TD:A,data/curated/english_child_transcripts/ENNI/download_2026-05-31/TD/A/906.cha,ENNI,TD,TD,female,eng,Built from labeled CHAT folder structure.,114.03,74,8.905,8.865,0.32,656,0,0.0,0,0,0.0,0,0.0,0,54,0.7297,0,0,13,2.431,0,11,8.6941,6.7273,0.6364,1.0,1,0.019,0.0,0,0.0,74,683,9.2297,0.2723
ENNI:909,ENNI:TD:A,data/curated/english_child_transcripts/ENNI/download_2026-05-31/TD/A/909.cha,ENNI,TD,TD,female,eng,Built from labeled CHAT folder structure.,110.73,79,8.468,8.316,0.3429,657,0,0.0,0,0,0.0,0,0.0,0,58,0.7342,0,0,14,1.125,0,11,8.3444,7.1818,0.6364,0.0,1,0.0571,0.0,0,0.0,79,694,8.7848,0.2867
ENNI:910,ENNI:TD:A,data/curated/english_child_transcripts/ENNI/download_2026-05-31/TD/A/910.cha,ENNI,TD,TD,male,eng,Built from labeled CHAT folder structure.,112.57,111,8.95,8.24,0.4371,928,0,0.0,0,0,0.009,1,0.009,0,52,0.4685,0,0,15,1.834,0,10,8.562,11.1,0.8,0.0,10,0.0261,0.009,0,0.0,111,974,8.7748,0.3101
ENNI:913,ENNI:TD:A,data/curated/english_child_transcripts/ENNI/download_2026-05-31/TD/A/913.cha,ENNI,TD,TD,male,eng,Built from labeled CHAT folder structure.,112.23,94,8.16,7.947,0.4371,747,0,0.0,0,0,0.0,0,0.0,0,60,0.6383,0,0,14,5.151,0,9,7.8738,10.4444,0.7778,0.0,0,0.0328,0.0,0,0.0,94,755,8.0319,0.3377
ENNI:914,ENNI:TD:A,data/curated/english_child_transcripts/ENNI/download_2026-05-31/TD/A/914.cha,ENNI,TD,TD,female,eng,Built from labeled CHAT folder structure.,116.47,74,7.851,7.811,0.3086,579,0,0.0,0,1,0.0,1,0.0135,0,57,0.7703,0,0,15,3.586,0,12,7.7791,6.1667,0.6667,0.5,5,0.0137,0.0,0,0.0,74,603,8.1486,0.2786
ENNI:917,ENNI:TD:A,data/curated/english_child_transcripts/ENNI/download_2026-05-31/TD/A/917.cha,ENNI,TD,TD,male,eng,Built from labeled CHAT folder structure.,108.17,76,7.408,7.276,0.3457,551,0,0.0,0,0,0.0,0,0.0,0,49,0.6447,0,0,14,0.93,0,9,7.6706,8.4444,0.7778,0.0,4,0.0803,0.0,0,0.0132,76,590,7.7632,0.2797
ENNI:918,ENNI:TD:A,data/curated/english_child_transcripts/ENNI/download_2026-05-31/TD/A/918.cha,ENNI,TD,TD,male,eng,Built from labeled CHAT folder structure.,119.37,102,7.68,7.23,0.3943,738,0,0.0,0,0,0.0,0,0.0,0,51,0.5,0,0,12,0.451,0,6,7.8241,17.0,1.0,0.0,14,0.0311,0.0,0,0.0,102,810,7.9412,0.3099
ENNI:921,ENNI:TD:A,data/curated/english_child_transcripts/ENNI/download_2026-05-31/TD/A/921.cha,ENNI,TD,TD,female,eng,Built from labeled CHAT folder structure.,112.27,86,9.628,9.174,0.3886,788,0,0.0,0,0,0.0,0,0.0,0,55,0.6395,0,0,12,1.345,0,14,9.46,6.1429,0.4286,0.0,2,0.1024,0.0,0,0.0,86,842,9.7907,0.285
ENNI:925,ENNI:TD:A,data/curated/english_child_transcripts/ENNI/download_2026-05-31/TD/A/925.cha,ENNI,TD,TD,female,eng,Built from labeled CHAT folder structure.,117.3,64,7.328,7.094,0.38,454,0,0.0,0,0,0.0,0,0.0,0,58,0.9062,0,0,14,1.448,0,14,7.141,4.5714,0.5,0.0,2,0.0499,0.0,0,0.0,64,482,7.5312,0.3382
ENNI:929,ENNI:TD:A,data/curated/english_child_transcripts/ENNI/download_2026-05-31/TD/A/929.cha,ENNI,TD,TD,female,eng,Built from labeled CHAT folder structure.,113.77,100,8.78,8.33,0.36,830,0,0.0,0,0,0.0,0,0.0,0,56,0.56,0,0,12,4.026,0,7,8.6168,14.2857,0.8571,0.0,3,0.0544,0.0,0,0.0,100,858,8.58,0.2576
ENNI:933,ENNI:TD:A,data/curated/english_child_transcripts/ENNI/download_2026-05-31/TD/A/933.cha,ENNI,TD,TD,female,eng,Built from labeled CHAT folder structure.,119.2,73,6.712,6.671,0.42,487,0,0.0,0,3,0.0,0,0.0,0,61,0.8356,0,0,13,1.452,0,9,6.939,8.1111,0.7778,0.0,2,0.0374,0.0,0,0.0,73,504,6.9041,0.373
ENNI:937,ENNI:TD:A,data/curated/english_child_transcripts/ENNI/download_2026-05-31/TD/A/937.cha,ENNI,TD,TD,male,eng,Built from labeled CHAT folder structure.,114.8,82,8.049,7.854,0.3971,644,0,0.0,0,0,0.0,0,0.0,0,50,0.6098,0,0,12,1.102,0,11,8.1828,7.4545,0.5455,0.0,7,0.1032,0.0,0,0.0122,82,697,8.5,0.3329
ENNI:941,ENNI:TD:A,data/curated/english_child_transcripts/ENNI/download_2026-05-31/TD/A/941.cha,ENNI,TD,TD,female,eng,Built from labeled CHAT folder structure.,114.9,94,8.521,8.191,0.3571,769,0,0.0,0,0,0.0,0,0.0,0,59,0.6277,0,0,16,1.026,0,14,8.1481,6.7143,0.5714,0.0,2,0.0862,0.0,0,0.0106,94,786,8.3617,0.2939
ENNI:945,ENNI:TD:A,data/curated/english_child_transcripts/ENNI/download_2026-05-31/TD/A/945.cha,ENNI,TD,TD,female,eng,Built from labeled CHAT folder structure.,109.97,103,8.59,8.45,0.36,871,0,0.0,0,2,0.0,0,0.0,0,49,0.4757,0,0,8,5.33,0,7,8.6273,14.7143,0.5714,0.0,12,0.0019,0.0,0,0.0291,103,940,9.1262,0.2383
ENNI:953,ENNI:TD:A,data/curated/english_child_transcripts/ENNI/download_2026-05-31/TD/A/953.cha,ENNI,TD,TD,male,eng,Built from labeled CHAT folder structure.,113.1,92,8.924,8.478,0.3714,778,0,0.0,0,1,0.0,0,0.0,0,37,0.4022,0,0,10,1.245,0,6,8.4286,15.3333,0.8333,0.0,3,0.0,0.0,0,0.0,92,820,8.913,0.3
ENNI:957,ENNI:TD:A,data/curated/english_child_transcripts/ENNI/download_2026-05-31/TD/A/957.cha,ENNI,TD,TD,male,eng,Built from labeled CHAT folder structure.,112.6,110,7.43,7.16,0.4,802,0,0.0,0,1,0.0,0,0.0,1,20,0.1818,0,0,3,4.003,0,4,7.3421,27.5,0.25,0.0,19,0.0126,0.0273,0,0.0091,110,833,7.5727,0.2929
ENNI:958,ENNI:TD:A,data/curated/english_child_transcripts/ENNI/download_2026-05-31/TD/A/958.cha,ENNI,TD,TD,male,eng,Built from labeled CHAT folder structure.,117.57,67,8.0,7.776,0.4229,517,0,0.0,0,0,0.0,0,0.0,0,36,0.5373,0,0,10,3.557,0,5,7.9722,13.4,1.0,0.0,13,0.0012,0.0,0,0.0,67,569,8.4925,0.3533
ENNI:961,ENNI:TD:A,data/curated/english_child_transcripts/ENNI/download_2026-05-31/TD/A/961.cha,ENNI,TD,TD,male,eng,Built from labeled CHAT folder structure.,110.0,69,7.696,7.536,0.3514,523,0,0.0,0,1,0.0,0,0.0,0,46,0.6667,0,0,11,3.784,0,6,7.6133,11.5,1.0,0.0,1,0.0413,0.0,0,0.0,69,556,8.058,0.3112
ENNI:962,ENNI:TD:A,data/curated/english_child_transcripts/ENNI/download_2026-05-31/TD/A/962.cha,ENNI,TD,TD,female,eng,Built from labeled CHAT folder structure.,118.57,70,6.971,6.943,0.3829,485,0,0.0,0,4,0.0,0,0.0,0,54,0.7714,0,0,4,3.075,0,3,7.0822,23.3333,0.6667,0.0,3,0.0,0.0,0,0.0,70,514,7.3429,0.3463
ENNI:966,ENNI:TD:A,data/curated/english_child_transcripts/ENNI/download_2026-05-31/TD/A/966.cha,ENNI,TD,TD,male,eng,Built from labeled CHAT folder structure.,113.8,78,7.077,6.615,0.4286,516,0,0.0,0,0,0.0,0,0.0,0,50,0.641,0,0,7,0.861,0,6,6.5238,13.0,0.5,0.0,2,0.0064,0.0,0,0.0,78,542,6.9487,0.3598
ENNI:968,ENNI:TD:A,data/curated/english_child_transcripts/ENNI/download_2026-05-31/TD/A/968.cha,ENNI,TD,TD,male,eng,Built from labeled CHAT folder structure.,116.43,62,6.742,6.661,0.3771,413,0,0.0,0,3,0.0,0,0.0,0,40,0.6452,0,0,10,4.229,0,6,6.5882,10.3333,0.8333,0.0,2,0.0,0.0,0,0.0,62,442,7.129,0.3394
ENNI:970,ENNI:TD:A,data/curated/english_child_transcripts/ENNI/download_2026-05-31/TD/A/970.cha,ENNI,TD,TD,male,eng,Built from labeled CHAT folder structure.,114.93,78,9.462,9.282,0.36,725,0,0.0,0,0,0.0,0,0.0,0,54,0.6923,0,0,10,3.841,0,7,10.2588,11.1429,0.7143,1.0,15,0.0026,0.0,0,0.0,78,863,11.0641,0.2723
ENNI:972,ENNI:TD:A,data/curated/english_child_transcripts/ENNI/download_2026-05-31/TD/A/972.cha,ENNI,TD,TD,male,eng,Built from labeled CHAT folder structure.,114.3,72,8.639,8.347,0.4,597,0,0.0,0,0,0.0,0,0.0,0,28,0.3889,0,0,7,2.52,0,7,8.3165,10.2857,0.4286,0.0,5,0.0015,0.0139,0,0.0,72,650,9.0278,0.3185
ENNI:403,ENNI:TD:B,data/curated/english_child_transcripts/ENNI/download_2026-05-31/TD/B/403.cha,ENNI,TD,TD,female,eng,Built from labeled CHAT folder structure.,51.0,73,5.644,5.425,0.4,396,1,0.0137,0,0,0.0,0,0.0,0,53,0.726,0,0,25,2.119,0,39,6.3214,1.8718,0.3333,0.3333,22,0.0933,0.0,1,0.0,73,478,6.5479,0.3264
ENNI:404,ENNI:TD:B,data/curated/english_child_transcripts/ENNI/download_2026-05-31/TD/B/404.cha,ENNI,TD,TD,male,eng,Built from labeled CHAT folder structure.,55.4,84,4.262,3.917,0.3891,329,0,0.0,0,4,0.0,6,0.0714,0,64,0.7619,0,0,74,3.127,0,55,4.0719,1.5273,0.6727,0.7647,6,0.069,0.0,0,0.0119,84,366,4.3571,0.4016
ENNI:407,ENNI:TD:B,data/curated/english_child_transcripts/ENNI/download_2026-05-31/TD/B/407.cha,ENNI,TD,TD,male,eng,Built from labeled CHAT folder structure.,50.6,63,6.159,5.619,0.3686,353,2,0.0317,0,2,0.0,0,0.0,0,58,0.9206,0,0,26,1.635,0,38,5.703,1.6579,0.3421,0.25,4,0.0284,0.0,2,0.0,63,378,6.0,0.3519
ENNI:408,ENNI:TD:B,data/curated/english_child_transcripts/ENNI/download_2026-05-31/TD/B/408.cha,ENNI,TD,TD,female,eng,Built from labeled CHAT folder structure.,53.03,78,6.551,6.244,0.3771,487,4,0.0513,0,0,0.0,0,0.0,0,55,0.7051,0,0,15,3.808,0,10,6.1818,7.8,0.7,1.0,1,0.0796,0.0128,4,0.0256,78,519,6.6538,0.3449
ENNI:411,ENNI:TD:B,data/curated/english_child_transcripts/ENNI/download_2026-05-31/TD/B/411.cha,ENNI,TD,TD,female,eng,Built from labeled CHAT folder structure.,54.67,107,6.82,6.6,0.3914,719,4,0.0374,0,1,0.0,0,0.0,0,64,0.5981,0,0,25,1.633,0,31,7.4058,3.4516,0.4194,0.3,21,0.0763,0.0187,4,0.0,107,851,7.9533,0.2585
ENNI:412,ENNI:TD:B,data/curated/english_child_transcripts/ENNI/download_2026-05-31/TD/B/412.cha,ENNI,TD,TD,female,eng,Built from labeled CHAT folder structure.,58.27,122,6.59,6.44,0.4314,803,5,0.041,0,2,0.0,0,0.0,0,66,0.541,0,0,32,2.989,1,20,7.2183,6.1,0.8,1.0,20,0.0838,0.0164,5,0.0492,122,952,7.8033,0.2784
ENNI:415,ENNI:TD:B,data/curated/english_child_transcripts/ENNI/download_2026-05-31/TD/B/415.cha,ENNI,TD,TD,female,eng,Built from labeled CHAT folder structure.,56.23,83,5.53,5.301,0.3457,443,1,0.012,0,2,0.0,1,0.012,0,58,0.6988,0,0,21,1.702,0,23,5.8302,3.6087,0.4783,0.6667,11,0.0426,0.0,1,0.012,83,510,6.1446,0.2941
ENNI:416,ENNI:TD:B,data/curated/english_child_transcripts/ENNI/download_2026-05-31/TD/B/416.cha,ENNI,TD,TD,female,eng,Built from labeled CHAT folder structure.,57.9,96,7.01,6.812,0.3543,660,0,0.0,0,0,0.0,0,0.0,0,56,0.5833,0,0,18,3.075,0,14,6.4545,6.8571,0.6429,1.0,2,0.0023,0.0312,0,0.0104,96,676,7.0417,0.2855
ENNI:419,ENNI:TD:B,data/curated/english_child_transcripts/ENNI/download_2026-05-31/TD/B/419.cha,ENNI,TD,TD,female,eng,Built from labeled CHAT folder structure.,53.97,95,6.316,6.095,0.3686,583,3,0.0316,0,0,0.0,0,0.0,0,69,0.7263,0,0,32,2.632,0,29,6.2097,3.2759,0.5517,0.5,28,0.0484,0.0,3,0.0,95,650,6.8421,0.2815
ENNI:423,ENNI:TD:B,data/curated/english_child_transcripts/ENNI/download_2026-05-31/TD/B/423.cha,ENNI,TD,TD,male,eng,Built from labeled CHAT folder structure.,54.83,106,6.16,5.99,0.3543,640,6,0.0566,0,1,0.0094,0,0.0,0,64,0.6038,0,0,50,1.379,1,42,5.473,2.5238,0.5952,0.6667,15,0.0784,0.0094,6,0.0094,106,679,6.4057,0.2739
ENNI:439,ENNI:TD:B,data/curated/english_child_transcripts/ENNI/download_2026-05-31/TD/B/439.cha,ENNI,TD,TD,female,eng,Built from labeled CHAT folder structure.,59.2,93,5.527,5.29,0.4314,491,2,0.0215,0,20,0.0108,1,0.0108,1,51,0.5484,0,0,21,1.275,0,19,5.6875,4.8947,0.5789,1.0,7,0.0397,0.0323,2,0.0,93,539,5.7957,0.3989
ENNI:443,ENNI:TD:B,data/curated/english_child_transcripts/ENNI/download_2026-05-31/TD/B/443.cha,ENNI,TD,TD,male,eng,Built from labeled CHAT folder structure.,59.5,69,6.275,6.13,0.3371,425,0,0.0,0,0,0.0,0,0.0,0,61,0.8841,0,0,14,1.943,0,13,6.6951,5.3077,0.5385,0.5,6,0.0842,0.029,0,0.0,69,428,6.2029,0.3107
ENNI:446,ENNI:TD:B,data/curated/english_child_transcripts/ENNI/download_2026-05-31/TD/B/446.cha,ENNI,TD,TD,male,eng,Built from labeled CHAT folder structure.,53.13,69,5.768,5.725,0.38,395,0,0.0,0,0,0.0,0,0.0,0,52,0.7536,0,0,14,4.231,0,8,5.8831,8.625,0.875,0.0,2,0.0215,0.0,0,0.0,69,438,6.3478,0.3402
ENNI:450,ENNI:TD:B,data/curated/english_child_transcripts/ENNI/download_2026-05-31/TD/B/450.cha,ENNI,TD,TD,male,eng,Built from labeled CHAT folder structure.,51.87,65,4.6,4.462,0.3621,290,1,0.0154,0,0,0.0,0,0.0,0,52,0.8,0,0,13,3.204,0,7,4.4722,9.2857,1.0,1.0,11,0.025,0.0,1,0.0,65,310,4.7692,0.3452
ENNI:454,ENNI:TD:B,data/curated/english_child_transcripts/ENNI/download_2026-05-31/TD/B/454.cha,ENNI,TD,TD,female,eng,Built from labeled CHAT folder structure.,52.67,63,5.603,5.381,0.3658,339,0,0.0,0,1,0.0,0,0.0,0,49,0.7778,0,0,10,3.068,0,9,5.7222,7.0,0.5556,0.0,17,0.0,0.0,0,0.0,63,374,5.9365,0.3396
ENNI:455,ENNI:TD:B,data/curated/english_child_transcripts/ENNI/download_2026-05-31/TD/B/455.cha,ENNI,TD,TD,female,eng,Built from labeled CHAT folder structure.,56.33,82,7.451,7.098,0.3971,583,0,0.0,0,2,0.0,0,0.0,0,44,0.5366,0,0,5,1.311,0,3,7.5882,27.3333,1.0,0.0,6,0.0,0.0,0,0.0122,82,642,7.8293,0.3069
ENNI:458,ENNI:TD:B,data/curated/english_child_transcripts/ENNI/download_2026-05-31/TD/B/458.cha,ENNI,TD,TD,female,eng,Built from labeled CHAT folder structure.,51.67,92,4.304,3.946,0.4057,362,3,0.0326,0,9,0.0,1,0.0109,0,60,0.6522,0,0,25,1.875,0,17,4.5229,5.4118,0.7647,0.9,8,0.063,0.0217,3,0.0,92,389,4.2283,0.3959
ENNI:459,ENNI:TD:B,data/curated/english_child_transcripts/ENNI/download_2026-05-31/TD/B/459.cha,ENNI,TD,TD,female,eng,Built from labeled CHAT folder structure.,56.13,83,6.831,6.759,0.3771,564,0,0.0,0,0,0.0,0,0.0,0,43,0.5181,0,0,10,1.774,0,6,6.9663,13.8333,0.8333,0.0,15,0.0472,0.0,0,0.0,83,610,7.3494,0.2984
ENNI:461,ENNI:TD:B,data/curated/english_child_transcripts/ENNI/download_2026-05-31/TD/B/461.cha,ENNI,TD,TD,male,eng,Built from labeled CHAT folder structure.,56.73,80,7.237,7.05,0.3743,566,0,0.0,0,0,0.0,0,0.0,0,31,0.3875,0,0,9,1.432,2,5,7.7647,16.0,1.0,0.0,24,0.0,0.0,0,0.0375,80,655,8.1875,0.2809
ENNI:463,ENNI:TD:B,data/curated/english_child_transcripts/ENNI/download_2026-05-31/TD/B/463.cha,ENNI,TD,TD,male,eng,Built from labeled CHAT folder structure.,58.5,82,6.78,6.512,0.38,539,0,0.0,0,0,0.0,0,0.0,0,36,0.439,0,0,9,3.383,0,7,7.191,11.7143,0.5714,0.0,35,0.0,0.0,0,0.0,82,633,7.7195,0.2907
ENNI:465,ENNI:TD:B,data/curated/english_child_transcripts/ENNI/download_2026-05-31/TD/B/465.cha,ENNI,TD,TD,male,eng,Built from labeled CHAT folder structure.,59.33,130,5.26,5.15,0.42,648,1,0.0077,0,2,0.0,0,0.0,0,63,0.4846,0,0,18,2.65,0,11,5.1277,11.8182,0.8182,1.0,14,0.0078,0.0077,1,0.0,130,697,5.3615,0.3056
ENNI:466,ENNI:TD:B,data/curated/english_child_transcripts/ENNI/download_2026-05-31/TD/B/466.cha,ENNI,TD,TD,female,eng,Built from labeled CHAT folder structure.,53.87,80,5.475,5.263,0.3971,414,2,0.025,0,5,0.0,2,0.025,0,39,0.4875,0,0,11,1.47,0,6,5.4186,13.3333,1.0,0.0,37,0.0,0.0,2,0.0125,80,460,5.75,0.35
ENNI:469,ENNI:TD:B,data/curated/english_child_transcripts/ENNI/download_2026-05-31/TD/B/469.cha,ENNI,TD,TD,female,eng,Built from labeled CHAT folder structure.,55.5,70,6.257,5.9,0.4143,413,0,0.0,0,4,0.0,0,0.0,0,38,0.5429,0,0,7,5.535,0,4,6.0541,17.5,1.0,0.0,4,0.0042,0.0,0,0.0143,70,442,6.3143,0.3597
ENNI:472,ENNI:TD:B,data/curated/english_child_transcripts/ENNI/download_2026-05-31/TD/B/472.cha,ENNI,TD,TD,female,eng,Built from labeled CHAT folder structure.,57.23,57,6.368,6.298,0.3286,360,0,0.0,0,0,0.0,0,0.0,0,51,0.8947,0,0,6,2.971,0,5,6.1452,11.4,0.6,0.0,2,0.0,0.0,0,0.0,57,376,6.5965,0.3191
ENNI:503,ENNI:TD:B,data/curated/english_child_transcripts/ENNI/download_2026-05-31/TD/B/503.cha,ENNI,TD,TD,male,eng,Built from labeled CHAT folder structure.,66.57,109,6.85,6.7,0.3857,719,0,0.0,0,0,0.0,0,0.0,1,62,0.5688,0,0,25,1.44,0,34,6.7902,3.2059,0.3529,0.75,38,0.0446,0.0183,0,0.0183,109,807,7.4037,0.2528
ENNI:504,ENNI:TD:B,data/curated/english_child_transcripts/ENNI/download_2026-05-31/TD/B/504.cha,ENNI,TD,TD,male,eng,Built from labeled CHAT folder structure.,69.1,133,7.52,7.3,0.3886,955,1,0.0075,0,5,0.0,2,0.015,0,55,0.4135,0,0,39,2.097,0,26,7.0629,5.1154,0.7692,0.75,19,0.0721,0.0,1,0.015,133,1013,7.6165,0.2438
ENNI:507,ENNI:TD:B,data/curated/english_child_transcripts/ENNI/download_2026-05-31/TD/B/507.cha,ENNI,TD,TD,female,eng,Built from labeled CHAT folder structure.,65.4,124,6.26,5.91,0.4086,746,2,0.0161,0,2,0.0,0,0.0,0,74,0.5968,0,0,29,1.628,0,34,6.1582,3.6471,0.4412,0.625,11,0.0745,0.0,3,0.0081,124,804,6.4839,0.2836
ENNI:508,ENNI:TD:B,data/curated/english_child_transcripts/ENNI/download_2026-05-31/TD/B/508.cha,ENNI,TD,TD,male,eng,Built from labeled CHAT folder structure.,68.43,74,5.662,5.554,0.3943,410,0,0.0,0,0,0.0,0,0.0,0,45,0.6081,0,0,17,2.097,1,10,5.6548,7.4,0.9,1.0,4,0.0226,0.0,0,0.0135,74,453,6.1216,0.351
ENNI:511,ENNI:TD:B,data/curated/english_child_transcripts/ENNI/download_2026-05-31/TD/B/511.cha,ENNI,TD,TD,female,eng,Built from labeled CHAT folder structure.,65.33,70,6.414,6.329,0.4314,449,0,0.0,0,1,0.0,0,0.0,0,51,0.7286,0,0,7,1.542,0,6,6.1579,11.6667,0.5,1.0,6,0.0507,0.0,0,0.0,70,452,6.4571,0.4071
ENNI:512,ENNI:TD:B,data/curated/english_child_transcripts/ENNI/download_2026-05-31/TD/B/512.cha,ENNI,TD,TD,male,eng,Built from labeled CHAT folder structure.,65.17,117,7.13,7.03,0.3143,827,0,0.0,0,0,0.0,1,0.0085,0,52,0.4444,0,0,13,3.295,0,14,7.3664,8.3571,0.4286,0.0,13,0.0258,0.0,0,0.0085,117,906,7.7436,0.2263
ENNI:515,ENNI:TD:B,data/curated/english_child_transcripts/ENNI/download_2026-05-31/TD/B/515.cha,ENNI,TD,TD,female,eng,Built from labeled CHAT folder structure.,70.53,61,5.23,5.148,0.3917,316,0,0.0,0,0,0.0,0,0.0,0,58,0.9508,0,0,19,2.079,0,19,5.3125,3.2105,0.5263,0.5,1,0.0221,0.0,0,0.0,61,333,5.459,0.3874
ENNI:516,ENNI:TD:B,data/curated/english_child_transcripts/ENNI/download_2026-05-31/TD/B/516.cha,ENNI,TD,TD,female,eng,Built from labeled CHAT folder structure.,67.47,67,6.761,6.612,0.3771,440,0,0.0,0,1,0.0,0,0.0,0,60,0.8955,0,0,22,2.982,0,20,6.3103,3.35,0.55,0.4,0,0.0361,0.0,0,0.0,67,486,7.2537,0.3333
ENNI:520,ENNI:TD:B,data/curated/english_child_transcripts/ENNI/download_2026-05-31/TD/B/520.cha,ENNI,TD,TD,male,eng,Built from labeled CHAT folder structure.,69.4,77,7.182,7.169,0.3114,553,2,0.026,0,2,0.0,1,0.013,0,57,0.7403,0,0,22,1.856,0,21,8.0918,3.6667,0.5238,0.625,30,0.0886,0.0,3,0.0,77,719,9.3377,0.2267
ENNI:523,ENNI:TD:B,data/curated/english_child_transcripts/ENNI/download_2026-05-31/TD/B/523.cha,ENNI,TD,TD,,eng,Built from labeled CHAT folder structure.,,123,3.7,3.46,0.3943,427,16,0.1301,0,11,0.0,0,0.0,0,66,0.5366,0,0,31,1.301,0,25,4.0,4.92,0.64,0.75,25,0.0358,0.0081,28,0.0,123,495,4.0244,0.3374
ENNI:524,ENNI:TD:B,data/curated/english_child_transcripts/ENNI/download_2026-05-31/TD/B/524.cha,ENNI,TD,TD,male,eng,Built from labeled CHAT folder structure.,68.47,65,7.554,7.477,0.3543,486,1,0.0154,0,0,0.0,0,0.0,0,47,0.7231,0,0,31,1.621,0,19,8.6429,3.4211,0.7895,0.8333,7,0.0538,0.0,1,0.0154,65,624,9.6,0.266
ENNI:528,ENNI:TD:B,data/curated/english_child_transcripts/ENNI/download_2026-05-31/TD/B/528.cha,ENNI,TD,TD,female,eng,Built from labeled CHAT folder structure.,60.8,136,6.94,6.86,0.36,889,1,0.0074,0,2,0.0,1,0.0074,0,35,0.2574,0,0,42,1.854,0,31,6.6168,4.3871,0.6774,0.7143,11,0.0325,0.0,1,0.0147,136,990,7.2794,0.2424
ENNI:532,ENNI:TD:B,data/curated/english_child_transcripts/ENNI/download_2026-05-31/TD/B/532.cha,ENNI,TD,TD,male,eng,Built from labeled CHAT folder structure.,67.97,70,6.643,6.529,0.3429,457,0,0.0,0,0,0.0,0,0.0,0,47,0.6714,0,0,11,1.343,0,7,6.5844,10.0,0.8571,0.0,13,0.0,0.0,0,0.0,70,491,7.0143,0.2994
ENNI:533,ENNI:TD:B,data/curated/english_child_transcripts/ENNI/download_2026-05-31/TD/B/533.cha,ENNI,TD,TD,male,eng,Built from labeled CHAT folder structure.,66.87,97,5.567,5.01,0.3743,490,0,0.0,0,0,0.0,0,0.0,0,54,0.5567,0,0,5,1.382,0,9,6.0189,10.7778,0.3333,0.5,11,0.0859,0.0103,0,0.0103,97,539,5.5567,0.3098
ENNI:536,ENNI:TD:B,data/curated/english_child_transcripts/ENNI/download_2026-05-31/TD/B/536.cha,ENNI,TD,TD,female,eng,Built from labeled CHAT folder structure.,68.03,136,7.58,7.46,0.3543,969,1,0.0074,0,0,0.0,0,0.0,0,54,0.3971,0,0,34,1.777,0,28,7.9207,4.8571,0.6071,0.5,14,0.0568,0.0074,1,0.0294,136,1127,8.2868,0.2005
ENNI:539,ENNI:TD:B,data/curated/english_child_transcripts/ENNI/download_2026-05-31/TD/B/539.cha,ENNI,TD,TD,female,eng,Built from labeled CHAT folder structure.,71.03,129,7.05,6.92,0.4286,895,1,0.0078,0,1,0.0,0,0.0,0,82,0.6357,0,0,16,2.205,0,13,7.5493,9.9231,0.6154,0.0,31,0.0866,0.0,1,0.0078,129,984,7.6279,0.2724
ENNI:543,ENNI:TD:B,data/curated/english_child_transcripts/ENNI/download_2026-05-31/TD/B/543.cha,ENNI,TD,TD,male,eng,Built from labeled CHAT folder structure.,71.7,60,4.733,4.583,0.3927,275,0,0.0,0,0,0.0,0,0.0,0,58,0.9667,0,0,16,3.919,0,13,5.2192,4.6154,0.6154,1.0,7,0.0194,0.0,0,0.0,60,305,5.0833,0.3738
ENNI:547,ENNI:TD:B,data/curated/english_child_transcripts/ENNI/download_2026-05-31/TD/B/547.cha,ENNI,TD,TD,male,eng,Built from labeled CHAT folder structure.,63.0,66,6.439,6.288,0.36,415,0,0.0,0,0,0.0,0,0.0,0,61,0.9242,0,0,19,2.058,0,24,6.6889,2.75,0.4167,0.5,17,0.0732,0.0,0,0.0152,66,478,7.2424,0.318
ENNI:551,ENNI:TD:B,data/curated/english_child_transcripts/ENNI/download_2026-05-31/TD/B/551.cha,ENNI,TD,TD,female,eng,Built from labeled CHAT folder structure.,61.0,141,6.05,5.58,0.4229,781,0,0.0,0,19,0.0,1,0.0071,1,67,0.4752,0,0,21,1.225,1,13,5.8961,10.8462,0.8462,1.0,11,0.0229,0.0355,0,0.0,141,836,5.9291,0.3218
ENNI:557,ENNI:TD:B,data/curated/english_child_transcripts/ENNI/download_2026-05-31/TD/B/557.cha,ENNI,TD,TD,female,eng,Built from labeled CHAT folder structure.,62.1,98,7.439,7.276,0.3771,712,0,0.0,0,5,0.0,1,0.0102,0,44,0.449,0,0,24,3.028,0,19,7.6154,5.1579,0.6316,0.7143,7,0.0562,0.0102,0,0.0,98,780,7.9592,0.2628
ENNI:565,ENNI:TD:B,data/curated/english_child_transcripts/ENNI/download_2026-05-31/TD/B/565.cha,ENNI,TD,TD,male,eng,Built from labeled CHAT folder structure.,64.33,69,5.536,5.536,0.2571,383,0,0.0,0,1,0.0,8,0.1159,0,44,0.6377,0,0,13,4.264,0,15,7.0714,4.6,0.4667,0.7143,6,0.0708,0.0,0,0.0,69,460,6.6667,0.2304
ENNI:571,ENNI:TD:B,data/curated/english_child_transcripts/ENNI/download_2026-05-31/TD/B/571.cha,ENNI,TD,TD,female,eng,Built from labeled CHAT folder structure.,64.03,111,7.27,7.1,0.3743,799,0,0.0,0,0,0.0,0,0.0,0,46,0.4144,0,0,6,2.539,0,4,7.4696,27.75,0.75,0.0,15,0.0,0.018,0,0.0,111,855,7.7027,0.276
ENNI:603,ENNI:TD:B,data/curated/english_child_transcripts/ENNI/download_2026-05-31/TD/B/603.cha,ENNI,TD,TD,male,eng,Built from labeled CHAT folder structure.,79.33,122,8.15,7.85,0.3629,967,0,0.0,0,1,0.0,0,0.0,0,57,0.4672,0,0,18,3.883,0,20,8.5563,6.1,0.45,0.0,10,0.115,0.0,0,0.0,122,1127,9.2377,0.2201
ENNI:604,ENNI:TD:B,data/curated/english_child_transcripts/ENNI/download_2026-05-31/TD/B/604.cha,ENNI,TD,TD,female,eng,Built from labeled CHAT folder structure.,76.43,81,5.926,5.765,0.38,469,0,0.0,0,0,0.0,0,0.0,0,54,0.6667,0,0,11,1.163,0,15,5.7083,5.4,0.3333,0.0,14,0.0269,0.0,0,0.0,81,514,6.3457,0.3444
ENNI:608,ENNI:TD:B,data/curated/english_child_transcripts/ENNI/download_2026-05-31/TD/B/608.cha,ENNI,TD,TD,male,eng,Built from labeled CHAT folder structure.,73.57,116,7.5,7.38,0.3114,831,0,0.0,0,0,0.0,3,0.0259,0,46,0.3966,0,0,32,1.404,0,22,7.2464,5.2727,0.7273,1.0,24,0.0571,0.0,0,0.0259,116,936,8.069,0.2147
ENNI:612,ENNI:TD:B,data/curated/english_child_transcripts/ENNI/download_2026-05-31/TD/B/612.cha,ENNI,TD,TD,female,eng,Built from labeled CHAT folder structure.,79.8,82,7.817,7.744,0.3343,635,1,0.0122,0,0,0.0,1,0.0122,0,57,0.6951,0,0,17,2.609,0,14,7.3229,5.8571,0.5714,0.0,3,0.0223,0.0,1,0.0122,82,653,7.9634,0.2757
ENNI:615,ENNI:TD:B,data/curated/english_child_transcripts/ENNI/download_2026-05-31/TD/B/615.cha,ENNI,TD,TD,male,eng,Built from labeled CHAT folder structure.,78.1,59,4.932,4.831,0.3965,285,0,0.0,0,0,0.0,0,0.0,0,52,0.8814,0,0,16,5.059,0,14,5.0411,4.2143,0.5714,1.0,1,0.0298,0.0,0,0.0,59,306,5.1864,0.3987
ENNI:616,ENNI:TD:B,data/curated/english_child_transcripts/ENNI/download_2026-05-31/TD/B/616.cha,ENNI,TD,TD,female,eng,Built from labeled CHAT folder structure.,72.37,96,7.344,7.208,0.3314,691,0,0.0,0,2,0.0,0,0.0,0,54,0.5625,0,0,5,0.532,0,6,7.4706,16.0,0.3333,1.0,2,0.0033,0.0,0,0.0,96,755,7.8646,0.2384
ENNI:620,ENNI:TD:B,data/curated/english_child_transcripts/ENNI/download_2026-05-31/TD/B/620.cha,ENNI,TD,TD,male,eng,Built from labeled CHAT folder structure.,81.13,87,5.851,5.782,0.4029,509,0,0.0,0,1,0.0115,1,0.0115,0,63,0.7241,0,0,16,1.566,0,21,5.7593,4.1429,0.381,0.3333,11,0.0373,0.023,0,0.0,87,532,6.1149,0.3496
ENNI:624,ENNI:TD:B,data/curated/english_child_transcripts/ENNI/download_2026-05-31/TD/B/624.cha,ENNI,TD,TD,female,eng,Built from labeled CHAT folder structure.,72.97,78,7.256,7.167,0.3943,557,0,0.0,0,2,0.0,0,0.0,0,39,0.5,0,0,20,0.795,0,19,6.8763,4.1053,0.5263,1.0,2,0.0399,0.0,0,0.0128,78,593,7.6026,0.3035
ENNI:628,ENNI:TD:B,data/curated/english_child_transcripts/ENNI/download_2026-05-31/TD/B/628.cha,ENNI,TD,TD,male,eng,Built from labeled CHAT folder structure.,79.47,65,5.754,5.615,0.3114,365,0,0.0,0,0,0.0,0,0.0,0,63,0.9692,0,0,26,4.446,0,34,5.5657,1.9118,0.3824,0.4286,9,0.0243,0.0,0,0.0308,65,418,6.4308,0.2871
ENNI:632,ENNI:TD:B,data/curated/english_child_transcripts/ENNI/download_2026-05-31/TD/B/632.cha,ENNI,TD,TD,female,eng,Built from labeled CHAT folder structure.,74.07,118,6.83,6.64,0.3571,795,0,0.0,0,3,0.0,0,0.0,0,37,0.3136,0,0,13,2.657,0,10,7.2656,11.8,0.6,0.0,13,0.0237,0.0169,0,0.0085,118,889,7.5339,0.2531
ENNI:636,ENNI:TD:B,data/curated/english_child_transcripts/ENNI/download_2026-05-31/TD/B/636.cha,ENNI,TD,TD,female,eng,Built from labeled CHAT folder structure.,83.2,82,7.671,7.549,0.3514,619,1,0.0122,0,1,0.0,0,0.0,0,43,0.5244,0,0,25,1.948,0,20,7.0392,4.1,0.65,1.0,10,0.0555,0.0,1,0.0244,82,668,8.1463,0.2635
ENNI:639,ENNI:TD:B,data/curated/english_child_transcripts/ENNI/download_2026-05-31/TD/B/639.cha,ENNI,TD,TD,male,eng,Built from labeled CHAT folder structure.,74.33,80,6.75,6.612,0.3829,530,0,0.0,0,1,0.0,0,0.0,0,64,0.8,0,0,18,3.055,0,13,6.7957,6.1538,0.6923,0.0,9,0.1596,0.0,0,0.0,80,563,7.0375,0.3233
ENNI:647,ENNI:TD:B,data/curated/english_child_transcripts/ENNI/download_2026-05-31/TD/B/647.cha,ENNI,TD,TD,male,eng,Built from labeled CHAT folder structure.,82.53,67,6.612,6.418,0.4229,434,0,0.0,0,0,0.0,0,0.0,0,60,0.8955,0,0,19,2.907,0,13,6.675,5.1538,0.7692,0.75,6,0.0927,0.0,0,0.0,67,447,6.6716,0.3781
ENNI:648,ENNI:TD:B,data/curated/english_child_transcripts/ENNI/download_2026-05-31/TD/B/648.cha,ENNI,TD,TD,female,eng,Built from labeled CHAT folder structure.,79.17,119,4.91,4.71,0.4771,549,0,0.0,0,20,0.0084,0,0.0,0,57,0.479,0,0,17,3.361,0,11,4.9,10.8182,0.8182,0.5,9,0.046,0.0252,0,0.0,119,593,4.9832,0.4132
ENNI:651,ENNI:TD:B,data/curated/english_child_transcripts/ENNI/download_2026-05-31/TD/B/651.cha,ENNI,TD,TD,male,eng,Built from labeled CHAT folder structure.,82.83,61,7.525,7.361,0.4257,451,0,0.0,0,1,0.0,0,0.0,0,58,0.9508,0,0,16,2.322,0,12,7.7397,5.0833,0.6667,0.0,2,0.078,0.0,0,0.0,61,483,7.918,0.3623
ENNI:652,ENNI:TD:B,data/curated/english_child_transcripts/ENNI/download_2026-05-31/TD/B/652.cha,ENNI,TD,TD,male,eng,Built from labeled CHAT folder structure.,73.93,67,6.358,6.284,0.3143,422,0,0.0,0,0,0.0,0,0.0,0,52,0.7761,0,0,10,36.572,0,10,6.3247,6.7,0.5,0.3333,9,0.0119,0.0,0,0.0,67,444,6.6269,0.2883
ENNI:655,ENNI:TD:B,data/curated/english_child_transcripts/ENNI/download_2026-05-31/TD/B/655.cha,ENNI,TD,TD,female,eng,Built from labeled CHAT folder structure.,80.7,88,7.955,7.455,0.3486,657,1,0.0114,0,2,0.0,0,0.0,0,56,0.6364,0,0,15,2.021,0,10,8.0816,8.8,0.8,0.0,12,0.1303,0.0,1,0.0,88,715,8.125,0.2993
ENNI:656,ENNI:TD:B,data/curated/english_child_transcripts/ENNI/download_2026-05-31/TD/B/656.cha,ENNI,TD,TD,female,eng,Built from labeled CHAT folder structure.,80.03,87,6.126,5.989,0.4114,524,0,0.0,0,0,0.0,0,0.0,0,64,0.7356,0,0,13,2.253,0,17,5.7885,5.1176,0.3529,0.0,4,0.0156,0.0,0,0.0,87,540,6.2069,0.3519
ENNI:658,ENNI:TD:B,data/curated/english_child_transcripts/ENNI/download_2026-05-31/TD/B/658.cha,ENNI,TD,TD,male,eng,Built from labeled CHAT folder structure.,76.0,111,6.75,6.24,0.3514,683,0,0.0,0,0,0.0,6,0.0541,1,56,0.5045,0,0,15,1.855,0,9,6.9333,12.3333,0.7778,0.0,21,0.0623,0.009,0,0.0,111,791,7.1261,0.244
ENNI:659,ENNI:TD:B,data/curated/english_child_transcripts/ENNI/download_2026-05-31/TD/B/659.cha,ENNI,TD,TD,male,eng,Built from labeled CHAT folder structure.,83.37,72,7.347,7.125,0.3629,514,0,0.0,0,0,0.0,0,0.0,0,53,0.7361,0,0,11,3.182,0,8,7.4,9.0,0.75,1.0,5,0.0407,0.0,0,0.0,72,561,7.7917,0.3155
ENNI:663,ENNI:TD:B,data/curated/english_child_transcripts/ENNI/download_2026-05-31/TD/B/663.cha,ENNI,TD,TD,male,eng,Built from labeled CHAT folder structure.,80.47,62,5.661,5.645,0.3171,350,0,0.0,0,0,0.0,0,0.0,0,54,0.871,0,0,5,0.081,0,5,6.0746,12.4,0.4,1.0,6,0.0396,0.0,0,0.0,62,387,6.2419,0.3023
ENNI:664,ENNI:TD:B,data/curated/english_child_transcripts/ENNI/download_2026-05-31/TD/B/664.cha,ENNI,TD,TD,male,eng,Built from labeled CHAT folder structure.,82.4,128,7.82,7.66,0.4143,949,0,0.0,0,1,0.0,1,0.0078,0,56,0.4375,0,0,13,2.29,0,7,7.5037,18.2857,0.8571,0.0,9,0.0089,0.0078,0,0.0,128,1006,7.8594,0.2753
ENNI:669,ENNI:TD:B,data/curated/english_child_transcripts/ENNI/download_2026-05-31/TD/B/669.cha,ENNI,TD,TD,female,eng,Built from labeled CHAT folder structure.,78.93,71,4.634,4.592,0.3712,327,0,0.0,0,0,0.0,1,0.0141,0,52,0.7324,0,0,8,1.539,0,4,4.5867,17.75,1.0,0.0,12,0.0,0.0,0,0.0,71,340,4.7887,0.3706
ENNI:676,ENNI:TD:B,data/curated/english_child_transcripts/ENNI/download_2026-05-31/TD/B/676.cha,ENNI,TD,TD,female,eng,Built from labeled CHAT folder structure.,82.47,93,6.796,6.688,0.4086,627,0,0.0,0,2,0.0,0,0.0,0,37,0.3978,0,0,9,3.398,0,6,6.9798,15.5,0.8333,0.0,19,0.0149,0.0215,0,0.0108,93,685,7.3656,0.3255
ENNI:704,ENNI:TD:B,data/curated/english_child_transcripts/ENNI/download_2026-05-31/TD/B/704.cha,ENNI,TD,TD,female,eng,Built from labeled CHAT folder structure.,86.33,59,6.729,6.712,0.3686,396,0,0.0,0,0,0.0,0,0.0,0,58,0.9831,0,0,14,2.168,0,10,6.5072,5.9,0.7,1.0,4,0.0252,0.0,0,0.0,59,420,7.1186,0.3214
ENNI:707,ENNI:TD:B,data/curated/english_child_transcripts/ENNI/download_2026-05-31/TD/B/707.cha,ENNI,TD,TD,male,eng,Built from labeled CHAT folder structure.,88.67,65,7.277,7.185,0.3429,467,0,0.0,0,3,0.0,0,0.0,0,58,0.8923,0,0,18,2.55,0,13,7.3333,5.0,0.6923,0.6667,2,0.0934,0.0,0,0.0,65,478,7.3538,0.2971
ENNI:708,ENNI:TD:B,data/curated/english_child_transcripts/ENNI/download_2026-05-31/TD/B/708.cha,ENNI,TD,TD,female,eng,Built from labeled CHAT folder structure.,93.93,73,6.795,6.753,0.3571,493,0,0.0,0,0,0.0,0,0.0,2,53,0.726,0,0,11,2.036,0,7,6.6375,10.4286,0.7143,0.0,8,0.009,0.0274,0,0.0274,73,517,7.0822,0.325
ENNI:711,ENNI:TD:B,data/curated/english_child_transcripts/ENNI/download_2026-05-31/TD/B/711.cha,ENNI,TD,TD,female,eng,Built from labeled CHAT folder structure.,91.2,84,9.417,9.262,0.4143,776,0,0.0,0,1,0.0,0,0.0,0,61,0.7262,0,0,16,2.211,0,12,9.7708,7.0,0.6667,0.0,3,0.0587,0.0,0,0.0,84,853,10.1548,0.3048
ENNI:712,ENNI:TD:B,data/curated/english_child_transcripts/ENNI/download_2026-05-31/TD/B/712.cha,ENNI,TD,TD,male,eng,Built from labeled CHAT folder structure.,90.37,82,8.439,8.268,0.4171,679,1,0.0122,0,1,0.0,0,0.0,0,49,0.5976,0,0,12,1.343,1,14,8.0938,5.8571,0.4286,0.25,4,0.0411,0.0,1,0.0122,82,745,9.0854,0.298
ENNI:716,ENNI:TD:B,data/curated/english_child_transcripts/ENNI/download_2026-05-31/TD/B/716.cha,ENNI,TD,TD,male,eng,Built from labeled CHAT folder structure.,94.5,92,8.457,8.359,0.3686,774,0,0.0,0,0,0.0,0,0.0,0,57,0.6196,0,0,14,1.062,0,14,8.1321,6.5714,0.5,0.0,1,0.0676,0.0,0,0.0,92,782,8.5,0.2711
ENNI:720,ENNI:TD:B,data/curated/english_child_transcripts/ENNI/download_2026-05-31/TD/B/720.cha,ENNI,TD,TD,female,eng,Built from labeled CHAT folder structure.,94.63,81,8.481,8.395,0.3686,683,0,0.0,0,0,0.0,0,0.0,0,52,0.642,0,0,14,0.949,0,9,8.9444,9.0,0.7778,0.0,8,0.0542,0.0,0,0.0,81,740,9.1358,0.2595
ENNI:724,ENNI:TD:B,data/curated/english_child_transcripts/ENNI/download_2026-05-31/TD/B/724.cha,ENNI,TD,TD,male,eng,Built from labeled CHAT folder structure.,91.43,110,6.59,6.47,0.38,714,1,0.0091,0,0,0.0,0,0.0,0,55,0.5,0,0,8,1.46,0,11,6.4298,10.0,0.3636,0.0,17,0.0,0.0091,1,0.0,110,760,6.9091,0.2539
ENNI:728,ENNI:TD:B,data/curated/english_child_transcripts/ENNI/download_2026-05-31/TD/B/728.cha,ENNI,TD,TD,male,eng,Built from labeled CHAT folder structure.,84.4,99,8.071,7.505,0.38,743,0,0.0,0,1,0.0,1,0.0101,0,59,0.596,0,0,22,2.308,0,21,7.8917,4.7143,0.5238,1.0,11,0.0454,0.0,0,0.0,99,885,8.9394,0.2859
ENNI:732,ENNI:TD:B,data/curated/english_child_transcripts/ENNI/download_2026-05-31/TD/B/732.cha,ENNI,TD,TD,male,eng,Built from labeled CHAT folder structure.,95.63,109,7.06,6.58,0.3,737,0,0.0,0,0,0.0,0,0.0,0,58,0.5321,0,0,16,1.962,0,18,6.6142,6.0556,0.4444,0.0,8,0.093,0.0,0,0.0,109,803,7.367,0.2528
ENNI:736,ENNI:TD:B,data/curated/english_child_transcripts/ENNI/download_2026-05-31/TD/B/736.cha,ENNI,TD,TD,female,eng,Built from labeled CHAT folder structure.,89.63,50,7.04,6.88,0.3721,344,0,0.0,0,0,0.0,0,0.0,0,50,1.0,0,0,12,2.611,0,19,5.5362,2.6316,0.3158,1.0,7,0.0099,0.0,0,0.0,50,354,7.08,0.3644
ENNI:743,ENNI:TD:B,data/curated/english_child_transcripts/ENNI/download_2026-05-31/TD/B/743.cha,ENNI,TD,TD,female,eng,Built from labeled CHAT folder structure.,84.17,151,6.9,6.8,0.3771,979,0,0.0,0,3,0.0,1,0.0066,0,62,0.4106,0,0,14,0.872,1,9,7.0938,16.7778,0.7778,0.0,10,0.0564,0.0132,0,0.0,151,1067,7.0662,0.2662
ENNI:744,ENNI:TD:B,data/curated/english_child_transcripts/ENNI/download_2026-05-31/TD/B/744.cha,ENNI,TD,TD,male,eng,Built from labeled CHAT folder structure.,95.07,83,6.024,5.892,0.4371,486,0,0.0,0,0,0.0,0,0.0,0,56,0.6747,0,0,11,0.204,0,10,5.8925,8.3,0.6,1.0,5,0.0374,0.012,0,0.0,83,497,5.988,0.3783
ENNI:748,ENNI:TD:B,data/curated/english_child_transcripts/ENNI/download_2026-05-31/TD/B/748.cha,ENNI,TD,TD,female,eng,Built from labeled CHAT folder structure.,89.67,77,8.649,8.597,0.3714,666,0,0.0,0,0,0.0,0,0.0,0,55,0.7143,0,0,7,1.917,0,4,8.3827,19.25,1.0,1.0,3,0.0045,0.013,0,0.0,77,670,8.7013,0.2851
ENNI:750,ENNI:TD:B,data/curated/english_child_transcripts/ENNI/download_2026-05-31/TD/B/750.cha,ENNI,TD,TD,male,eng,Built from labeled CHAT folder structure.,94.53,62,8.339,8.016,0.4029,497,0,0.0,0,0,0.0,0,0.0,0,46,0.7419,0,0,11,2.584,0,11,7.5616,5.6364,0.5455,0.6667,4,0.0951,0.0,0,0.0,62,506,8.1613,0.3597
ENNI:754,ENNI:TD:B,data/curated/english_child_transcripts/ENNI/download_2026-05-31/TD/B/754.cha,ENNI,TD,TD,female,eng,Built from labeled CHAT folder structure.,86.97,63,7.921,7.794,0.3943,491,0,0.0,0,0,0.0,0,0.0,0,60,0.9524,0,0,20,5.073,0,20,7.5301,3.15,0.5,0.6667,3,0.116,0.0,0,0.0,63,504,8.0,0.3313
ENNI:755,ENNI:TD:B,data/curated/english_child_transcripts/ENNI/download_2026-05-31/TD/B/755.cha,ENNI,TD,TD,male,eng,Built from labeled CHAT folder structure.,90.07,95,7.316,7.242,0.38,688,0,0.0,0,1,0.0,0,0.0,0,33,0.3474,0,0,6,1.175,0,10,7.5905,9.5,0.3,0.4,5,0.0484,0.0105,0,0.0,95,752,7.9158,0.2912
ENNI:758,ENNI:TD:B,data/curated/english_child_transcripts/ENNI/download_2026-05-31/TD/B/758.cha,ENNI,TD,TD,male,eng,Built from labeled CHAT folder structure.,87.83,83,9.494,8.855,0.3971,736,0,0.0,0,0,0.0,0,0.0,0,38,0.4578,0,0,8,0.802,0,5,8.8636,16.6,0.8,0.0,13,0.0,0.0,0,0.0,83,775,9.3373,0.2826
ENNI:759,ENNI:TD:B,data/curated/english_child_transcripts/ENNI/download_2026-05-31/TD/B/759.cha,ENNI,TD,TD,female,eng,Built from labeled CHAT folder structure.,85.7,70,7.414,7.286,0.3657,510,0,0.0,0,0,0.0,0,0.0,0,57,0.8143,0,0,14,1.026,0,13,7.3373,5.3846,0.5385,0.0,1,0.0677,0.0,0,0.0,70,527,7.5286,0.3207
ENNI:760,ENNI:TD:B,data/curated/english_child_transcripts/ENNI/download_2026-05-31/TD/B/760.cha,ENNI,TD,TD,female,eng,Built from labeled CHAT folder structure.,90.07,96,8.792,8.594,0.3571,825,0,0.0,0,0,0.0,0,0.0,0,43,0.4479,0,0,6,2.139,0,6,8.5588,16.0,0.5,0.0,7,0.0,0.0,0,0.0,96,867,9.0312,0.2595
ENNI:763,ENNI:TD:B,data/curated/english_child_transcripts/ENNI/download_2026-05-31/TD/B/763.cha,ENNI,TD,TD,male,eng,Built from labeled CHAT folder structure.,89.37,92,8.217,8.033,0.3286,739,0,0.0,0,4,0.0,0,0.0,0,60,0.6522,0,0,21,2.857,0,15,8.1589,6.1333,0.7333,1.0,9,0.1344,0.0109,0,0.0,92,780,8.4783,0.2564
ENNI:764,ENNI:TD:B,data/curated/english_child_transcripts/ENNI/download_2026-05-31/TD/B/764.cha,ENNI,TD,TD,male,eng,Built from labeled CHAT folder structure.,92.9,77,6.792,6.675,0.3571,514,0,0.0,0,0,0.0,0,0.0,0,51,0.6623,0,0,7,3.079,0,4,6.7654,19.25,1.0,0.0,1,0.0094,0.0,0,0.013,77,544,7.0649,0.2996
ENNI:768,ENNI:TD:B,data/curated/english_child_transcripts/ENNI/download_2026-05-31/TD/B/768.cha,ENNI,TD,TD,female,eng,Built from labeled CHAT folder structure.,90.7,119,8.48,8.11,0.3629,976,0,0.0,0,2,0.0,1,0.0084,0,48,0.4034,0,0,9,3.188,0,5,8.3145,23.8,1.0,0.0,9,0.0,0.0,0,0.0,119,1026,8.6218,0.2242
ENNI:770,ENNI:TD:B,data/curated/english_child_transcripts/ENNI/download_2026-05-31/TD/B/770.cha,ENNI,TD,TD,female,eng,Built from labeled CHAT folder structure.,89.33,114,7.86,7.69,0.3714,864,0,0.0,0,0,0.0,0,0.0,1,56,0.4912,0,0,17,2.787,0,14,7.2969,8.1429,0.6429,0.5,11,0.0114,0.0088,0,0.0,114,891,7.8158,0.2379
ENNI:772,ENNI:TD:B,data/curated/english_child_transcripts/ENNI/download_2026-05-31/TD/B/772.cha,ENNI,TD,TD,male,eng,Built from labeled CHAT folder structure.,84.37,105,8.28,8.18,0.3429,860,0,0.0,0,0,0.0,1,0.0095,0,50,0.4762,0,0,8,0.863,0,12,8.2906,8.75,0.3333,0.0,23,0.0283,0.0095,0,0.0,105,938,8.9333,0.2345
ENNI:803,ENNI:TD:B,data/curated/english_child_transcripts/ENNI/download_2026-05-31/TD/B/803.cha,ENNI,TD,TD,female,eng,Built from labeled CHAT folder structure.,98.63,114,9.14,8.58,0.3543,983,0,0.0,0,3,0.0,0,0.0,0,55,0.4825,0,0,13,2.879,0,10,9.3548,11.4,0.6,0.0,8,0.0934,0.0,0,0.0,114,1095,9.6053,0.2237
ENNI:804,ENNI:TD:B,data/curated/english_child_transcripts/ENNI/download_2026-05-31/TD/B/804.cha,ENNI,TD,TD,male,eng,Built from labeled CHAT folder structure.,104.13,146,5.87,5.7,0.4486,893,0,0.0,0,1,0.0,2,0.0137,0,59,0.4041,0,0,27,1.319,0,25,6.5556,5.84,0.56,0.5,55,0.0379,0.0274,0,0.0,146,1046,7.1644,0.2878
ENNI:808,ENNI:TD:B,data/curated/english_child_transcripts/ENNI/download_2026-05-31/TD/B/808.cha,ENNI,TD,TD,female,eng,Built from labeled CHAT folder structure.,100.33,104,8.43,8.27,0.3743,867,1,0.0096,0,2,0.0,0,0.0,0,55,0.5288,0,0,14,1.468,0,10,8.9386,10.4,0.7,1.0,10,0.032,0.0,1,0.0,104,998,9.5962,0.2545
ENNI:811,ENNI:TD:B,data/curated/english_child_transcripts/ENNI/download_2026-05-31/TD/B/811.cha,ENNI,TD,TD,male,eng,Built from labeled CHAT folder structure.,107.07,121,8.02,7.85,0.4143,923,0,0.0,0,0,0.0,0,0.0,0,57,0.4711,0,0,16,1.581,0,11,7.8788,11.0,0.7273,0.0,27,0.0683,0.0,0,0.0083,121,952,7.8678,0.2857
ENNI:812,ENNI:TD:B,data/curated/english_child_transcripts/ENNI/download_2026-05-31/TD/B/812.cha,ENNI,TD,TD,female,eng,Built from labeled CHAT folder structure.,104.2,89,7.753,7.697,0.3286,685,1,0.0112,0,1,0.0,0,0.0,0,60,0.6742,0,0,11,1.634,0,6,8.2211,14.8333,0.8333,1.0,27,0.0795,0.0,1,0.0,89,772,8.6742,0.2526
ENNI:815,ENNI:TD:B,data/curated/english_child_transcripts/ENNI/download_2026-05-31/TD/B/815.cha,ENNI,TD,TD,female,eng,Built from labeled CHAT folder structure.,98.6,92,7.587,7.522,0.3543,692,0,0.0,0,0,0.0,0,0.0,0,68,0.7391,0,0,17,2.803,0,14,8.1132,6.5714,0.6429,1.0,6,0.1232,0.0,0,0.0,92,778,8.4565,0.2738
ENNI:816,ENNI:TD:B,data/curated/english_child_transcripts/ENNI/download_2026-05-31/TD/B/816.cha,ENNI,TD,TD,female,eng,Built from labeled CHAT folder structure.,104.0,87,7.897,7.828,0.4343,684,0,0.0,0,0,0.0,0,0.0,0,56,0.6437,0,0,10,4.488,0,11,7.3776,7.9091,0.4545,0.0,0,0.0226,0.0,0,0.0,87,702,8.069,0.312
ENNI:820,ENNI:TD:B,data/curated/english_child_transcripts/ENNI/download_2026-05-31/TD/B/820.cha,ENNI,TD,TD,male,eng,Built from labeled CHAT folder structure.,101.13,78,8.974,8.769,0.3743,684,0,0.0,0,0,0.0,0,0.0,0,58,0.7436,0,0,22,4.12,0,24,7.8824,3.25,0.4583,0.5,12,0.0377,0.0,0,0.0,78,755,9.6795,0.2861
ENNI:822,ENNI:TD:B,data/curated/english_child_transcripts/ENNI/download_2026-05-31/TD/B/822.cha,ENNI,TD,TD,male,eng,Built from labeled CHAT folder structure.,106.8,172,8.09,7.94,0.3943,1259,0,0.0,0,0,0.0,0,0.0,1,58,0.3372,0,0,14,1.93,0,12,7.2446,14.3333,0.5833,0.0,13,0.024,0.0174,0,0.0,172,1315,7.6453,0.2471
ENNI:824,ENNI:TD:B,data/curated/english_child_transcripts/ENNI/download_2026-05-31/TD/B/824.cha,ENNI,TD,TD,female,eng,Built from labeled CHAT folder structure.,96.0,98,5.745,5.622,0.4429,559,0,0.0,0,1,0.0,0,0.0,0,58,0.5918,0,0,20,1.208,0,22,5.7583,4.4545,0.4545,0.5,13,0.0249,0.0204,0,0.0,98,630,6.4286,0.3476
ENNI:826,ENNI:TD:B,data/curated/english_child_transcripts/ENNI/download_2026-05-31/TD/B/826.cha,ENNI,TD,TD,male,eng,Built from labeled CHAT folder structure.,96.13,82,6.366,6.073,0.4114,501,0,0.0,0,0,0.0,1,0.0122,0,50,0.6098,0,0,6,2.013,0,4,6.2791,20.5,0.75,0.0,8,0.0012,0.0,0,0.0122,82,531,6.4756,0.339
ENNI:828,ENNI:TD:B,data/curated/english_child_transcripts/ENNI/download_2026-05-31/TD/B/828.cha,ENNI,TD,TD,female,eng,Built from labeled CHAT folder structure.,101.93,83,5.964,5.759,0.3543,478,0,0.0,0,1,0.0,1,0.012,0,59,0.7108,0,0,31,2.503,0,19,5.5294,4.3684,0.8421,0.8,5,0.0403,0.012,0,0.0723,83,511,6.1566,0.3425
ENNI:834,ENNI:TD:B,data/curated/english_child_transcripts/ENNI/download_2026-05-31/TD/B/834.cha,ENNI,TD,TD,male,eng,Built from labeled CHAT folder structure.,104.4,86,8.081,7.953,0.3829,684,0,0.0,0,2,0.0,0,0.0,0,44,0.5116,0,0,8,1.171,0,5,8.5055,17.2,0.8,0.0,9,0.0,0.0,0,0.0,86,769,8.9419,0.2874
ENNI:838,ENNI:TD:B,data/curated/english_child_transcripts/ENNI/download_2026-05-31/TD/B/838.cha,ENNI,TD,TD,male,eng,Built from labeled CHAT folder structure.,102.57,67,8.179,8.045,0.4343,540,0,0.0,0,0,0.0,0,0.0,0,49,0.7313,0,0,9,2.712,0,5,8.0833,13.4,0.8,0.0,6,0.0,0.0,0,0.0,67,577,8.6119,0.3397
ENNI:842,ENNI:TD:B,data/curated/english_child_transcripts/ENNI/download_2026-05-31/TD/B/842.cha,ENNI,TD,TD,female,eng,Built from labeled CHAT folder structure.,100.57,108,6.87,6.77,0.3714,742,0,0.0,0,0,0.0,0,0.0,0,48,0.4444,0,0,11,3.21,0,6,7.4649,18.0,1.0,0.0,25,0.0014,0.0278,0,0.0,108,840,7.7778,0.2583
ENNI:843,ENNI:TD:B,data/curated/english_child_transcripts/ENNI/download_2026-05-31/TD/B/843.cha,ENNI,TD,TD,male,eng,Built from labeled CHAT folder structure.,103.13,67,7.388,7.179,0.4257,481,0,0.0,0,2,0.0,0,0.0,0,45,0.6716,0,0,11,0.767,0,6,7.411,11.1667,1.0,1.0,3,0.0499,0.0,0,0.0149,67,508,7.5821,0.3681
ENNI:847,ENNI:TD:B,data/curated/english_child_transcripts/ENNI/download_2026-05-31/TD/B/847.cha,ENNI,TD,TD,female,eng,Built from labeled CHAT folder structure.,106.8,83,7.494,7.313,0.3971,607,0,0.0,0,0,0.0,0,0.0,0,55,0.6627,0,0,7,4.72,0,5,7.4659,16.6,0.8,0.75,3,0.0287,0.0,0,0.0,83,633,7.6265,0.316
ENNI:850,ENNI:TD:B,data/curated/english_child_transcripts/ENNI/download_2026-05-31/TD/B/850.cha,ENNI,TD,TD,female,eng,Built from labeled CHAT folder structure.,105.93,96,8.76,8.562,0.4,825,0,0.0,0,1,0.0,0,0.0,0,45,0.4688,0,0,12,1.884,0,7,8.7282,13.7143,0.8571,0.0,2,0.0023,0.0104,0,0.0,96,892,9.2917,0.2735
ENNI:851,ENNI:TD:B,data/curated/english_child_transcripts/ENNI/download_2026-05-31/TD/B/851.cha,ENNI,TD,TD,male,eng,Built from labeled CHAT folder structure.,104.33,72,5.514,5.472,0.3886,396,0,0.0,0,0,0.0,0,0.0,0,51,0.7083,0,0,11,1.622,0,9,5.7407,8.0,0.6667,1.0,7,0.0497,0.0,0,0.0,72,423,5.875,0.3735
ENNI:854,ENNI:TD:B,data/curated/english_child_transcripts/ENNI/download_2026-05-31/TD/B/854.cha,ENNI,TD,TD,male,eng,Built from labeled CHAT folder structure.,106.0,94,8.915,8.84,0.3857,835,0,0.0,0,0,0.0,0,0.0,0,52,0.5532,0,0,10,2.408,2,6,9.43,15.6667,0.8333,0.0,15,0.0,0.0213,0,0.0106,94,937,9.9681,0.2807
ENNI:863,ENNI:TD:B,data/curated/english_child_transcripts/ENNI/download_2026-05-31/TD/B/863.cha,ENNI,TD,TD,male,eng,Built from labeled CHAT folder structure.,97.67,66,7.621,7.545,0.3629,502,0,0.0,0,0,0.0,0,0.0,0,45,0.6818,0,0,5,1.321,0,5,8.1831,13.2,0.6,1.0,0,0.065,0.0,0,0.0,66,539,8.1667,0.3006
ENNI:866,ENNI:TD:B,data/curated/english_child_transcripts/ENNI/download_2026-05-31/TD/B/866.cha,ENNI,TD,TD,female,eng,Built from labeled CHAT folder structure.,107.83,98,7.827,7.714,0.3657,763,0,0.0,0,0,0.0,0,0.0,0,62,0.6327,0,0,14,2.786,0,12,7.7273,8.1667,0.5833,0.0,5,0.0991,0.0,0,0.0,98,778,7.9388,0.2609
ENNI:867,ENNI:TD:B,data/curated/english_child_transcripts/ENNI/download_2026-05-31/TD/B/867.cha,ENNI,TD,TD,male,eng,Built from labeled CHAT folder structure.,104.73,102,9.18,9.06,0.4029,922,0,0.0,0,1,0.0,0,0.0,0,43,0.4216,0,0,20,1.318,0,19,8.6777,5.3684,0.5263,0.75,14,0.0363,0.0,0,0.0098,102,968,9.4902,0.2727
ENNI:868,ENNI:TD:B,data/curated/english_child_transcripts/ENNI/download_2026-05-31/TD/B/868.cha,ENNI,TD,TD,female,eng,Built from labeled CHAT folder structure.,104.33,90,7.667,7.456,0.3657,671,0,0.0,0,1,0.0,0,0.0,0,48,0.5333,0,0,8,2.409,0,11,7.3168,8.1818,0.3636,1.0,4,0.0054,0.0,0,0.0,90,703,7.8111,0.2717
ENNI:904,ENNI:TD:B,data/curated/english_child_transcripts/ENNI/download_2026-05-31/TD/B/904.cha,ENNI,TD,TD,male,eng,Built from labeled CHAT folder structure.,109.83,67,7.866,7.821,0.3629,525,0,0.0,0,0,0.0,0,0.0,0,53,0.791,0,0,8,1.77,0,6,7.7808,11.1667,0.6667,0.0,5,0.0111,0.0,0,0.0,67,559,8.3433,0.3184
ENNI:907,ENNI:TD:B,data/curated/english_child_transcripts/ENNI/download_2026-05-31/TD/B/907.cha,ENNI,TD,TD,female,eng,Built from labeled CHAT folder structure.,111.6,64,8.406,8.266,0.4543,531,0,0.0,0,0,0.0,0,0.0,0,56,0.875,0,0,14,3.36,0,8,8.9306,8.0,0.875,0.0,18,0.0611,0.0,0,0.0,64,584,9.125,0.375
ENNI:908,ENNI:TD:B,data/curated/english_child_transcripts/ENNI/download_2026-05-31/TD/B/908.cha,ENNI,TD,TD,female,eng,Built from labeled CHAT folder structure.,117.63,124,8.67,8.39,0.3571,1065,0,0.0,0,0,0.0,0,0.0,0,59,0.4758,0,0,16,2.188,0,18,8.662,6.8889,0.4444,1.0,12,0.0093,0.0,0,0.0,124,1172,9.4516,0.2329
ENNI:911,ENNI:TD:B,data/curated/english_child_transcripts/ENNI/download_2026-05-31/TD/B/911.cha,ENNI,TD,TD,male,eng,Built from labeled CHAT folder structure.,110.07,82,8.098,8.024,0.4029,659,0,0.0,0,1,0.0,0,0.0,0,58,0.7073,0,0,14,1.205,0,13,8.1895,6.3077,0.5385,0.0,3,0.0559,0.0,0,0.0,82,706,8.6098,0.2861
ENNI:912,ENNI:TD:B,data/curated/english_child_transcripts/ENNI/download_2026-05-31/TD/B/912.cha,ENNI,TD,TD,male,eng,Built from labeled CHAT folder structure.,118.13,162,8.85,8.71,0.3686,1308,0,0.0,0,2,0.0,0,0.0,0,44,0.2716,0,0,8,1.869,0,10,7.9884,16.2,0.4,0.0,12,0.0048,0.0062,0,0.0,162,1344,8.2963,0.215
ENNI:915,ENNI:TD:B,data/curated/english_child_transcripts/ENNI/download_2026-05-31/TD/B/915.cha,ENNI,TD,TD,female,eng,Built from labeled CHAT folder structure.,108.5,71,6.338,6.254,0.3714,444,0,0.0,0,1,0.0,0,0.0,0,59,0.831,0,0,13,3.185,0,9,6.6125,7.8889,0.7778,0.0,6,0.0297,0.0,0,0.0,71,477,6.7183,0.3291
ENNI:916,ENNI:TD:B,data/curated/english_child_transcripts/ENNI/download_2026-05-31/TD/B/916.cha,ENNI,TD,TD,male,eng,Built from labeled CHAT folder structure.,111.67,127,7.94,7.85,0.3543,992,0,0.0,0,1,0.0,1,0.0079,0,49,0.3858,0,0,13,2.559,0,9,8.4338,14.1111,0.7778,1.0,23,0.0482,0.0,0,0.0,127,1106,8.7087,0.2197
ENNI:919,ENNI:TD:B,data/curated/english_child_transcripts/ENNI/download_2026-05-31/TD/B/919.cha,ENNI,TD,TD,female,eng,Built from labeled CHAT folder structure.,110.2,79,8.241,8.152,0.36,643,0,0.0,0,0,0.0,0,0.0,0,61,0.7722,0,0,14,9.472,0,12,8.3407,6.5833,0.5833,0.0,16,0.0389,0.0,0,0.0,79,682,8.6329,0.2889
ENNI:923,ENNI:TD:B,data/curated/english_child_transcripts/ENNI/download_2026-05-31/TD/B/923.cha,ENNI,TD,TD,male,eng,Built from labeled CHAT folder structure.,117.7,61,10.41,10.18,0.3829,618,0,0.0,0,0,0.0,0,0.0,0,48,0.7869,0,0,10,1.516,0,11,9.875,5.5455,0.4545,0.0,2,0.0632,0.0,0,0.0,61,649,10.6393,0.3082
ENNI:927,ENNI:TD:B,data/curated/english_child_transcripts/ENNI/download_2026-05-31/TD/B/927.cha,ENNI,TD,TD,female,eng,Built from labeled CHAT folder structure.,115.6,73,8.63,8.575,0.4257,628,0,0.0,0,0,0.0,0,0.0,0,52,0.7123,0,0,14,2.272,1,9,9.3049,8.1111,0.7778,0.0,7,0.0482,0.0,0,0.0,73,688,9.4247,0.3299
ENNI:931,ENNI:TD:B,data/curated/english_child_transcripts/ENNI/download_2026-05-31/TD/B/931.cha,ENNI,TD,TD,male,eng,Built from labeled CHAT folder structure.,119.83,84,8.44,8.179,0.3914,688,0,0.0,0,0,0.0,0,0.0,0,57,0.6786,0,0,14,2.061,0,17,7.802,4.9412,0.4118,0.0,1,0.0368,0.0,0,0.0,84,706,8.4048,0.2975
ENNI:939,ENNI:TD:B,data/curated/english_child_transcripts/ENNI/download_2026-05-31/TD/B/939.cha,ENNI,TD,TD,male,eng,Built from labeled CHAT folder structure.,116.67,78,8.064,7.91,0.3943,618,0,0.0,0,2,0.0,0,0.0,0,55,0.7051,0,0,14,0.558,0,15,7.8495,5.2,0.4667,0.0,2,0.0685,0.0128,0,0.0,78,644,8.2564,0.3059
ENNI:947,ENNI:TD:B,data/curated/english_child_transcripts/ENNI/download_2026-05-31/TD/B/947.cha,ENNI,TD,TD,male,eng,Built from labeled CHAT folder structure.,119.1,64,6.375,6.344,0.3457,406,0,0.0,0,0,0.0,0,0.0,0,35,0.5469,0,0,6,0.0,0,4,6.9559,16.0,0.75,0.0,11,0.0,0.0,0,0.0,64,469,7.3281,0.2985
ENNI:949,ENNI:TD:B,data/curated/english_child_transcripts/ENNI/download_2026-05-31/TD/B/949.cha,ENNI,TD,TD,female,eng,Built from labeled CHAT folder structure.,113.8,88,8.398,8.023,0.4,706,0,0.0,0,0,0.0,1,0.0114,0,43,0.4886,0,0,7,3.668,0,6,8.2979,14.6667,0.5,0.0,3,0.0,0.0114,0,0.0,88,774,8.7955,0.2959
ENNI:951,ENNI:TD:B,data/curated/english_child_transcripts/ENNI/download_2026-05-31/TD/B/951.cha,ENNI,TD,TD,male,eng,Built from labeled CHAT folder structure.,111.0,58,7.448,7.362,0.3457,428,0,0.0,0,0,0.0,0,0.0,0,28,0.4828,0,0,9,2.704,0,7,7.1538,8.2857,0.5714,0.0,5,0.0,0.0,0,0.0,58,458,7.8966,0.3079
ENNI:955,ENNI:TD:B,data/curated/english_child_transcripts/ENNI/download_2026-05-31/TD/B/955.cha,ENNI,TD,TD,female,eng,Built from labeled CHAT folder structure.,116.5,192,8.93,8.39,0.4257,1615,0,0.0,0,16,0.0,0,0.0,0,47,0.2448,0,0,11,0.893,0,6,8.6768,32.0,1.0,0.0,4,0.0003,0.0052,0,0.0156,192,1712,8.9167,0.2085
ENNI:956,ENNI:TD:B,data/curated/english_child_transcripts/ENNI/download_2026-05-31/TD/B/956.cha,ENNI,TD,TD,male,eng,Built from labeled CHAT folder structure.,110.13,113,6.32,6.24,0.4086,715,0,0.0,0,0,0.0,0,0.0,0,53,0.469,0,0,7,1.457,0,4,6.3248,28.25,1.0,0.0,15,0.0,0.0354,0,0.0,113,736,6.5133,0.2812
ENNI:959,ENNI:TD:B,data/curated/english_child_transcripts/ENNI/download_2026-05-31/TD/B/959.cha,ENNI,TD,TD,,eng,Built from labeled CHAT folder structure.,108.1,86,7.395,7.244,0.3857,631,0,0.0,0,0,0.0,0,0.0,0,46,0.5349,0,0,14,2.702,0,8,7.4574,10.75,0.875,0.0,10,0.026,0.0,0,0.0,86,688,8.0,0.2776
ENNI:960,ENNI:TD:B,data/curated/english_child_transcripts/ENNI/download_2026-05-31/TD/B/960.cha,ENNI,TD,TD,female,eng,Built from labeled CHAT folder structure.,111.33,110,8.34,8.28,0.3629,908,0,0.0,0,0,0.0,0,0.0,0,28,0.2545,0,0,8,3.805,0,5,8.6696,22.0,0.8,0.0,13,0.0023,0.0,0,0.0,110,992,9.0182,0.2581
ENNI:963,ENNI:TD:B,data/curated/english_child_transcripts/ENNI/download_2026-05-31/TD/B/963.cha,ENNI,TD,TD,female,eng,Built from labeled CHAT folder structure.,108.5,82,8.61,8.524,0.3829,701,0,0.0,0,0,0.0,0,0.0,0,55,0.6707,0,0,12,2.648,0,7,7.9775,11.7143,0.8571,0.0,7,0.0,0.0,0,0.0,82,703,8.5732,0.2902
ENNI:964,ENNI:TD:B,data/curated/english_child_transcripts/ENNI/download_2026-05-31/TD/B/964.cha,ENNI,TD,TD,female,eng,Built from labeled CHAT folder structure.,113.4,90,9.322,9.211,0.3886,831,0,0.0,0,0,0.0,0,0.0,0,54,0.6,0,0,9,6.154,1,5,9.1684,18.0,0.8,0.0,3,0.0,0.0111,0,0.0,90,866,9.6222,0.2679
ENNI:967,ENNI:TD:B,data/curated/english_child_transcripts/ENNI/download_2026-05-31/TD/B/967.cha,ENNI,TD,TD,male,eng,Built from labeled CHAT folder structure.,114.73,63,6.381,6.333,0.3943,399,0,0.0,0,6,0.0,0,0.0,0,44,0.6984,0,0,9,1.388,0,5,6.3529,12.6,1.0,0.0,4,0.0032,0.0,0,0.0,63,427,6.7778,0.3607
ENNI:969,ENNI:TD:B,data/curated/english_child_transcripts/ENNI/download_2026-05-31/TD/B/969.cha,ENNI,TD,TD,female,eng,Built from labeled CHAT folder structure.,111.93,77,9.026,8.948,0.3943,689,0,0.0,0,0,0.0,0,0.0,0,53,0.6883,0,0,6,1.415,0,5,8.9268,15.4,0.6,0.0,17,0.0,0.0,0,0.0,77,727,9.4416,0.2875
ENNI:971,ENNI:TD:B,data/curated/english_child_transcripts/ENNI/download_2026-05-31/TD/B/971.cha,ENNI,TD,TD,female,eng,Built from labeled CHAT folder structure.,111.1,63,7.619,7.508,0.42,477,0,0.0,0,6,0.0,0,0.0,0,41,0.6508,0,0,11,1.809,0,6,7.2609,10.5,0.8333,0.0,1,0.0,0.0159,0,0.0159,63,495,7.8571,0.3818
ENNI:974,ENNI:TD:B,data/curated/english_child_transcripts/ENNI/download_2026-05-31/TD/B/974.cha,ENNI,TD,TD,male,eng,Built from labeled CHAT folder structure.,115.77,94,6.202,5.809,0.3857,544,0,0.0,0,0,0.0,0,0.0,0,52,0.5532,0,0,10,3.398,0,5,6.101,18.8,1.0,0.0,12,0.0,0.0,0,0.0,94,599,6.3723,0.3022
Eigsti:1010,Eigsti:ASD:1010,data/curated/english_child_transcripts/Eigsti/ASD/1010.cha,Eigsti,ASD,ASD,female,eng,Built from labeled CHAT folder structure.,63.33,164,3.21,3.01,0.4086,529,9,0.0549,0,2,0.0732,9,0.0549,0,0,0.0,0,0,0,0.0,3,0,3.9756,0.0,0.0,0.0,53,0.0,0.0061,9,0.0122,164,652,3.9756,0.3696
Eigsti:1012,Eigsti:ASD:1012,data/curated/english_child_transcripts/Eigsti/ASD/1012.cha,Eigsti,ASD,ASD,female,eng,Built from labeled CHAT folder structure.,56.47,209,0.94,1.23,0.432,176,10,0.0478,0,67,0.0048,3,0.0144,0,0,0.0,0,1,2,0.0,0,1,1.7429,209.0,1.0,0.0,92,0.0055,0.0048,10,0.0144,209,363,1.7368,0.3526
Eigsti:1017,Eigsti:ASD:1017,data/curated/english_child_transcripts/Eigsti/ASD/1017.cha,Eigsti,ASD,ASD,male,eng,Built from labeled CHAT folder structure.,47.43,247,2.28,2.23,0.5857,483,3,0.0121,0,3,0.0121,8,0.0324,0,0,0.0,437,54,465,0.0,0,491,3.1463,0.5031,0.4236,0.6263,34,0.123,0.0,3,0.0283,247,702,2.8421,0.4672
Eigsti:1020,Eigsti:ASD:1020,data/curated/english_child_transcripts/Eigsti/ASD/1020.cha,Eigsti,ASD,ASD,male,eng,Built from labeled CHAT folder structure.,39.3,257,2.86,2.87,0.42,746,35,0.1362,0,4,0.0272,2,0.0078,0,0,0.0,359,0,387,0.0,7,359,4.013,0.7159,0.5404,0.6438,51,0.071,0.0195,39,0.1128,257,949,3.6926,0.3098
Eigsti:1032,Eigsti:ASD:1032,data/curated/english_child_transcripts/Eigsti/ASD/1032.cha,Eigsti,ASD,ASD,male,eng,Built from labeled CHAT folder structure.,78.3,231,2.33,2.17,0.4743,534,3,0.013,0,24,0.1082,15,0.0649,0,0,0.0,455,0,320,0.0,0,455,3.3017,0.5077,0.3516,0.5031,56,0.1104,0.0,3,0.0649,231,660,2.8571,0.3939
Eigsti:1035,Eigsti:ASD:1035,data/curated/english_child_transcripts/Eigsti/ASD/1035.cha,Eigsti,ASD,ASD,male,eng,Built from labeled CHAT folder structure.,67.5,139,2.2,2.2,0.3772,284,3,0.0216,0,2,0.0432,8,0.0576,0,0,0.0,376,73,300,0.0,0,449,3.6616,0.3096,0.2784,0.4444,37,0.123,0.0,3,0.0288,139,318,2.2878,0.3774
Eigsti:1040,Eigsti:ASD:1040,data/curated/english_child_transcripts/Eigsti/ASD/1040.cha,Eigsti,ASD,ASD,female,eng,Built from labeled CHAT folder structure.,47.63,170,3.75,3.58,0.44,671,1,0.0059,0,12,0.0647,0,0.0,0,0,0.0,326,0,282,0.0,0,326,4.131,0.5215,0.4325,0.617,37,0.075,0.0059,1,0.0471,170,732,4.3059,0.3743
Eigsti:1044,Eigsti:ASD:1044,data/curated/english_child_transcripts/Eigsti/ASD/1044.cha,Eigsti,ASD,ASD,male,eng,Built from labeled CHAT folder structure.,48.4,138,3.14,2.75,0.3743,366,5,0.0362,0,7,0.058,4,0.029,0,0,0.0,0,0,0,0.0,2,0,2.9855,0.0,0.0,0.0,27,0.0,0.0,5,0.0435,138,412,2.9855,0.3617
Eigsti:1045,Eigsti:ASD:1045,data/curated/english_child_transcripts/Eigsti/ASD/1045.cha,Eigsti,ASD,ASD,male,eng,Built from labeled CHAT folder structure.,71.17,139,3.45,3.18,0.3857,423,8,0.0576,0,1,0.0719,0,0.0,0,0,0.0,0,0,0,0.0,3,0,3.3885,0.0,0.0,0.0,31,0.0,0.0,10,0.0504,139,471,3.3885,0.3737
Eigsti:1046,Eigsti:ASD:1046,data/curated/english_child_transcripts/Eigsti/ASD/1046.cha,Eigsti,ASD,ASD,male,eng,Built from labeled CHAT folder structure.,55.5,181,2.74,2.56,0.3314,483,7,0.0387,0,4,0.0221,6,0.0331,0,0,0.0,0,0,0,0.0,19,0,3.0939,0.0,0.0,0.0,68,0.0,0.0,7,0.0055,181,560,3.0939,0.3107
Eigsti:1047,Eigsti:ASD:1047,data/curated/english_child_transcripts/Eigsti/ASD/1047.cha,Eigsti,ASD,ASD,female,eng,Built from labeled CHAT folder structure.,55.17,134,3.12,3.04,0.4229,341,12,0.0896,0,1,0.0821,2,0.0149,0,0,0.0,0,0,0,0.0,0,0,2.8507,0.0,0.0,0.0,27,0.0,0.0,13,0.0448,134,382,2.8507,0.4293
Eigsti:1070,Eigsti:ASD:1070,data/curated/english_child_transcripts/Eigsti/ASD/1070.cha,Eigsti,ASD,ASD,male,eng,Built from labeled CHAT folder structure.,40.03,79,1.165,1.228,0.6598,92,0,0.0,0,5,0.0,0,0.0,0,0,0.0,0,208,132,0.0,3,208,3.7003,0.3798,0.3173,0.3956,20,0.0205,0.0,0,0.0,79,129,1.6329,0.5194
Eigsti:1072,Eigsti:ASD:1072,data/curated/english_child_transcripts/Eigsti/ASD/1072.cha,Eigsti,ASD,ASD,male,eng,Built from labeled CHAT folder structure.,50.6,214,2.4,2.47,0.4857,429,17,0.0794,0,19,0.0794,3,0.014,0,0,0.0,427,0,362,0.0,2,427,4.2652,0.5012,0.4239,0.4551,58,0.0746,0.0,17,0.0,214,708,3.3084,0.3319
Eigsti:1081,Eigsti:ASD:1081,data/curated/english_child_transcripts/Eigsti/ASD/1081.cha,Eigsti,ASD,ASD,male,eng,Built from labeled CHAT folder structure.,68.3,144,2.64,2.47,0.3908,336,2,0.0139,0,4,0.0625,2,0.0139,0,0,0.0,0,9,6,0.0,2,9,2.902,16.0,0.3333,0.5,46,0.0509,0.0,3,0.0,144,403,2.7986,0.3821
Eigsti:1082,Eigsti:ASD:1082,data/curated/english_child_transcripts/Eigsti/ASD/1082.cha,Eigsti,ASD,ASD,male,eng,Built from labeled CHAT folder structure.,60.17,170,3.82,3.61,0.38,621,11,0.0647,0,1,0.0529,11,0.0647,0,0,0.0,0,0,0,0.0,3,0,4.0235,0.0,0.0,0.0,24,0.0,0.0,11,0.0353,170,684,4.0235,0.345
Eigsti:1085,Eigsti:ASD:1085,data/curated/english_child_transcripts/Eigsti/ASD/1085.cha,Eigsti,ASD,ASD,female,eng,Built from labeled CHAT folder structure.,50.67,120,4.13,3.9,0.3371,435,6,0.05,0,0,0.0917,3,0.025,0,0,0.0,112,0,155,0.0,0,112,4.694,1.0714,0.6964,0.8298,26,0.0878,0.0,6,0.05,120,516,4.3,0.3101
Eigsti:1027,Eigsti:DD:1027,data/curated/english_child_transcripts/Eigsti/DD/1027.cha,Eigsti,DD,DD,male,eng,Built from labeled CHAT folder structure.,46.4,156,3.99,3.82,0.4171,604,9,0.0577,0,5,0.1667,1,0.0064,1,0,0.0,324,0,289,0.0,1,324,5.0021,0.4815,0.4444,0.5753,28,0.0788,0.0128,9,0.0385,156,792,5.0769,0.3321
Eigsti:1028,Eigsti:DD:1028,data/curated/english_child_transcripts/Eigsti/DD/1028.cha,Eigsti,DD,DD,male,eng,Built from labeled CHAT folder structure.,64.47,161,3.29,3.19,0.4629,532,7,0.0435,0,16,0.1056,1,0.0062,0,0,0.0,299,0,258,0.0,0,299,3.4804,0.5385,0.4314,0.6897,31,0.0806,0.0186,7,0.0373,161,602,3.7391,0.3821
Eigsti:1030,Eigsti:DD:1030,data/curated/english_child_transcripts/Eigsti/DD/1030.cha,Eigsti,DD,DD,male,eng,Built from labeled CHAT folder structure.,58.17,153,4.26,4.16,0.4,586,24,0.1569,0,5,0.1438,0,0.0,0,0,0.0,0,0,0,0.0,2,0,4.2614,0.0,0.0,0.0,25,0.0,0.0458,30,0.0065,153,652,4.2614,0.3359
Eigsti:1031,Eigsti:DD:1031,data/curated/english_child_transcripts/Eigsti/DD/1031.cha,Eigsti,DD,DD,male,eng,Built from labeled CHAT folder structure.,52.3,215,3.15,3.01,0.4343,646,12,0.0558,0,8,0.093,2,0.0093,0,0,0.0,98,0,167,0.0,1,98,3.1853,2.1939,0.8571,0.9167,45,0.1062,0.0279,12,0.0465,215,727,3.3814,0.3246
Eigsti:1041,Eigsti:DD:1041,data/curated/english_child_transcripts/Eigsti/DD/1041.cha,Eigsti,DD,DD,male,eng,Built from labeled CHAT folder structure.,60.8,125,4.86,4.51,0.3943,518,8,0.064,0,2,0.136,1,0.008,0,0,0.0,0,0,0,0.0,1,0,4.896,0.0,0.0,0.0,24,0.0,0.008,9,0.032,125,612,4.896,0.3088
Eigsti:1042,Eigsti:DD:1042,data/curated/english_child_transcripts/Eigsti/DD/1042.cha,Eigsti,DD,DD,male,eng,Built from labeled CHAT folder structure.,60.8,145,3.34,3.13,0.38,472,14,0.0966,0,4,0.2828,2,0.0138,1,0,0.0,0,0,0,0.0,1,0,3.7586,0.0,0.0,0.0,29,0.0,0.0276,15,0.0069,145,545,3.7586,0.3394
Eigsti:1043,Eigsti:DD:1043,data/curated/english_child_transcripts/Eigsti/DD/1043.cha,Eigsti,DD,DD,female,eng,Built from labeled CHAT folder structure.,46.2,130,2.03,1.84,0.3908,244,2,0.0154,0,6,0.1538,2,0.0154,0,0,0.0,261,31,260,0.0,0,292,3.7038,0.4452,0.4007,0.5854,26,0.1155,0.0,2,0.0231,130,319,2.4538,0.3824
Eigsti:1048,Eigsti:DD:1048,data/curated/english_child_transcripts/Eigsti/DD/1048.cha,Eigsti,DD,DD,male,eng,Built from labeled CHAT folder structure.,55.5,114,3.84,3.67,0.4171,433,3,0.0263,0,0,0.0789,0,0.0,0,0,0.0,0,0,0,0.0,3,0,4.0,0.0,0.0,0.0,24,0.0,0.0088,3,0.0439,114,456,4.0,0.364
Eigsti:1052,Eigsti:DD:1052,data/curated/english_child_transcripts/Eigsti/DD/1052.cha,Eigsti,DD,DD,male,eng,Built from labeled CHAT folder structure.,38.83,83,2.699,2.627,0.4404,204,14,0.1687,0,1,0.1807,8,0.0964,0,0,0.0,0,155,115,0.0,0,155,3.5966,0.5355,0.3097,0.2766,15,0.0315,0.0,14,0.012,83,252,3.0361,0.4484
Eigsti:1054,Eigsti:DD:1054,data/curated/english_child_transcripts/Eigsti/DD/1054.cha,Eigsti,DD,DD,female,eng,Built from labeled CHAT folder structure.,62.67,157,5.75,5.32,0.4,772,7,0.0446,0,5,0.1911,0,0.0,0,0,0.0,0,0,0,0.0,1,0,5.4268,0.0,0.0,0.0,22,0.0,0.0064,7,0.1083,157,852,5.4268,0.3134
Eigsti:1055,Eigsti:DD:1055,data/curated/english_child_transcripts/Eigsti/DD/1055.cha,Eigsti,DD,DD,male,eng,Built from labeled CHAT folder structure.,54.4,136,3.2,3.04,0.4486,424,4,0.0294,0,2,0.0515,2,0.0147,0,0,0.0,0,0,0,0.0,3,0,3.3971,0.0,0.0,0.0,37,0.0,0.0074,4,0.0147,136,462,3.3971,0.4048
Eigsti:1057,Eigsti:DD:1057,data/curated/english_child_transcripts/Eigsti/DD/1057.cha,Eigsti,DD,DD,male,eng,Built from labeled CHAT folder structure.,58.4,122,4.2,3.97,0.4114,429,8,0.0656,0,0,0.1639,0,0.0,0,0,0.0,0,0,0,0.0,3,0,3.8197,0.0,0.0,0.0,11,0.0,0.0246,9,0.0164,122,466,3.8197,0.4292
Eigsti:1058,Eigsti:DD:1058,data/curated/english_child_transcripts/Eigsti/DD/1058.cha,Eigsti,DD,DD,male,eng,Built from labeled CHAT folder structure.,50.87,123,3.51,3.33,0.4257,431,16,0.1301,0,2,0.0244,0,0.0,1,0,0.0,0,0,0,0.0,4,0,3.9837,0.0,0.0,0.0,14,0.0,0.0081,18,0.0325,123,490,3.9837,0.3673
Eigsti:1063,Eigsti:DD:1063,data/curated/english_child_transcripts/Eigsti/DD/1063.cha,Eigsti,DD,DD,male,eng,Built from labeled CHAT folder structure.,78.87,131,4.34,4.02,0.3143,473,7,0.0534,0,0,0.1374,3,0.0229,0,0,0.0,0,0,0,0.0,1,0,3.9237,0.0,0.0,0.0,21,0.0,0.0153,7,0.0076,131,514,3.9237,0.2996
Eigsti:1069,Eigsti:DD:1069,data/curated/english_child_transcripts/Eigsti/DD/1069.cha,Eigsti,DD,DD,male,eng,Built from labeled CHAT folder structure.,58.47,296,2.45,2.39,0.4543,896,17,0.0574,0,13,0.1351,4,0.0135,0,0,0.0,376,0,449,0.0,3,376,4.3512,0.7872,0.5957,0.6957,77,0.0824,0.0068,17,0.0304,296,1104,3.7297,0.269
Eigsti:1074,Eigsti:DD:1074,data/curated/english_child_transcripts/Eigsti/DD/1074.cha,Eigsti,DD,DD,male,eng,Built from labeled CHAT folder structure.,67.6,295,2.18,2.15,0.5857,606,16,0.0542,0,11,0.0644,6,0.0203,0,0,0.0,0,0,0,0.0,2,0,3.2373,0.0,0.0,0.0,97,0.0,0.0034,17,0.0339,295,955,3.2373,0.3592
Eigsti:1011,Eigsti:TD:1011,data/curated/english_child_transcripts/Eigsti/TD/1011.cha,Eigsti,TD,TD,female,eng,Built from labeled CHAT folder structure.,45.63,131,0.9,1.37,0.5211,162,1,0.0076,0,50,0.0,0,0.0,0,0,0.0,0,241,157,0.0,0,241,4.1532,0.5436,0.3278,0.3724,43,0.0141,0.0,1,0.0229,131,282,2.1527,0.4645
Eigsti:1013,Eigsti:TD:1013,data/curated/english_child_transcripts/Eigsti/TD/1013.cha,Eigsti,TD,TD,female,eng,Built from labeled CHAT folder structure.,40.73,197,3.02,2.96,0.4114,560,2,0.0102,0,20,0.0406,1,0.0051,0,0,0.0,0,0,0,0.0,4,0,3.1827,0.0,0.0,0.0,87,0.0,0.0051,2,0.0,197,627,3.1827,0.3381
Eigsti:1022,Eigsti:TD:1022,data/curated/english_child_transcripts/Eigsti/TD/1022.cha,Eigsti,TD,TD,female,eng,Built from labeled CHAT folder structure.,48.03,173,2.51,2.41,0.44,453,0,0.0,0,9,0.0694,1,0.0058,1,0,0.0,318,0,306,0.0,0,318,3.8635,0.544,0.4811,0.7257,54,0.0549,0.0116,0,0.0116,173,500,2.8902,0.38
Eigsti:1024,Eigsti:TD:1024,data/curated/english_child_transcripts/Eigsti/TD/1024.cha,Eigsti,TD,TD,female,eng,Built from labeled CHAT folder structure.,49.03,171,1.78,1.83,0.4457,362,7,0.0409,0,26,0.0351,1,0.0058,0,0,0.0,460,177,396,0.0,0,637,4.9876,0.2684,0.248,0.3813,59,0.0539,0.0,9,0.0175,171,449,2.6257,0.4321
Eigsti:1025,Eigsti:TD:1025,data/curated/english_child_transcripts/Eigsti/TD/1025.cha,Eigsti,TD,TD,male,eng,Built from labeled CHAT folder structure.,47.0,196,4.5,4.08,0.32,706,10,0.051,0,22,0.0306,6,0.0306,0,0,0.0,368,0,283,0.0,2,368,4.0301,0.5326,0.3859,0.6167,59,0.0627,0.0,11,0.0255,196,830,4.2347,0.3361
Eigsti:1056,Eigsti:TD:1056,data/curated/english_child_transcripts/Eigsti/TD/1056.cha,Eigsti,TD,TD,male,eng,Built from labeled CHAT folder structure.,49.8,114,4.39,4.13,0.3943,489,5,0.0439,0,2,0.193,3,0.0263,0,0,0.0,159,0,188,0.0,1,159,4.8095,0.717,0.5912,0.6471,12,0.0983,0.0088,5,0.0088,114,508,4.4561,0.372
Eigsti:1060,Eigsti:TD:1060,data/curated/english_child_transcripts/Eigsti/TD/1060.cha,Eigsti,TD,TD,male,eng,Built from labeled CHAT folder structure.,45.53,146,2.1,1.94,0.3906,314,2,0.0137,0,4,0.0548,5,0.0342,0,0,0.0,0,0,0,0.0,1,0,2.3082,0.0,0.0,0.0,77,0.0,0.0,2,0.0068,146,337,2.3082,0.4006
Eigsti:1061,Eigsti:TD:1061,data/curated/english_child_transcripts/Eigsti/TD/1061.cha,Eigsti,TD,TD,male,eng,Built from labeled CHAT folder structure.,43.7,180,3.36,3.1,0.3943,552,8,0.0444,0,2,0.1667,5,0.0278,0,0,0.0,143,0,193,0.0,4,143,3.7337,1.2587,0.6783,0.7027,40,0.0751,0.0167,8,0.0667,180,667,3.7056,0.3478
Eigsti:1062,Eigsti:TD:1062,data/curated/english_child_transcripts/Eigsti/TD/1062.cha,Eigsti,TD,TD,male,eng,Built from labeled CHAT folder structure.,39.77,163,4.62,4.39,0.4086,726,2,0.0123,0,5,0.0982,0,0.0,0,0,0.0,0,0,0,0.0,4,0,5.0368,0.0,0.0,0.0,51,0.0,0.0123,2,0.092,163,821,5.0368,0.3094
Eigsti:1064,Eigsti:TD:1064,data/curated/english_child_transcripts/Eigsti/TD/1064.cha,Eigsti,TD,TD,male,eng,Built from labeled CHAT folder structure.,47.6,139,4.48,4.07,0.3971,532,4,0.0288,0,5,0.2158,1,0.0072,0,0,0.0,0,0,0,0.0,8,0,4.0504,0.0,0.0,0.0,18,0.0,0.0216,4,0.0288,139,563,4.0504,0.3552
Eigsti:1068,Eigsti:TD:1068,data/curated/english_child_transcripts/Eigsti/TD/1068.cha,Eigsti,TD,TD,male,eng,Built from labeled CHAT folder structure.,46.43,137,3.92,3.65,0.3971,515,1,0.0073,0,0,0.1533,0,0.0,0,0,0.0,0,0,0,0.0,5,0,4.0146,0.0,0.0,0.0,31,0.0,0.0365,1,0.0073,137,550,4.0146,0.3564
Eigsti:1075,Eigsti:TD:1075,data/curated/english_child_transcripts/Eigsti/TD/1075.cha,Eigsti,TD,TD,male,eng,Built from labeled CHAT folder structure.,36.2,203,2.92,2.77,0.3857,583,5,0.0246,0,6,0.1724,4,0.0197,1,0,0.0,278,0,308,0.0,2,278,4.4636,0.7302,0.554,0.719,58,0.1165,0.0049,7,0.0296,203,698,3.4384,0.3338
Eigsti:1076,Eigsti:TD:1076,data/curated/english_child_transcripts/Eigsti/TD/1076.cha,Eigsti,TD,TD,male,eng,Built from labeled CHAT folder structure.,36.63,218,4.95,4.63,0.3829,748,3,0.0138,0,11,0.2385,8,0.0367,0,0,0.0,0,0,0,0.0,1,0,4.0688,0.0,0.0,0.0,76,0.0,0.0,3,0.0229,218,887,4.0688,0.3067
Eigsti:1078,Eigsti:TD:1078,data/curated/english_child_transcripts/Eigsti/TD/1078.cha,Eigsti,TD,TD,male,eng,Built from labeled CHAT folder structure.,32.6,94,1.649,1.67,0.3758,151,2,0.0213,0,4,0.0106,2,0.0213,0,0,0.0,264,3,172,0.0,0,267,4.3934,0.3521,0.3221,0.4667,46,0.0362,0.0,2,0.0,94,184,1.9574,0.3587
Eigsti:1079,Eigsti:TD:1079,data/curated/english_child_transcripts/Eigsti/TD/1079.cha,Eigsti,TD,TD,male,eng,Built from labeled CHAT folder structure.,36.53,150,3.59,3.32,0.4257,461,9,0.06,0,1,0.0533,5,0.0333,0,0,0.0,0,0,0,0.0,5,0,3.34,0.0,0.0,0.0,34,0.0,0.0133,9,0.0267,150,501,3.34,0.3713
Eigsti:1080,Eigsti:TD:1080,data/curated/english_child_transcripts/Eigsti/TD/1080.cha,Eigsti,TD,TD,male,eng,Built from labeled CHAT folder structure.,33.17,123,4.18,3.59,0.3971,421,7,0.0569,0,0,0.0488,4,0.0325,0,0,0.0,247,0,236,0.0,4,247,4.8243,0.498,0.4777,0.7162,43,0.0879,0.0081,7,0.0081,123,479,3.8943,0.3528
EisenbergGuo:001AK,EisenbergGuo:STI:001AK,data/curated/english_child_transcripts/EisenbergGuo/download_2026-06-01/SLI/001AK.cha,EisenbergGuo,STI,STI,male,eng,Built from labeled CHAT folder structure.,42.0,68,4.485,3.882,0.3144,263,5,0.0735,0,0,0.0,13,0.1912,0,0,0.0,106,0,122,0.0,0,106,5.9425,0.6415,0.5755,0.6515,22,0.0396,0.0,6,0.0147,68,283,4.1618,0.318
EisenbergGuo:019JC,EisenbergGuo:STI:019JC,data/curated/english_child_transcripts/EisenbergGuo/download_2026-06-01/SLI/019JC.cha,EisenbergGuo,STI,STI,male,eng,Built from labeled CHAT folder structure.,41.0,96,4.26,3.969,0.3286,379,2,0.0208,1,0,0.0,10,0.1042,0,0,0.0,121,7,173,0.0,0,128,5.1607,0.75,0.6562,0.8358,16,0.05,0.0,2,0.0,96,459,4.7812,0.2919
EisenbergGuo:021RS,EisenbergGuo:STI:021RS,data/curated/english_child_transcripts/EisenbergGuo/download_2026-06-01/SLI/021RS.cha,EisenbergGuo,STI,STI,female,eng,Built from labeled CHAT folder structure.,45.0,75,4.053,3.893,0.4555,291,4,0.0533,1,0,0.0,2,0.0267,0,0,0.0,98,0,147,0.0,0,98,5.5376,0.7653,0.7551,0.963,11,0.0882,0.0,4,0.0133,75,369,4.92,0.3848
EisenbergGuo:025TS,EisenbergGuo:STI:025TS,data/curated/english_child_transcripts/EisenbergGuo/download_2026-06-01/SLI/025TS.cha,EisenbergGuo,STI,STI,,eng,Built from labeled CHAT folder structure.,46.0,89,5.169,4.798,0.3829,421,4,0.0449,2,0,0.0337,0,0.0,0,0,0.0,95,0,137,0.0,1,95,6.125,0.9368,0.7263,0.8226,6,0.0813,0.0,4,0.0225,89,464,5.2135,0.3772
EisenbergGuo:035CB,EisenbergGuo:STI:035CB,data/curated/english_child_transcripts/EisenbergGuo/download_2026-06-01/SLI/035CB.cha,EisenbergGuo,STI,STI,female,eng,Built from labeled CHAT folder structure.,45.0,140,6.96,6.52,0.3171,916,24,0.1714,0,1,0.0,2,0.0143,0,0,0.0,129,0,171,0.0,0,129,6.7695,1.0853,0.6667,0.95,61,0.0965,0.0,29,0.0929,140,1146,8.1857,0.2182
EisenbergGuo:037MB,EisenbergGuo:STI:037MB,data/curated/english_child_transcripts/EisenbergGuo/download_2026-06-01/SLI/037MB.cha,EisenbergGuo,STI,STI,male,eng,Built from labeled CHAT folder structure.,43.0,113,4.16,4.04,0.3314,457,5,0.0442,0,0,0.0177,6,0.0531,6,0,0.0,142,0,175,0.0,0,142,6.3333,0.7958,0.6197,0.9848,265,0.0636,0.0531,5,0.0177,113,839,7.4248,0.1788
EisenbergGuo:041RZ,EisenbergGuo:STI:041RZ,data/curated/english_child_transcripts/EisenbergGuo/download_2026-06-01/SLI/041RZ.cha,EisenbergGuo,STI,STI,,eng,Built from labeled CHAT folder structure.,44.0,108,4.04,3.9,0.3457,415,28,0.2593,6,1,0.0,7,0.0648,0,0,0.0,108,0,155,0.0,0,108,5.3565,1.0,0.7222,0.8806,51,0.0596,0.0,32,0.1296,108,509,4.713,0.2927
EisenbergGuo:064JG,EisenbergGuo:STI:064JG,data/curated/english_child_transcripts/EisenbergGuo/download_2026-06-01/SLI/064JG.cha,EisenbergGuo,STI,STI,male,eng,Built from labeled CHAT folder structure.,37.0,86,4.174,3.953,0.3706,340,1,0.0116,0,0,0.0,2,0.0233,0,0,0.0,203,0,162,0.0,2,203,4.827,0.4236,0.399,0.8,9,0.0792,0.0,1,0.0,86,427,4.9651,0.356
EisenbergGuo:067EE,EisenbergGuo:STI:067EE,data/curated/english_child_transcripts/EisenbergGuo/download_2026-06-01/SLI/067EE.cha,EisenbergGuo,STI,STI,female,eng,Built from labeled CHAT folder structure.,38.0,92,3.891,3.293,0.3465,297,12,0.1304,0,2,0.0,18,0.1957,0,0,0.0,125,0,171,0.0,0,125,5.1521,0.736,0.688,0.95,33,0.0491,0.0,12,0.0,92,323,3.5109,0.3529
EisenbergGuo:068SW,EisenbergGuo:STI:068SW,data/curated/english_child_transcripts/EisenbergGuo/download_2026-06-01/SLI/068SW.cha,EisenbergGuo,STI,STI,male,eng,Built from labeled CHAT folder structure.,42.0,59,3.712,3.22,0.4421,189,4,0.0678,0,0,0.0,1,0.0169,0,0,0.0,117,0,117,0.0,0,117,5.5795,0.5043,0.5043,0.8205,14,0.0755,0.0,4,0.0508,59,249,4.2203,0.4016
EisenbergGuo:071YV,EisenbergGuo:STI:071YV,data/curated/english_child_transcripts/EisenbergGuo/download_2026-06-01/SLI/071YV.cha,EisenbergGuo,STI,STI,male,eng,Built from labeled CHAT folder structure.,38.0,107,3.26,3.09,0.3144,317,4,0.0374,16,0,0.2243,3,0.028,0,0,0.0,153,0,187,0.0,0,153,4.9538,0.6993,0.6144,0.9565,8,0.1067,0.0,4,0.0374,107,394,3.6822,0.2995
EisenbergGuo:073CB,EisenbergGuo:STI:073CB,data/curated/english_child_transcripts/EisenbergGuo/download_2026-06-01/SLI/073CB.cha,EisenbergGuo,STI,STI,male,eng,Built from labeled CHAT folder structure.,41.0,113,4.33,3.92,0.3543,440,3,0.0265,1,1,0.0,11,0.0973,0,0,0.0,228,4,210,0.0,1,232,5.0029,0.4871,0.4483,0.8354,46,0.0667,0.0,4,0.0265,113,525,4.646,0.2971
EisenbergGuo:083BB,EisenbergGuo:STI:083BB,data/curated/english_child_transcripts/EisenbergGuo/download_2026-06-01/SLI/083BB.cha,EisenbergGuo,STI,STI,female,eng,Built from labeled CHAT folder structure.,38.0,168,3.03,2.94,0.3114,511,15,0.0893,2,0,0.0595,18,0.1071,0,0,0.0,289,0,318,0.0,0,289,4.302,0.5813,0.5502,0.8106,50,0.0773,0.0,16,0.0179,168,579,3.4464,0.2383
EisenbergGuo:084GD,EisenbergGuo:STI:084GD,data/curated/english_child_transcripts/EisenbergGuo/download_2026-06-01/SLI/084GD.cha,EisenbergGuo,STI,STI,female,eng,Built from labeled CHAT folder structure.,45.0,160,3.19,2.93,0.2971,493,13,0.0813,0,0,0.0,6,0.0375,0,0,0.0,234,0,277,0.0,0,234,4.3122,0.6838,0.594,0.9355,57,0.1127,0.0,13,0.0063,160,557,3.4813,0.2747
EisenbergGuo:085NL,EisenbergGuo:STI:085NL,data/curated/english_child_transcripts/EisenbergGuo/download_2026-06-01/SLI/085NL.cha,EisenbergGuo,STI,STI,male,eng,Built from labeled CHAT folder structure.,37.0,217,2.9,2.58,0.2857,477,14,0.0645,5,2,0.0046,15,0.0691,0,0,0.0,295,11,360,0.0,0,306,3.5488,0.7092,0.585,0.9398,85,0.0604,0.0,14,0.0138,217,506,2.3318,0.2964
EisenbergGuo:107KD,EisenbergGuo:STI:107KD,data/curated/english_child_transcripts/EisenbergGuo/download_2026-06-01/SLI/107KD.cha,EisenbergGuo,STI,STI,female,eng,Built from labeled CHAT folder structure.,37.0,160,1.84,1.72,0.3311,293,8,0.05,4,0,0.0,17,0.1062,0,0,0.0,279,0,290,0.0,0,279,3.41,0.5735,0.5197,0.7982,53,0.2675,0.0,8,0.0187,160,338,2.1125,0.3254
EisenbergGuo:109AM,EisenbergGuo:STI:109AM,data/curated/english_child_transcripts/EisenbergGuo/download_2026-06-01/SLI/109AM.cha,EisenbergGuo,STI,STI,male,eng,Built from labeled CHAT folder structure.,43.0,167,4.15,4.01,0.3143,598,12,0.0719,0,2,0.006,8,0.0479,0,0,0.0,279,0,300,0.0,0,279,4.4955,0.5986,0.5376,0.814,55,0.0865,0.0,12,0.012,167,669,4.006,0.2511
EisenbergGuo:006MD,EisenbergGuo:TD:006MD,data/curated/english_child_transcripts/EisenbergGuo/download_2026-06-01/TD/006MD.cha,EisenbergGuo,TD,TD,female,eng,Built from labeled CHAT folder structure.,43.0,102,5.85,5.24,0.3971,533,5,0.049,0,1,0.0,3,0.0294,0,0,0.0,67,0,125,0.0,0,67,6.0888,1.5224,0.9403,0.9796,9,0.0798,0.0,6,0.0392,102,591,5.7941,0.357
EisenbergGuo:009JL,EisenbergGuo:TD:009JL,data/curated/english_child_transcripts/EisenbergGuo/download_2026-06-01/TD/009JL.cha,EisenbergGuo,TD,TD,female,eng,Built from labeled CHAT folder structure.,45.0,108,6.73,6.11,0.4257,662,11,0.1019,0,0,0.0185,0,0.0,0,0,0.0,80,0,133,0.0,0,80,6.2128,1.35,0.8375,0.9787,16,0.0619,0.0,13,0.0093,108,706,6.537,0.3229
EisenbergGuo:012MB,EisenbergGuo:TD:012MB,data/curated/english_child_transcripts/EisenbergGuo/download_2026-06-01/TD/012MB.cha,EisenbergGuo,TD,TD,male,eng,Built from labeled CHAT folder structure.,46.0,77,5.286,4.403,0.3658,338,4,0.0519,0,0,0.0,0,0.0,0,0,0.0,84,0,137,0.0,0,84,5.9503,0.9167,0.8214,0.9388,22,0.0465,0.0,5,0.026,77,417,5.4156,0.3094
EisenbergGuo:020MV,EisenbergGuo:TD:020MV,data/curated/english_child_transcripts/EisenbergGuo/download_2026-06-01/TD/020MV.cha,EisenbergGuo,TD,TD,male,eng,Built from labeled CHAT folder structure.,44.0,95,4.642,4.305,0.4286,400,0,0.0,7,0,0.0632,5,0.0526,0,0,0.0,119,0,152,0.0,0,119,6.0654,0.7983,0.6387,0.6885,27,0.0569,0.0,0,0.0,95,434,4.5684,0.3825
EisenbergGuo:028MH,EisenbergGuo:TD:028MH,data/curated/english_child_transcripts/EisenbergGuo/download_2026-06-01/TD/028MH.cha,EisenbergGuo,TD,TD,male,eng,Built from labeled CHAT folder structure.,42.0,92,5.25,4.989,0.3543,456,3,0.0326,0,0,0.0,4,0.0435,0,0,0.0,101,0,159,0.0,0,101,6.0466,0.9109,0.7921,0.9825,3,0.0853,0.0,3,0.0109,92,535,5.8152,0.2897
EisenbergGuo:029ES,EisenbergGuo:TD:029ES,data/curated/english_child_transcripts/EisenbergGuo/download_2026-06-01/TD/029ES.cha,EisenbergGuo,TD,TD,female,eng,Built from labeled CHAT folder structure.,47.0,145,5.69,5.26,0.3571,722,12,0.0828,5,0,0.0552,2,0.0138,0,0,0.0,127,0,179,0.0,0,127,5.6397,1.1417,0.7087,0.9074,12,0.0883,0.0,12,0.0759,145,794,5.4759,0.2708
EisenbergGuo:030SN,EisenbergGuo:TD:030SN,data/curated/english_child_transcripts/EisenbergGuo/download_2026-06-01/TD/030SN.cha,EisenbergGuo,TD,TD,female,eng,Built from labeled CHAT folder structure.,44.0,113,4.22,3.87,0.4,430,1,0.0088,15,0,0.0354,5,0.0442,0,0,0.0,98,0,159,0.0,0,98,5.3981,1.1531,0.8163,0.8909,11,0.0567,0.0,1,0.0088,113,456,4.0354,0.364
EisenbergGuo:043MS,EisenbergGuo:TD:043MS,data/curated/english_child_transcripts/EisenbergGuo/download_2026-06-01/TD/043MS.cha,EisenbergGuo,TD,TD,female,eng,Built from labeled CHAT folder structure.,43.0,115,5.42,5.07,0.3657,601,5,0.0435,1,0,0.0087,2,0.0174,0,0,0.0,85,0,157,0.0,0,85,5.82,1.3529,0.9294,0.9592,5,0.0749,0.0522,6,0.0261,115,646,5.6174,0.2972
EisenbergGuo:052NR,EisenbergGuo:TD:052NR,data/curated/english_child_transcripts/EisenbergGuo/download_2026-06-01/TD/052NR.cha,EisenbergGuo,TD,TD,male,eng,Built from labeled CHAT folder structure.,40.0,124,6.28,5.64,0.42,698,5,0.0403,0,0,0.0968,6,0.0484,0,0,0.0,111,0,173,0.0,0,111,6.6,1.1171,0.7838,0.9483,41,0.0856,0.0,5,0.0161,124,823,6.6371,0.3026
EisenbergGuo:053CW,EisenbergGuo:TD:053CW,data/curated/english_child_transcripts/EisenbergGuo/download_2026-06-01/TD/053CW.cha,EisenbergGuo,TD,TD,male,eng,Built from labeled CHAT folder structure.,38.0,81,4.123,3.691,0.4114,296,8,0.0988,2,0,0.1358,7,0.0864,0,0,0.0,107,0,131,0.0,0,107,5.5532,0.757,0.6168,0.9259,19,0.0863,0.0,8,0.0,81,357,4.4074,0.3669
EisenbergGuo:058NR,EisenbergGuo:TD:058NR,data/curated/english_child_transcripts/EisenbergGuo/download_2026-06-01/TD/058NR.cha,EisenbergGuo,TD,TD,male,eng,Built from labeled CHAT folder structure.,36.0,78,4.654,4.141,0.3994,323,4,0.0513,0,0,0.0256,1,0.0128,0,0,0.0,89,0,121,0.0,0,89,5.4611,0.8764,0.6854,0.8269,10,0.0824,0.0,5,0.0256,78,372,4.7692,0.379
EisenbergGuo:065JM,EisenbergGuo:TD:065JM,data/curated/english_child_transcripts/EisenbergGuo/download_2026-06-01/TD/065JM.cha,EisenbergGuo,TD,TD,male,eng,Built from labeled CHAT folder structure.,42.0,87,4.759,4.471,0.4086,387,6,0.069,0,0,0.046,4,0.046,0,0,0.0,123,0,151,0.0,0,123,5.6857,0.7073,0.6179,0.9722,7,0.1108,0.0,8,0.023,87,437,5.023,0.3638
EisenbergGuo:072AG,EisenbergGuo:TD:072AG,data/curated/english_child_transcripts/EisenbergGuo/download_2026-06-01/TD/072AG.cha,EisenbergGuo,TD,TD,female,eng,Built from labeled CHAT folder structure.,39.0,87,4.644,4.368,0.3514,371,0,0.0,1,0,0.0,4,0.046,0,0,0.0,135,0,167,0.0,0,135,5.5495,0.6444,0.6222,0.9123,12,0.1108,0.0,0,0.0,87,478,5.4943,0.3201
EisenbergGuo:077EG,EisenbergGuo:TD:077EG,data/curated/english_child_transcripts/EisenbergGuo/download_2026-06-01/TD/077EG.cha,EisenbergGuo,TD,TD,female,eng,Built from labeled CHAT folder structure.,39.0,81,4.025,3.222,0.3755,260,2,0.0247,0,0,0.0,10,0.1235,0,0,0.0,172,3,159,0.0,0,175,5.4414,0.4629,0.4457,0.913,27,0.0371,0.0,2,0.0123,81,327,4.037,0.3364
EisenbergGuo:092GA,EisenbergGuo:TD:092GA,data/curated/english_child_transcripts/EisenbergGuo/download_2026-06-01/TD/092GA.cha,EisenbergGuo,TD,TD,male,eng,Built from labeled CHAT folder structure.,44.0,101,3.57,3.34,0.4053,335,1,0.0099,2,0,0.0693,5,0.0495,0,0,0.0,228,8,194,0.0,0,236,4.4362,0.428,0.4068,0.8462,21,0.0856,0.0,1,0.0,101,369,3.6535,0.3984
EisenbergGuo:101BM,EisenbergGuo:TD:101BM,data/curated/english_child_transcripts/EisenbergGuo/download_2026-06-01/TD/101BM.cha,EisenbergGuo,TD,TD,male,eng,Built from labeled CHAT folder structure.,37.0,74,5.838,5.459,0.3829,404,1,0.0135,0,0,0.0,1,0.0135,0,0,0.0,166,0,138,0.0,0,166,6.0042,0.4458,0.4157,0.6724,4,0.1293,0.0,1,0.0,74,450,6.0811,0.3689
EisenbergGuo:110AR,EisenbergGuo:TD:110AR,data/curated/english_child_transcripts/EisenbergGuo/download_2026-06-01/TD/110AR.cha,EisenbergGuo,TD,TD,male,eng,Built from labeled CHAT folder structure.,39.0,135,4.83,4.1,0.3486,591,0,0.0,0,1,0.0,9,0.0667,0,0,0.0,200,0,184,0.0,0,200,5.5224,0.675,0.46,0.9057,45,0.086,0.0,0,0.0,135,724,5.363,0.2707
EllisWeismer:11005,EllisWeismer:LT:30ec,data/curated/english_child_transcripts/EllisWeismer/download_2026-05-31/LT/30ec/11005.cha,EllisWeismer,LT,LT,female,eng,Built from labeled CHAT folder structure.,30.0,157,2.1,2.13,0.2539,305,34,0.2166,0,1,0.0,8,0.051,0,23,0.1465,160,0,189,0.459,0,160,2.6246,0.9812,0.5875,0.6406,48,0.0959,0.0064,35,0.0127,157,307,1.9554,0.2541
EllisWeismer:11016,EllisWeismer:LT:30ec,data/curated/english_child_transcripts/EllisWeismer/download_2026-05-31/LT/30ec/11016.cha,EllisWeismer,LT,LT,female,eng,Built from labeled CHAT folder structure.,30.0,118,1.52,1.69,0.2751,159,38,0.322,2,1,0.0,8,0.0678,0,89,0.7542,114,0,113,2.723,0,114,2.1638,1.0351,0.5,0.7647,36,0.2099,0.0,41,0.0,118,169,1.4322,0.3077
EllisWeismer:11031,EllisWeismer:LT:30ec,data/curated/english_child_transcripts/EllisWeismer/download_2026-05-31/LT/30ec/11031.cha,EllisWeismer,LT,LT,female,eng,Built from labeled CHAT folder structure.,30.0,131,2.68,2.59,0.2545,321,43,0.3282,0,0,0.0076,6,0.0458,0,30,0.229,233,0,169,0.579,0,233,3.6071,0.5622,0.3648,0.4675,23,0.1181,0.0,44,0.0076,131,334,2.5496,0.2455
EllisWeismer:11043,EllisWeismer:LT:30ec,data/curated/english_child_transcripts/EllisWeismer/download_2026-05-31/LT/30ec/11043.cha,EllisWeismer,LT,LT,female,eng,Built from labeled CHAT folder structure.,30.0,171,2.39,2.22,0.2857,376,22,0.1287,0,1,0.0,13,0.076,0,22,0.1287,322,0,254,0.189,0,322,3.9209,0.5311,0.3944,0.6337,51,0.1791,0.0117,22,0.0175,171,443,2.5906,0.2822
EllisWeismer:11065,EllisWeismer:LT:30ec,data/curated/english_child_transcripts/EllisWeismer/download_2026-05-31/LT/30ec/11065.cha,EllisWeismer,LT,LT,female,eng,Built from labeled CHAT folder structure.,30.0,220,1.8,1.86,0.3029,351,50,0.2273,0,2,0.0,9,0.0409,0,53,0.2409,209,0,283,0.703,0,209,2.7995,1.0526,0.6794,0.8514,79,0.1863,0.0045,51,0.0091,220,382,1.7364,0.3115
EllisWeismer:11066,EllisWeismer:LT:30ec,data/curated/english_child_transcripts/EllisWeismer/download_2026-05-31/LT/30ec/11066.cha,EllisWeismer,LT,LT,female,eng,Built from labeled CHAT folder structure.,30.0,75,2.24,2.36,0.322,164,20,0.2667,0,1,0.0133,5,0.0667,0,23,0.3067,205,0,100,0.772,0,205,3.95,0.3659,0.2439,0.2933,16,0.0676,0.0,22,0.0533,75,182,2.4267,0.3352
EllisWeismer:11068,EllisWeismer:LT:30ec,data/curated/english_child_transcripts/EllisWeismer/download_2026-05-31/LT/30ec/11068.cha,EllisWeismer,LT,LT,female,eng,Built from labeled CHAT folder structure.,30.0,208,1.2,1.26,0.3373,238,21,0.101,0,1,0.0,2,0.0096,0,43,0.2067,181,0,253,0.291,0,181,2.6787,1.1492,0.7017,0.7955,100,0.0602,0.0,21,0.0048,208,374,1.7981,0.2807
EllisWeismer:11070,EllisWeismer:LT:30ec,data/curated/english_child_transcripts/EllisWeismer/download_2026-05-31/LT/30ec/11070.cha,EllisWeismer,LT,LT,female,eng,Built from labeled CHAT folder structure.,30.0,107,0.62,1.09,0.25,66,38,0.3551,0,16,0.0,0,0.0,0,122,1.1402,165,0,113,2.671,0,165,2.2647,0.6485,0.3455,0.5385,42,0.0896,0.0,38,0.028,107,86,0.8037,0.4186
EllisWeismer:11078,EllisWeismer:LT:30ec,data/curated/english_child_transcripts/EllisWeismer/download_2026-05-31/LT/30ec/11078.cha,EllisWeismer,LT,LT,female,eng,Built from labeled CHAT folder structure.,30.0,113,2.57,2.58,0.3227,271,43,0.3805,0,1,0.0,1,0.0088,0,85,0.7522,120,0,137,2.017,0,120,3.1845,0.9417,0.575,0.28,16,0.0623,0.0,49,0.0,113,295,2.6106,0.3322
EllisWeismer:12009,EllisWeismer:LT:30ec,data/curated/english_child_transcripts/EllisWeismer/download_2026-05-31/LT/30ec/12009.cha,EllisWeismer,LT,LT,male,eng,Built from labeled CHAT folder structure.,30.0,132,1.78,1.8,0.3421,217,22,0.1667,0,4,0.0,2,0.0152,0,43,0.3258,200,0,182,0.749,0,200,2.8283,0.66,0.455,0.619,42,0.0957,0.0076,22,0.0152,132,262,1.9848,0.3588
EllisWeismer:12022,EllisWeismer:LT:30ec,data/curated/english_child_transcripts/EllisWeismer/download_2026-05-31/LT/30ec/12022.cha,EllisWeismer,LT,LT,male,eng,Built from labeled CHAT folder structure.,30.0,77,0.623,1.104,0.3529,48,19,0.2468,0,23,0.0,1,0.013,0,98,1.2727,190,0,82,2.833,0,190,2.7865,0.4053,0.2158,0.225,35,0.1338,0.0,20,0.0,77,79,1.026,0.4557
EllisWeismer:12036,EllisWeismer:LT:30ec,data/curated/english_child_transcripts/EllisWeismer/download_2026-05-31/LT/30ec/12036.cha,EllisWeismer,LT,LT,male,eng,Built from labeled CHAT folder structure.,30.0,178,1.79,1.88,0.2212,310,18,0.1011,0,13,0.0,13,0.073,0,47,0.264,163,0,213,0.833,0,163,2.695,1.092,0.6564,0.561,57,0.1444,0.0,18,0.0112,178,432,2.427,0.2014
EllisWeismer:12038,EllisWeismer:LT:30ec,data/curated/english_child_transcripts/EllisWeismer/download_2026-05-31/LT/30ec/12038.cha,EllisWeismer,LT,LT,male,eng,Built from labeled CHAT folder structure.,30.0,78,1.885,1.974,0.474,145,9,0.1154,0,4,0.0,8,0.1026,0,30,0.3846,115,0,86,0.695,0,115,2.9534,0.6783,0.3739,0.4828,22,0.0443,0.0,9,0.0385,78,172,2.2051,0.4767
EllisWeismer:12042,EllisWeismer:LT:30ec,data/curated/english_child_transcripts/EllisWeismer/download_2026-05-31/LT/30ec/12042.cha,EllisWeismer,LT,LT,male,eng,Built from labeled CHAT folder structure.,30.0,24,1.25,1.417,0.5882,30,5,0.2083,0,0,0.0,0,0.0,0,12,0.5,155,0,37,0.192,0,155,3.7877,0.1548,0.1226,0.2075,8,0.0633,0.0,5,0.0,24,35,1.4583,0.6
EllisWeismer:12058,EllisWeismer:LT:30ec,data/curated/english_child_transcripts/EllisWeismer/download_2026-05-31/LT/30ec/12058.cha,EllisWeismer,LT,LT,male,eng,Built from labeled CHAT folder structure.,30.0,2,0.0,1.0,0.5,0,0,0.0,0,0,0.0,0,0.0,0,14,7.0,92,0,4,0.477,0,92,3.7021,0.0217,0.0217,0.0667,0,0.0,0.0,0,0.0,2,0,0.0,0.0
EllisWeismer:12059,EllisWeismer:LT:30ec,data/curated/english_child_transcripts/EllisWeismer/download_2026-05-31/LT/30ec/12059.cha,EllisWeismer,LT,LT,male,eng,Built from labeled CHAT folder structure.,30.0,17,1.235,1.353,0.6957,21,0,0.0,0,0,0.0,0,0.0,0,24,1.4118,116,0,34,0.178,0,116,3.5113,0.1466,0.1466,0.3077,5,0.0932,0.0,0,0.0,17,23,1.3529,0.7391
EllisWeismer:12067,EllisWeismer:LT:30ec,data/curated/english_child_transcripts/EllisWeismer/download_2026-05-31/LT/30ec/12067.cha,EllisWeismer,LT,LT,male,eng,Built from labeled CHAT folder structure.,30.0,113,1.67,1.7,0.5185,177,10,0.0885,0,1,0.0,2,0.0177,0,94,0.8319,220,0,157,1.531,0,220,3.1351,0.5136,0.3591,0.4714,27,0.1214,0.0,10,0.0177,113,214,1.8938,0.5374
EllisWeismer:12072,EllisWeismer:LT:30ec,data/curated/english_child_transcripts/EllisWeismer/download_2026-05-31/LT/30ec/12072.cha,EllisWeismer,LT,LT,male,eng,Built from labeled CHAT folder structure.,30.0,150,2.11,1.98,0.3672,295,6,0.04,0,0,0.0,5,0.0333,0,80,0.5333,253,0,220,1.175,0,253,3.531,0.5929,0.4348,0.6404,50,0.0753,0.0,6,0.0067,150,320,2.1333,0.3781
EllisWeismer:12074,EllisWeismer:LT:30ec,data/curated/english_child_transcripts/EllisWeismer/download_2026-05-31/LT/30ec/12074.cha,EllisWeismer,LT,LT,male,eng,Built from labeled CHAT folder structure.,30.0,87,0.885,1.115,0.4433,77,8,0.092,0,4,0.0,1,0.0115,0,94,1.0805,138,0,119,2.519,0,138,2.2267,0.6304,0.4348,0.5714,28,0.1486,0.0,8,0.0,87,103,1.1839,0.5728
EllisWeismer:12076,EllisWeismer:LT:30ec,data/curated/english_child_transcripts/EllisWeismer/download_2026-05-31/LT/30ec/12076.cha,EllisWeismer,LT,LT,male,eng,Built from labeled CHAT folder structure.,30.0,97,0.784,1.052,0.3725,76,12,0.1237,0,8,0.0103,0,0.0,0,117,1.2062,243,0,131,3.002,0,243,3.2676,0.3992,0.2716,0.3271,40,0.0962,0.0,12,0.0,97,87,0.8969,0.4713
EllisWeismer:12079,EllisWeismer:LT:30ec,data/curated/english_child_transcripts/EllisWeismer/download_2026-05-31/LT/30ec/12079.cha,EllisWeismer,LT,LT,male,eng,Built from labeled CHAT folder structure.,30.0,190,0.91,1.19,0.2747,177,40,0.2105,0,10,0.0,6,0.0316,0,96,0.5053,179,0,204,1.25,0,179,2.0623,1.0615,0.5698,0.7222,66,0.1029,0.0,40,0.0,190,211,1.1105,0.3934
EllisWeismer:12080,EllisWeismer:LT:30ec,data/curated/english_child_transcripts/EllisWeismer/download_2026-05-31/LT/30ec/12080.cha,EllisWeismer,LT,LT,male,eng,Built from labeled CHAT folder structure.,30.0,235,1.34,1.39,0.2698,311,21,0.0894,0,2,0.0,19,0.0809,0,79,0.3362,189,0,227,1.004,0,189,2.5566,1.2434,0.6032,0.5455,87,0.0926,0.0,21,0.0213,235,479,2.0383,0.2463
EllisWeismer:12081,EllisWeismer:LT:30ec,data/curated/english_child_transcripts/EllisWeismer/download_2026-05-31/LT/30ec/12081.cha,EllisWeismer,LT,LT,male,eng,Built from labeled CHAT folder structure.,30.0,98,1.071,1.214,0.4454,104,8,0.0816,0,3,0.0,3,0.0306,0,89,0.9082,163,0,130,1.891,0,163,2.4291,0.6012,0.3988,0.5152,36,0.0884,0.0102,8,0.0,98,134,1.3673,0.5075
EllisWeismer:12082,EllisWeismer:LT:30ec,data/curated/english_child_transcripts/EllisWeismer/download_2026-05-31/LT/30ec/12082.cha,EllisWeismer,LT,LT,male,eng,Built from labeled CHAT folder structure.,30.0,165,0.84,1.09,0.2151,146,41,0.2485,0,2,0.0,0,0.0,0,101,0.6121,274,0,223,1.178,0,274,2.9385,0.6022,0.4088,0.561,81,0.0701,0.0,41,0.0,165,162,0.9818,0.2654
EllisWeismer:12083,EllisWeismer:LT:30ec,data/curated/english_child_transcripts/EllisWeismer/download_2026-05-31/LT/30ec/12083.cha,EllisWeismer,LT,LT,male,eng,Built from labeled CHAT folder structure.,30.0,153,0.96,1.33,0.2732,123,70,0.4575,0,15,0.0,2,0.0131,0,66,0.4314,256,0,155,0.92,0,256,3.3178,0.5977,0.3047,0.5172,54,0.1116,0.0,71,0.0131,153,253,1.6536,0.2292
EllisWeismer:12084,EllisWeismer:LT:30ec,data/curated/english_child_transcripts/EllisWeismer/download_2026-05-31/LT/30ec/12084.cha,EllisWeismer,LT,LT,male,eng,Built from labeled CHAT folder structure.,30.0,209,1.22,1.46,0.289,254,54,0.2584,0,15,0.0048,5,0.0239,0,67,0.3206,274,0,229,0.83,0,274,2.9731,0.7628,0.4197,0.459,87,0.112,0.0,59,0.0239,209,293,1.4019,0.3379
EllisWeismer:21094,EllisWeismer:LT:30ec,data/curated/english_child_transcripts/EllisWeismer/download_2026-05-31/LT/30ec/21094.cha,EllisWeismer,LT,LT,female,eng,Built from labeled CHAT folder structure.,30.0,224,1.93,2.05,0.2057,405,82,0.3661,0,4,0.0,18,0.0804,0,98,0.4375,218,0,217,1.361,0,218,2.8552,1.0275,0.5,0.5143,64,0.0978,0.0,85,0.0357,224,459,2.0491,0.2092
EllisWeismer:21110,EllisWeismer:LT:30ec,data/curated/english_child_transcripts/EllisWeismer/download_2026-05-31/LT/30ec/21110.cha,EllisWeismer,LT,LT,female,eng,Built from labeled CHAT folder structure.,30.0,118,0.72,1.14,0.2464,90,49,0.4153,0,16,0.0,1,0.0085,0,101,0.8559,198,0,143,1.623,0,198,2.8544,0.596,0.3636,0.3934,59,0.0775,0.0,50,0.0085,118,110,0.9322,0.3364
EllisWeismer:21129,EllisWeismer:LT:30ec,data/curated/english_child_transcripts/EllisWeismer/download_2026-05-31/LT/30ec/21129.cha,EllisWeismer,LT,LT,female,eng,Built from labeled CHAT folder structure.,30.0,160,1.58,1.62,0.3234,255,35,0.2188,0,2,0.0,2,0.0125,0,81,0.5062,206,0,211,1.189,0,206,3.2514,0.7767,0.5146,0.65,58,0.1361,0.0063,36,0.0187,160,278,1.7375,0.3453
EllisWeismer:21146,EllisWeismer:LT:30ec,data/curated/english_child_transcripts/EllisWeismer/download_2026-05-31/LT/30ec/21146.cha,EllisWeismer,LT,LT,female,eng,Built from labeled CHAT folder structure.,30.0,113,2.55,2.62,0.2945,270,51,0.4513,0,3,0.0,2,0.0177,0,92,0.8142,135,0,120,2.288,0,135,3.4556,0.837,0.4444,0.5312,24,0.047,0.0,54,0.0531,113,317,2.8053,0.2965
EllisWeismer:21165,EllisWeismer:LT:30ec,data/curated/english_child_transcripts/EllisWeismer/download_2026-05-31/LT/30ec/21165.cha,EllisWeismer,LT,LT,female,eng,Built from labeled CHAT folder structure.,30.0,78,1.538,1.603,0.4,116,18,0.2308,0,0,0.0,2,0.0256,0,87,1.1154,131,0,106,2.616,0,131,2.8373,0.5954,0.4046,0.6071,24,0.1303,0.0,18,0.0128,78,120,1.5385,0.4167
EllisWeismer:22090,EllisWeismer:LT:30ec,data/curated/english_child_transcripts/EllisWeismer/download_2026-05-31/LT/30ec/22090.cha,EllisWeismer,LT,LT,male,eng,Built from labeled CHAT folder structure.,30.0,144,1.48,1.53,0.2869,225,17,0.1181,0,3,0.0,4,0.0278,0,105,0.7292,184,0,189,2.154,0,184,2.7409,0.7826,0.5163,0.3889,50,0.0831,0.0,18,0.0278,144,299,2.0764,0.2977
EllisWeismer:22098,EllisWeismer:LT:30ec,data/curated/english_child_transcripts/EllisWeismer/download_2026-05-31/LT/30ec/22098.cha,EllisWeismer,LT,LT,male,eng,Built from labeled CHAT folder structure.,30.0,105,2.04,2.05,0.344,212,9,0.0857,0,5,0.0,1,0.0095,0,97,0.9238,145,0,154,2.188,0,145,3.38,0.7241,0.531,0.5909,39,0.0706,0.0,9,0.0286,105,341,3.2476,0.2522
EllisWeismer:22111,EllisWeismer:LT:30ec,data/curated/english_child_transcripts/EllisWeismer/download_2026-05-31/LT/30ec/22111.cha,EllisWeismer,LT,LT,male,eng,Built from labeled CHAT folder structure.,30.0,80,1.65,1.712,0.4161,128,14,0.175,0,1,0.0,5,0.0625,0,74,0.925,230,0,128,1.226,0,230,3.4161,0.3478,0.2783,0.5667,32,0.1136,0.0,14,0.0,80,138,1.725,0.4348
EllisWeismer:22112,EllisWeismer:LT:30ec,data/curated/english_child_transcripts/EllisWeismer/download_2026-05-31/LT/30ec/22112.cha,EllisWeismer,LT,LT,male,eng,Built from labeled CHAT folder structure.,30.0,75,1.707,1.84,0.4348,125,20,0.2667,0,0,0.0,1,0.0133,0,87,1.16,122,0,111,2.062,0,122,3.2944,0.6148,0.459,0.5946,29,0.0881,0.0,22,0.0,75,166,2.2133,0.3916
EllisWeismer:22125,EllisWeismer:LT:30ec,data/curated/english_child_transcripts/EllisWeismer/download_2026-05-31/LT/30ec/22125.cha,EllisWeismer,LT,LT,male,eng,Built from labeled CHAT folder structure.,30.0,177,1.22,1.34,0.3655,216,14,0.0791,0,2,0.0,7,0.0395,0,110,0.6215,231,0,247,1.392,0,231,2.6936,0.7662,0.5368,0.7292,87,0.1967,0.0,14,0.0395,177,269,1.5198,0.3755
EllisWeismer:22131,EllisWeismer:LT:30ec,data/curated/english_child_transcripts/EllisWeismer/download_2026-05-31/LT/30ec/22131.cha,EllisWeismer,LT,LT,male,eng,Built from labeled CHAT folder structure.,30.0,80,1.337,1.512,0.2727,105,25,0.3125,0,0,0.0,6,0.075,0,82,1.025,112,0,93,2.61,0,112,2.4896,0.7143,0.4107,0.5556,30,0.1925,0.0,28,0.0,80,121,1.5125,0.2893
EllisWeismer:22138,EllisWeismer:LT:30ec,data/curated/english_child_transcripts/EllisWeismer/download_2026-05-31/LT/30ec/22138.cha,EllisWeismer,LT,LT,male,eng,Built from labeled CHAT folder structure.,30.0,88,2.023,1.977,0.4655,163,11,0.125,0,2,0.0,3,0.0341,0,78,0.8864,264,0,151,1.569,0,264,4.2699,0.3333,0.2879,0.4524,20,0.059,0.0,12,0.0114,88,174,1.9773,0.4885
EllisWeismer:22142,EllisWeismer:LT:30ec,data/curated/english_child_transcripts/EllisWeismer/download_2026-05-31/LT/30ec/22142.cha,EllisWeismer,LT,LT,male,eng,Built from labeled CHAT folder structure.,30.0,63,1.111,1.286,0.3704,69,14,0.2222,0,0,0.0,1,0.0159,0,77,1.2222,152,0,92,2.451,0,152,3.1953,0.4145,0.3026,0.3721,24,0.112,0.0,14,0.0,63,69,1.0952,0.4203
EllisWeismer:22150,EllisWeismer:LT:30ec,data/curated/english_child_transcripts/EllisWeismer/download_2026-05-31/LT/30ec/22150.cha,EllisWeismer,LT,LT,male,eng,Built from labeled CHAT folder structure.,30.0,131,1.04,1.41,0.3111,134,55,0.4198,0,14,0.0,3,0.0229,0,86,0.6565,108,0,125,2.263,0,108,1.9665,1.213,0.5833,0.5862,33,0.1789,0.0,57,0.0076,131,155,1.1832,0.4065
EllisWeismer:22156,EllisWeismer:LT:30ec,data/curated/english_child_transcripts/EllisWeismer/download_2026-05-31/LT/30ec/22156.cha,EllisWeismer,LT,LT,male,eng,Built from labeled CHAT folder structure.,30.0,114,0.62,1.21,0.2101,72,78,0.6842,0,5,0.0,3,0.0263,0,92,0.807,134,0,83,3.863,0,134,2.4839,0.8507,0.3134,0.375,22,0.1378,0.0,79,0.0,114,86,0.7544,0.3721
EllisWeismer:22161,EllisWeismer:LT:30ec,data/curated/english_child_transcripts/EllisWeismer/download_2026-05-31/LT/30ec/22161.cha,EllisWeismer,LT,LT,male,eng,Built from labeled CHAT folder structure.,30.0,141,1.78,1.8,0.3068,257,10,0.0709,0,0,0.0071,3,0.0213,0,89,0.6312,207,0,219,1.2,0,207,3.9195,0.6812,0.5314,0.717,76,0.0476,0.0071,10,0.0071,141,293,2.078,0.2901
EllisWeismer:22162,EllisWeismer:LT:30ec,data/curated/english_child_transcripts/EllisWeismer/download_2026-05-31/LT/30ec/22162.cha,EllisWeismer,LT,LT,male,eng,Built from labeled CHAT folder structure.,30.0,94,1.787,1.883,0.3051,166,22,0.234,0,1,0.0,2,0.0213,0,60,0.6383,162,0,138,0.937,0,162,3.1055,0.5802,0.4259,0.5714,20,0.1232,0.0,22,0.0,94,174,1.8511,0.3218
EllisWeismer:22163,EllisWeismer:LT:30ec,data/curated/english_child_transcripts/EllisWeismer/download_2026-05-31/LT/30ec/22163.cha,EllisWeismer,LT,LT,male,eng,Built from labeled CHAT folder structure.,30.0,117,1.44,1.6,0.3636,162,24,0.2051,0,2,0.0,3,0.0256,0,97,0.8291,283,0,163,1.214,0,283,3.6075,0.4134,0.2898,0.3714,30,0.1021,0.0,24,0.0,117,178,1.5214,0.4326
EllisWeismer:22164,EllisWeismer:LT:30ec,data/curated/english_child_transcripts/EllisWeismer/download_2026-05-31/LT/30ec/22164.cha,EllisWeismer,LT,LT,male,eng,Built from labeled CHAT folder structure.,30.0,57,1.825,1.842,0.4476,94,24,0.4211,0,0,0.0,2,0.0351,0,84,1.4737,164,0,77,2.469,0,164,3.6154,0.3476,0.2378,0.4583,13,0.0441,0.0,24,0.0,57,94,1.6491,0.4894
EllisWeismer:22166,EllisWeismer:LT:30ec,data/curated/english_child_transcripts/EllisWeismer/download_2026-05-31/LT/30ec/22166.cha,EllisWeismer,LT,LT,male,eng,Built from labeled CHAT folder structure.,30.0,253,1.47,1.68,0.28,369,63,0.249,4,3,0.0,10,0.0395,0,132,0.5217,196,0,256,1.778,0,196,2.294,1.2908,0.6531,0.8571,76,0.1262,0.0,64,0.0079,253,407,1.6087,0.2801
EllisWeismer:22169,EllisWeismer:LT:30ec,data/curated/english_child_transcripts/EllisWeismer/download_2026-05-31/LT/30ec/22169.cha,EllisWeismer,LT,LT,male,eng,Built from labeled CHAT folder structure.,30.0,25,0.64,1.12,0.4643,16,6,0.24,0,6,0.0,0,0.0,0,85,3.4,178,0,33,5.205,0,178,3.6798,0.1404,0.0899,0.0238,12,0.1071,0.0,6,0.0,25,27,1.08,0.5185
EllisWeismer:22170,EllisWeismer:LT:30ec,data/curated/english_child_transcripts/EllisWeismer/download_2026-05-31/LT/30ec/22170.cha,EllisWeismer,LT,LT,male,eng,Built from labeled CHAT folder structure.,30.0,165,1.66,1.81,0.3333,275,32,0.1939,0,1,0.0,8,0.0485,0,90,0.5455,144,0,160,1.59,0,144,3.2362,1.1458,0.5556,0.75,42,0.1156,0.0,32,0.0182,165,311,1.8848,0.3473
EllisWeismer:11005,EllisWeismer:LT:30pc,data/curated/english_child_transcripts/EllisWeismer/download_2026-05-31/LT/30pc/11005.cha,EllisWeismer,LT,LT,female,eng,Built from labeled CHAT folder structure.,30.0,120,1.78,1.84,0.3868,197,26,0.2167,0,1,0.0,8,0.0667,0,63,0.525,0,95,126,1.413,0,95,2.4512,1.2632,0.6632,0.6757,33,0.1321,0.0,27,0.025,120,216,1.8,0.4167
EllisWeismer:11016,EllisWeismer:LT:30pc,data/curated/english_child_transcripts/EllisWeismer/download_2026-05-31/LT/30pc/11016.cha,EllisWeismer,LT,LT,female,eng,Built from labeled CHAT folder structure.,30.0,119,1.25,1.46,0.3202,153,22,0.1849,0,1,0.0,0,0.0,0,69,0.5798,0,201,175,1.037,0,201,3.6281,0.592,0.4378,0.52,47,0.0508,0.0,23,0.0,119,177,1.4874,0.3785
EllisWeismer:11031,EllisWeismer:LT:30pc,data/curated/english_child_transcripts/EllisWeismer/download_2026-05-31/LT/30pc/11031.cha,EllisWeismer,LT,LT,,eng,Built from labeled CHAT folder structure.,30.0,119,2.94,2.82,0.2914,343,27,0.2269,0,4,0.0336,6,0.0504,0,67,0.563,0,107,113,2.544,0,107,3.6327,1.1121,0.5327,0.4915,16,0.1058,0.0,30,0.0084,119,373,3.1345,0.2869
EllisWeismer:11043,EllisWeismer:LT:30pc,data/curated/english_child_transcripts/EllisWeismer/download_2026-05-31/LT/30pc/11043.cha,EllisWeismer,LT,LT,female,eng,Built from labeled CHAT folder structure.,30.0,89,2.067,2.067,0.4837,170,21,0.236,0,0,0.0112,5,0.0562,1,72,0.809,0,167,130,1.354,0,167,2.6914,0.5329,0.3892,0.5,13,0.1366,0.0112,23,0.0,89,187,2.1011,0.5241
EllisWeismer:11065,EllisWeismer:LT:30pc,data/curated/english_child_transcripts/EllisWeismer/download_2026-05-31/LT/30pc/11065.cha,EllisWeismer,LT,LT,female,eng,Built from labeled CHAT folder structure.,30.0,202,1.35,1.47,0.3762,278,26,0.1287,0,3,0.005,9,0.0446,0,72,0.3564,0,212,300,0.897,0,212,2.1304,0.9528,0.7075,0.7273,58,0.2892,0.0,26,0.005,202,337,1.6683,0.3739
EllisWeismer:11066,EllisWeismer:LT:30pc,data/curated/english_child_transcripts/EllisWeismer/download_2026-05-31/LT/30pc/11066.cha,EllisWeismer,LT,LT,female,eng,Built from labeled CHAT folder structure.,30.0,61,1.361,1.525,0.4946,81,16,0.2623,0,1,0.0,2,0.0328,0,24,0.3934,0,187,84,0.826,0,187,3.3347,0.3262,0.2246,0.3452,10,0.0566,0.0,17,0.0164,61,92,1.5082,0.5435
EllisWeismer:11068,EllisWeismer:LT:30pc,data/curated/english_child_transcripts/EllisWeismer/download_2026-05-31/LT/30pc/11068.cha,EllisWeismer,LT,LT,female,eng,Built from labeled CHAT folder structure.,30.0,129,1.13,1.2,0.3742,146,4,0.031,0,2,0.0,0,0.0,0,60,0.4651,0,242,207,0.975,0,242,3.2102,0.5331,0.4256,0.6,60,0.0514,0.0,4,0.0,129,198,1.5349,0.3939
EllisWeismer:11070,EllisWeismer:LT:30pc,data/curated/english_child_transcripts/EllisWeismer/download_2026-05-31/LT/30pc/11070.cha,EllisWeismer,LT,LT,female,eng,Built from labeled CHAT folder structure.,30.0,64,0.703,1.078,0.3043,44,15,0.2344,0,3,0.0,0,0.0,0,73,1.1406,0,225,91,0.84,0,225,3.308,0.2844,0.2044,0.3028,22,0.0384,0.0,15,0.0,64,60,0.9375,0.4167
EllisWeismer:11078,EllisWeismer:LT:30pc,data/curated/english_child_transcripts/EllisWeismer/download_2026-05-31/LT/30pc/11078.cha,EllisWeismer,LT,LT,female,eng,Built from labeled CHAT folder structure.,30.0,101,1.81,1.86,0.4,180,16,0.1584,1,0,0.0099,2,0.0198,0,81,0.802,0,260,170,0.981,0,260,3.8947,0.3885,0.3269,0.4338,23,0.1146,0.0099,16,0.0099,101,207,2.0495,0.43
EllisWeismer:12009,EllisWeismer:LT:30pc,data/curated/english_child_transcripts/EllisWeismer/download_2026-05-31/LT/30pc/12009.cha,EllisWeismer,LT,LT,male,eng,Built from labeled CHAT folder structure.,30.0,127,1.46,1.56,0.3399,186,19,0.1496,0,1,0.0079,2,0.0157,0,57,0.4488,0,196,209,1.253,0,196,2.7864,0.648,0.5306,0.7407,44,0.067,0.0,19,0.0,127,209,1.6457,0.3971
EllisWeismer:12022,EllisWeismer:LT:30pc,data/curated/english_child_transcripts/EllisWeismer/download_2026-05-31/LT/30pc/12022.cha,EllisWeismer,LT,LT,male,eng,Built from labeled CHAT folder structure.,30.0,57,0.404,1.018,0.3103,23,9,0.1579,0,7,0.0,0,0.0,0,65,1.1404,0,250,87,0.875,0,250,3.2899,0.228,0.176,0.2206,8,0.1154,0.0,9,0.0,57,32,0.5614,0.5625
EllisWeismer:12036,EllisWeismer:LT:30pc,data/curated/english_child_transcripts/EllisWeismer/download_2026-05-31/LT/30pc/12036.cha,EllisWeismer,LT,LT,male,eng,Built from labeled CHAT folder structure.,30.0,124,1.67,1.71,0.3084,201,10,0.0806,0,3,0.0,11,0.0887,0,26,0.2097,0,221,201,0.58,0,221,3.4058,0.5611,0.457,0.6264,51,0.1275,0.0,10,0.0242,124,245,1.9758,0.3306
EllisWeismer:12038,EllisWeismer:LT:30pc,data/curated/english_child_transcripts/EllisWeismer/download_2026-05-31/LT/30pc/12038.cha,EllisWeismer,LT,LT,male,eng,Built from labeled CHAT folder structure.,30.0,109,1.65,1.66,0.467,176,6,0.055,0,1,0.0,10,0.0917,0,33,0.3028,0,157,151,1.165,0,157,3.1053,0.6943,0.4841,0.6825,43,0.0838,0.0,6,0.0,109,211,1.9358,0.4502
EllisWeismer:12042,EllisWeismer:LT:30pc,data/curated/english_child_transcripts/EllisWeismer/download_2026-05-31/LT/30pc/12042.cha,EllisWeismer,LT,LT,male,eng,Built from labeled CHAT folder structure.,30.0,167,2.07,2.16,0.1677,307,39,0.2335,0,2,0.0,21,0.1257,0,48,0.2874,0,284,267,0.547,0,284,2.9956,0.588,0.4718,0.566,73,0.1987,0.0,39,0.012,167,364,2.1796,0.1648
EllisWeismer:12058,EllisWeismer:LT:30pc,data/curated/english_child_transcripts/EllisWeismer/download_2026-05-31/LT/30pc/12058.cha,EllisWeismer,LT,LT,male,eng,Built from labeled CHAT folder structure.,30.0,148,1.51,1.61,0.3612,196,23,0.1554,0,7,0.0,8,0.0541,0,54,0.3649,0,183,208,0.826,0,183,2.7523,0.8087,0.5683,0.6543,45,0.0752,0.0,24,0.0068,148,237,1.6014,0.3966
EllisWeismer:12059,EllisWeismer:LT:30pc,data/curated/english_child_transcripts/EllisWeismer/download_2026-05-31/LT/30pc/12059.cha,EllisWeismer,LT,LT,male,eng,Built from labeled CHAT folder structure.,30.0,66,1.409,1.561,0.534,93,3,0.0455,0,3,0.0,5,0.0758,0,18,0.2727,0,150,107,0.446,0,150,3.3981,0.44,0.36,0.4375,13,0.0982,0.0,3,0.0,66,125,1.8939,0.576
EllisWeismer:12067,EllisWeismer:LT:30pc,data/curated/english_child_transcripts/EllisWeismer/download_2026-05-31/LT/30pc/12067.cha,EllisWeismer,LT,LT,male,eng,Built from labeled CHAT folder structure.,30.0,122,0.96,1.29,0.3396,114,45,0.3689,0,0,0.0,3,0.0246,0,86,0.7049,0,262,150,0.953,0,262,2.9766,0.4656,0.2863,0.3235,32,0.1197,0.0,45,0.0082,122,124,1.0164,0.4677
EllisWeismer:12072,EllisWeismer:LT:30pc,data/curated/english_child_transcripts/EllisWeismer/download_2026-05-31/LT/30pc/12072.cha,EllisWeismer,LT,LT,male,eng,Built from labeled CHAT folder structure.,30.0,131,2.12,2.13,0.3251,263,25,0.1908,2,3,0.0229,5,0.0382,0,68,0.5191,0,247,196,1.526,0,247,3.3333,0.5304,0.3968,0.5315,35,0.1016,0.0,25,0.0305,131,301,2.2977,0.3322
EllisWeismer:12074,EllisWeismer:LT:30pc,data/curated/english_child_transcripts/EllisWeismer/download_2026-05-31/LT/30pc/12074.cha,EllisWeismer,LT,LT,male,eng,Built from labeled CHAT folder structure.,30.0,51,0.706,1.0,0.4314,36,7,0.1373,5,1,0.0,0,0.0,0,86,1.6863,0,165,73,2.015,0,165,2.9491,0.3091,0.2242,0.3333,15,0.1297,0.0,7,0.0,51,37,0.7255,0.5946
EllisWeismer:12076,EllisWeismer:LT:30pc,data/curated/english_child_transcripts/EllisWeismer/download_2026-05-31/LT/30pc/12076.cha,EllisWeismer,LT,LT,male,eng,Built from labeled CHAT folder structure.,30.0,73,0.575,1.041,0.2368,42,23,0.3151,0,6,0.0,0,0.0,0,62,0.8493,0,76,62,4.401,0,76,2.0537,0.9605,0.3026,0.3125,28,0.0961,0.0,23,0.0,73,58,0.7945,0.3966
EllisWeismer:12079,EllisWeismer:LT:30pc,data/curated/english_child_transcripts/EllisWeismer/download_2026-05-31/LT/30pc/12079.cha,EllisWeismer,LT,LT,male,eng,Built from labeled CHAT folder structure.,30.0,140,0.83,1.11,0.2516,116,35,0.25,0,1,0.0,0,0.0,0,60,0.4286,0,291,211,0.869,0,291,2.8515,0.4811,0.3643,0.4911,65,0.1463,0.0,35,0.0,140,120,0.8571,0.35
EllisWeismer:12080,EllisWeismer:LT:30pc,data/curated/english_child_transcripts/EllisWeismer/download_2026-05-31/LT/30pc/12080.cha,EllisWeismer,LT,LT,male,eng,Built from labeled CHAT folder structure.,30.0,150,1.19,1.42,0.2775,174,41,0.2733,0,0,0.0,8,0.0533,0,65,0.4333,0,189,179,1.075,0,189,3.3127,0.7937,0.4762,0.5588,52,0.1129,0.0,41,0.0067,150,227,1.5133,0.2996
EllisWeismer:12081,EllisWeismer:LT:30pc,data/curated/english_child_transcripts/EllisWeismer/download_2026-05-31/LT/30pc/12081.cha,EllisWeismer,LT,LT,male,eng,Built from labeled CHAT folder structure.,30.0,114,0.95,1.1,0.416,109,8,0.0702,0,3,0.0088,3,0.0263,0,75,0.6579,0,245,192,1.162,1,245,3.0418,0.4653,0.3918,0.438,56,0.0891,0.0,8,0.0,114,115,1.0088,0.4783
EllisWeismer:12082,EllisWeismer:LT:30pc,data/curated/english_child_transcripts/EllisWeismer/download_2026-05-31/LT/30pc/12082.cha,EllisWeismer,LT,LT,male,eng,Built from labeled CHAT folder structure.,30.0,141,0.77,1.07,0.2436,118,33,0.234,0,3,0.0,1,0.0071,0,73,0.5177,0,286,223,1.284,0,286,2.8056,0.493,0.3916,0.4316,61,0.0525,0.0,33,0.0071,141,131,0.9291,0.3664
EllisWeismer:12083,EllisWeismer:LT:30pc,data/curated/english_child_transcripts/EllisWeismer/download_2026-05-31/LT/30pc/12083.cha,EllisWeismer,LT,LT,male,eng,Built from labeled CHAT folder structure.,30.0,70,0.743,1.171,0.3171,50,26,0.3714,0,3,0.0143,1,0.0143,0,45,0.6429,0,185,73,0.666,0,185,2.4902,0.3784,0.2,0.439,17,0.0788,0.0,26,0.0,70,57,0.8143,0.5439
EllisWeismer:12084,EllisWeismer:LT:30pc,data/curated/english_child_transcripts/EllisWeismer/download_2026-05-31/LT/30pc/12084.cha,EllisWeismer,LT,LT,male,eng,Built from labeled CHAT folder structure.,30.0,153,1.34,1.55,0.3184,187,26,0.1699,1,10,0.0523,4,0.0261,0,24,0.1569,0,210,204,0.663,0,210,2.7328,0.7286,0.4857,0.5361,59,0.1341,0.0,26,0.0327,153,220,1.4379,0.3545
EllisWeismer:21088,EllisWeismer:LT:30pc,data/curated/english_child_transcripts/EllisWeismer/download_2026-05-31/LT/30pc/21088.cha,EllisWeismer,LT,LT,female,eng,Built from labeled CHAT folder structure.,30.0,68,1.794,1.662,0.4513,105,9,0.1324,0,0,0.0,3,0.0441,0,74,1.0882,0,255,120,1.33,0,255,3.0836,0.2667,0.2353,0.291,12,0.1312,0.0,9,0.0441,68,120,1.7647,0.4833
EllisWeismer:21094,EllisWeismer:LT:30pc,data/curated/english_child_transcripts/EllisWeismer/download_2026-05-31/LT/30pc/21094.cha,EllisWeismer,LT,LT,female,eng,Built from labeled CHAT folder structure.,30.0,84,1.464,1.595,0.4179,116,25,0.2976,0,2,0.0,1,0.0119,0,79,0.9405,0,278,127,1.255,0,278,3.2265,0.3022,0.2302,0.2872,19,0.076,0.0,27,0.0,84,122,1.4524,0.4918
EllisWeismer:21110,EllisWeismer:LT:30pc,data/curated/english_child_transcripts/EllisWeismer/download_2026-05-31/LT/30pc/21110.cha,EllisWeismer,LT,LT,female,eng,Built from labeled CHAT folder structure.,30.0,168,0.79,1.16,0.1643,149,54,0.3214,0,3,0.0,1,0.006,0,99,0.5893,0,217,207,1.444,0,217,2.6571,0.7742,0.4793,0.5046,71,0.1015,0.0,54,0.0,168,173,1.0298,0.2601
EllisWeismer:21117,EllisWeismer:LT:30pc,data/curated/english_child_transcripts/EllisWeismer/download_2026-05-31/LT/30pc/21117.cha,EllisWeismer,LT,LT,female,eng,Built from labeled CHAT folder structure.,30.0,128,2.17,2.15,0.3636,265,12,0.0938,0,1,0.0,3,0.0234,0,60,0.4688,0,221,205,0.927,0,221,3.3152,0.5792,0.4661,0.5684,31,0.1487,0.0,12,0.0078,128,281,2.1953,0.3843
EllisWeismer:21129,EllisWeismer:LT:30pc,data/curated/english_child_transcripts/EllisWeismer/download_2026-05-31/LT/30pc/21129.cha,EllisWeismer,LT,LT,female,eng,Built from labeled CHAT folder structure.,30.0,174,1.57,1.68,0.2801,286,43,0.2471,0,1,0.0,1,0.0057,0,82,0.4713,0,199,248,1.559,0,199,2.7426,0.8744,0.6231,0.7412,48,0.0867,0.0,45,0.0115,174,311,1.7874,0.2926
EllisWeismer:21146,EllisWeismer:LT:30pc,data/curated/english_child_transcripts/EllisWeismer/download_2026-05-31/LT/30pc/21146.cha,EllisWeismer,LT,LT,female,eng,Built from labeled CHAT folder structure.,30.0,177,1.42,1.54,0.3938,262,42,0.2373,0,0,0.0,2,0.0113,0,79,0.4463,0,236,239,1.123,0,236,3.0266,0.75,0.5085,0.6569,62,0.082,0.0113,43,0.0056,177,278,1.5706,0.4245
EllisWeismer:21165,EllisWeismer:LT:30pc,data/curated/english_child_transcripts/EllisWeismer/download_2026-05-31/LT/30pc/21165.cha,EllisWeismer,LT,LT,female,eng,Built from labeled CHAT folder structure.,30.0,95,1.095,1.295,0.3577,103,24,0.2526,0,2,0.0,4,0.0421,0,76,0.8,0,127,115,1.85,0,127,2.7838,0.748,0.4567,0.5156,35,0.0862,0.0105,24,0.0,95,116,1.2211,0.4138
EllisWeismer:22090,EllisWeismer:LT:30pc,data/curated/english_child_transcripts/EllisWeismer/download_2026-05-31/LT/30pc/22090.cha,EllisWeismer,LT,LT,male,eng,Built from labeled CHAT folder structure.,30.0,124,1.01,1.32,0.2667,123,10,0.0806,7,12,0.0,7,0.0565,0,72,0.5806,0,101,141,2.411,0,101,2.4533,1.2277,0.6436,0.6429,59,0.0419,0.0,10,0.0081,124,225,1.8145,0.2311
EllisWeismer:22098,EllisWeismer:LT:30pc,data/curated/english_child_transcripts/EllisWeismer/download_2026-05-31/LT/30pc/22098.cha,EllisWeismer,LT,LT,male,eng,Built from labeled CHAT folder structure.,30.0,83,2.205,2.253,0.3369,177,13,0.1566,0,0,0.0,4,0.0482,0,69,0.8313,0,196,126,1.508,0,196,3.8566,0.4235,0.3214,0.3239,15,0.1289,0.0,13,0.0,83,223,2.6867,0.3139
EllisWeismer:22111,EllisWeismer:LT:30pc,data/curated/english_child_transcripts/EllisWeismer/download_2026-05-31/LT/30pc/22111.cha,EllisWeismer,LT,LT,male,eng,Built from labeled CHAT folder structure.,30.0,150,1.66,1.78,0.3217,230,36,0.24,0,1,0.0,5,0.0333,0,62,0.4133,0,149,184,1.199,0,149,2.6355,1.0067,0.6174,0.7703,42,0.099,0.0,37,0.0133,150,254,1.6933,0.3661
EllisWeismer:22112,EllisWeismer:LT:30pc,data/curated/english_child_transcripts/EllisWeismer/download_2026-05-31/LT/30pc/22112.cha,EllisWeismer,LT,LT,male,eng,Built from labeled CHAT folder structure.,30.0,158,1.93,2.0,0.3302,300,37,0.2342,0,1,0.0,2,0.0127,0,54,0.3418,0,169,237,1.236,0,169,3.0031,0.9349,0.7041,0.75,68,0.0919,0.0,39,0.019,158,331,2.0949,0.3414
EllisWeismer:22125,EllisWeismer:LT:30pc,data/curated/english_child_transcripts/EllisWeismer/download_2026-05-31/LT/30pc/22125.cha,EllisWeismer,LT,LT,male,eng,Built from labeled CHAT folder structure.,30.0,165,1.12,1.23,0.3659,180,23,0.1394,0,0,0.0,4,0.0242,0,66,0.4,0,210,228,1.191,0,210,2.6667,0.7857,0.5429,0.5556,70,0.2554,0.0,23,0.0,165,271,1.6424,0.31
EllisWeismer:22131,EllisWeismer:LT:30pc,data/curated/english_child_transcripts/EllisWeismer/download_2026-05-31/LT/30pc/22131.cha,EllisWeismer,LT,LT,male,eng,Built from labeled CHAT folder structure.,30.0,169,0.79,1.14,0.2563,149,55,0.3254,2,1,0.0059,2,0.0118,0,120,0.7101,0,209,173,1.94,0,209,2.3915,0.8086,0.4163,0.5,69,0.135,0.0,56,0.0,169,163,0.9645,0.319
EllisWeismer:22138,EllisWeismer:LT:30pc,data/curated/english_child_transcripts/EllisWeismer/download_2026-05-31/LT/30pc/22138.cha,EllisWeismer,LT,LT,male,eng,Built from labeled CHAT folder structure.,30.0,103,1.94,1.97,0.3812,185,7,0.068,0,1,0.0,3,0.0291,0,69,0.6699,0,241,169,1.348,0,241,3.6977,0.4274,0.3527,0.4359,19,0.0752,0.0097,7,0.0,103,204,1.9806,0.4265
EllisWeismer:22142,EllisWeismer:LT:30pc,data/curated/english_child_transcripts/EllisWeismer/download_2026-05-31/LT/30pc/22142.cha,EllisWeismer,LT,LT,male,eng,Built from labeled CHAT folder structure.,30.0,52,1.135,1.308,0.5588,56,10,0.1923,0,3,0.0,0,0.0,0,81,1.5577,0,240,83,1.777,0,240,4.6541,0.2167,0.175,0.2418,11,0.0473,0.0,11,0.0,52,65,1.25,0.6615
EllisWeismer:22150,EllisWeismer:LT:30pc,data/curated/english_child_transcripts/EllisWeismer/download_2026-05-31/LT/30pc/22150.cha,EllisWeismer,LT,LT,male,eng,Built from labeled CHAT folder structure.,30.0,148,1.5,1.68,0.2961,196,51,0.3446,0,0,0.0,3,0.0203,0,73,0.4932,0,147,137,1.403,0,147,2.7424,1.0068,0.4694,0.5714,38,0.0709,0.0,53,0.027,148,228,1.5405,0.3202
EllisWeismer:22156,EllisWeismer:LT:30pc,data/curated/english_child_transcripts/EllisWeismer/download_2026-05-31/LT/30pc/22156.cha,EllisWeismer,LT,LT,male,eng,Built from labeled CHAT folder structure.,30.0,90,0.589,1.033,0.2903,53,37,0.4111,0,1,0.0,1,0.0111,0,100,1.1111,0,291,107,0.917,0,291,2.7402,0.3093,0.1856,0.3286,23,0.4716,0.0,37,0.0,90,56,0.6222,0.5179
EllisWeismer:22161,EllisWeismer:LT:30pc,data/curated/english_child_transcripts/EllisWeismer/download_2026-05-31/LT/30pc/22161.cha,EllisWeismer,LT,LT,male,eng,Built from labeled CHAT folder structure.,30.0,135,1.12,1.3,0.3478,161,15,0.1111,0,1,0.0074,1,0.0074,0,64,0.4741,0,306,227,0.62,0,306,3.5079,0.4412,0.3725,0.5362,67,0.0388,0.0,15,0.0148,135,182,1.3481,0.3791
EllisWeismer:22162,EllisWeismer:LT:30pc,data/curated/english_child_transcripts/EllisWeismer/download_2026-05-31/LT/30pc/22162.cha,EllisWeismer,LT,LT,male,eng,Built from labeled CHAT folder structure.,30.0,163,0.99,1.22,0.3131,184,48,0.2945,0,0,0.0,1,0.0061,0,90,0.5521,0,279,244,1.159,0,279,2.7059,0.5842,0.4373,0.637,62,0.0844,0.0,50,0.0,163,196,1.2025,0.3724
EllisWeismer:22163,EllisWeismer:LT:30pc,data/curated/english_child_transcripts/EllisWeismer/download_2026-05-31/LT/30pc/22163.cha,EllisWeismer,LT,LT,male,eng,Built from labeled CHAT folder structure.,30.0,168,1.72,1.8,0.3231,255,37,0.2202,0,4,0.0,8,0.0476,0,76,0.4524,0,184,181,1.427,0,184,3.0369,0.913,0.4946,0.6842,43,0.1168,0.0,37,0.0119,168,283,1.6845,0.364
EllisWeismer:22164,EllisWeismer:LT:30pc,data/curated/english_child_transcripts/EllisWeismer/download_2026-05-31/LT/30pc/22164.cha,EllisWeismer,LT,LT,male,eng,Built from labeled CHAT folder structure.,30.0,101,1.58,1.86,0.3228,152,39,0.3861,0,1,0.0,6,0.0594,0,62,0.6139,0,85,89,2.288,0,85,2.7634,1.1882,0.5294,0.6279,14,0.1045,0.0,39,0.0198,101,155,1.5347,0.4
EllisWeismer:22166,EllisWeismer:LT:30pc,data/curated/english_child_transcripts/EllisWeismer/download_2026-05-31/LT/30pc/22166.cha,EllisWeismer,LT,LT,male,eng,Built from labeled CHAT folder structure.,30.0,115,1.04,1.2,0.4161,113,23,0.2,0,0,0.0,1,0.0087,0,53,0.4609,0,223,173,1.195,0,223,3.1568,0.5157,0.3901,0.6029,39,0.1166,0.0,24,0.0,115,123,1.0696,0.4878
EllisWeismer:22169,EllisWeismer:LT:30pc,data/curated/english_child_transcripts/EllisWeismer/download_2026-05-31/LT/30pc/22169.cha,EllisWeismer,LT,LT,male,eng,Built from labeled CHAT folder structure.,30.0,55,0.964,1.109,0.5246,53,7,0.1273,0,8,0.0,0,0.0,0,80,1.4545,0,205,91,1.327,0,205,3.2769,0.2683,0.2244,0.2429,14,0.2719,0.0,7,0.0,55,61,1.1091,0.541
EllisWeismer:22170,EllisWeismer:LT:30pc,data/curated/english_child_transcripts/EllisWeismer/download_2026-05-31/LT/30pc/22170.cha,EllisWeismer,LT,LT,male,eng,Built from labeled CHAT folder structure.,30.0,182,1.69,1.71,0.3722,281,44,0.2418,0,4,0.0,3,0.0165,0,78,0.4286,0,261,278,0.79,0,261,3.0858,0.6973,0.4866,0.6832,57,0.1325,0.0055,44,0.0055,182,319,1.7527,0.3887
EllisWeismer:22175,EllisWeismer:LT:30pc,data/curated/english_child_transcripts/EllisWeismer/download_2026-05-31/LT/30pc/22175.cha,EllisWeismer,LT,LT,male,eng,Built from labeled CHAT folder structure.,30.0,83,1.289,1.458,0.4132,105,12,0.1446,0,5,0.0,2,0.0241,0,68,0.8193,0,191,133,1.355,0,191,3.146,0.4346,0.3508,0.4359,31,0.064,0.0,12,0.012,83,126,1.5181,0.4365
EllisWeismer:11005,EllisWeismer:LT:42ec,data/curated/english_child_transcripts/EllisWeismer/download_2026-05-31/LT/42ec/11005.cha,EllisWeismer,LT,LT,female,eng,Built from labeled CHAT folder structure.,42.0,54,3.556,3.463,0.4652,187,2,0.037,0,0,0.0,0,0.0,0,25,0.463,254,0,104,11.62,0,254,4.6461,0.2126,0.2047,0.3462,13,0.1224,0.0,3,0.0,54,202,3.7407,0.4604
EllisWeismer:11016,EllisWeismer:LT:42ec,data/curated/english_child_transcripts/EllisWeismer/download_2026-05-31/LT/42ec/11016.cha,EllisWeismer,LT,LT,female,eng,Built from labeled CHAT folder structure.,42.0,80,2.925,2.913,0.3562,219,35,0.4375,0,0,0.0,0,0.0,0,62,0.775,218,0,115,1.138,0,218,4.4497,0.367,0.2661,0.3636,10,0.1105,0.0,40,0.0375,80,237,2.9625,0.3502
EllisWeismer:11066,EllisWeismer:LT:42ec,data/curated/english_child_transcripts/EllisWeismer/download_2026-05-31/LT/42ec/11066.cha,EllisWeismer,LT,LT,female,eng,Built from labeled CHAT folder structure.,42.0,128,2.49,2.41,0.3602,306,28,0.2188,0,0,0.0,0,0.0,0,64,0.5,193,0,165,1.072,0,193,3.7103,0.6632,0.4301,0.5484,28,0.0601,0.0078,29,0.0391,128,329,2.5703,0.383
EllisWeismer:11068,EllisWeismer:LT:42ec,data/curated/english_child_transcripts/EllisWeismer/download_2026-05-31/LT/42ec/11068.cha,EllisWeismer,LT,LT,female,eng,Built from labeled CHAT folder structure.,42.0,106,2.92,2.82,0.3767,293,14,0.1321,0,0,0.0,2,0.0189,0,90,0.8491,214,0,155,1.104,0,214,3.8906,0.4953,0.3598,0.6346,30,0.0651,0.0,15,0.0,106,312,2.9434,0.3846
EllisWeismer:11070,EllisWeismer:LT:42ec,data/curated/english_child_transcripts/EllisWeismer/download_2026-05-31/LT/42ec/11070.cha,EllisWeismer,LT,LT,female,eng,Built from labeled CHAT folder structure.,42.0,93,2.011,2.129,0.4293,181,24,0.2581,0,0,0.0,0,0.0,0,73,0.7849,145,0,139,1.552,0,145,3.0924,0.6414,0.4828,0.7797,22,0.0471,0.0,25,0.0,93,185,1.9892,0.4649
EllisWeismer:11073,EllisWeismer:LT:42ec,data/curated/english_child_transcripts/EllisWeismer/download_2026-05-31/LT/42ec/11073.cha,EllisWeismer,LT,LT,female,eng,Built from labeled CHAT folder structure.,42.0,142,2.54,2.47,0.3914,352,12,0.0845,0,0,0.0,0,0.0,0,108,0.7606,219,0,213,1.919,0,219,3.7673,0.6484,0.4886,0.716,26,0.0789,0.0,12,0.0282,142,391,2.7535,0.3964
EllisWeismer:11078,EllisWeismer:LT:42ec,data/curated/english_child_transcripts/EllisWeismer/download_2026-05-31/LT/42ec/11078.cha,EllisWeismer,LT,LT,female,eng,Built from labeled CHAT folder structure.,42.0,170,3.03,2.84,0.34,489,23,0.1353,0,1,0.0,0,0.0,0,96,0.5647,179,0,230,1.821,0,179,3.3295,0.9497,0.6425,0.4444,26,0.0912,0.0,23,0.0353,170,532,3.1294,0.2932
EllisWeismer:12009,EllisWeismer:LT:42ec,data/curated/english_child_transcripts/EllisWeismer/download_2026-05-31/LT/42ec/12009.cha,EllisWeismer,LT,LT,male,eng,Built from labeled CHAT folder structure.,42.0,115,2.79,2.66,0.4207,322,11,0.0957,0,0,0.0,1,0.0087,0,74,0.6435,160,0,168,1.331,0,160,3.7382,0.7188,0.525,0.7931,41,0.0926,0.0087,11,0.0174,115,401,3.487,0.3591
EllisWeismer:12022,EllisWeismer:LT:42ec,data/curated/english_child_transcripts/EllisWeismer/download_2026-05-31/LT/42ec/12022.cha,EllisWeismer,LT,LT,male,eng,Built from labeled CHAT folder structure.,42.0,198,2.24,2.25,0.2857,423,71,0.3586,0,2,0.0,6,0.0303,0,85,0.4293,145,0,219,1.453,0,145,2.9096,1.3655,0.7586,0.7727,37,0.0736,0.0051,78,0.0354,198,511,2.5808,0.2583
EllisWeismer:12036,EllisWeismer:LT:42ec,data/curated/english_child_transcripts/EllisWeismer/download_2026-05-31/LT/42ec/12036.cha,EllisWeismer,LT,LT,male,eng,Built from labeled CHAT folder structure.,42.0,153,3.12,2.95,0.3457,457,19,0.1242,0,0,0.0,3,0.0196,0,58,0.3791,150,0,219,1.026,0,150,3.6403,1.02,0.7333,0.8222,32,0.0863,0.0,19,0.0196,153,486,3.1765,0.3086
EllisWeismer:12038,EllisWeismer:LT:42ec,data/curated/english_child_transcripts/EllisWeismer/download_2026-05-31/LT/42ec/12038.cha,EllisWeismer,LT,LT,male,eng,Built from labeled CHAT folder structure.,42.0,148,3.6,3.37,0.4286,513,5,0.0338,0,0,0.0068,2,0.0135,0,63,0.4257,161,0,178,1.17,3,161,3.8188,0.9193,0.5528,0.6341,34,0.0973,0.0,5,0.0608,148,567,3.8311,0.3598
EllisWeismer:12042,EllisWeismer:LT:42ec,data/curated/english_child_transcripts/EllisWeismer/download_2026-05-31/LT/42ec/12042.cha,EllisWeismer,LT,LT,male,eng,Built from labeled CHAT folder structure.,42.0,105,2.71,2.55,0.459,267,2,0.019,0,0,0.0,0,0.0,0,67,0.6381,220,0,180,1.032,0,220,4.1015,0.4773,0.4091,0.6296,33,0.0877,0.0095,2,0.0476,105,287,2.7333,0.4321
EllisWeismer:12058,EllisWeismer:LT:42ec,data/curated/english_child_transcripts/EllisWeismer/download_2026-05-31/LT/42ec/12058.cha,EllisWeismer,LT,LT,male,eng,Built from labeled CHAT folder structure.,42.0,95,2.853,2.779,0.3333,250,25,0.2632,0,0,0.0,1,0.0105,0,108,1.1368,265,0,131,1.124,0,265,3.6917,0.3585,0.2491,0.375,13,0.0909,0.0,25,0.0105,95,264,2.7789,0.3409
EllisWeismer:12059,EllisWeismer:LT:42ec,data/curated/english_child_transcripts/EllisWeismer/download_2026-05-31/LT/42ec/12059.cha,EllisWeismer,LT,LT,male,eng,Built from labeled CHAT folder structure.,42.0,175,3.53,3.56,0.34,573,67,0.3829,0,1,0.0,2,0.0114,0,91,0.52,173,0,179,1.56,2,173,3.8534,1.0116,0.5202,0.7358,28,0.0645,0.0,72,0.0514,175,619,3.5371,0.2876
EllisWeismer:12072,EllisWeismer:LT:42ec,data/curated/english_child_transcripts/EllisWeismer/download_2026-05-31/LT/42ec/12072.cha,EllisWeismer,LT,LT,male,eng,Built from labeled CHAT folder structure.,42.0,121,3.53,3.2,0.3343,380,9,0.0744,0,4,0.0,4,0.0331,0,53,0.438,150,0,173,0.918,0,150,3.9041,0.8067,0.58,0.7143,16,0.0692,0.0,9,0.0248,121,399,3.2975,0.3158
EllisWeismer:12074,EllisWeismer:LT:42ec,data/curated/english_child_transcripts/EllisWeismer/download_2026-05-31/LT/42ec/12074.cha,EllisWeismer,LT,LT,male,eng,Built from labeled CHAT folder structure.,42.0,87,2.609,2.517,0.4795,216,7,0.0805,0,0,0.0,0,0.0,0,58,0.6667,118,0,129,1.694,0,118,3.4683,0.7373,0.5424,0.4643,15,0.0684,0.0115,7,0.023,87,242,2.7816,0.4876
EllisWeismer:12076,EllisWeismer:LT:42ec,data/curated/english_child_transcripts/EllisWeismer/download_2026-05-31/LT/42ec/12076.cha,EllisWeismer,LT,LT,male,eng,Built from labeled CHAT folder structure.,42.0,65,2.246,2.246,0.5205,134,21,0.3231,0,0,0.0154,1,0.0154,1,76,1.1692,146,0,83,2.26,0,146,4.0853,0.4452,0.2877,0.3519,6,0.093,0.0154,22,0.0154,65,149,2.2923,0.5436
EllisWeismer:12080,EllisWeismer:LT:42ec,data/curated/english_child_transcripts/EllisWeismer/download_2026-05-31/LT/42ec/12080.cha,EllisWeismer,LT,LT,male,eng,Built from labeled CHAT folder structure.,42.0,159,2.88,2.87,0.2971,430,19,0.1195,0,0,0.0,2,0.0126,0,47,0.2956,163,0,230,1.036,0,163,3.8137,0.9755,0.7055,0.7639,58,0.0749,0.0,23,0.044,159,479,3.0126,0.2735
EllisWeismer:12082,EllisWeismer:LT:42ec,data/curated/english_child_transcripts/EllisWeismer/download_2026-05-31/LT/42ec/12082.cha,EllisWeismer,LT,LT,male,eng,Built from labeled CHAT folder structure.,42.0,150,1.14,1.42,0.2723,166,75,0.5,1,0,0.0133,3,0.02,0,78,0.52,192,0,167,1.086,0,192,2.8509,0.7812,0.4375,0.6364,57,0.1069,0.0,79,0.02,150,180,1.2,0.3333
EllisWeismer:12083,EllisWeismer:LT:42ec,data/curated/english_child_transcripts/EllisWeismer/download_2026-05-31/LT/42ec/12083.cha,EllisWeismer,LT,LT,male,eng,Built from labeled CHAT folder structure.,42.0,137,2.07,2.17,0.3082,282,48,0.3504,0,1,0.0,3,0.0219,0,69,0.5036,123,0,159,1.539,0,123,2.6885,1.1138,0.6504,0.8333,20,0.0821,0.0,49,0.0073,137,301,2.1971,0.3289
EllisWeismer:12084,EllisWeismer:LT:42ec,data/curated/english_child_transcripts/EllisWeismer/download_2026-05-31/LT/42ec/12084.cha,EllisWeismer,LT,LT,male,eng,Built from labeled CHAT folder structure.,42.0,92,3.261,3.185,0.3481,289,0,0.0,0,1,0.0,0,0.0,0,80,0.8696,222,0,147,1.214,0,222,4.7038,0.4144,0.3333,0.4211,14,0.0763,0.0109,0,0.0435,92,304,3.3043,0.3586
EllisWeismer:21110,EllisWeismer:LT:42ec,data/curated/english_child_transcripts/EllisWeismer/download_2026-05-31/LT/42ec/21110.cha,EllisWeismer,LT,LT,female,eng,Built from labeled CHAT folder structure.,42.0,85,2.176,2.224,0.418,172,25,0.2941,0,0,0.0,2,0.0235,0,65,0.7647,177,0,127,1.329,0,177,3.8817,0.4802,0.3616,0.5333,19,0.0577,0.0,25,0.0,85,186,2.1882,0.457
EllisWeismer:21117,EllisWeismer:LT:42ec,data/curated/english_child_transcripts/EllisWeismer/download_2026-05-31/LT/42ec/21117.cha,EllisWeismer,LT,LT,female,eng,Built from labeled CHAT folder structure.,42.0,47,2.085,2.149,0.5842,93,12,0.2553,0,0,0.0,0,0.0,0,67,1.4255,177,0,79,1.191,0,177,4.3929,0.2655,0.226,0.3265,7,0.0468,0.0,13,0.0,47,98,2.0851,0.6531
EllisWeismer:21129,EllisWeismer:LT:42ec,data/curated/english_child_transcripts/EllisWeismer/download_2026-05-31/LT/42ec/21129.cha,EllisWeismer,LT,LT,female,eng,Built from labeled CHAT folder structure.,42.0,102,2.54,2.49,0.4252,251,9,0.0882,0,0,0.0,0,0.0,0,60,0.5882,186,0,154,1.169,0,186,3.9688,0.5484,0.414,0.5769,27,0.0855,0.0098,10,0.0098,102,276,2.7059,0.4312
EllisWeismer:21146,EllisWeismer:LT:42ec,data/curated/english_child_transcripts/EllisWeismer/download_2026-05-31/LT/42ec/21146.cha,EllisWeismer,LT,LT,female,eng,Built from labeled CHAT folder structure.,42.0,119,3.41,3.19,0.3771,362,25,0.2101,0,0,0.0,2,0.0168,0,66,0.5546,100,0,142,1.632,4,100,3.8219,1.19,0.71,0.8261,27,0.0634,0.0084,25,0.0336,119,394,3.3109,0.3528
EllisWeismer:21165,EllisWeismer:LT:42ec,data/curated/english_child_transcripts/EllisWeismer/download_2026-05-31/LT/42ec/21165.cha,EllisWeismer,LT,LT,female,eng,Built from labeled CHAT folder structure.,42.0,48,2.0,1.979,0.5368,92,6,0.125,0,0,0.0,0,0.0,0,58,1.2083,168,0,79,1.852,0,168,3.4815,0.2857,0.2381,0.2295,18,0.1,0.0,6,0.0208,48,91,1.8958,0.5385
EllisWeismer:22086,EllisWeismer:LT:42ec,data/curated/english_child_transcripts/EllisWeismer/download_2026-05-31/LT/42ec/22086.cha,EllisWeismer,LT,LT,male,eng,Built from labeled CHAT folder structure.,42.0,104,2.16,2.19,0.4317,216,21,0.2019,0,0,0.0,2,0.0192,0,50,0.4808,211,0,153,0.89,0,211,3.5302,0.4929,0.3649,0.6271,35,0.033,0.0192,21,0.0192,104,230,2.2115,0.4478
EllisWeismer:22090,EllisWeismer:LT:42ec,data/curated/english_child_transcripts/EllisWeismer/download_2026-05-31/LT/42ec/22090.cha,EllisWeismer,LT,LT,male,eng,Built from labeled CHAT folder structure.,42.0,114,2.4,2.44,0.419,273,21,0.1842,0,0,0.0,1,0.0088,0,57,0.5,102,0,119,1.359,0,102,3.125,1.1176,0.5882,0.6471,16,0.0681,0.0,22,0.0,114,290,2.5439,0.431
EllisWeismer:22111,EllisWeismer:LT:42ec,data/curated/english_child_transcripts/EllisWeismer/download_2026-05-31/LT/42ec/22111.cha,EllisWeismer,LT,LT,male,eng,Built from labeled CHAT folder structure.,42.0,92,2.815,2.75,0.4783,247,11,0.1196,0,0,0.0,2,0.0217,0,67,0.7283,195,0,135,1.284,0,195,4.4774,0.4718,0.3487,0.5741,23,0.0736,0.0,11,0.0,92,271,2.9457,0.4576
EllisWeismer:22112,EllisWeismer:LT:42ec,data/curated/english_child_transcripts/EllisWeismer/download_2026-05-31/LT/42ec/22112.cha,EllisWeismer,LT,LT,male,eng,Built from labeled CHAT folder structure.,42.0,159,4.13,3.99,0.3543,616,29,0.1824,0,0,0.0063,5,0.0314,0,56,0.3522,160,0,218,1.081,0,160,4.2665,0.9938,0.6813,0.6061,35,0.0864,0.0,31,0.0126,159,691,4.3459,0.2619
EllisWeismer:22125,EllisWeismer:LT:42ec,data/curated/english_child_transcripts/EllisWeismer/download_2026-05-31/LT/42ec/22125.cha,EllisWeismer,LT,LT,male,eng,Built from labeled CHAT folder structure.,42.0,87,3.586,3.552,0.3463,303,10,0.1149,0,0,0.0,3,0.0345,0,44,0.5057,58,0,87,1.334,0,58,4.1034,1.5,0.7586,0.8,25,0.1241,0.0115,10,0.0115,87,347,3.9885,0.3372
EllisWeismer:22131,EllisWeismer:LT:42ec,data/curated/english_child_transcripts/EllisWeismer/download_2026-05-31/LT/42ec/22131.cha,EllisWeismer,LT,LT,male,eng,Built from labeled CHAT folder structure.,42.0,121,2.78,2.64,0.3704,323,3,0.0248,0,1,0.0,2,0.0165,0,42,0.3471,126,0,158,1.123,0,126,3.3684,0.9603,0.627,0.7931,29,0.0884,0.0083,3,0.0579,121,394,3.2562,0.3579
EllisWeismer:22150,EllisWeismer:LT:42ec,data/curated/english_child_transcripts/EllisWeismer/download_2026-05-31/LT/42ec/22150.cha,EllisWeismer,LT,LT,male,eng,Built from labeled CHAT folder structure.,42.0,110,2.55,2.56,0.3745,263,27,0.2455,0,0,0.0,4,0.0364,0,50,0.4545,137,0,139,1.112,0,137,3.7449,0.8029,0.5109,0.697,24,0.1022,0.0,28,0.0636,110,314,2.8545,0.3567
EllisWeismer:22161,EllisWeismer:LT:42ec,data/curated/english_child_transcripts/EllisWeismer/download_2026-05-31/LT/42ec/22161.cha,EllisWeismer,LT,LT,male,eng,Built from labeled CHAT folder structure.,42.0,100,3.75,3.6,0.3657,358,13,0.13,0,0,0.03,0,0.0,0,81,0.81,141,0,141,2.052,0,141,4.5353,0.7092,0.5035,0.8,18,0.072,0.01,13,0.03,100,404,4.04,0.3366
EllisWeismer:22162,EllisWeismer:LT:42ec,data/curated/english_child_transcripts/EllisWeismer/download_2026-05-31/LT/42ec/22162.cha,EllisWeismer,LT,LT,male,eng,Built from labeled CHAT folder structure.,42.0,74,2.108,2.149,0.5409,151,11,0.1486,1,1,0.0541,0,0.0,1,50,0.6757,157,0,117,1.386,0,157,3.8831,0.4713,0.3758,0.5882,13,0.0543,0.0135,11,0.0135,74,163,2.2027,0.546
EllisWeismer:22163,EllisWeismer:LT:42ec,data/curated/english_child_transcripts/EllisWeismer/download_2026-05-31/LT/42ec/22163.cha,EllisWeismer,LT,LT,male,eng,Built from labeled CHAT folder structure.,42.0,109,2.4,2.32,0.4225,249,20,0.1835,0,0,0.0,1,0.0092,0,84,0.7706,203,0,154,1.769,0,203,3.6635,0.5369,0.3793,0.6304,29,0.08,0.0,20,0.0275,109,272,2.4954,0.4191
EllisWeismer:22164,EllisWeismer:LT:42ec,data/curated/english_child_transcripts/EllisWeismer/download_2026-05-31/LT/42ec/22164.cha,EllisWeismer,LT,LT,male,eng,Built from labeled CHAT folder structure.,42.0,42,2.976,2.81,0.5339,116,7,0.1667,0,0,0.0,1,0.0238,0,61,1.4524,151,0,74,1.725,0,151,4.4974,0.2781,0.245,0.3519,5,0.048,0.0238,8,0.0238,42,123,2.9286,0.5447
EllisWeismer:22166,EllisWeismer:LT:42ec,data/curated/english_child_transcripts/EllisWeismer/download_2026-05-31/LT/42ec/22166.cha,EllisWeismer,LT,LT,male,eng,Built from labeled CHAT folder structure.,42.0,105,4.06,3.74,0.3686,386,17,0.1619,0,0,0.0,2,0.019,0,41,0.3905,114,0,137,1.375,0,114,3.7078,0.9211,0.5965,0.8095,8,0.0884,0.0,18,0.0286,105,405,3.8571,0.358
EllisWeismer:22170,EllisWeismer:LT:42ec,data/curated/english_child_transcripts/EllisWeismer/download_2026-05-31/LT/42ec/22170.cha,EllisWeismer,LT,LT,male,eng,Built from labeled CHAT folder structure.,42.0,115,3.34,3.1,0.28,380,4,0.0348,0,0,0.0,2,0.0174,0,28,0.2435,111,0,142,0.696,0,111,3.6637,1.036,0.6396,0.8125,22,0.0594,0.0,4,0.0435,115,448,3.8957,0.2656
EllisWeismer:22175,EllisWeismer:LT:42ec,data/curated/english_child_transcripts/EllisWeismer/download_2026-05-31/LT/42ec/22175.cha,EllisWeismer,LT,LT,male,eng,Built from labeled CHAT folder structure.,42.0,143,3.4,3.19,0.3714,473,10,0.0699,0,0,0.0,7,0.049,0,62,0.4336,134,0,193,1.348,0,134,3.5668,1.0672,0.7164,0.7727,19,0.0876,0.007,10,0.007,143,484,3.3846,0.3182
EllisWeismer:11005,EllisWeismer:LT:42pc,data/curated/english_child_transcripts/EllisWeismer/download_2026-05-31/LT/42pc/11005.cha,EllisWeismer,LT,LT,female,eng,Built from labeled CHAT folder structure.,42.0,184,3.91,3.9,0.3657,702,21,0.1141,0,1,0.0,1,0.0054,0,82,0.4457,0,115,185,1.351,0,115,4.0836,1.6,0.8,0.8235,47,0.1048,0.0109,23,0.0054,184,778,4.2283,0.2763
EllisWeismer:11016,EllisWeismer:LT:42pc,data/curated/english_child_transcripts/EllisWeismer/download_2026-05-31/LT/42pc/11016.cha,EllisWeismer,LT,LT,female,eng,Built from labeled CHAT folder structure.,42.0,150,2.92,2.92,0.3286,408,49,0.3267,0,1,0.0267,0,0.0,0,75,0.5,0,180,179,1.341,0,180,4.2485,0.8333,0.5,0.6939,38,0.0974,0.0067,52,0.0867,150,437,2.9133,0.3158
EllisWeismer:11066,EllisWeismer:LT:42pc,data/curated/english_child_transcripts/EllisWeismer/download_2026-05-31/LT/42pc/11066.cha,EllisWeismer,LT,LT,female,eng,Built from labeled CHAT folder structure.,42.0,141,2.69,2.53,0.3807,324,13,0.0922,0,1,0.0,3,0.0213,1,83,0.5887,0,297,183,0.969,0,297,3.411,0.4747,0.3098,0.48,43,0.0688,0.0071,13,0.0496,141,350,2.4823,0.3829
EllisWeismer:11068,EllisWeismer:LT:42pc,data/curated/english_child_transcripts/EllisWeismer/download_2026-05-31/LT/42pc/11068.cha,EllisWeismer,LT,LT,female,eng,Built from labeled CHAT folder structure.,42.0,99,2.343,2.293,0.4317,218,13,0.1313,0,2,0.0,2,0.0202,0,71,0.7172,0,247,162,1.066,0,247,3.9191,0.4008,0.3279,0.4933,32,0.0882,0.0,14,0.0404,99,227,2.2929,0.4493
EllisWeismer:11070,EllisWeismer:LT:42pc,data/curated/english_child_transcripts/EllisWeismer/download_2026-05-31/LT/42pc/11070.cha,EllisWeismer,LT,LT,female,eng,Built from labeled CHAT folder structure.,42.0,140,1.71,1.72,0.3905,266,15,0.1071,0,2,0.0,4,0.0286,0,64,0.4571,0,263,221,0.925,0,263,3.7395,0.5323,0.4221,0.5625,51,0.0663,0.0,15,0.0357,140,281,2.0071,0.3915
EllisWeismer:11073,EllisWeismer:LT:42pc,data/curated/english_child_transcripts/EllisWeismer/download_2026-05-31/LT/42pc/11073.cha,EllisWeismer,LT,LT,female,eng,Built from labeled CHAT folder structure.,42.0,109,1.92,1.92,0.4292,198,13,0.1193,0,3,0.0,0,0.0,0,71,0.6514,0,197,163,1.113,0,197,3.2712,0.5533,0.4162,0.6173,24,0.0882,0.0,13,0.0642,109,224,2.055,0.4509
EllisWeismer:11078,EllisWeismer:LT:42pc,data/curated/english_child_transcripts/EllisWeismer/download_2026-05-31/LT/42pc/11078.cha,EllisWeismer,LT,LT,female,eng,Built from labeled CHAT folder structure.,42.0,156,2.28,2.22,0.3783,325,17,0.109,0,9,0.0,2,0.0128,0,74,0.4744,0,253,239,1.159,0,253,3.6406,0.6166,0.4743,0.5743,49,0.0998,0.0128,17,0.0833,156,354,2.2692,0.3757
EllisWeismer:12009,EllisWeismer:LT:42pc,data/curated/english_child_transcripts/EllisWeismer/download_2026-05-31/LT/42pc/12009.cha,EllisWeismer,LT,LT,male,eng,Built from labeled CHAT folder structure.,42.0,124,2.82,2.79,0.3687,323,22,0.1774,0,8,0.0161,0,0.0,0,71,0.5726,0,183,182,1.16,0,183,3.4137,0.6776,0.4973,0.6133,43,0.0989,0.0081,22,0.0968,124,375,3.0242,0.368
EllisWeismer:12022,EllisWeismer:LT:42pc,data/curated/english_child_transcripts/EllisWeismer/download_2026-05-31/LT/42pc/12022.cha,EllisWeismer,LT,LT,male,eng,Built from labeled CHAT folder structure.,42.0,145,2.09,2.16,0.3213,278,36,0.2483,0,10,0.0,5,0.0345,0,57,0.3931,0,172,174,1.141,0,172,3.4543,0.843,0.5058,0.5795,44,0.085,0.0069,39,0.0621,145,327,2.2552,0.3394
EllisWeismer:12036,EllisWeismer:LT:42pc,data/curated/english_child_transcripts/EllisWeismer/download_2026-05-31/LT/42pc/12036.cha,EllisWeismer,LT,LT,male,eng,Built from labeled CHAT folder structure.,42.0,214,2.64,2.47,0.3086,498,5,0.0234,0,3,0.0,9,0.0421,0,37,0.1729,0,364,377,0.509,0,364,3.4637,0.5879,0.5192,0.6859,90,0.0685,0.014,5,0.0654,214,524,2.4486,0.2691
EllisWeismer:12038,EllisWeismer:LT:42pc,data/curated/english_child_transcripts/EllisWeismer/download_2026-05-31/LT/42pc/12038.cha,EllisWeismer,LT,LT,male,eng,Built from labeled CHAT folder structure.,42.0,102,2.93,2.82,0.3972,283,6,0.0588,0,0,0.0,2,0.0196,0,72,0.7059,0,209,152,2.129,0,209,3.7299,0.488,0.3636,0.463,16,0.0643,0.0098,6,0.0784,102,293,2.8725,0.3959
EllisWeismer:12042,EllisWeismer:LT:42pc,data/curated/english_child_transcripts/EllisWeismer/download_2026-05-31/LT/42pc/12042.cha,EllisWeismer,LT,LT,male,eng,Built from labeled CHAT folder structure.,42.0,95,2.495,2.4,0.443,224,9,0.0947,0,0,0.0,3,0.0316,0,66,0.6947,0,171,162,0.959,0,171,3.4474,0.5556,0.4737,0.64,34,0.0997,0.0,9,0.0316,95,227,2.3895,0.4273
EllisWeismer:12059,EllisWeismer:LT:42pc,data/curated/english_child_transcripts/EllisWeismer/download_2026-05-31/LT/42pc/12059.cha,EllisWeismer,LT,LT,male,eng,Built from labeled CHAT folder structure.,42.0,159,2.49,2.47,0.3571,397,37,0.2327,0,0,0.0063,1,0.0063,1,83,0.522,0,233,233,1.079,0,233,3.5153,0.6824,0.5021,0.6466,38,0.0834,0.0063,39,0.0503,159,426,2.6792,0.3474
EllisWeismer:12072,EllisWeismer:LT:42pc,data/curated/english_child_transcripts/EllisWeismer/download_2026-05-31/LT/42pc/12072.cha,EllisWeismer,LT,LT,male,eng,Built from labeled CHAT folder structure.,42.0,107,2.37,2.27,0.4575,236,9,0.0841,0,0,0.0,4,0.0374,0,67,0.6262,0,310,155,1.475,0,310,3.3789,0.3452,0.2516,0.4,26,0.1137,0.0093,10,0.028,107,247,2.3084,0.4656
EllisWeismer:12074,EllisWeismer:LT:42pc,data/curated/english_child_transcripts/EllisWeismer/download_2026-05-31/LT/42pc/12074.cha,EllisWeismer,LT,LT,male,eng,Built from labeled CHAT folder structure.,42.0,51,2.059,2.098,0.5234,100,10,0.1961,0,0,0.0,2,0.0392,0,59,1.1569,0,210,79,0.987,0,210,4.2031,0.2429,0.1905,0.2824,13,0.1178,0.0,10,0.0,51,104,2.0392,0.5577
EllisWeismer:12076,EllisWeismer:LT:42pc,data/curated/english_child_transcripts/EllisWeismer/download_2026-05-31/LT/42pc/12076.cha,EllisWeismer,LT,LT,male,eng,Built from labeled CHAT folder structure.,42.0,93,2.699,2.581,0.4417,231,16,0.172,0,0,0.0,4,0.043,0,75,0.8065,0,190,141,1.39,0,190,3.6714,0.4895,0.3737,0.5139,20,0.1061,0.0,16,0.0108,93,238,2.5591,0.458
EllisWeismer:12080,EllisWeismer:LT:42pc,data/curated/english_child_transcripts/EllisWeismer/download_2026-05-31/LT/42pc/12080.cha,EllisWeismer,LT,LT,male,eng,Built from labeled CHAT folder structure.,42.0,232,3.02,2.92,0.42,654,8,0.0345,0,1,0.0388,8,0.0345,0,38,0.1638,0,266,287,0.882,0,266,3.8695,0.8722,0.5414,0.7727,65,0.0789,0.0,8,0.0388,232,777,3.3491,0.278
EllisWeismer:12081,EllisWeismer:LT:42pc,data/curated/english_child_transcripts/EllisWeismer/download_2026-05-31/LT/42pc/12081.cha,EllisWeismer,LT,LT,male,eng,Built from labeled CHAT folder structure.,42.0,125,2.31,2.19,0.4235,245,14,0.112,0,0,0.0,0,0.0,0,60,0.48,0,199,173,1.402,1,199,3.6759,0.6281,0.4372,0.5882,39,0.0373,0.0,14,0.008,125,262,2.096,0.4275
EllisWeismer:12082,EllisWeismer:LT:42pc,data/curated/english_child_transcripts/EllisWeismer/download_2026-05-31/LT/42pc/12082.cha,EllisWeismer,LT,LT,male,eng,Built from labeled CHAT folder structure.,42.0,165,1.4,1.49,0.2925,225,31,0.1879,0,0,0.0,8,0.0485,0,49,0.297,0,302,239,0.649,0,302,2.7816,0.5464,0.3974,0.5955,70,0.0945,0.0,32,0.0121,165,233,1.4121,0.3433
EllisWeismer:12083,EllisWeismer:LT:42pc,data/curated/english_child_transcripts/EllisWeismer/download_2026-05-31/LT/42pc/12083.cha,EllisWeismer,LT,LT,male,eng,Built from labeled CHAT folder structure.,42.0,136,1.88,1.97,0.4101,256,25,0.1838,0,1,0.0,3,0.0221,0,73,0.5368,0,231,199,1.207,0,231,3.2234,0.5887,0.4329,0.6747,37,0.0488,0.0,26,0.0,136,270,1.9853,0.4481
EllisWeismer:12084,EllisWeismer:LT:42pc,data/curated/english_child_transcripts/EllisWeismer/download_2026-05-31/LT/42pc/12084.cha,EllisWeismer,LT,LT,male,eng,Built from labeled CHAT folder structure.,42.0,137,2.73,2.62,0.36,353,11,0.0803,0,1,0.0073,4,0.0292,0,71,0.5182,0,214,192,1.154,0,214,3.7236,0.6402,0.4486,0.6111,44,0.0986,0.0,11,0.0511,137,381,2.781,0.357
EllisWeismer:21110,EllisWeismer:LT:42pc,data/curated/english_child_transcripts/EllisWeismer/download_2026-05-31/LT/42pc/21110.cha,EllisWeismer,LT,LT,female,eng,Built from labeled CHAT folder structure.,42.0,129,2.35,2.3,0.3102,297,16,0.124,0,0,0.0,4,0.031,0,73,0.5659,0,225,196,0.974,0,225,3.5254,0.5733,0.4356,0.5512,44,0.0907,0.0,17,0.0853,129,339,2.6279,0.3186
EllisWeismer:21117,EllisWeismer:LT:42pc,data/curated/english_child_transcripts/EllisWeismer/download_2026-05-31/LT/42pc/21117.cha,EllisWeismer,LT,LT,female,eng,Built from labeled CHAT folder structure.,42.0,153,3.8,3.46,0.3914,488,21,0.1373,0,0,0.0,2,0.0131,0,51,0.3333,0,109,160,1.13,0,109,3.4389,1.4037,0.7339,0.8542,40,0.0509,0.0,24,0.0065,153,535,3.4967,0.3346
EllisWeismer:21129,EllisWeismer:LT:42pc,data/curated/english_child_transcripts/EllisWeismer/download_2026-05-31/LT/42pc/21129.cha,EllisWeismer,LT,LT,female,eng,Built from labeled CHAT folder structure.,42.0,119,3.31,3.14,0.4114,376,8,0.0672,0,0,0.0084,2,0.0168,0,61,0.5126,0,157,155,1.649,0,157,3.6341,0.758,0.4968,0.64,31,0.1167,0.0168,9,0.0252,119,413,3.4706,0.3923
EllisWeismer:21146,EllisWeismer:LT:42pc,data/curated/english_child_transcripts/EllisWeismer/download_2026-05-31/LT/42pc/21146.cha,EllisWeismer,LT,LT,female,eng,Built from labeled CHAT folder structure.,42.0,161,2.83,2.7,0.3829,391,19,0.118,0,0,0.0,5,0.0311,0,52,0.323,0,205,250,0.846,0,205,3.6093,0.7854,0.6098,0.7326,61,0.0754,0.0062,19,0.0311,161,414,2.5714,0.3744
EllisWeismer:21165,EllisWeismer:LT:42pc,data/curated/english_child_transcripts/EllisWeismer/download_2026-05-31/LT/42pc/21165.cha,EllisWeismer,LT,LT,female,eng,Built from labeled CHAT folder structure.,42.0,106,2.44,2.46,0.416,257,7,0.066,0,0,0.0283,2,0.0189,0,24,0.2264,0,131,151,1.159,0,131,3.9367,0.8092,0.5802,0.7091,26,0.1537,0.0472,7,0.0377,106,283,2.6698,0.4099
EllisWeismer:22090,EllisWeismer:LT:42pc,data/curated/english_child_transcripts/EllisWeismer/download_2026-05-31/LT/42pc/22090.cha,EllisWeismer,LT,LT,male,eng,Built from labeled CHAT folder structure.,42.0,170,2.97,2.84,0.3543,455,7,0.0412,0,0,0.0,2,0.0118,0,67,0.3941,0,155,195,0.89,0,155,3.4062,1.0968,0.6323,0.7727,57,0.0616,0.0412,8,0.0647,170,506,2.9765,0.3123
EllisWeismer:22111,EllisWeismer:LT:42pc,data/curated/english_child_transcripts/EllisWeismer/download_2026-05-31/LT/42pc/22111.cha,EllisWeismer,LT,LT,male,eng,Built from labeled CHAT folder structure.,42.0,122,1.98,2.14,0.4375,247,8,0.0656,0,1,0.0,1,0.0082,0,50,0.4098,0,244,168,0.826,0,244,3.2732,0.5,0.3443,0.6029,32,0.0919,0.0,9,0.0164,122,262,2.1475,0.4618
EllisWeismer:22112,EllisWeismer:LT:42pc,data/curated/english_child_transcripts/EllisWeismer/download_2026-05-31/LT/42pc/22112.cha,EllisWeismer,LT,LT,male,eng,Built from labeled CHAT folder structure.,42.0,126,3.26,3.27,0.32,414,27,0.2143,0,0,0.0,6,0.0476,0,54,0.4286,0,155,160,0.874,0,155,3.7046,0.8129,0.5161,0.7632,23,0.1276,0.0159,28,0.0159,126,436,3.4603,0.2982
EllisWeismer:22138,EllisWeismer:LT:42pc,data/curated/english_child_transcripts/EllisWeismer/download_2026-05-31/LT/42pc/22138.cha,EllisWeismer,LT,LT,male,eng,Built from labeled CHAT folder structure.,42.0,121,2.77,2.83,0.3596,328,30,0.2479,0,0,0.0,1,0.0083,0,55,0.4545,0,157,165,1.139,0,157,4.2302,0.7707,0.5287,0.6,26,0.0799,0.0083,31,0.0496,121,357,2.9504,0.3585
EllisWeismer:22150,EllisWeismer:LT:42pc,data/curated/english_child_transcripts/EllisWeismer/download_2026-05-31/LT/42pc/22150.cha,EllisWeismer,LT,LT,male,eng,Built from labeled CHAT folder structure.,42.0,130,2.13,2.11,0.3815,252,30,0.2308,0,0,0.0,3,0.0231,0,73,0.5615,0,197,179,0.973,0,197,3.789,0.6599,0.4569,0.5256,59,0.0953,0.0,31,0.0538,130,288,2.2154,0.3681
EllisWeismer:22161,EllisWeismer:LT:42pc,data/curated/english_child_transcripts/EllisWeismer/download_2026-05-31/LT/42pc/22161.cha,EllisWeismer,LT,LT,male,eng,Built from labeled CHAT folder structure.,42.0,85,2.212,2.165,0.5435,179,5,0.0588,0,2,0.0,0,0.0,0,51,0.6,0,258,142,0.845,0,258,4.1895,0.3295,0.2752,0.4167,26,0.0736,0.0,5,0.0235,85,210,2.4706,0.4857
EllisWeismer:22162,EllisWeismer:LT:42pc,data/curated/english_child_transcripts/EllisWeismer/download_2026-05-31/LT/42pc/22162.cha,EllisWeismer,LT,LT,male,eng,Built from labeled CHAT folder structure.,42.0,130,2.26,2.2,0.3953,284,11,0.0846,0,4,0.0077,1,0.0077,0,76,0.5846,0,143,160,1.263,0,143,3.5311,0.9091,0.5594,0.65,29,0.0457,0.0077,11,0.0538,130,310,2.3846,0.4097
EllisWeismer:22163,EllisWeismer:LT:42pc,data/curated/english_child_transcripts/EllisWeismer/download_2026-05-31/LT/42pc/22163.cha,EllisWeismer,LT,LT,male,eng,Built from labeled CHAT folder structure.,42.0,148,4.33,4.09,0.3857,565,5,0.0338,0,1,0.0,1,0.0068,0,39,0.2635,0,166,188,0.866,0,166,4.4363,0.8916,0.5663,0.7656,31,0.0652,0.0,5,0.0878,148,625,4.223,0.3104
EllisWeismer:22164,EllisWeismer:LT:42pc,data/curated/english_child_transcripts/EllisWeismer/download_2026-05-31/LT/42pc/22164.cha,EllisWeismer,LT,LT,male,eng,Built from labeled CHAT folder structure.,42.0,99,2.515,2.394,0.4346,229,2,0.0202,0,3,0.0,1,0.0101,0,64,0.6465,0,216,167,1.179,0,216,3.7206,0.4583,0.3889,0.4273,18,0.0721,0.0,2,0.0707,99,259,2.6162,0.4517
EllisWeismer:22166,EllisWeismer:LT:42pc,data/curated/english_child_transcripts/EllisWeismer/download_2026-05-31/LT/42pc/22166.cha,EllisWeismer,LT,LT,male,eng,Built from labeled CHAT folder structure.,42.0,108,2.95,2.83,0.4183,302,1,0.0093,2,1,0.0556,0,0.0,0,5,0.0463,0,231,190,0.407,0,231,3.9794,0.4675,0.4113,0.6034,16,0.0843,0.0,1,0.1019,108,333,3.0833,0.4204
EllisWeismer:22169,EllisWeismer:LT:42pc,data/curated/english_child_transcripts/EllisWeismer/download_2026-05-31/LT/42pc/22169.cha,EllisWeismer,LT,LT,male,eng,Built from labeled CHAT folder structure.,42.0,102,2.44,2.4,0.4472,234,1,0.0098,0,10,0.0,0,0.0,0,62,0.6078,0,94,141,1.579,0,132,3.5897,0.7727,0.4848,0.587,22,0.0739,0.0098,1,0.0588,102,270,2.6471,0.463
EllisWeismer:22170,EllisWeismer:LT:42pc,data/curated/english_child_transcripts/EllisWeismer/download_2026-05-31/LT/42pc/22170.cha,EllisWeismer,LT,LT,male,eng,Built from labeled CHAT folder structure.,42.0,143,2.16,2.12,0.3779,284,6,0.042,0,2,0.0,3,0.021,1,44,0.3077,0,203,207,0.73,0,203,3.2688,0.7044,0.5123,0.8356,39,0.0939,0.021,6,0.0769,143,324,2.2657,0.4105
EllisWeismer:22175,EllisWeismer:LT:42pc,data/curated/english_child_transcripts/EllisWeismer/download_2026-05-31/LT/42pc/22175.cha,EllisWeismer,LT,LT,male,eng,Built from labeled CHAT folder structure.,42.0,78,2.962,2.705,0.436,210,1,0.0128,0,0,0.0641,2,0.0256,0,16,0.2051,0,167,122,0.743,0,167,3.9878,0.4671,0.3653,0.5143,17,0.0487,0.0,1,0.1154,78,228,2.9231,0.4254
EllisWeismer:11052,EllisWeismer:LT:54ec,data/curated/english_child_transcripts/EllisWeismer/download_2026-05-31/LT/54ec/11052.cha,EllisWeismer,LT,LT,female,eng,Built from labeled CHAT folder structure.,54.0,45,3.889,3.689,0.5602,165,1,0.0222,0,0,0.0,1,0.0222,0,50,1.1111,125,0,82,2.562,0,125,4.5529,0.36,0.328,0.5758,11,0.0593,0.0,1,0.0,45,173,3.8444,0.5491
EllisWeismer:11066,EllisWeismer:LT:54ec,data/curated/english_child_transcripts/EllisWeismer/download_2026-05-31/LT/54ec/11066.cha,EllisWeismer,LT,LT,female,eng,Built from labeled CHAT folder structure.,54.0,92,3.326,3.293,0.3663,297,16,0.1739,0,0,0.0109,0,0.0,1,53,0.5761,155,0,120,1.396,0,155,4.8259,0.5935,0.3871,0.5455,16,0.0688,0.0109,18,0.1304,92,310,3.3696,0.3581
EllisWeismer:11068,EllisWeismer:LT:54ec,data/curated/english_child_transcripts/EllisWeismer/download_2026-05-31/LT/54ec/11068.cha,EllisWeismer,LT,LT,female,eng,Built from labeled CHAT folder structure.,54.0,126,2.7,2.61,0.4099,331,4,0.0317,0,11,0.0079,1,0.0079,0,79,0.627,186,0,165,1.326,1,186,4.1538,0.6774,0.4462,0.6512,32,0.0731,0.0079,4,0.0317,126,353,2.8016,0.4306
EllisWeismer:11070,EllisWeismer:LT:54ec,data/curated/english_child_transcripts/EllisWeismer/download_2026-05-31/LT/54ec/11070.cha,EllisWeismer,LT,LT,female,eng,Built from labeled CHAT folder structure.,54.0,82,3.256,3.012,0.3644,241,16,0.1951,0,1,0.0,1,0.0122,0,54,0.6585,75,0,87,1.283,0,75,3.879,1.0933,0.5867,0.6154,14,0.0605,0.0,17,0.0122,82,251,3.061,0.3785
EllisWeismer:11073,EllisWeismer:LT:54ec,data/curated/english_child_transcripts/EllisWeismer/download_2026-05-31/LT/54ec/11073.cha,EllisWeismer,LT,LT,female,eng,Built from labeled CHAT folder structure.,54.0,47,3.809,3.447,0.4691,161,5,0.1064,0,0,0.0213,0,0.0,1,39,0.8298,53,0,59,3.109,0,53,5.16,0.8868,0.5472,0.875,3,0.112,0.0851,5,0.0426,47,165,3.5106,0.4667
EllisWeismer:12009,EllisWeismer:LT:54ec,data/curated/english_child_transcripts/EllisWeismer/download_2026-05-31/LT/54ec/12009.cha,EllisWeismer,LT,LT,male,eng,Built from labeled CHAT folder structure.,54.0,129,3.29,3.17,0.38,380,24,0.186,0,5,0.0233,3,0.0233,1,77,0.5969,151,0,143,2.591,0,151,3.625,0.8543,0.4768,0.6364,30,0.0757,0.0388,25,0.0465,129,411,3.186,0.382
EllisWeismer:12017,EllisWeismer:LT:54ec,data/curated/english_child_transcripts/EllisWeismer/download_2026-05-31/LT/54ec/12017.cha,EllisWeismer,LT,LT,male,eng,Built from labeled CHAT folder structure.,54.0,106,3.91,3.64,0.4057,372,12,0.1132,0,1,0.0,3,0.0283,0,78,0.7358,152,0,160,1.519,0,152,4.1628,0.6974,0.5263,0.6,16,0.0815,0.0,12,0.0189,106,406,3.8302,0.3842
EllisWeismer:12022,EllisWeismer:LT:54ec,data/curated/english_child_transcripts/EllisWeismer/download_2026-05-31/LT/54ec/12022.cha,EllisWeismer,LT,LT,male,eng,Built from labeled CHAT folder structure.,54.0,112,3.64,3.61,0.3257,412,8,0.0714,0,1,0.0089,1,0.0089,0,41,0.3661,111,0,140,1.114,0,111,4.5516,1.009,0.6306,0.6296,25,0.0631,0.0625,8,0.0625,112,504,4.5,0.2758
EllisWeismer:12038,EllisWeismer:LT:54ec,data/curated/english_child_transcripts/EllisWeismer/download_2026-05-31/LT/54ec/12038.cha,EllisWeismer,LT,LT,male,eng,Built from labeled CHAT folder structure.,54.0,69,4.42,4.087,0.4823,280,2,0.029,0,2,0.0,1,0.0145,0,51,0.7391,103,0,97,1.195,0,103,4.9651,0.6699,0.4757,0.7143,18,0.0852,0.0,2,0.1014,69,325,4.7101,0.4462
EllisWeismer:12042,EllisWeismer:LT:54ec,data/curated/english_child_transcripts/EllisWeismer/download_2026-05-31/LT/54ec/12042.cha,EllisWeismer,LT,LT,male,eng,Built from labeled CHAT folder structure.,54.0,74,2.649,2.486,0.5054,181,7,0.0946,0,1,0.0,1,0.0135,0,49,0.6622,194,0,129,1.05,0,194,3.6567,0.3814,0.3351,0.5862,21,0.1283,0.0,8,0.027,74,194,2.6216,0.5
EllisWeismer:12058,EllisWeismer:LT:54ec,data/curated/english_child_transcripts/EllisWeismer/download_2026-05-31/LT/54ec/12058.cha,EllisWeismer,LT,LT,male,eng,Built from labeled CHAT folder structure.,54.0,18,3.278,3.167,0.6316,55,0,0.0,0,2,0.0,0,0.0,1,43,2.3889,93,0,32,1.858,0,93,4.6036,0.1935,0.172,0.2609,1,0.0776,0.0556,0,0.0,18,57,3.1667,0.6491
EllisWeismer:12059,EllisWeismer:LT:54ec,data/curated/english_child_transcripts/EllisWeismer/download_2026-05-31/LT/54ec/12059.cha,EllisWeismer,LT,LT,male,eng,Built from labeled CHAT folder structure.,54.0,106,5.37,4.97,0.36,527,3,0.0283,0,1,0.0,1,0.0094,0,74,0.6981,189,0,170,1.309,2,189,4.7458,0.5608,0.4497,0.5417,12,0.1029,0.0,3,0.0377,106,561,5.2925,0.2995
EllisWeismer:12072,EllisWeismer:LT:54ec,data/curated/english_child_transcripts/EllisWeismer/download_2026-05-31/LT/54ec/12072.cha,EllisWeismer,LT,LT,male,eng,Built from labeled CHAT folder structure.,54.0,101,3.77,3.56,0.3314,354,10,0.099,1,0,0.0,0,0.0,1,58,0.5743,159,0,131,1.299,2,159,3.9731,0.6352,0.4088,0.6667,18,0.0669,0.0099,10,0.0297,101,365,3.6139,0.3233
EllisWeismer:12074,EllisWeismer:LT:54ec,data/curated/english_child_transcripts/EllisWeismer/download_2026-05-31/LT/54ec/12074.cha,EllisWeismer,LT,LT,male,eng,Built from labeled CHAT folder structure.,54.0,37,2.405,2.486,0.5543,87,10,0.2703,0,0,0.0,0,0.0,0,35,0.9459,55,0,47,3.751,0,55,3.6087,0.6727,0.4364,0.5789,4,0.0752,0.0,10,0.0,37,91,2.4595,0.5604
EllisWeismer:12076,EllisWeismer:LT:54ec,data/curated/english_child_transcripts/EllisWeismer/download_2026-05-31/LT/54ec/12076.cha,EllisWeismer,LT,LT,male,eng,Built from labeled CHAT folder structure.,54.0,54,4.0,3.685,0.4724,198,5,0.0926,0,0,0.0,0,0.0,0,53,0.9815,100,0,81,2.23,0,100,4.0195,0.54,0.4,0.381,9,0.0737,0.0,5,0.1111,54,221,4.0926,0.4434
EllisWeismer:12080,EllisWeismer:LT:54ec,data/curated/english_child_transcripts/EllisWeismer/download_2026-05-31/LT/54ec/12080.cha,EllisWeismer,LT,LT,male,eng,Built from labeled CHAT folder structure.,54.0,133,5.16,4.78,0.3314,637,2,0.015,0,0,0.0,2,0.015,0,51,0.3835,131,0,150,1.12,0,131,5.4811,1.0153,0.5725,0.7241,20,0.0691,0.0,2,0.0226,133,750,5.6391,0.2427
EllisWeismer:12081,EllisWeismer:LT:54ec,data/curated/english_child_transcripts/EllisWeismer/download_2026-05-31/LT/54ec/12081.cha,EllisWeismer,LT,LT,male,eng,Built from labeled CHAT folder structure.,54.0,31,5.097,4.871,0.5497,149,1,0.0323,0,0,0.0,0,0.0,0,29,0.9355,52,0,38,1.522,0,52,5.9036,0.5962,0.3654,0.5333,8,0.0995,0.0323,1,0.0323,31,169,5.4516,0.5207
EllisWeismer:12082,EllisWeismer:LT:54ec,data/curated/english_child_transcripts/EllisWeismer/download_2026-05-31/LT/54ec/12082.cha,EllisWeismer,LT,LT,male,eng,Built from labeled CHAT folder structure.,54.0,164,2.53,2.53,0.3371,381,12,0.0732,1,1,0.0122,9,0.0549,0,66,0.4024,199,0,227,0.855,0,199,4.0,0.8241,0.5729,0.6727,76,0.0554,0.0305,12,0.0061,164,411,2.5061,0.3236
EllisWeismer:12083,EllisWeismer:LT:54ec,data/curated/english_child_transcripts/EllisWeismer/download_2026-05-31/LT/54ec/12083.cha,EllisWeismer,LT,LT,male,eng,Built from labeled CHAT folder structure.,54.0,79,3.127,3.013,0.4286,228,3,0.038,0,5,0.0,0,0.0,0,60,0.7595,221,0,127,1.347,3,221,5.3233,0.3575,0.2896,0.4848,24,0.078,0.0127,3,0.038,79,264,3.3418,0.4394
EllisWeismer:21110,EllisWeismer:LT:54ec,data/curated/english_child_transcripts/EllisWeismer/download_2026-05-31/LT/54ec/21110.cha,EllisWeismer,LT,LT,female,eng,Built from labeled CHAT folder structure.,54.0,100,3.03,2.96,0.402,292,28,0.28,0,0,0.0,0,0.0,0,52,0.52,180,0,141,0.998,0,180,3.9321,0.5556,0.3944,0.5745,14,0.1185,0.01,30,0.0,100,312,3.12,0.3782
EllisWeismer:21117,EllisWeismer:LT:54ec,data/curated/english_child_transcripts/EllisWeismer/download_2026-05-31/LT/54ec/21117.cha,EllisWeismer,LT,LT,female,eng,Built from labeled CHAT folder structure.,54.0,84,3.107,3.024,0.4961,248,8,0.0952,0,0,0.0,0,0.0,0,77,0.9167,197,0,122,1.971,0,197,3.7189,0.4264,0.3096,0.3387,8,0.0521,0.0,8,0.0,84,255,3.0357,0.502
EllisWeismer:21129,EllisWeismer:LT:54ec,data/curated/english_child_transcripts/EllisWeismer/download_2026-05-31/LT/54ec/21129.cha,EllisWeismer,LT,LT,female,eng,Built from labeled CHAT folder structure.,54.0,117,3.84,3.74,0.3743,416,9,0.0769,0,0,0.1111,0,0.0,0,12,0.1026,149,0,147,1.206,0,149,3.5526,0.7852,0.4966,0.5882,15,0.1167,0.0085,9,0.0171,117,456,3.8974,0.3618
EllisWeismer:21146,EllisWeismer:LT:54ec,data/curated/english_child_transcripts/EllisWeismer/download_2026-05-31/LT/54ec/21146.cha,EllisWeismer,LT,LT,female,eng,Built from labeled CHAT folder structure.,54.0,160,4.96,4.64,0.36,700,6,0.0375,0,0,0.1,0,0.0,0,13,0.0813,142,0,181,0.719,1,142,4.1854,1.1268,0.6408,0.8333,34,0.088,0.025,6,0.025,160,769,4.8063,0.2445
EllisWeismer:21165,EllisWeismer:LT:54ec,data/curated/english_child_transcripts/EllisWeismer/download_2026-05-31/LT/54ec/21165.cha,EllisWeismer,LT,LT,female,eng,Built from labeled CHAT folder structure.,54.0,67,2.866,2.776,0.4301,181,15,0.2239,0,1,0.0,1,0.0149,0,55,0.8209,105,0,81,1.535,0,105,4.6977,0.6381,0.3905,0.4,13,0.1109,0.0,15,0.0299,67,189,2.8209,0.4392
EllisWeismer:22090,EllisWeismer:LT:54ec,data/curated/english_child_transcripts/EllisWeismer/download_2026-05-31/LT/54ec/22090.cha,EllisWeismer,LT,LT,male,eng,Built from labeled CHAT folder structure.,54.0,69,3.667,3.58,0.4211,243,9,0.1304,0,0,0.0435,1,0.0145,0,51,0.7391,181,0,114,2.015,0,181,5.18,0.3812,0.3149,0.4894,6,0.0795,0.0,9,0.0435,69,248,3.5942,0.4234
EllisWeismer:22111,EllisWeismer:LT:54ec,data/curated/english_child_transcripts/EllisWeismer/download_2026-05-31/LT/54ec/22111.cha,EllisWeismer,LT,LT,male,eng,Built from labeled CHAT folder structure.,54.0,129,3.68,3.52,0.4571,441,20,0.155,0,0,0.0,4,0.031,0,81,0.6279,141,0,149,1.506,0,141,4.2926,0.9149,0.5319,0.8125,27,0.0922,0.0233,20,0.0155,129,454,3.5194,0.4075
EllisWeismer:22112,EllisWeismer:LT:54ec,data/curated/english_child_transcripts/EllisWeismer/download_2026-05-31/LT/54ec/22112.cha,EllisWeismer,LT,LT,male,eng,Built from labeled CHAT folder structure.,54.0,85,5.047,4.741,0.4286,403,0,0.0,0,0,0.0,0,0.0,0,63,0.7412,224,0,150,0.862,0,224,4.8932,0.3795,0.3348,0.4286,21,0.0485,0.0118,0,0.0,85,444,5.2235,0.3919
EllisWeismer:22142,EllisWeismer:LT:54ec,data/curated/english_child_transcripts/EllisWeismer/download_2026-05-31/LT/54ec/22142.cha,EllisWeismer,LT,LT,male,eng,Built from labeled CHAT folder structure.,54.0,100,2.96,2.94,0.4082,286,25,0.25,0,0,0.01,3,0.03,0,58,0.58,159,0,109,1.284,1,159,3.9189,0.6289,0.3459,0.6098,23,0.0557,0.01,26,0.01,100,298,2.98,0.406
EllisWeismer:22161,EllisWeismer:LT:54ec,data/curated/english_child_transcripts/EllisWeismer/download_2026-05-31/LT/54ec/22161.cha,EllisWeismer,LT,LT,male,eng,Built from labeled CHAT folder structure.,54.0,85,4.247,4.035,0.3848,343,0,0.0,0,0,0.0,0,0.0,0,45,0.5294,174,0,152,0.911,2,174,5.6062,0.4885,0.4368,0.617,29,0.0628,0.0,0,0.0,85,405,4.7647,0.3432
EllisWeismer:22162,EllisWeismer:LT:54ec,data/curated/english_child_transcripts/EllisWeismer/download_2026-05-31/LT/54ec/22162.cha,EllisWeismer,LT,LT,male,eng,Built from labeled CHAT folder structure.,54.0,102,3.14,3.07,0.4051,304,12,0.1176,0,0,0.0,0,0.0,0,61,0.598,190,0,141,1.39,0,190,4.6267,0.5368,0.3737,0.625,21,0.1286,0.0,12,0.0392,102,317,3.1078,0.4069
EllisWeismer:22164,EllisWeismer:LT:54ec,data/curated/english_child_transcripts/EllisWeismer/download_2026-05-31/LT/54ec/22164.cha,EllisWeismer,LT,LT,male,eng,Built from labeled CHAT folder structure.,54.0,104,4.0,3.85,0.3171,389,7,0.0673,0,0,0.0,1,0.0096,0,72,0.6923,163,0,175,1.112,1,163,4.2434,0.638,0.5399,0.5517,13,0.0724,0.0096,7,0.0385,104,403,3.875,0.3002
EllisWeismer:22169,EllisWeismer:LT:54ec,data/curated/english_child_transcripts/EllisWeismer/download_2026-05-31/LT/54ec/22169.cha,EllisWeismer,LT,LT,male,eng,Built from labeled CHAT folder structure.,54.0,130,3.51,3.32,0.42,415,7,0.0538,0,0,0.0154,1,0.0077,0,73,0.5615,98,0,119,1.449,0,98,3.4605,1.3265,0.6122,0.5909,25,0.0723,0.0154,7,0.0538,130,444,3.4154,0.3941
EllisWeismer:22175,EllisWeismer:LT:54ec,data/curated/english_child_transcripts/EllisWeismer/download_2026-05-31/LT/54ec/22175.cha,EllisWeismer,LT,LT,male,eng,Built from labeled CHAT folder structure.,54.0,101,3.69,3.5,0.3857,347,9,0.0891,0,0,0.0099,1,0.0099,0,74,0.7327,141,0,128,1.161,2,141,4.6488,0.7163,0.4539,0.5652,18,0.0942,0.0198,10,0.0198,101,358,3.5446,0.3771
EllisWeismer:11052,EllisWeismer:LT:54int,data/curated/english_child_transcripts/EllisWeismer/download_2026-05-31/LT/54int/11052.cha,EllisWeismer,LT,LT,female,eng,Built from labeled CHAT folder structure.,54.0,125,5.78,5.65,0.4114,697,21,0.168,0,0,0.0,0,0.0,0,37,0.296,149,0,145,2.459,4,149,6.4416,0.8389,0.4899,0.6081,12,0.0609,0.024,27,0.128,125,809,6.472,0.2769
EllisWeismer:11066,EllisWeismer:LT:54int,data/curated/english_child_transcripts/EllisWeismer/download_2026-05-31/LT/54int/11066.cha,EllisWeismer,LT,LT,female,eng,Built from labeled CHAT folder structure.,54.0,133,4.85,4.8,0.4086,580,10,0.0752,0,3,0.0,0,0.0,0,50,0.3759,146,0,174,0.912,0,146,5.638,0.911,0.5959,0.7333,41,0.0521,0.0075,12,0.0677,133,648,4.8722,0.3194
EllisWeismer:11068,EllisWeismer:LT:54int,data/curated/english_child_transcripts/EllisWeismer/download_2026-05-31/LT/54int/11068.cha,EllisWeismer,LT,LT,female,eng,Built from labeled CHAT folder structure.,54.0,185,3.82,3.63,0.3686,636,3,0.0162,0,0,0.0,1,0.0054,0,78,0.4216,279,0,268,1.524,0,279,4.8664,0.6631,0.4803,0.5971,68,0.0727,0.0,3,0.0486,185,674,3.6432,0.3116
EllisWeismer:11070,EllisWeismer:LT:54int,data/curated/english_child_transcripts/EllisWeismer/download_2026-05-31/LT/54int/11070.cha,EllisWeismer,LT,LT,female,eng,Built from labeled CHAT folder structure.,54.0,77,3.117,2.948,0.3612,213,0,0.0,0,0,0.0,9,0.1169,0,82,1.0649,158,0,140,1.967,0,158,5.0851,0.4873,0.443,0.4412,23,0.0514,0.0,0,0.0,77,221,2.8701,0.3891
EllisWeismer:11073,EllisWeismer:LT:54int,data/curated/english_child_transcripts/EllisWeismer/download_2026-05-31/LT/54int/11073.cha,EllisWeismer,LT,LT,female,eng,Built from labeled CHAT folder structure.,54.0,135,5.8,5.59,0.3314,809,12,0.0889,0,1,0.0,1,0.0074,0,50,0.3704,139,0,175,1.228,0,139,5.9489,0.9712,0.6331,0.7292,23,0.0897,0.0074,13,0.0222,135,906,6.7111,0.2848
EllisWeismer:11078,EllisWeismer:LT:54int,data/curated/english_child_transcripts/EllisWeismer/download_2026-05-31/LT/54int/11078.cha,EllisWeismer,LT,LT,female,eng,Built from labeled CHAT folder structure.,54.0,153,3.59,3.45,0.3314,574,14,0.0915,0,0,0.0065,1,0.0065,0,70,0.4575,174,0,234,0.974,0,174,4.3211,0.8793,0.6724,0.791,50,0.062,0.0131,14,0.0065,153,620,4.0523,0.2742
EllisWeismer:12009,EllisWeismer:LT:54int,data/curated/english_child_transcripts/EllisWeismer/download_2026-05-31/LT/54int/12009.cha,EllisWeismer,LT,LT,male,eng,Built from labeled CHAT folder structure.,54.0,130,4.56,4.28,0.4457,562,2,0.0154,0,0,0.0,2,0.0154,0,75,0.5769,135,0,147,1.257,0,135,4.5019,0.963,0.5481,0.5714,18,0.0544,0.0,2,0.0385,130,603,4.6385,0.3632
EllisWeismer:12017,EllisWeismer:LT:54int,data/curated/english_child_transcripts/EllisWeismer/download_2026-05-31/LT/54int/12017.cha,EllisWeismer,LT,LT,male,eng,Built from labeled CHAT folder structure.,54.0,124,3.9,3.7,0.3914,455,16,0.129,0,3,0.0,1,0.0081,0,82,0.6613,182,0,181,1.538,2,182,4.7124,0.6813,0.5,0.5781,43,0.0522,0.0,16,0.0081,124,517,4.1694,0.325
EllisWeismer:12022,EllisWeismer:LT:54int,data/curated/english_child_transcripts/EllisWeismer/download_2026-05-31/LT/54int/12022.cha,EllisWeismer,LT,LT,male,eng,Built from labeled CHAT folder structure.,54.0,140,4.74,4.63,0.4171,689,17,0.1214,0,0,0.1,0,0.0,0,11,0.0786,196,0,232,1.124,1,196,5.4583,0.7143,0.5918,0.7722,34,0.0488,0.0071,21,0.0286,140,793,5.6643,0.309
EllisWeismer:12036,EllisWeismer:LT:54int,data/curated/english_child_transcripts/EllisWeismer/download_2026-05-31/LT/54int/12036.cha,EllisWeismer,LT,LT,male,eng,Built from labeled CHAT folder structure.,54.0,133,5.61,5.45,0.42,756,0,0.0,0,0,0.0,1,0.0075,0,57,0.4286,214,0,170,1.597,0,214,5.3055,0.6215,0.3972,0.4872,54,0.101,0.0301,0,0.0075,133,822,6.1805,0.2968
EllisWeismer:12038,EllisWeismer:LT:54int,data/curated/english_child_transcripts/EllisWeismer/download_2026-05-31/LT/54int/12038.cha,EllisWeismer,LT,LT,male,eng,Built from labeled CHAT folder structure.,54.0,150,5.77,5.43,0.4514,828,4,0.0267,0,1,0.0067,0,0.0,0,59,0.3933,196,0,227,1.185,0,196,5.8439,0.7653,0.5816,0.6842,29,0.0927,0.0,4,0.0333,150,890,5.9333,0.3382
EllisWeismer:12074,EllisWeismer:LT:54int,data/curated/english_child_transcripts/EllisWeismer/download_2026-05-31/LT/54int/12074.cha,EllisWeismer,LT,LT,male,eng,Built from labeled CHAT folder structure.,54.0,44,5.136,5.045,0.5225,218,7,0.1591,0,0,0.0,1,0.0227,0,37,0.8409,62,0,65,1.724,0,62,5.4906,0.7097,0.5323,0.6538,4,0.0756,0.0,7,0.0227,44,244,5.5455,0.4836
EllisWeismer:12076,EllisWeismer:LT:54int,data/curated/english_child_transcripts/EllisWeismer/download_2026-05-31/LT/54int/12076.cha,EllisWeismer,LT,LT,male,eng,Built from labeled CHAT folder structure.,54.0,115,6.37,6.21,0.3429,735,7,0.0609,0,0,0.0,0,0.0,0,65,0.5652,95,0,127,1.542,9,95,6.5381,1.2105,0.6737,0.9091,25,0.0612,0.0087,9,0.0261,115,806,7.0087,0.2618
EllisWeismer:12080,EllisWeismer:LT:54int,data/curated/english_child_transcripts/EllisWeismer/download_2026-05-31/LT/54int/12080.cha,EllisWeismer,LT,LT,male,eng,Built from labeled CHAT folder structure.,54.0,155,7.65,7.49,0.3314,1236,15,0.0968,0,1,0.0065,0,0.0,1,53,0.3419,125,0,150,1.126,4,125,7.4357,1.24,0.6,0.625,36,0.0995,0.0065,19,0.0323,155,1436,9.2645,0.2235
EllisWeismer:12081,EllisWeismer:LT:54int,data/curated/english_child_transcripts/EllisWeismer/download_2026-05-31/LT/54int/12081.cha,EllisWeismer,LT,LT,male,eng,Built from labeled CHAT folder structure.,54.0,93,4.914,4.72,0.4029,436,9,0.0968,0,1,0.0,1,0.0108,0,65,0.6989,174,0,158,4.532,4,174,5.3109,0.5345,0.454,0.75,60,0.072,0.0,10,0.0645,93,497,5.3441,0.334
EllisWeismer:12082,EllisWeismer:LT:54int,data/curated/english_child_transcripts/EllisWeismer/download_2026-05-31/LT/54int/12082.cha,EllisWeismer,LT,LT,male,eng,Built from labeled CHAT folder structure.,54.0,243,3.29,3.23,0.3086,753,15,0.0617,0,0,0.0123,5,0.0206,0,14,0.0576,280,0,380,20.281,0,280,4.2964,0.8679,0.6786,0.8194,114,0.0749,0.0041,15,0.0041,243,838,3.4486,0.2351
EllisWeismer:12083,EllisWeismer:LT:54int,data/curated/english_child_transcripts/EllisWeismer/download_2026-05-31/LT/54int/12083.cha,EllisWeismer,LT,LT,male,eng,Built from labeled CHAT folder structure.,54.0,153,2.74,2.58,0.3029,392,7,0.0458,0,1,0.0,5,0.0327,0,56,0.366,271,0,269,0.877,0,271,5.0873,0.5646,0.4982,0.8165,78,0.0978,0.0065,7,0.0131,153,419,2.7386,0.2745
EllisWeismer:21110,EllisWeismer:LT:54int,data/curated/english_child_transcripts/EllisWeismer/download_2026-05-31/LT/54int/21110.cha,EllisWeismer,LT,LT,female,eng,Built from labeled CHAT folder structure.,54.0,174,4.09,3.95,0.36,721,23,0.1322,0,0,0.0057,1,0.0057,0,61,0.3506,202,0,248,1.267,0,202,5.2713,0.8614,0.6139,0.7692,63,0.0506,0.023,26,0.0402,174,806,4.6322,0.2457
EllisWeismer:21117,EllisWeismer:LT:54int,data/curated/english_child_transcripts/EllisWeismer/download_2026-05-31/LT/54int/21117.cha,EllisWeismer,LT,LT,female,eng,Built from labeled CHAT folder structure.,54.0,91,8.835,8.495,0.4429,770,3,0.033,0,0,0.0,0,0.0,0,42,0.4615,138,0,112,1.675,0,138,7.6943,0.6594,0.4058,0.566,10,0.0667,0.0,3,0.0659,91,839,9.2198,0.3337
EllisWeismer:21129,EllisWeismer:LT:54int,data/curated/english_child_transcripts/EllisWeismer/download_2026-05-31/LT/54int/21129.cha,EllisWeismer,LT,LT,female,eng,Built from labeled CHAT folder structure.,54.0,104,8.28,8.11,0.4371,842,13,0.125,0,0,0.0192,0,0.0,0,21,0.2019,132,0,129,14.091,0,132,8.339,0.7879,0.4924,0.7143,33,0.07,0.0288,14,0.0385,104,1040,10.0,0.2846
EllisWeismer:21146,EllisWeismer:LT:54int,data/curated/english_child_transcripts/EllisWeismer/download_2026-05-31/LT/54int/21146.cha,EllisWeismer,LT,LT,female,eng,Built from labeled CHAT folder structure.,54.0,145,5.11,4.87,0.4514,727,2,0.0138,0,0,0.0138,2,0.0138,0,42,0.2897,171,0,195,0.895,0,171,5.7975,0.848,0.5731,0.7069,33,0.0681,0.0,4,0.0138,145,808,5.5724,0.3416
EllisWeismer:21165,EllisWeismer:LT:54int,data/curated/english_child_transcripts/EllisWeismer/download_2026-05-31/LT/54int/21165.cha,EllisWeismer,LT,LT,female,eng,Built from labeled CHAT folder structure.,54.0,55,3.8,3.382,0.4032,186,1,0.0182,0,1,0.0,1,0.0182,0,85,1.5455,198,0,102,1.038,0,198,6.2016,0.2778,0.2576,0.3103,12,0.0874,0.0,1,0.0,55,211,3.8364,0.3791
EllisWeismer:22111,EllisWeismer:LT:54int,data/curated/english_child_transcripts/EllisWeismer/download_2026-05-31/LT/54int/22111.cha,EllisWeismer,LT,LT,male,eng,Built from labeled CHAT folder structure.,54.0,136,8.47,8.14,0.42,1084,4,0.0294,0,0,0.0,0,0.0,1,43,0.3162,124,0,124,1.088,0,124,7.7385,1.0968,0.5,0.7391,18,0.0697,0.0368,5,0.0368,136,1205,8.8603,0.2589
EllisWeismer:22112,EllisWeismer:LT:54int,data/curated/english_child_transcripts/EllisWeismer/download_2026-05-31/LT/54int/22112.cha,EllisWeismer,LT,LT,male,eng,Built from labeled CHAT folder structure.,54.0,126,8.6,8.13,0.4171,999,4,0.0317,0,0,0.0,0,0.0,0,54,0.4286,103,0,115,1.971,7,103,7.5284,1.2233,0.5631,0.7333,46,0.0528,0.0079,4,0.0476,126,1145,9.0873,0.2873
EllisWeismer:22142,EllisWeismer:LT:54int,data/curated/english_child_transcripts/EllisWeismer/download_2026-05-31/LT/54int/22142.cha,EllisWeismer,LT,LT,male,eng,Built from labeled CHAT folder structure.,54.0,164,5.68,5.49,0.3886,904,3,0.0183,0,2,0.0,1,0.0061,0,68,0.4146,220,0,223,1.349,3,220,5.6276,0.7455,0.5091,0.5909,59,0.0564,0.0183,3,0.061,164,1091,6.6524,0.264
EllisWeismer:22161,EllisWeismer:LT:54int,data/curated/english_child_transcripts/EllisWeismer/download_2026-05-31/LT/54int/22161.cha,EllisWeismer,LT,LT,male,eng,Built from labeled CHAT folder structure.,54.0,144,4.53,4.28,0.4771,607,10,0.0694,0,0,0.0,0,0.0,0,55,0.3819,202,0,216,1.053,0,202,5.4884,0.7129,0.5347,0.7746,45,0.0509,0.0069,12,0.0,144,665,4.6181,0.3459
EllisWeismer:22162,EllisWeismer:LT:54int,data/curated/english_child_transcripts/EllisWeismer/download_2026-05-31/LT/54int/22162.cha,EllisWeismer,LT,LT,male,eng,Built from labeled CHAT folder structure.,54.0,134,8.13,7.9,0.3829,1018,7,0.0522,0,1,0.0,0,0.0,0,54,0.403,78,0,89,2.352,1,78,7.816,1.7179,0.5769,0.8333,15,0.0425,0.0,8,0.0149,134,1095,8.1716,0.2913
EllisWeismer:22164,EllisWeismer:LT:54int,data/curated/english_child_transcripts/EllisWeismer/download_2026-05-31/LT/54int/22164.cha,EllisWeismer,LT,LT,male,eng,Built from labeled CHAT folder structure.,54.0,132,5.08,4.79,0.3857,640,5,0.0379,1,2,0.0,2,0.0152,1,86,0.6515,196,0,204,1.267,3,196,5.1646,0.6735,0.5204,0.5938,21,0.0835,0.0379,5,0.0076,132,683,5.1742,0.3133
EllisWeismer:22169,EllisWeismer:LT:54int,data/curated/english_child_transcripts/EllisWeismer/download_2026-05-31/LT/54int/22169.cha,EllisWeismer,LT,LT,male,eng,Built from labeled CHAT folder structure.,54.0,187,5.39,5.21,0.46,915,2,0.0107,1,4,0.0,2,0.0107,0,53,0.2834,104,0,164,0.985,2,104,5.3574,1.7981,0.7885,1.0,27,0.0654,0.016,2,0.0428,187,1026,5.4866,0.3168
EllisWeismer:22170,EllisWeismer:LT:54int,data/curated/english_child_transcripts/EllisWeismer/download_2026-05-31/LT/54int/22170.cha,EllisWeismer,LT,LT,male,eng,Built from labeled CHAT folder structure.,54.0,177,4.79,4.58,0.42,776,3,0.0169,0,0,0.0056,0,0.0,0,26,0.1469,216,0,289,0.632,1,216,5.4529,0.8194,0.6713,0.875,59,0.0566,0.0,3,0.0169,177,888,5.0169,0.3063
EllisWeismer:22175,EllisWeismer:LT:54int,data/curated/english_child_transcripts/EllisWeismer/download_2026-05-31/LT/54int/22175.cha,EllisWeismer,LT,LT,male,eng,Built from labeled CHAT folder structure.,54.0,150,5.62,5.28,0.4457,837,0,0.0,0,1,0.1333,0,0.0,0,9,0.06,129,0,168,51.923,2,129,5.9068,1.1628,0.6512,0.9444,14,0.0596,0.0067,0,0.02,150,907,6.0467,0.3054
EllisWeismer:11052,EllisWeismer:LT:66conv/0noaudio,data/curated/english_child_transcripts/EllisWeismer/download_2026-05-31/LT/66conv/0noaudio/11052.cha,EllisWeismer,LT,LT,female,eng,Built from labeled CHAT folder structure.,66.0,74,6.095,5.973,0.4486,436,11,0.1486,0,0,0.0135,0,0.0,0,0,0.0,111,0,88,0.0,0,111,5.6649,0.6667,0.3964,0.7353,5,0.0483,0.027,11,0.027,74,463,6.2568,0.4276
EllisWeismer:11005,EllisWeismer:LT:66conv,data/curated/english_child_transcripts/EllisWeismer/download_2026-05-31/LT/66conv/11005.cha,EllisWeismer,LT,LT,female,eng,Built from labeled CHAT folder structure.,66.0,81,4.84,4.691,0.4657,377,7,0.0864,0,0,0.0,0,0.0,0,86,1.0617,182,0,111,2.896,2,182,5.0608,0.4451,0.3077,0.5,3,0.0383,0.0123,7,0.0494,81,392,4.8395,0.4617
EllisWeismer:11016,EllisWeismer:LT:66conv,data/curated/english_child_transcripts/EllisWeismer/download_2026-05-31/LT/66conv/11016.cha,EllisWeismer,LT,LT,female,eng,Built from labeled CHAT folder structure.,66.0,162,6.29,6.02,0.4343,975,14,0.0864,0,0,0.0123,0,0.0,0,30,0.1852,201,0,186,11.067,2,201,5.6556,0.806,0.4627,0.5301,14,0.0762,0.0,14,0.0617,162,1062,6.5556,0.2731
EllisWeismer:11043,EllisWeismer:LT:66conv,data/curated/english_child_transcripts/EllisWeismer/download_2026-05-31/LT/66conv/11043.cha,EllisWeismer,LT,LT,female,eng,Built from labeled CHAT folder structure.,66.0,167,6.08,5.82,0.4371,906,1,0.006,0,0,0.1198,1,0.006,0,10,0.0599,161,0,205,4.372,1,161,5.2744,1.0373,0.6398,0.8,19,0.0502,0.024,1,0.0299,167,951,5.6946,0.306
EllisWeismer:11066,EllisWeismer:LT:66conv,data/curated/english_child_transcripts/EllisWeismer/download_2026-05-31/LT/66conv/11066.cha,EllisWeismer,LT,LT,female,eng,Built from labeled CHAT folder structure.,66.0,137,5.95,5.71,0.4314,761,4,0.0292,1,1,0.0438,0,0.0,0,25,0.1825,160,0,186,7.868,0,160,5.7037,0.8562,0.5813,0.7975,33,0.0818,0.0584,4,0.1022,137,840,6.1314,0.3298
EllisWeismer:11068,EllisWeismer:LT:66conv,data/curated/english_child_transcripts/EllisWeismer/download_2026-05-31/LT/66conv/11068.cha,EllisWeismer,LT,LT,female,eng,Built from labeled CHAT folder structure.,66.0,132,5.17,4.89,0.4,621,2,0.0152,0,0,0.0,1,0.0076,0,5,0.0379,170,0,213,0.0,0,170,4.9404,0.7765,0.6294,0.8182,29,0.091,0.0227,2,0.0076,132,673,5.0985,0.3388
EllisWeismer:11070,EllisWeismer:LT:66conv,data/curated/english_child_transcripts/EllisWeismer/download_2026-05-31/LT/66conv/11070.cha,EllisWeismer,LT,LT,female,eng,Built from labeled CHAT folder structure.,66.0,118,2.31,2.16,0.3659,245,4,0.0339,1,0,0.0,2,0.0169,0,46,0.3898,187,0,209,1.151,0,187,4.3344,0.631,0.5615,0.7664,71,0.0455,0.0,4,0.0085,118,253,2.1441,0.3676
EllisWeismer:11078,EllisWeismer:LT:66conv,data/curated/english_child_transcripts/EllisWeismer/download_2026-05-31/LT/66conv/11078.cha,EllisWeismer,LT,LT,female,eng,Built from labeled CHAT folder structure.,66.0,126,5.97,5.8,0.4371,728,3,0.0238,0,0,0.0238,0,0.0,0,21,0.1667,87,0,97,12.769,0,87,5.446,1.4483,0.5632,0.6296,16,0.061,0.0,4,0.0397,126,801,6.3571,0.3171
EllisWeismer:12009,EllisWeismer:LT:66conv,data/curated/english_child_transcripts/EllisWeismer/download_2026-05-31/LT/66conv/12009.cha,EllisWeismer,LT,LT,male,eng,Built from labeled CHAT folder structure.,66.0,107,7.14,6.82,0.4457,754,0,0.0,0,1,0.0187,0,0.0,0,37,0.3458,85,0,98,2.748,0,85,6.3958,1.2588,0.5765,0.7308,24,0.0609,0.0187,0,0.0,107,808,7.5514,0.3403
EllisWeismer:12036,EllisWeismer:LT:66conv,data/curated/english_child_transcripts/EllisWeismer/download_2026-05-31/LT/66conv/12036.cha,EllisWeismer,LT,LT,male,eng,Built from labeled CHAT folder structure.,66.0,121,4.67,4.47,0.4257,537,0,0.0,0,0,0.0,0,0.0,0,16,0.1322,194,0,197,4.9,1,194,4.8095,0.6237,0.5103,0.7722,40,0.0702,0.0248,0,0.0,121,571,4.719,0.3713
EllisWeismer:12038,EllisWeismer:LT:66conv,data/curated/english_child_transcripts/EllisWeismer/download_2026-05-31/LT/66conv/12038.cha,EllisWeismer,LT,LT,male,eng,Built from labeled CHAT folder structure.,66.0,154,5.81,5.63,0.4714,836,3,0.0195,1,0,0.0,1,0.0065,0,41,0.2662,166,0,227,0.764,2,166,5.3812,0.9277,0.6867,0.8209,44,0.1089,0.013,4,0.013,154,947,6.1494,0.3189
EllisWeismer:12058,EllisWeismer:LT:66conv,data/curated/english_child_transcripts/EllisWeismer/download_2026-05-31/LT/66conv/12058.cha,EllisWeismer,LT,LT,male,eng,Built from labeled CHAT folder structure.,66.0,104,6.98,6.7,0.4171,684,9,0.0865,0,0,0.0096,1,0.0096,0,33,0.3173,129,0,131,1.201,3,129,6.1888,0.8062,0.5116,0.8636,20,0.0673,0.0,15,0.0192,104,752,7.2308,0.3218
EllisWeismer:12059,EllisWeismer:LT:66conv,data/curated/english_child_transcripts/EllisWeismer/download_2026-05-31/LT/66conv/12059.cha,EllisWeismer,LT,LT,male,eng,Built from labeled CHAT folder structure.,66.0,108,5.49,5.26,0.4286,563,0,0.0,0,0,0.0,4,0.037,0,94,0.8704,175,0,156,2.054,0,175,4.9717,0.6171,0.4457,0.7727,18,0.0452,0.0833,0,0.0093,108,631,5.8426,0.3677
EllisWeismer:12072,EllisWeismer:LT:66conv,data/curated/english_child_transcripts/EllisWeismer/download_2026-05-31/LT/66conv/12072.cha,EllisWeismer,LT,LT,male,eng,Built from labeled CHAT folder structure.,66.0,143,4.3,4.0,0.3686,658,6,0.042,0,0,0.014,1,0.007,0,27,0.1888,192,0,216,11.238,1,192,5.606,0.7448,0.5625,0.703,45,0.0562,0.0,6,0.049,143,709,4.958,0.2764
EllisWeismer:12074,EllisWeismer:LT:66conv,data/curated/english_child_transcripts/EllisWeismer/download_2026-05-31/LT/66conv/12074.cha,EllisWeismer,LT,LT,male,eng,Built from labeled CHAT folder structure.,66.0,97,7.371,6.969,0.4171,675,1,0.0103,0,1,0.0,0,0.0,0,46,0.4742,137,0,142,1.493,0,137,6.0983,0.708,0.5182,0.6863,13,0.0688,0.0515,1,0.0103,97,734,7.567,0.312
EllisWeismer:12076,EllisWeismer:LT:66conv,data/curated/english_child_transcripts/EllisWeismer/download_2026-05-31/LT/66conv/12076.cha,EllisWeismer,LT,LT,male,eng,Built from labeled CHAT folder structure.,66.0,85,4.882,4.729,0.4457,402,3,0.0353,0,0,0.0,1,0.0118,0,78,0.9176,109,0,125,1.56,0,109,4.8351,0.7798,0.578,0.9074,9,0.0607,0.0118,3,0.0353,85,431,5.0706,0.4176
EllisWeismer:12080,EllisWeismer:LT:66conv,data/curated/english_child_transcripts/EllisWeismer/download_2026-05-31/LT/66conv/12080.cha,EllisWeismer,LT,LT,male,eng,Built from labeled CHAT folder structure.,66.0,121,7.9,7.44,0.3943,895,6,0.0496,0,1,0.0083,0,0.0,0,42,0.3471,91,0,109,1.623,11,91,6.9717,1.3297,0.6044,0.9565,29,0.0519,0.0248,6,0.0165,121,1037,8.5702,0.2613
EllisWeismer:12081,EllisWeismer:LT:66conv,data/curated/english_child_transcripts/EllisWeismer/download_2026-05-31/LT/66conv/12081.cha,EllisWeismer,LT,LT,male,eng,Built from labeled CHAT folder structure.,66.0,98,5.888,5.551,0.46,544,10,0.102,0,0,0.0,2,0.0204,0,59,0.602,129,0,131,1.146,5,129,5.5815,0.7597,0.5116,0.8361,23,0.0546,0.0,10,0.0,98,608,6.2041,0.3487
EllisWeismer:12082,EllisWeismer:LT:66conv,data/curated/english_child_transcripts/EllisWeismer/download_2026-05-31/LT/66conv/12082.cha,EllisWeismer,LT,LT,male,eng,Built from labeled CHAT folder structure.,66.0,207,4.1,3.89,0.3486,779,16,0.0773,0,3,0.0,1,0.0048,0,41,0.1981,255,0,269,0.669,1,255,4.2922,0.8118,0.5294,0.697,64,0.0702,0.0,16,0.029,207,842,4.0676,0.2827
EllisWeismer:12083,EllisWeismer:LT:66conv,data/curated/english_child_transcripts/EllisWeismer/download_2026-05-31/LT/66conv/12083.cha,EllisWeismer,LT,LT,male,eng,Built from labeled CHAT folder structure.,66.0,127,4.59,4.32,0.3943,549,12,0.0945,0,0,0.0,3,0.0236,0,32,0.252,141,0,187,0.842,0,141,5.2127,0.9007,0.6667,0.7917,41,0.0717,0.0079,12,0.063,127,656,5.1654,0.3323
EllisWeismer:21110,EllisWeismer:LT:66conv,data/curated/english_child_transcripts/EllisWeismer/download_2026-05-31/LT/66conv/21110.cha,EllisWeismer,LT,LT,female,eng,Built from labeled CHAT folder structure.,66.0,155,6.56,6.19,0.3914,956,6,0.0387,0,0,0.0387,1,0.0065,0,25,0.1613,179,0,179,1.644,0,179,5.6018,0.8659,0.5028,0.5867,26,0.0799,0.0065,6,0.071,155,1047,6.7548,0.2588
EllisWeismer:21117,EllisWeismer:LT:66conv,data/curated/english_child_transcripts/EllisWeismer/download_2026-05-31/LT/66conv/21117.cha,EllisWeismer,LT,LT,female,eng,Built from labeled CHAT folder structure.,66.0,85,3.165,3.059,0.5038,257,0,0.0,0,3,0.0118,2,0.0235,0,15,0.1765,246,0,144,0.744,1,246,5.0393,0.3455,0.2927,0.4118,16,0.0696,0.0,0,0.0471,85,275,3.2353,0.5127
EllisWeismer:21129,EllisWeismer:LT:66conv,data/curated/english_child_transcripts/EllisWeismer/download_2026-05-31/LT/66conv/21129.cha,EllisWeismer,LT,LT,female,eng,Built from labeled CHAT folder structure.,66.0,135,5.42,5.22,0.4371,680,9,0.0667,0,0,0.0074,0,0.0,0,36,0.2667,230,0,206,4.914,2,230,4.7644,0.587,0.4478,0.5543,27,0.0754,0.0074,9,0.0889,135,752,5.5704,0.3364
EllisWeismer:21146,EllisWeismer:LT:66conv,data/curated/english_child_transcripts/EllisWeismer/download_2026-05-31/LT/66conv/21146.cha,EllisWeismer,LT,LT,female,eng,Built from labeled CHAT folder structure.,66.0,147,4.1,3.86,0.4714,573,0,0.0,0,0,0.0,1,0.0068,0,29,0.1973,223,0,214,0.806,0,223,4.6108,0.6592,0.4798,0.6854,49,0.0549,0.0,0,0.068,147,618,4.2041,0.4061
EllisWeismer:21165,EllisWeismer:LT:66conv,data/curated/english_child_transcripts/EllisWeismer/download_2026-05-31/LT/66conv/21165.cha,EllisWeismer,LT,LT,female,eng,Built from labeled CHAT folder structure.,66.0,147,4.11,3.95,0.46,590,7,0.0476,0,2,0.0,0,0.0,0,40,0.2721,187,0,220,0.678,2,187,4.3713,0.7861,0.5882,0.8462,35,0.0466,0.0136,7,0.1088,147,645,4.3878,0.3829
EllisWeismer:22086,EllisWeismer:LT:66conv,data/curated/english_child_transcripts/EllisWeismer/download_2026-05-31/LT/66conv/22086.cha,EllisWeismer,LT,LT,male,eng,Built from labeled CHAT folder structure.,66.0,207,6.54,6.31,0.4571,1243,9,0.0435,0,0,0.0773,0,0.0,0,22,0.1063,221,0,293,23.411,5,221,5.5327,0.9367,0.6606,0.8205,74,0.046,0.0242,10,0.1014,207,1402,6.7729,0.2903
EllisWeismer:22090,EllisWeismer:LT:66conv,data/curated/english_child_transcripts/EllisWeismer/download_2026-05-31/LT/66conv/22090.cha,EllisWeismer,LT,LT,male,eng,Built from labeled CHAT folder structure.,66.0,156,5.04,4.75,0.46,697,9,0.0577,0,4,0.0128,1,0.0064,0,67,0.4295,205,0,231,1.301,0,205,5.2355,0.761,0.5659,0.5775,35,0.0895,0.0128,9,0.0385,156,742,4.7564,0.3544
EllisWeismer:22111,EllisWeismer:LT:66conv,data/curated/english_child_transcripts/EllisWeismer/download_2026-05-31/LT/66conv/22111.cha,EllisWeismer,LT,LT,male,eng,Built from labeled CHAT folder structure.,66.0,150,4.54,4.32,0.4686,639,1,0.0067,13,0,0.0,1,0.0067,0,33,0.22,261,0,243,4.866,0,261,4.4404,0.5747,0.4674,0.6774,27,0.0753,0.0,1,0.0467,150,691,4.6067,0.3878
EllisWeismer:22112,EllisWeismer:LT:66conv,data/curated/english_child_transcripts/EllisWeismer/download_2026-05-31/LT/66conv/22112.cha,EllisWeismer,LT,LT,male,eng,Built from labeled CHAT folder structure.,66.0,143,7.93,7.7,0.3886,1118,2,0.014,0,0,0.0,0,0.0,0,18,0.1259,171,0,195,12.305,0,171,5.9586,0.8363,0.5731,0.625,19,0.0561,0.0,2,0.0629,143,1201,8.3986,0.2573
EllisWeismer:22131,EllisWeismer:LT:66conv,data/curated/english_child_transcripts/EllisWeismer/download_2026-05-31/LT/66conv/22131.cha,EllisWeismer,LT,LT,male,eng,Built from labeled CHAT folder structure.,66.0,90,3.678,3.444,0.4871,309,3,0.0333,0,0,0.0778,2,0.0222,0,6,0.0667,234,0,164,0.732,0,234,5.1142,0.3846,0.3504,0.5089,14,0.0997,0.0,3,0.0,90,320,3.5556,0.4719
EllisWeismer:22142,EllisWeismer:LT:66conv,data/curated/english_child_transcripts/EllisWeismer/download_2026-05-31/LT/66conv/22142.cha,EllisWeismer,LT,LT,male,eng,Built from labeled CHAT folder structure.,66.0,102,6.24,6.06,0.3971,617,15,0.1471,0,1,0.0196,0,0.0,0,6,0.0588,106,0,124,265.287,0,106,5.5865,0.9623,0.5849,0.8056,14,0.061,0.0294,17,0.049,102,665,6.5196,0.3459
EllisWeismer:22161,EllisWeismer:LT:66conv,data/curated/english_child_transcripts/EllisWeismer/download_2026-05-31/LT/66conv/22161.cha,EllisWeismer,LT,LT,male,eng,Built from labeled CHAT folder structure.,66.0,150,3.92,3.77,0.4343,586,3,0.02,0,0,0.0133,0,0.0,0,7,0.0467,216,0,244,0.881,1,216,4.1694,0.6944,0.5648,0.8444,47,0.0857,0.0133,3,0.0067,150,633,4.22,0.376
EllisWeismer:22162,EllisWeismer:LT:66conv,data/curated/english_child_transcripts/EllisWeismer/download_2026-05-31/LT/66conv/22162.cha,EllisWeismer,LT,LT,male,eng,Built from labeled CHAT folder structure.,66.0,138,5.01,4.79,0.4114,614,0,0.0,0,8,0.0,0,0.0,0,18,0.1304,155,0,193,1.313,2,155,4.5461,0.8903,0.6258,0.8261,44,0.0641,0.0217,0,0.0145,138,672,4.8696,0.3631
EllisWeismer:22164,EllisWeismer:LT:66conv,data/curated/english_child_transcripts/EllisWeismer/download_2026-05-31/LT/66conv/22164.cha,EllisWeismer,LT,LT,male,eng,Built from labeled CHAT folder structure.,66.0,110,3.71,3.48,0.4143,381,1,0.0091,0,0,0.0091,3,0.0273,0,22,0.2,214,0,181,0.49,0,214,4.5864,0.514,0.4252,0.5856,32,0.0649,0.0455,1,0.0364,110,429,3.9,0.3916
EllisWeismer:22169,EllisWeismer:LT:66conv,data/curated/english_child_transcripts/EllisWeismer/download_2026-05-31/LT/66conv/22169.cha,EllisWeismer,LT,LT,male,eng,Built from labeled CHAT folder structure.,66.0,129,4.39,4.36,0.3943,554,0,0.0,0,3,0.0155,1,0.0078,0,18,0.1395,159,0,190,10.975,5,159,4.4931,0.8113,0.5975,0.8143,37,0.0681,0.0,0,0.0853,129,627,4.8605,0.3445
EllisWeismer:22170,EllisWeismer:LT:66conv,data/curated/english_child_transcripts/EllisWeismer/download_2026-05-31/LT/66conv/22170.cha,EllisWeismer,LT,LT,male,eng,Built from labeled CHAT folder structure.,66.0,141,3.68,3.42,0.4686,497,0,0.0,0,2,0.0213,2,0.0142,0,18,0.1277,195,0,226,6.639,2,195,4.5863,0.7231,0.5795,0.802,42,0.0459,0.0,0,0.0284,141,536,3.8014,0.3899
EllisWeismer:22175,EllisWeismer:LT:66conv,data/curated/english_child_transcripts/EllisWeismer/download_2026-05-31/LT/66conv/22175.cha,EllisWeismer,LT,LT,male,eng,Built from labeled CHAT folder structure.,66.0,162,4.74,4.53,0.4143,693,0,0.0,0,0,0.0309,0,0.0,0,9,0.0556,178,0,245,1.238,0,178,4.5294,0.9101,0.691,0.7975,45,0.0673,0.0309,0,0.0123,162,764,4.716,0.3364
EllisWeismer:11006,EllisWeismer:TD:30ec,data/curated/english_child_transcripts/EllisWeismer/download_2026-05-31/TD/30ec/11006.cha,EllisWeismer,TD,TD,female,eng,Built from labeled CHAT folder structure.,30.0,127,3.87,3.53,0.34,447,8,0.063,0,1,0.063,5,0.0394,0,115,0.9055,176,0,153,3.095,0,176,3.7921,0.7216,0.4375,0.4839,31,0.0656,0.0236,8,0.0236,127,477,3.7559,0.2935
EllisWeismer:11012,EllisWeismer:TD:30ec,data/curated/english_child_transcripts/EllisWeismer/download_2026-05-31/TD/30ec/11012.cha,EllisWeismer,TD,TD,female,eng,Built from labeled CHAT folder structure.,30.0,81,3.173,2.988,0.4545,238,14,0.1728,0,0,0.037,4,0.0494,0,92,1.1358,120,0,113,4.361,0,120,3.99,0.675,0.4667,0.5833,17,0.1142,0.0,14,0.0494,81,249,3.0741,0.4418
EllisWeismer:11013,EllisWeismer:TD:30ec,data/curated/english_child_transcripts/EllisWeismer/download_2026-05-31/TD/30ec/11013.cha,EllisWeismer,TD,TD,female,eng,Built from labeled CHAT folder structure.,30.0,129,3.07,2.82,0.36,349,14,0.1085,0,0,0.0155,10,0.0775,0,92,0.7132,131,0,157,2.095,0,131,3.0423,0.9847,0.5954,0.5217,36,0.0759,0.0,15,0.031,129,352,2.7287,0.358
EllisWeismer:11018,EllisWeismer:TD:30ec,data/curated/english_child_transcripts/EllisWeismer/download_2026-05-31/TD/30ec/11018.cha,EllisWeismer,TD,TD,female,eng,Built from labeled CHAT folder structure.,30.0,91,2.835,2.604,0.4304,233,3,0.033,0,1,0.011,3,0.033,0,73,0.8022,225,0,120,2.287,0,225,3.807,0.4044,0.2667,0.3333,29,0.1412,0.0,3,0.022,91,241,2.6484,0.4191
EllisWeismer:11023,EllisWeismer:TD:30ec,data/curated/english_child_transcripts/EllisWeismer/download_2026-05-31/TD/30ec/11023.cha,EllisWeismer,TD,TD,female,eng,Built from labeled CHAT folder structure.,30.0,89,1.674,1.753,0.391,136,32,0.3596,0,2,0.0112,1,0.0112,0,103,1.1573,255,0,105,3.276,0,255,3.6831,0.349,0.2078,0.1882,26,0.1004,0.0,33,0.0112,89,156,1.7528,0.4359
EllisWeismer:11024,EllisWeismer:TD:30ec,data/curated/english_child_transcripts/EllisWeismer/download_2026-05-31/TD/30ec/11024.cha,EllisWeismer,TD,TD,female,eng,Built from labeled CHAT folder structure.,30.0,249,3.27,2.96,0.2857,688,30,0.1205,0,8,0.004,6,0.0241,0,189,0.759,425,0,315,1.631,0,425,3.9362,0.5859,0.3694,0.4065,75,0.1124,0.0,31,0.0964,249,717,2.8795,0.2622
EllisWeismer:11025,EllisWeismer:TD:30ec,data/curated/english_child_transcripts/EllisWeismer/download_2026-05-31/TD/30ec/11025.cha,EllisWeismer,TD,TD,female,eng,Built from labeled CHAT folder structure.,30.0,160,2.63,2.61,0.3486,385,40,0.25,0,4,0.0187,3,0.0187,0,93,0.5813,151,0,177,2.596,0,151,2.7653,1.0596,0.5828,0.5862,19,0.1023,0.0125,40,0.0187,160,396,2.475,0.3384
EllisWeismer:11027,EllisWeismer:TD:30ec,data/curated/english_child_transcripts/EllisWeismer/download_2026-05-31/TD/30ec/11027.cha,EllisWeismer,TD,TD,female,eng,Built from labeled CHAT folder structure.,30.0,127,1.6,1.69,0.3692,203,14,0.1102,0,3,0.0079,4,0.0315,0,136,1.0709,288,0,197,2.072,0,288,3.6337,0.441,0.3438,0.4946,45,0.1253,0.0079,14,0.0236,127,210,1.6535,0.3857
EllisWeismer:11035,EllisWeismer:TD:30ec,data/curated/english_child_transcripts/EllisWeismer/download_2026-05-31/TD/30ec/11035.cha,EllisWeismer,TD,TD,female,eng,Built from labeled CHAT folder structure.,30.0,159,3.1,2.98,0.38,457,8,0.0503,3,1,0.0126,10,0.0629,0,119,0.7484,207,0,189,2.021,0,207,3.3142,0.7681,0.4589,0.5429,23,0.1379,0.0126,9,0.0063,159,502,3.1572,0.3466
EllisWeismer:11041,EllisWeismer:TD:30ec,data/curated/english_child_transcripts/EllisWeismer/download_2026-05-31/TD/30ec/11041.cha,EllisWeismer,TD,TD,female,eng,Built from labeled CHAT folder structure.,30.0,137,1.66,1.79,0.408,227,32,0.2336,0,2,0.0,2,0.0146,1,78,0.5693,209,125,280,1.434,0,334,3.4968,0.4102,0.2904,0.4444,34,0.1254,0.0073,32,0.0219,137,255,1.8613,0.4314
EllisWeismer:11045,EllisWeismer:TD:30ec,data/curated/english_child_transcripts/EllisWeismer/download_2026-05-31/TD/30ec/11045.cha,EllisWeismer,TD,TD,female,eng,Built from labeled CHAT folder structure.,30.0,170,2.51,2.53,0.36,449,28,0.1647,0,0,0.0118,2,0.0118,1,81,0.4765,282,0,221,1.089,0,282,3.677,0.6028,0.3936,0.4177,52,0.0796,0.0353,31,0.0059,170,515,3.0294,0.2951
EllisWeismer:11051,EllisWeismer:TD:30ec,data/curated/english_child_transcripts/EllisWeismer/download_2026-05-31/TD/30ec/11051.cha,EllisWeismer,TD,TD,female,eng,Built from labeled CHAT folder structure.,30.0,157,1.93,1.93,0.3447,275,14,0.0892,6,2,0.0064,2,0.0127,0,120,0.7643,237,0,183,2.431,0,237,3.0863,0.6624,0.3882,0.4773,53,0.0808,0.0191,14,0.0,157,306,1.949,0.3627
EllisWeismer:11053,EllisWeismer:TD:30ec,data/curated/english_child_transcripts/EllisWeismer/download_2026-05-31/TD/30ec/11053.cha,EllisWeismer,TD,TD,female,eng,Built from labeled CHAT folder structure.,30.0,125,2.67,2.56,0.3975,305,10,0.08,1,0,0.024,2,0.016,0,43,0.344,177,0,151,1.24,0,177,4.0629,0.7062,0.4294,0.5224,35,0.0917,0.0,10,0.016,125,316,2.528,0.3987
EllisWeismer:11055,EllisWeismer:TD:30ec,data/curated/english_child_transcripts/EllisWeismer/download_2026-05-31/TD/30ec/11055.cha,EllisWeismer,TD,TD,female,eng,Built from labeled CHAT folder structure.,30.0,189,2.76,2.54,0.4314,493,0,0.0,5,0,0.0847,2,0.0106,1,9,0.0476,303,0,259,1.122,0,303,3.9654,0.6238,0.4257,0.6337,61,0.0682,0.0053,0,0.0423,189,544,2.8783,0.3474
EllisWeismer:11057,EllisWeismer:TD:30ec,data/curated/english_child_transcripts/EllisWeismer/download_2026-05-31/TD/30ec/11057.cha,EllisWeismer,TD,TD,female,eng,Built from labeled CHAT folder structure.,30.0,214,3.45,3.29,0.3314,718,17,0.0794,0,0,0.0093,8,0.0374,0,134,0.6262,182,0,230,2.041,0,182,3.4192,1.1758,0.6319,0.6,55,0.1941,0.0047,17,0.014,214,738,3.4486,0.2425
EllisWeismer:11062,EllisWeismer:TD:30ec,data/curated/english_child_transcripts/EllisWeismer/download_2026-05-31/TD/30ec/11062.cha,EllisWeismer,TD,TD,female,eng,Built from labeled CHAT folder structure.,30.0,140,2.77,2.67,0.3486,404,17,0.1214,9,3,0.0143,3,0.0214,0,69,0.4929,161,0,159,1.482,0,161,3.5914,0.8696,0.4907,0.5,39,0.0986,0.0,18,0.0357,140,450,3.2143,0.2911
EllisWeismer:11063,EllisWeismer:TD:30ec,data/curated/english_child_transcripts/EllisWeismer/download_2026-05-31/TD/30ec/11063.cha,EllisWeismer,TD,TD,female,eng,Built from labeled CHAT folder structure.,30.0,72,1.569,1.611,0.4224,111,5,0.0694,0,0,0.0,2,0.0278,0,80,1.1111,256,0,105,2.146,0,256,3.7043,0.2812,0.207,0.25,37,0.0804,0.0,5,0.0139,72,118,1.6389,0.4322
EllisWeismer:11100,EllisWeismer:TD:30ec,data/curated/english_child_transcripts/EllisWeismer/download_2026-05-31/TD/30ec/11100.cha,EllisWeismer,TD,TD,female,eng,Built from labeled CHAT folder structure.,30.0,128,2.1,2.16,0.3357,256,15,0.1172,3,2,0.0859,4,0.0312,0,111,0.8672,189,0,129,2.651,0,189,3.5615,0.6772,0.3439,0.4189,30,0.0882,0.0078,16,0.0156,128,268,2.0938,0.3545
EllisWeismer:12003,EllisWeismer:TD:30ec,data/curated/english_child_transcripts/EllisWeismer/download_2026-05-31/TD/30ec/12003.cha,EllisWeismer,TD,TD,male,eng,Built from labeled CHAT folder structure.,30.0,162,2.96,2.8,0.3886,474,13,0.0802,0,0,0.0,1,0.0062,0,123,0.7593,271,0,201,1.706,0,271,4.552,0.5978,0.3727,0.4486,83,0.1451,0.0062,13,0.0123,162,583,3.5988,0.2916
EllisWeismer:12004,EllisWeismer:TD:30ec,data/curated/english_child_transcripts/EllisWeismer/download_2026-05-31/TD/30ec/12004.cha,EllisWeismer,TD,TD,male,eng,Built from labeled CHAT folder structure.,30.0,112,2.18,2.01,0.3684,218,6,0.0536,3,1,0.0,5,0.0446,0,77,0.6875,278,0,146,1.234,0,278,3.7974,0.4029,0.2626,0.4086,47,0.0652,0.0,6,0.0089,112,239,2.1339,0.3808
EllisWeismer:12007,EllisWeismer:TD:30ec,data/curated/english_child_transcripts/EllisWeismer/download_2026-05-31/TD/30ec/12007.cha,EllisWeismer,TD,TD,male,eng,Built from labeled CHAT folder structure.,30.0,216,2.09,2.17,0.2886,405,59,0.2731,3,0,0.0139,3,0.0139,1,119,0.5509,200,0,215,3.128,0,200,3.0144,1.08,0.54,0.5714,93,0.1589,0.0046,61,0.0139,216,463,2.1435,0.2873
EllisWeismer:12008,EllisWeismer:TD:30ec,data/curated/english_child_transcripts/EllisWeismer/download_2026-05-31/TD/30ec/12008.cha,EllisWeismer,TD,TD,male,eng,Built from labeled CHAT folder structure.,30.0,87,2.816,2.77,0.4398,232,15,0.1724,0,0,0.0,1,0.0115,0,31,0.3563,178,0,108,0.957,0,178,4.1774,0.4888,0.3034,0.4051,20,0.0711,0.0345,18,0.046,87,263,3.023,0.4449
EllisWeismer:12011,EllisWeismer:TD:30ec,data/curated/english_child_transcripts/EllisWeismer/download_2026-05-31/TD/30ec/12011.cha,EllisWeismer,TD,TD,male,eng,Built from labeled CHAT folder structure.,30.0,217,3.81,3.64,0.3057,706,17,0.0783,0,1,0.0092,9,0.0415,0,115,0.53,218,0,253,1.464,0,218,3.754,0.9954,0.578,0.4468,46,0.179,0.0046,17,0.0,217,787,3.6267,0.2694
EllisWeismer:12014,EllisWeismer:TD:30ec,data/curated/english_child_transcripts/EllisWeismer/download_2026-05-31/TD/30ec/12014.cha,EllisWeismer,TD,TD,male,eng,Built from labeled CHAT folder structure.,30.0,155,1.65,1.57,0.3308,257,13,0.0839,1,1,0.2387,3,0.0194,0,139,0.8968,329,0,151,2.436,0,329,3.6074,0.4711,0.228,0.2054,74,0.084,0.0065,13,0.0065,155,265,1.7097,0.3547
EllisWeismer:12015,EllisWeismer:TD:30ec,data/curated/english_child_transcripts/EllisWeismer/download_2026-05-31/TD/30ec/12015.cha,EllisWeismer,TD,TD,male,eng,Built from labeled CHAT folder structure.,30.0,192,2.8,2.45,0.2857,443,29,0.151,1,3,0.0156,14,0.0729,0,106,0.5521,231,0,228,1.84,0,231,3.0449,0.8312,0.4935,0.5918,58,0.0876,0.0052,30,0.0469,192,493,2.5677,0.2819
EllisWeismer:12020,EllisWeismer:TD:30ec,data/curated/english_child_transcripts/EllisWeismer/download_2026-05-31/TD/30ec/12020.cha,EllisWeismer,TD,TD,male,eng,Built from labeled CHAT folder structure.,30.0,178,2.62,2.73,0.3686,421,38,0.2135,17,12,0.0,2,0.0112,1,135,0.7584,200,0,174,3.706,0,200,3.746,0.89,0.435,0.5882,39,0.082,0.0112,44,0.0225,178,517,2.9045,0.3308
EllisWeismer:12021,EllisWeismer:TD:30ec,data/curated/english_child_transcripts/EllisWeismer/download_2026-05-31/TD/30ec/12021.cha,EllisWeismer,TD,TD,male,eng,Built from labeled CHAT folder structure.,30.0,81,1.716,1.753,0.3592,120,33,0.4074,0,0,0.0,3,0.037,0,99,1.2222,197,0,106,1.942,0,197,4.3237,0.4112,0.269,0.3676,23,0.0672,0.0,36,0.0,81,129,1.5926,0.4341
EllisWeismer:12026,EllisWeismer:TD:30ec,data/curated/english_child_transcripts/EllisWeismer/download_2026-05-31/TD/30ec/12026.cha,EllisWeismer,TD,TD,male,eng,Built from labeled CHAT folder structure.,30.0,179,2.68,2.62,0.3629,449,23,0.1285,0,3,0.0056,8,0.0447,0,133,0.743,205,0,201,2.735,0,205,3.4635,0.8732,0.4878,0.4615,28,0.1132,0.0112,25,0.0391,179,486,2.7151,0.3272
EllisWeismer:12028,EllisWeismer:TD:30ec,data/curated/english_child_transcripts/EllisWeismer/download_2026-05-31/TD/30ec/12028.cha,EllisWeismer,TD,TD,male,eng,Built from labeled CHAT folder structure.,30.0,82,2.537,2.488,0.402,192,10,0.122,0,7,0.0,3,0.0366,0,86,1.0488,125,0,122,5.463,0,125,3.285,0.656,0.488,0.5,21,0.1586,0.0,10,0.0,82,231,2.8171,0.3983
EllisWeismer:12029,EllisWeismer:TD:30ec,data/curated/english_child_transcripts/EllisWeismer/download_2026-05-31/TD/30ec/12029.cha,EllisWeismer,TD,TD,male,eng,Built from labeled CHAT folder structure.,30.0,193,2.41,2.43,0.38,440,25,0.1295,8,9,0.0259,1,0.0052,0,115,0.5959,194,0,206,3.587,0,194,3.2894,0.9948,0.5309,0.4375,54,0.0495,0.0,26,0.0052,193,542,2.8083,0.3321
EllisWeismer:12033,EllisWeismer:TD:30ec,data/curated/english_child_transcripts/EllisWeismer/download_2026-05-31/TD/30ec/12033.cha,EllisWeismer,TD,TD,male,eng,Built from labeled CHAT folder structure.,30.0,208,3.76,3.38,0.3371,625,24,0.1154,0,0,0.0,10,0.0481,0,68,0.3269,201,0,254,0.849,0,201,4.1785,1.0348,0.6318,0.6176,134,0.127,0.0048,27,0.0577,208,803,3.8606,0.2316
EllisWeismer:12037,EllisWeismer:TD:30ec,data/curated/english_child_transcripts/EllisWeismer/download_2026-05-31/TD/30ec/12037.cha,EllisWeismer,TD,TD,male,eng,Built from labeled CHAT folder structure.,30.0,236,3.43,3.17,0.2686,689,30,0.1271,0,5,0.0,11,0.0466,0,113,0.4788,152,0,187,1.694,0,152,3.6366,1.5526,0.6184,0.68,52,0.1396,0.0,31,0.0297,236,823,3.4873,0.1932
EllisWeismer:12040,EllisWeismer:TD:30ec,data/curated/english_child_transcripts/EllisWeismer/download_2026-05-31/TD/30ec/12040.cha,EllisWeismer,TD,TD,male,eng,Built from labeled CHAT folder structure.,30.0,97,4.124,3.876,0.3857,369,5,0.0515,2,2,0.0309,2,0.0206,0,96,0.9897,139,0,123,3.033,0,139,4.6441,0.6978,0.446,0.4872,18,0.1224,0.0103,5,0.0412,97,411,4.2371,0.3577
EllisWeismer:12044,EllisWeismer:TD:30ec,data/curated/english_child_transcripts/EllisWeismer/download_2026-05-31/TD/30ec/12044.cha,EllisWeismer,TD,TD,male,eng,Built from labeled CHAT folder structure.,30.0,155,2.83,2.74,0.3343,442,8,0.0516,0,1,0.0065,3,0.0194,0,106,0.6839,228,0,206,1.382,0,228,3.8225,0.6798,0.4518,0.5435,55,0.0867,0.0,8,0.0452,155,530,3.4194,0.2717
EllisWeismer:12047,EllisWeismer:TD:30ec,data/curated/english_child_transcripts/EllisWeismer/download_2026-05-31/TD/30ec/12047.cha,EllisWeismer,TD,TD,male,eng,Built from labeled CHAT folder structure.,30.0,159,3.33,3.14,0.3514,510,18,0.1132,0,0,0.0314,4,0.0252,0,122,0.7673,341,0,242,1.347,0,341,4.122,0.4663,0.3548,0.4344,38,0.0985,0.0,21,0.0503,159,569,3.5786,0.2812
EllisWeismer:12050,EllisWeismer:TD:30ec,data/curated/english_child_transcripts/EllisWeismer/download_2026-05-31/TD/30ec/12050.cha,EllisWeismer,TD,TD,male,eng,Built from labeled CHAT folder structure.,30.0,180,2.12,2.02,0.3086,398,16,0.0889,0,2,0.1889,11,0.0611,0,67,0.3722,216,0,192,1.688,0,216,3.1692,0.8333,0.4444,0.5,48,0.1243,0.0,16,0.0111,180,479,2.6611,0.3027
EllisWeismer:12054,EllisWeismer:TD:30ec,data/curated/english_child_transcripts/EllisWeismer/download_2026-05-31/TD/30ec/12054.cha,EllisWeismer,TD,TD,male,eng,Built from labeled CHAT folder structure.,30.0,67,3.104,3.0,0.4975,198,2,0.0299,1,1,0.0,0,0.0,0,87,1.2985,226,0,104,2.294,0,226,4.3481,0.2965,0.2301,0.3077,8,0.067,0.0,2,0.0149,67,210,3.1343,0.5
EllisWeismer:12056,EllisWeismer:TD:30ec,data/curated/english_child_transcripts/EllisWeismer/download_2026-05-31/TD/30ec/12056.cha,EllisWeismer,TD,TD,male,eng,Built from labeled CHAT folder structure.,30.0,153,1.9,1.95,0.372,270,18,0.1176,0,9,0.0131,2,0.0131,0,66,0.4314,246,0,167,1.162,0,246,3.2331,0.622,0.3415,0.4074,48,0.1061,0.0131,18,0.0261,153,326,2.1307,0.4049
EllisWeismer:12061,EllisWeismer:TD:30ec,data/curated/english_child_transcripts/EllisWeismer/download_2026-05-31/TD/30ec/12061.cha,EllisWeismer,TD,TD,male,eng,Built from labeled CHAT folder structure.,30.0,127,2.71,2.61,0.3851,322,7,0.0551,0,8,0.0,1,0.0079,0,100,0.7874,248,0,155,1.676,0,248,3.8853,0.5121,0.3145,0.4156,45,0.1294,0.0,7,0.0236,127,364,2.8661,0.3874
EllisWeismer:12071,EllisWeismer:TD:30ec,data/curated/english_child_transcripts/EllisWeismer/download_2026-05-31/TD/30ec/12071.cha,EllisWeismer,TD,TD,male,eng,Built from labeled CHAT folder structure.,30.0,240,2.22,2.28,0.2771,503,48,0.2,0,2,0.0042,4,0.0167,0,146,0.6083,170,0,225,2.609,0,170,2.8098,1.4118,0.6588,0.5349,52,0.0799,0.0,49,0.0167,240,597,2.4875,0.2161
EllisWeismer:12077,EllisWeismer:TD:30ec,data/curated/english_child_transcripts/EllisWeismer/download_2026-05-31/TD/30ec/12077.cha,EllisWeismer,TD,TD,male,eng,Built from labeled CHAT folder structure.,30.0,104,1.28,1.32,0.3431,130,5,0.0481,1,1,0.0,3,0.0288,0,79,0.7596,268,0,92,1.657,0,268,3.7312,0.3881,0.1716,0.2115,71,0.2094,0.0,5,0.0,104,158,1.5192,0.3228
EllisWeismer:12095,EllisWeismer:TD:30ec,data/curated/english_child_transcripts/EllisWeismer/download_2026-05-31/TD/30ec/12095.cha,EllisWeismer,TD,TD,male,eng,Built from labeled CHAT folder structure.,30.0,95,3.516,3.442,0.3609,319,8,0.0842,0,0,0.0105,1,0.0105,0,101,1.0632,162,0,143,2.562,0,162,3.8405,0.5864,0.4383,0.4,17,0.1056,0.0,8,0.0632,95,358,3.7684,0.3352
EllisWeismer:21092,EllisWeismer:TD:30ec,data/curated/english_child_transcripts/EllisWeismer/download_2026-05-31/TD/30ec/21092.cha,EllisWeismer,TD,TD,female,eng,Built from labeled CHAT folder structure.,30.0,149,2.46,2.48,0.2657,352,11,0.0738,1,0,0.0403,6,0.0403,0,144,0.9664,184,0,167,3.858,0,184,3.1742,0.8098,0.4511,0.4138,43,0.1124,0.0,12,0.0134,149,359,2.4094,0.2674
EllisWeismer:21096,EllisWeismer:TD:30ec,data/curated/english_child_transcripts/EllisWeismer/download_2026-05-31/TD/30ec/21096.cha,EllisWeismer,TD,TD,female,eng,Built from labeled CHAT folder structure.,30.0,188,2.2,2.21,0.3229,377,38,0.2021,0,0,0.0745,5,0.0266,0,121,0.6436,236,0,213,2.185,0,236,3.0542,0.7966,0.4492,0.5,44,0.1108,0.0,38,0.0106,188,380,2.0213,0.3211
EllisWeismer:21097,EllisWeismer:TD:30ec,data/curated/english_child_transcripts/EllisWeismer/download_2026-05-31/TD/30ec/21097.cha,EllisWeismer,TD,TD,female,eng,Built from labeled CHAT folder structure.,30.0,144,3.24,3.02,0.3629,387,17,0.1181,0,0,0.0625,7,0.0486,0,94,0.6528,211,0,167,2.12,0,211,3.862,0.6825,0.3934,0.5968,32,0.1202,0.0,17,0.0417,144,410,2.8472,0.3439
EllisWeismer:21099,EllisWeismer:TD:30ec,data/curated/english_child_transcripts/EllisWeismer/download_2026-05-31/TD/30ec/21099.cha,EllisWeismer,TD,TD,female,eng,Built from labeled CHAT folder structure.,30.0,199,2.38,2.22,0.3229,395,12,0.0603,0,0,0.0,10,0.0503,0,124,0.6231,320,0,229,1.282,0,320,3.6339,0.6219,0.3563,0.4857,97,0.2353,0.005,12,0.0302,199,412,2.0704,0.2913
EllisWeismer:21102,EllisWeismer:TD:30ec,data/curated/english_child_transcripts/EllisWeismer/download_2026-05-31/TD/30ec/21102.cha,EllisWeismer,TD,TD,female,eng,Built from labeled CHAT folder structure.,30.0,122,1.73,1.79,0.3944,203,19,0.1557,0,1,0.0164,7,0.0574,0,130,1.0656,172,0,151,4.903,0,172,2.6599,0.7093,0.4419,0.3095,27,0.165,0.0,20,0.0,122,208,1.7049,0.4183
EllisWeismer:21106,EllisWeismer:TD:30ec,data/curated/english_child_transcripts/EllisWeismer/download_2026-05-31/TD/30ec/21106.cha,EllisWeismer,TD,TD,female,eng,Built from labeled CHAT folder structure.,30.0,82,2.841,2.646,0.4101,210,16,0.1951,0,0,0.0244,2,0.0244,0,78,0.9512,126,0,96,2.66,0,126,3.899,0.6508,0.381,0.4651,8,0.1033,0.0,17,0.0122,82,213,2.5976,0.4085
EllisWeismer:21116,EllisWeismer:TD:30ec,data/curated/english_child_transcripts/EllisWeismer/download_2026-05-31/TD/30ec/21116.cha,EllisWeismer,TD,TD,female,eng,Built from labeled CHAT folder structure.,30.0,51,3.235,2.922,0.4564,146,12,0.2353,0,0,0.0196,0,0.0,0,58,1.1373,87,0,67,2.435,0,87,3.8551,0.5862,0.3908,0.2143,5,0.1127,0.0,12,0.0392,51,152,2.9804,0.4474
EllisWeismer:21121,EllisWeismer:TD:30ec,data/curated/english_child_transcripts/EllisWeismer/download_2026-05-31/TD/30ec/21121.cha,EllisWeismer,TD,TD,female,eng,Built from labeled CHAT folder structure.,30.0,126,4.13,3.76,0.3029,478,7,0.0556,0,0,0.0317,2,0.0159,0,73,0.5794,87,0,108,2.416,0,87,3.77,1.4483,0.6207,0.5,19,0.1561,0.0079,7,0.0635,126,501,3.9762,0.2675
EllisWeismer:21126,EllisWeismer:TD:30ec,data/curated/english_child_transcripts/EllisWeismer/download_2026-05-31/TD/30ec/21126.cha,EllisWeismer,TD,TD,female,eng,Built from labeled CHAT folder structure.,30.0,92,2.63,2.446,0.4267,215,22,0.2391,0,0,0.0109,2,0.0217,0,90,0.9783,208,0,142,1.905,0,208,3.8967,0.4423,0.3413,0.4615,28,0.1283,0.0,26,0.0109,92,236,2.5652,0.411
EllisWeismer:21135,EllisWeismer:TD:30ec,data/curated/english_child_transcripts/EllisWeismer/download_2026-05-31/TD/30ec/21135.cha,EllisWeismer,TD,TD,female,eng,Built from labeled CHAT folder structure.,30.0,99,2.121,2.051,0.3793,198,13,0.1313,1,0,0.0404,1,0.0101,0,110,1.1111,245,0,141,3.26,0,245,4.0785,0.4041,0.2898,0.3516,33,0.18,0.0,13,0.0606,99,221,2.2323,0.3665
EllisWeismer:21193,EllisWeismer:TD:30ec,data/curated/english_child_transcripts/EllisWeismer/download_2026-05-31/TD/30ec/21193.cha,EllisWeismer,TD,TD,female,eng,Built from labeled CHAT folder structure.,30.0,116,2.06,2.11,0.3967,229,17,0.1466,1,2,0.0259,4,0.0345,1,101,0.8707,160,0,137,3.422,0,160,3.3152,0.725,0.4313,0.4359,27,0.0783,0.0345,18,0.0259,116,268,2.3103,0.3918
EllisWeismer:22089,EllisWeismer:TD:30ec,data/curated/english_child_transcripts/EllisWeismer/download_2026-05-31/TD/30ec/22089.cha,EllisWeismer,TD,TD,male,eng,Built from labeled CHAT folder structure.,30.0,117,2.63,2.6,0.3488,292,33,0.2821,0,0,0.0427,5,0.0427,2,96,0.8205,169,0,134,3.062,0,169,3.4266,0.6923,0.3964,0.45,17,0.0788,0.0256,36,0.0256,117,307,2.6239,0.3453
EllisWeismer:22093,EllisWeismer:TD:30ec,data/curated/english_child_transcripts/EllisWeismer/download_2026-05-31/TD/30ec/22093.cha,EllisWeismer,TD,TD,male,eng,Built from labeled CHAT folder structure.,30.0,171,1.65,1.62,0.2386,255,34,0.1988,6,1,0.1287,10,0.0585,0,127,0.7427,197,0,153,3.422,0,197,2.7636,0.868,0.3909,0.35,66,0.0861,0.0,36,0.0,171,271,1.5848,0.2731
EllisWeismer:22101,EllisWeismer:TD:30ec,data/curated/english_child_transcripts/EllisWeismer/download_2026-05-31/TD/30ec/22101.cha,EllisWeismer,TD,TD,male,eng,Built from labeled CHAT folder structure.,30.0,160,2.78,2.72,0.3829,454,34,0.2125,0,0,0.025,4,0.025,0,64,0.4,149,0,189,2.405,0,149,3.5955,1.0738,0.6309,0.8235,46,0.1086,0.0,36,0.025,160,559,3.4937,0.2737
EllisWeismer:22104,EllisWeismer:TD:30ec,data/curated/english_child_transcripts/EllisWeismer/download_2026-05-31/TD/30ec/22104.cha,EllisWeismer,TD,TD,male,eng,Built from labeled CHAT folder structure.,30.0,119,1.31,1.45,0.3642,155,18,0.1513,3,0,0.0252,2,0.0168,0,85,0.7143,196,0,85,1.983,0,196,3.2667,0.6071,0.2143,0.2698,61,0.2563,0.0,19,0.0,119,161,1.3529,0.3975
EllisWeismer:22109,EllisWeismer:TD:30ec,data/curated/english_child_transcripts/EllisWeismer/download_2026-05-31/TD/30ec/22109.cha,EllisWeismer,TD,TD,male,eng,Built from labeled CHAT folder structure.,30.0,81,2.457,2.432,0.4569,185,20,0.2469,1,0,0.0123,5,0.0617,0,111,1.3704,231,0,128,2.172,0,231,3.6603,0.3506,0.2771,0.3043,19,0.2294,0.0,22,0.0123,81,195,2.4074,0.4821
EllisWeismer:22113,EllisWeismer:TD:30ec,data/curated/english_child_transcripts/EllisWeismer/download_2026-05-31/TD/30ec/22113.cha,EllisWeismer,TD,TD,male,eng,Built from labeled CHAT folder structure.,30.0,88,3.159,2.886,0.4094,250,13,0.1477,0,0,0.0,2,0.0227,0,64,0.7273,161,0,119,1.516,0,161,4.2008,0.5466,0.3727,0.4146,37,0.2511,0.0,13,0.0341,88,270,3.0682,0.3889
EllisWeismer:22118,EllisWeismer:TD:30ec,data/curated/english_child_transcripts/EllisWeismer/download_2026-05-31/TD/30ec/22118.cha,EllisWeismer,TD,TD,,eng,Built from labeled CHAT folder structure.,30.0,169,3.08,2.83,0.3914,463,18,0.1065,0,9,0.0059,5,0.0296,0,97,0.574,171,0,203,1.817,0,171,3.3147,0.9883,0.5965,0.4242,18,0.0827,0.0118,18,0.0178,169,513,3.0355,0.3431
EllisWeismer:22120,EllisWeismer:TD:30ec,data/curated/english_child_transcripts/EllisWeismer/download_2026-05-31/TD/30ec/22120.cha,EllisWeismer,TD,TD,,eng,Built from labeled CHAT folder structure.,30.0,148,3.47,3.16,0.3371,474,9,0.0608,0,5,0.0,9,0.0608,0,97,0.6554,151,0,194,1.728,0,151,3.6221,0.9801,0.6424,0.7143,36,0.1439,0.027,10,0.0338,148,525,3.5473,0.3067
EllisWeismer:22128,EllisWeismer:TD:30ec,data/curated/english_child_transcripts/EllisWeismer/download_2026-05-31/TD/30ec/22128.cha,EllisWeismer,TD,TD,,eng,Built from labeled CHAT folder structure.,30.0,71,2.761,2.549,0.5304,179,3,0.0423,0,2,0.0,1,0.0141,0,66,0.9296,154,0,112,1.462,0,154,4.2933,0.461,0.3636,0.4,15,0.0742,0.0,3,0.0423,71,188,2.6479,0.516
EllisWeismer:22141,EllisWeismer:TD:30ec,data/curated/english_child_transcripts/EllisWeismer/download_2026-05-31/TD/30ec/22141.cha,EllisWeismer,TD,TD,female,eng,Built from labeled CHAT folder structure.,30.0,75,2.853,2.613,0.4031,191,12,0.16,0,0,0.0,2,0.0267,0,87,1.16,162,0,116,2.228,0,162,3.9198,0.463,0.358,0.4483,23,0.1063,0.0133,12,0.0,75,202,2.6933,0.4109
EllisWeismer:22148,EllisWeismer:TD:30ec,data/curated/english_child_transcripts/EllisWeismer/download_2026-05-31/TD/30ec/22148.cha,EllisWeismer,TD,TD,,eng,Built from labeled CHAT folder structure.,30.0,146,1.75,1.75,0.3321,243,47,0.3219,0,2,0.0342,8,0.0548,0,126,0.863,282,9,208,1.488,0,291,3.6957,0.5017,0.3368,0.3137,46,0.0621,0.0,47,0.0342,146,247,1.6918,0.3644
EllisWeismer:22180,EllisWeismer:TD:30ec,data/curated/english_child_transcripts/EllisWeismer/download_2026-05-31/TD/30ec/22180.cha,EllisWeismer,TD,TD,,eng,Built from labeled CHAT folder structure.,30.0,115,2.19,2.19,0.384,246,24,0.2087,0,3,0.113,2,0.0174,0,60,0.5217,229,0,151,3.993,0,229,3.8198,0.5022,0.3319,0.4595,16,0.1165,0.0,24,0.0087,115,255,2.2174,0.4039
EllisWeismer:11006,EllisWeismer:TD:30pc,data/curated/english_child_transcripts/EllisWeismer/download_2026-05-31/TD/30pc/11006.cha,EllisWeismer,TD,TD,female,eng,Built from labeled CHAT folder structure.,30.0,142,3.27,2.95,0.38,399,6,0.0423,0,1,0.007,6,0.0423,0,80,0.5634,0,160,176,1.31,0,160,3.2384,0.8875,0.55,0.6757,40,0.0677,0.007,6,0.0563,142,432,3.0423,0.3542
EllisWeismer:11012,EllisWeismer:TD:30pc,data/curated/english_child_transcripts/EllisWeismer/download_2026-05-31/TD/30pc/11012.cha,EllisWeismer,TD,TD,female,eng,Built from labeled CHAT folder structure.,30.0,88,3.148,3.0,0.4167,261,7,0.0795,0,0,0.0114,2,0.0227,0,66,0.75,0,125,118,1.367,0,125,4.8169,0.704,0.472,0.5692,51,0.0911,0.0568,7,0.0,88,295,3.3523,0.3864
EllisWeismer:11013,EllisWeismer:TD:30pc,data/curated/english_child_transcripts/EllisWeismer/download_2026-05-31/TD/30pc/11013.cha,EllisWeismer,TD,TD,female,eng,Built from labeled CHAT folder structure.,30.0,131,3.19,3.03,0.3457,383,4,0.0305,0,4,0.0076,2,0.0153,0,88,0.6718,0,104,140,1.924,0,104,3.6511,1.2596,0.6731,0.7907,24,0.0589,0.0,4,0.0534,131,440,3.3588,0.3341
EllisWeismer:11018,EllisWeismer:TD:30pc,data/curated/english_child_transcripts/EllisWeismer/download_2026-05-31/TD/30pc/11018.cha,EllisWeismer,TD,TD,female,eng,Built from labeled CHAT folder structure.,30.0,85,2.612,2.412,0.4439,201,1,0.0118,0,0,0.0,0,0.0,0,84,0.9882,0,224,150,0.969,0,224,3.9903,0.3795,0.3348,0.5091,23,0.1581,0.0235,1,0.0118,85,214,2.5176,0.4533
EllisWeismer:11023,EllisWeismer:TD:30pc,data/curated/english_child_transcripts/EllisWeismer/download_2026-05-31/TD/30pc/11023.cha,EllisWeismer,TD,TD,female,eng,Built from labeled CHAT folder structure.,30.0,92,1.967,1.957,0.3556,174,8,0.087,0,1,0.0,4,0.0435,0,80,0.8696,0,143,138,1.531,0,143,3.1915,0.6434,0.4825,0.625,30,0.1378,0.0,10,0.0,92,195,2.1196,0.3846
EllisWeismer:11024,EllisWeismer:TD:30pc,data/curated/english_child_transcripts/EllisWeismer/download_2026-05-31/TD/30pc/11024.cha,EllisWeismer,TD,TD,female,eng,Built from labeled CHAT folder structure.,30.0,196,2.95,2.84,0.3686,521,15,0.0765,0,2,0.0204,2,0.0102,0,78,0.398,0,196,196,0.972,0,196,3.5587,1.0,0.5,0.5286,47,0.0865,0.0204,15,0.0153,196,547,2.7908,0.3364
EllisWeismer:11025,EllisWeismer:TD:30pc,data/curated/english_child_transcripts/EllisWeismer/download_2026-05-31/TD/30pc/11025.cha,EllisWeismer,TD,TD,female,eng,Built from labeled CHAT folder structure.,30.0,139,2.06,2.09,0.3323,304,22,0.1583,0,2,0.0,7,0.0504,0,72,0.518,0,151,159,1.111,0,151,3.1207,0.9205,0.5298,0.6622,40,0.123,0.0072,23,0.0504,139,343,2.4676,0.3411
EllisWeismer:11027,EllisWeismer:TD:30pc,data/curated/english_child_transcripts/EllisWeismer/download_2026-05-31/TD/30pc/11027.cha,EllisWeismer,TD,TD,female,eng,Built from labeled CHAT folder structure.,30.0,92,1.87,1.891,0.4483,169,8,0.087,0,0,0.0109,0,0.0,0,65,0.7065,0,125,139,1.335,0,125,3.2581,0.736,0.56,0.6491,28,0.1187,0.0109,8,0.0,92,193,2.0978,0.4767
EllisWeismer:11035,EllisWeismer:TD:30pc,data/curated/english_child_transcripts/EllisWeismer/download_2026-05-31/TD/30pc/11035.cha,EllisWeismer,TD,TD,female,eng,Built from labeled CHAT folder structure.,30.0,55,2.855,2.691,0.5338,144,5,0.0909,0,0,0.0,3,0.0545,0,80,1.4545,0,193,77,2.087,0,193,3.9637,0.285,0.2021,0.1797,8,0.1016,0.0,5,0.0,55,152,2.7636,0.5395
EllisWeismer:11041,EllisWeismer:TD:30pc,data/curated/english_child_transcripts/EllisWeismer/download_2026-05-31/TD/30pc/11041.cha,EllisWeismer,TD,TD,female,eng,Built from labeled CHAT folder structure.,30.0,129,1.61,1.74,0.4018,198,22,0.1705,1,2,0.0,1,0.0078,0,76,0.5891,0,215,175,0.974,0,215,3.1715,0.6,0.4093,0.5086,25,0.1086,0.0,22,0.0078,129,220,1.7054,0.4545
EllisWeismer:11045,EllisWeismer:TD:30pc,data/curated/english_child_transcripts/EllisWeismer/download_2026-05-31/TD/30pc/11045.cha,EllisWeismer,TD,TD,female,eng,Built from labeled CHAT folder structure.,30.0,165,2.25,2.25,0.2743,422,29,0.1758,0,0,0.0061,7,0.0424,1,63,0.3818,0,289,242,0.788,0,289,4.022,0.5709,0.4187,0.5397,64,0.1295,0.0182,30,0.0242,165,499,3.0242,0.2505
EllisWeismer:11051,EllisWeismer:TD:30pc,data/curated/english_child_transcripts/EllisWeismer/download_2026-05-31/TD/30pc/11051.cha,EllisWeismer,TD,TD,female,eng,Built from labeled CHAT folder structure.,30.0,134,1.69,1.82,0.378,231,12,0.0896,12,2,0.0373,2,0.0149,0,106,0.791,0,337,185,1.655,0,337,3.535,0.3976,0.273,0.3839,33,0.0907,0.0075,13,0.0149,134,253,1.8881,0.415
EllisWeismer:11053,EllisWeismer:TD:30pc,data/curated/english_child_transcripts/EllisWeismer/download_2026-05-31/TD/30pc/11053.cha,EllisWeismer,TD,TD,female,eng,Built from labeled CHAT folder structure.,30.0,120,3.09,2.87,0.4299,332,10,0.0833,0,0,0.0167,5,0.0417,1,78,0.65,0,215,160,1.69,0,215,4.0358,0.5581,0.3721,0.4808,28,0.0754,0.0167,10,0.0417,120,373,3.1083,0.4102
EllisWeismer:11055,EllisWeismer:TD:30pc,data/curated/english_child_transcripts/EllisWeismer/download_2026-05-31/TD/30pc/11055.cha,EllisWeismer,TD,TD,female,eng,Built from labeled CHAT folder structure.,30.0,124,2.56,2.42,0.3505,303,8,0.0645,3,0,0.0081,3,0.0242,0,84,0.6774,0,169,149,1.617,0,169,4.3242,0.7337,0.4438,0.4861,44,0.0838,0.0081,8,0.0242,124,320,2.5806,0.3719
EllisWeismer:11057,EllisWeismer:TD:30pc,data/curated/english_child_transcripts/EllisWeismer/download_2026-05-31/TD/30pc/11057.cha,EllisWeismer,TD,TD,female,eng,Built from labeled CHAT folder structure.,30.0,141,3.16,3.08,0.3286,450,14,0.0993,3,1,0.0142,3,0.0213,0,67,0.4752,0,78,97,3.116,0,78,3.5114,1.8077,0.6154,0.6538,32,0.1204,0.0,15,0.0213,141,480,3.4043,0.3021
EllisWeismer:11062,EllisWeismer:TD:30pc,data/curated/english_child_transcripts/EllisWeismer/download_2026-05-31/TD/30pc/11062.cha,EllisWeismer,TD,TD,female,eng,Built from labeled CHAT folder structure.,30.0,95,1.968,2.0,0.4105,177,8,0.0842,0,4,0.0421,2,0.0211,0,67,0.7053,0,102,84,2.396,0,102,3.2893,0.9314,0.4118,0.4828,19,0.1238,0.0,8,0.0105,95,194,2.0421,0.4433
EllisWeismer:11063,EllisWeismer:TD:30pc,data/curated/english_child_transcripts/EllisWeismer/download_2026-05-31/TD/30pc/11063.cha,EllisWeismer,TD,TD,female,eng,Built from labeled CHAT folder structure.,30.0,107,2.23,2.19,0.346,228,11,0.1028,1,5,0.0,6,0.0561,0,61,0.5701,0,78,97,3.065,0,78,3.2811,1.3718,0.6282,0.6522,40,0.0673,0.0,13,0.0187,107,255,2.3832,0.3451
EllisWeismer:11100,EllisWeismer:TD:30pc,data/curated/english_child_transcripts/EllisWeismer/download_2026-05-31/TD/30pc/11100.cha,EllisWeismer,TD,TD,female,eng,Built from labeled CHAT folder structure.,30.0,82,1.61,1.768,0.3586,122,23,0.2805,2,0,0.0122,3,0.0366,0,91,1.1098,0,251,109,1.743,0,251,3.4024,0.3267,0.2191,0.4118,25,0.0865,0.0,23,0.0,82,122,1.4878,0.418
EllisWeismer:12003,EllisWeismer:TD:30pc,data/curated/english_child_transcripts/EllisWeismer/download_2026-05-31/TD/30pc/12003.cha,EllisWeismer,TD,TD,male,eng,Built from labeled CHAT folder structure.,30.0,148,2.8,2.69,0.36,401,12,0.0811,0,1,0.0203,3,0.0203,0,54,0.3649,0,170,202,1.018,0,170,3.8302,0.8706,0.5941,0.7024,44,0.0799,0.0,13,0.0338,148,445,3.0068,0.3663
EllisWeismer:12004,EllisWeismer:TD:30pc,data/curated/english_child_transcripts/EllisWeismer/download_2026-05-31/TD/30pc/12004.cha,EllisWeismer,TD,TD,male,eng,Built from labeled CHAT folder structure.,30.0,146,2.23,2.05,0.3275,282,7,0.0479,0,2,0.0,3,0.0205,0,78,0.5342,0,210,167,1.338,0,210,3.4775,0.6952,0.4,0.431,53,0.0821,0.0,7,0.0479,146,308,2.1096,0.3409
EllisWeismer:12007,EllisWeismer:TD:30pc,data/curated/english_child_transcripts/EllisWeismer/download_2026-05-31/TD/30pc/12007.cha,EllisWeismer,TD,TD,male,eng,Built from labeled CHAT folder structure.,30.0,135,1.96,1.95,0.3701,241,25,0.1852,0,0,0.0074,8,0.0593,0,98,0.7259,0,209,173,1.225,0,209,2.75,0.6459,0.4163,0.5143,37,0.1123,0.0148,25,0.0296,135,258,1.9111,0.3876
EllisWeismer:12008,EllisWeismer:TD:30pc,data/curated/english_child_transcripts/EllisWeismer/download_2026-05-31/TD/30pc/12008.cha,EllisWeismer,TD,TD,male,eng,Built from labeled CHAT folder structure.,30.0,99,2.444,2.293,0.4581,223,10,0.101,0,0,0.0202,1,0.0101,0,84,0.8485,0,232,160,1.618,0,232,3.6707,0.4267,0.3448,0.4691,23,0.1338,0.0101,10,0.0202,99,237,2.3939,0.4557
EllisWeismer:12011,EllisWeismer:TD:30pc,data/curated/english_child_transcripts/EllisWeismer/download_2026-05-31/TD/30pc/12011.cha,EllisWeismer,TD,TD,male,eng,Built from labeled CHAT folder structure.,30.0,130,2.77,2.47,0.3811,320,11,0.0846,0,1,0.0154,6,0.0462,0,76,0.5846,0,172,155,1.151,0,172,3.6391,0.7558,0.4535,0.5067,38,0.1366,0.0,12,0.0231,130,348,2.6769,0.3764
EllisWeismer:12014,EllisWeismer:TD:30pc,data/curated/english_child_transcripts/EllisWeismer/download_2026-05-31/TD/30pc/12014.cha,EllisWeismer,TD,TD,male,eng,Built from labeled CHAT folder structure.,30.0,93,2.742,2.452,0.3684,220,9,0.0968,0,3,0.043,1,0.0108,0,67,0.7204,0,206,147,1.074,0,206,3.9097,0.4515,0.3592,0.4118,20,0.1016,0.0,10,0.0108,93,234,2.5161,0.3761
EllisWeismer:12015,EllisWeismer:TD:30pc,data/curated/english_child_transcripts/EllisWeismer/download_2026-05-31/TD/30pc/12015.cha,EllisWeismer,TD,TD,male,eng,Built from labeled CHAT folder structure.,30.0,146,1.95,1.9,0.4064,271,13,0.089,0,4,0.0068,4,0.0274,0,97,0.6644,0,242,197,1.439,0,242,3.2474,0.6033,0.4091,0.5455,32,0.0763,0.0,13,0.0137,146,293,2.0068,0.43
EllisWeismer:12021,EllisWeismer:TD:30pc,data/curated/english_child_transcripts/EllisWeismer/download_2026-05-31/TD/30pc/12021.cha,EllisWeismer,TD,TD,male,eng,Built from labeled CHAT folder structure.,30.0,157,1.94,1.93,0.3528,278,60,0.3822,0,3,0.0,3,0.0191,1,98,0.6242,0,186,207,1.472,0,186,3.7872,0.8441,0.5591,0.7467,49,0.0818,0.0127,63,0.0064,157,300,1.9108,0.4033
EllisWeismer:12026,EllisWeismer:TD:30pc,data/curated/english_child_transcripts/EllisWeismer/download_2026-05-31/TD/30pc/12026.cha,EllisWeismer,TD,TD,male,eng,Built from labeled CHAT folder structure.,30.0,97,2.918,2.897,0.3986,272,11,0.1134,0,6,0.0,0,0.0,0,83,0.8557,0,169,139,1.609,0,169,4.4436,0.574,0.4142,0.4583,20,0.1147,0.0103,12,0.0206,97,314,3.2371,0.3854
EllisWeismer:12028,EllisWeismer:TD:30pc,data/curated/english_child_transcripts/EllisWeismer/download_2026-05-31/TD/30pc/12028.cha,EllisWeismer,TD,TD,male,eng,Built from labeled CHAT folder structure.,30.0,42,2.595,2.476,0.4519,101,6,0.1429,0,0,0.0,1,0.0238,0,89,2.119,0,153,71,2.503,0,153,3.9436,0.2745,0.2353,0.3235,10,0.1225,0.0,6,0.0952,42,117,2.7857,0.4103
EllisWeismer:12029,EllisWeismer:TD:30pc,data/curated/english_child_transcripts/EllisWeismer/download_2026-05-31/TD/30pc/12029.cha,EllisWeismer,TD,TD,male,eng,Built from labeled CHAT folder structure.,30.0,128,2.03,2.04,0.4588,242,13,0.1016,0,0,0.0,2,0.0156,0,57,0.4453,0,153,173,1.096,0,153,2.9929,0.8366,0.5686,0.6986,48,0.0624,0.0,14,0.0,128,268,2.0938,0.4664
EllisWeismer:12033,EllisWeismer:TD:30pc,data/curated/english_child_transcripts/EllisWeismer/download_2026-05-31/TD/30pc/12033.cha,EllisWeismer,TD,TD,female,eng,Built from labeled CHAT folder structure.,30.0,161,2.88,2.73,0.3829,429,17,0.1056,0,0,0.0,3,0.0186,0,43,0.2671,0,172,225,0.964,0,172,4.3544,0.936,0.6512,0.8019,73,0.0864,0.0062,18,0.0311,161,488,3.0311,0.3443
EllisWeismer:12037,EllisWeismer:TD:30pc,data/curated/english_child_transcripts/EllisWeismer/download_2026-05-31/TD/30pc/12037.cha,EllisWeismer,TD,TD,male,eng,Built from labeled CHAT folder structure.,30.0,262,3.04,2.82,0.3057,769,26,0.0992,0,1,0.0,15,0.0573,0,55,0.2099,0,116,180,0.964,0,116,3.4312,2.2586,0.7759,0.6857,53,0.1067,0.0038,27,0.0534,262,849,3.2405,0.2203
EllisWeismer:12040,EllisWeismer:TD:30pc,data/curated/english_child_transcripts/EllisWeismer/download_2026-05-31/TD/30pc/12040.cha,EllisWeismer,TD,TD,male,eng,Built from labeled CHAT folder structure.,30.0,66,3.47,3.242,0.4159,213,10,0.1515,0,0,0.0,0,0.0,0,67,1.0152,0,130,102,1.456,0,130,4.3469,0.5077,0.3923,0.4,10,0.1093,0.0,10,0.0303,66,239,3.6212,0.3891
EllisWeismer:12047,EllisWeismer:TD:30pc,data/curated/english_child_transcripts/EllisWeismer/download_2026-05-31/TD/30pc/12047.cha,EllisWeismer,TD,TD,male,eng,Built from labeled CHAT folder structure.,30.0,121,2.8,2.64,0.3858,331,8,0.0661,0,0,0.0,4,0.0331,0,71,0.5868,0,189,189,1.224,0,189,4.3419,0.6402,0.5026,0.6042,22,0.0598,0.0,8,0.0496,121,354,2.9256,0.4096
EllisWeismer:12050,EllisWeismer:TD:30pc,data/curated/english_child_transcripts/EllisWeismer/download_2026-05-31/TD/30pc/12050.cha,EllisWeismer,TD,TD,male,eng,Built from labeled CHAT folder structure.,30.0,154,1.97,1.92,0.4128,319,17,0.1104,0,0,0.013,2,0.013,0,67,0.4351,0,266,235,1.038,0,266,3.6524,0.5789,0.4436,0.5462,44,0.1837,0.0,18,0.013,154,343,2.2273,0.4169
EllisWeismer:12054,EllisWeismer:TD:30pc,data/curated/english_child_transcripts/EllisWeismer/download_2026-05-31/TD/30pc/12054.cha,EllisWeismer,TD,TD,male,eng,Built from labeled CHAT folder structure.,30.0,86,2.407,2.407,0.5024,198,9,0.1047,0,1,0.0,2,0.0233,0,72,0.8372,0,208,137,0.969,0,208,4.1939,0.4135,0.3317,0.4286,19,0.0606,0.0233,11,0.0116,86,205,2.3837,0.5171
EllisWeismer:12056,EllisWeismer:TD:30pc,data/curated/english_child_transcripts/EllisWeismer/download_2026-05-31/TD/30pc/12056.cha,EllisWeismer,TD,TD,male,eng,Built from labeled CHAT folder structure.,30.0,112,1.78,1.94,0.3632,181,24,0.2143,0,2,0.0,2,0.0179,0,61,0.5446,0,177,144,1.233,0,177,2.9689,0.6328,0.4068,0.6038,20,0.082,0.0089,24,0.0625,112,192,1.7143,0.4271
EllisWeismer:12061,EllisWeismer:TD:30pc,data/curated/english_child_transcripts/EllisWeismer/download_2026-05-31/TD/30pc/12061.cha,EllisWeismer,TD,TD,male,eng,Built from labeled CHAT folder structure.,30.0,98,3.439,3.112,0.3639,298,8,0.0816,0,0,0.0,0,0.0,0,91,0.9286,0,249,141,1.53,0,249,3.4841,0.3936,0.2811,0.2308,17,0.0933,0.0,9,0.0816,98,327,3.3367,0.3486
EllisWeismer:12071,EllisWeismer:TD:30pc,data/curated/english_child_transcripts/EllisWeismer/download_2026-05-31/TD/30pc/12071.cha,EllisWeismer,TD,TD,male,eng,Built from labeled CHAT folder structure.,30.0,138,1.79,1.92,0.3068,239,36,0.2609,0,0,0.0,6,0.0435,0,56,0.4058,0,163,163,1.219,0,163,3.1462,0.8466,0.5031,0.6327,37,0.0567,0.0072,38,0.0507,138,280,2.029,0.3214
EllisWeismer:12077,EllisWeismer:TD:30pc,data/curated/english_child_transcripts/EllisWeismer/download_2026-05-31/TD/30pc/12077.cha,EllisWeismer,TD,TD,male,eng,Built from labeled CHAT folder structure.,30.0,93,1.581,1.581,0.4014,145,7,0.0753,0,0,0.0,3,0.0323,1,95,1.0215,0,215,161,1.556,0,215,3.8377,0.4326,0.3767,0.4274,50,0.0419,0.0215,9,0.086,93,165,1.7742,0.3939
EllisWeismer:12095,EllisWeismer:TD:30pc,data/curated/english_child_transcripts/EllisWeismer/download_2026-05-31/TD/30pc/12095.cha,EllisWeismer,TD,TD,male,eng,Built from labeled CHAT folder structure.,30.0,58,3.707,3.621,0.3857,206,8,0.1379,0,0,0.0,5,0.0862,0,82,1.4138,0,125,91,2.715,0,125,4.3443,0.464,0.368,0.4138,9,0.1319,0.0,9,0.0517,58,233,4.0172,0.382
EllisWeismer:21092,EllisWeismer:TD:30pc,data/curated/english_child_transcripts/EllisWeismer/download_2026-05-31/TD/30pc/21092.cha,EllisWeismer,TD,TD,female,eng,Built from labeled CHAT folder structure.,30.0,82,1.366,1.524,0.424,111,10,0.122,1,0,0.0,3,0.0366,0,121,1.4756,0,226,129,1.947,0,226,3.1948,0.3628,0.2876,0.3945,33,0.0793,0.0,10,0.0244,82,119,1.4512,0.4622
EllisWeismer:21097,EllisWeismer:TD:30pc,data/curated/english_child_transcripts/EllisWeismer/download_2026-05-31/TD/30pc/21097.cha,EllisWeismer,TD,TD,female,eng,Built from labeled CHAT folder structure.,30.0,186,2.68,2.44,0.3086,465,17,0.0914,0,0,0.0,5,0.0269,0,102,0.5484,0,173,232,1.364,0,173,3.2702,1.0751,0.6705,0.7975,56,0.1093,0.0,22,0.0538,186,495,2.6613,0.2747
EllisWeismer:21099,EllisWeismer:TD:30pc,data/curated/english_child_transcripts/EllisWeismer/download_2026-05-31/TD/30pc/21099.cha,EllisWeismer,TD,TD,female,eng,Built from labeled CHAT folder structure.,30.0,113,2.62,2.38,0.3561,261,11,0.0973,0,1,0.0,1,0.0088,0,87,0.7699,0,178,170,1.881,0,178,3.7388,0.6348,0.4775,0.5904,39,0.1067,0.0,11,0.0177,113,276,2.4425,0.3587
EllisWeismer:21102,EllisWeismer:TD:30pc,data/curated/english_child_transcripts/EllisWeismer/download_2026-05-31/TD/30pc/21102.cha,EllisWeismer,TD,TD,female,eng,Built from labeled CHAT folder structure.,30.0,117,1.51,1.57,0.4385,177,16,0.1368,0,0,0.0,7,0.0598,0,104,0.8889,0,172,157,1.893,0,172,2.9135,0.6802,0.4593,0.5301,34,0.1682,0.0,17,0.0,117,199,1.7009,0.4523
EllisWeismer:21106,EllisWeismer:TD:30pc,data/curated/english_child_transcripts/EllisWeismer/download_2026-05-31/TD/30pc/21106.cha,EllisWeismer,TD,TD,female,eng,Built from labeled CHAT folder structure.,30.0,173,1.89,1.99,0.3171,323,53,0.3064,3,3,0.0,7,0.0405,0,119,0.6879,0,192,163,1.776,0,192,2.8849,0.901,0.4271,0.5857,25,0.0683,0.0173,54,0.0694,173,345,1.9942,0.3449
EllisWeismer:21116,EllisWeismer:TD:30pc,data/curated/english_child_transcripts/EllisWeismer/download_2026-05-31/TD/30pc/21116.cha,EllisWeismer,TD,TD,female,eng,Built from labeled CHAT folder structure.,30.0,65,1.754,1.892,0.5772,108,19,0.2923,0,0,0.0,2,0.0308,0,78,1.2,0,188,93,1.089,0,188,3.3953,0.3457,0.25,0.3704,11,0.1135,0.0,20,0.0154,65,110,1.6923,0.6455
EllisWeismer:21121,EllisWeismer:TD:30pc,data/curated/english_child_transcripts/EllisWeismer/download_2026-05-31/TD/30pc/21121.cha,EllisWeismer,TD,TD,female,eng,Built from labeled CHAT folder structure.,30.0,140,3.14,2.88,0.3086,386,14,0.1,0,9,0.0,2,0.0143,0,86,0.6143,0,195,207,1.359,0,195,3.7224,0.7179,0.5333,0.5584,21,0.0954,0.0071,14,0.0786,140,410,2.9286,0.2756
EllisWeismer:21126,EllisWeismer:TD:30pc,data/curated/english_child_transcripts/EllisWeismer/download_2026-05-31/TD/30pc/21126.cha,EllisWeismer,TD,TD,female,eng,Built from labeled CHAT folder structure.,30.0,100,2.28,2.28,0.4079,215,16,0.16,0,0,0.01,1,0.01,0,79,0.79,0,164,123,1.592,0,164,3.9697,0.6098,0.378,0.4524,24,0.1646,0.0,16,0.04,100,238,2.38,0.4118
EllisWeismer:21134,EllisWeismer:TD:30pc,data/curated/english_child_transcripts/EllisWeismer/download_2026-05-31/TD/30pc/21134.cha,EllisWeismer,TD,TD,female,eng,Built from labeled CHAT folder structure.,30.0,87,2.69,2.575,0.4598,211,18,0.2069,2,1,0.0,1,0.0115,0,67,0.7701,0,213,124,0.906,0,213,4.36,0.4085,0.2911,0.5147,27,0.0993,0.0,19,0.0115,87,239,2.7471,0.4561
EllisWeismer:21173,EllisWeismer:TD:30pc,data/curated/english_child_transcripts/EllisWeismer/download_2026-05-31/TD/30pc/21173.cha,EllisWeismer,TD,TD,female,eng,Built from labeled CHAT folder structure.,30.0,187,3.0,2.91,0.3029,537,26,0.139,0,2,0.0,7,0.0374,0,103,0.5508,0,102,157,2.744,0,102,3.218,1.8333,0.7647,0.8286,44,0.107,0.0,26,0.0535,187,587,3.139,0.2641
EllisWeismer:21193,EllisWeismer:TD:30pc,data/curated/english_child_transcripts/EllisWeismer/download_2026-05-31/TD/30pc/21193.cha,EllisWeismer,TD,TD,female,eng,Built from labeled CHAT folder structure.,30.0,167,1.84,1.88,0.2981,290,35,0.2096,0,0,0.0,5,0.0299,0,78,0.4671,0,308,259,0.741,0,308,3.3116,0.5422,0.4221,0.5734,57,0.0654,0.0,38,0.0,167,313,1.8743,0.3195
EllisWeismer:22089,EllisWeismer:TD:30pc,data/curated/english_child_transcripts/EllisWeismer/download_2026-05-31/TD/30pc/22089.cha,EllisWeismer,TD,TD,male,eng,Built from labeled CHAT folder structure.,30.0,108,2.79,2.61,0.3773,264,20,0.1852,0,1,0.0,1,0.0093,0,83,0.7685,0,161,128,1.662,0,161,4.0372,0.6708,0.3975,0.5185,27,0.1345,0.0,21,0.0833,108,299,2.7685,0.398
EllisWeismer:22093,EllisWeismer:TD:30pc,data/curated/english_child_transcripts/EllisWeismer/download_2026-05-31/TD/30pc/22093.cha,EllisWeismer,TD,TD,male,eng,Built from labeled CHAT folder structure.,30.0,119,1.62,1.72,0.2767,182,24,0.2017,0,2,0.0,4,0.0336,0,106,0.8908,0,208,150,1.65,0,208,2.6728,0.5721,0.3606,0.56,35,0.0906,0.0,25,0.0168,119,202,1.6975,0.3218
EllisWeismer:22101,EllisWeismer:TD:30pc,data/curated/english_child_transcripts/EllisWeismer/download_2026-05-31/TD/30pc/22101.cha,EllisWeismer,TD,TD,male,eng,Built from labeled CHAT folder structure.,30.0,195,2.4,2.36,0.34,421,32,0.1641,0,0,0.0,3,0.0154,0,74,0.3795,0,252,239,1.042,0,252,4.1633,0.7738,0.4762,0.5917,69,0.0709,0.0,33,0.0308,195,473,2.4256,0.3235
EllisWeismer:22103,EllisWeismer:TD:30pc,data/curated/english_child_transcripts/EllisWeismer/download_2026-05-31/TD/30pc/22103.cha,EllisWeismer,TD,TD,male,eng,Built from labeled CHAT folder structure.,30.0,222,2.8,2.69,0.2229,582,32,0.1441,1,1,0.0045,28,0.1261,0,99,0.4459,0,168,214,1.329,0,168,3.3051,1.3214,0.6369,0.8571,66,0.1493,0.0,33,0.027,222,634,2.8559,0.1861
EllisWeismer:22104,EllisWeismer:TD:30pc,data/curated/english_child_transcripts/EllisWeismer/download_2026-05-31/TD/30pc/22104.cha,EllisWeismer,TD,TD,male,eng,Built from labeled CHAT folder structure.,30.0,179,2.17,2.15,0.2543,370,32,0.1788,0,1,0.0056,10,0.0559,0,107,0.5978,0,177,169,1.516,0,177,3.5365,1.0113,0.4802,0.6346,71,0.0607,0.0,32,0.0391,179,414,2.3128,0.2705
EllisWeismer:22109,EllisWeismer:TD:30pc,data/curated/english_child_transcripts/EllisWeismer/download_2026-05-31/TD/30pc/22109.cha,EllisWeismer,TD,TD,male,eng,Built from labeled CHAT folder structure.,30.0,90,2.822,2.689,0.405,234,14,0.1556,0,1,0.0,2,0.0222,0,107,1.1889,0,168,132,1.988,0,168,3.2054,0.5357,0.3869,0.5111,10,0.1123,0.0111,15,0.0333,90,262,2.9111,0.3969
EllisWeismer:22113,EllisWeismer:TD:30pc,data/curated/english_child_transcripts/EllisWeismer/download_2026-05-31/TD/30pc/22113.cha,EllisWeismer,TD,TD,male,eng,Built from labeled CHAT folder structure.,30.0,131,2.63,2.6,0.3086,332,32,0.2443,0,0,0.0,9,0.0687,0,76,0.5802,0,117,138,1.643,0,117,3.6855,1.1197,0.5897,0.7183,39,0.0668,0.0,32,0.0382,131,353,2.6947,0.3173
EllisWeismer:22120,EllisWeismer:TD:30pc,data/curated/english_child_transcripts/EllisWeismer/download_2026-05-31/TD/30pc/22120.cha,EllisWeismer,TD,TD,male,eng,Built from labeled CHAT folder structure.,30.0,151,2.55,2.53,0.3029,344,36,0.2384,0,0,0.0066,5,0.0331,0,101,0.6689,0,163,161,1.589,0,163,4.1083,0.9264,0.4969,0.5618,47,0.1153,0.0397,36,0.0596,151,372,2.4636,0.3118
EllisWeismer:22128,EllisWeismer:TD:30pc,data/curated/english_child_transcripts/EllisWeismer/download_2026-05-31/TD/30pc/22128.cha,EllisWeismer,TD,TD,male,eng,Built from labeled CHAT folder structure.,30.0,139,3.21,3.14,0.2743,432,14,0.1007,0,1,0.0,10,0.0719,0,107,0.7698,0,130,157,2.1,0,130,3.3494,1.0692,0.6,0.72,28,0.1272,0.0,14,0.0288,139,467,3.3597,0.2762
EllisWeismer:22141,EllisWeismer:TD:30pc,data/curated/english_child_transcripts/EllisWeismer/download_2026-05-31/TD/30pc/22141.cha,EllisWeismer,TD,TD,male,eng,Built from labeled CHAT folder structure.,30.0,111,2.12,2.09,0.3347,233,17,0.1532,0,0,0.0,5,0.045,0,112,1.009,0,247,163,1.454,0,247,3.9385,0.4494,0.332,0.3805,43,0.2027,0.0,18,0.018,111,256,2.3063,0.332
EllisWeismer:22148,EllisWeismer:TD:30pc,data/curated/english_child_transcripts/EllisWeismer/download_2026-05-31/TD/30pc/22148.cha,EllisWeismer,TD,TD,male,eng,Built from labeled CHAT folder structure.,30.0,156,2.16,2.12,0.2802,323,19,0.1218,5,0,0.0,10,0.0641,0,166,1.0641,0,386,245,1.636,0,386,3.7786,0.4041,0.3161,0.3741,52,0.1021,0.0,20,0.0385,156,378,2.4231,0.2778
EllisWeismer:22180,EllisWeismer:TD:30pc,data/curated/english_child_transcripts/EllisWeismer/download_2026-05-31/TD/30pc/22180.cha,EllisWeismer,TD,TD,male,eng,Built from labeled CHAT folder structure.,30.0,135,2.2,2.12,0.3508,293,14,0.1037,0,3,0.0,2,0.0148,0,132,0.9778,0,317,192,1.286,0,317,4.5332,0.4259,0.3028,0.4397,40,0.1941,0.0,14,0.0222,135,334,2.4741,0.3563
EllisWeismer:22192,EllisWeismer:TD:30pc,data/curated/english_child_transcripts/EllisWeismer/download_2026-05-31/TD/30pc/22192.cha,EllisWeismer,TD,TD,male,eng,Built from labeled CHAT folder structure.,30.0,118,2.47,2.38,0.337,265,6,0.0508,0,4,0.0339,1,0.0085,0,82,0.6949,0,300,180,1.045,0,300,4.3014,0.3933,0.3,0.3578,27,0.0847,0.0,6,0.0678,118,285,2.4153,0.3544
EllisWeismer:11006,EllisWeismer:TD:42ec,data/curated/english_child_transcripts/EllisWeismer/download_2026-05-31/TD/42ec/11006.cha,EllisWeismer,TD,TD,female,eng,Built from labeled CHAT folder structure.,42.0,178,4.31,3.91,0.3886,662,19,0.1067,0,4,0.0,1,0.0056,0,58,0.3258,91,0,131,1.084,0,91,3.8439,1.956,0.7253,0.7778,24,0.0654,0.0337,20,0.0337,178,689,3.8708,0.3135
EllisWeismer:11013,EllisWeismer:TD:42ec,data/curated/english_child_transcripts/EllisWeismer/download_2026-05-31/TD/42ec/11013.cha,EllisWeismer,TD,TD,female,eng,Built from labeled CHAT folder structure.,42.0,169,3.41,3.24,0.3371,600,8,0.0473,0,0,0.0,0,0.0,0,70,0.4142,231,0,255,0.936,0,231,4.2775,0.7316,0.5541,0.7059,23,0.0904,0.0237,12,0.0296,169,628,3.716,0.2962
EllisWeismer:11023,EllisWeismer:TD:42ec,data/curated/english_child_transcripts/EllisWeismer/download_2026-05-31/TD/42ec/11023.cha,EllisWeismer,TD,TD,female,eng,Built from labeled CHAT folder structure.,42.0,41,3.341,3.146,0.5039,126,2,0.0488,0,0,0.0,0,0.0,0,91,2.2195,201,0,72,2.409,0,201,5.0,0.204,0.1791,0.2571,3,0.0686,0.0,2,0.122,41,130,3.1707,0.5077
EllisWeismer:11025,EllisWeismer:TD:42ec,data/curated/english_child_transcripts/EllisWeismer/download_2026-05-31/TD/42ec/11025.cha,EllisWeismer,TD,TD,female,eng,Built from labeled CHAT folder structure.,42.0,139,3.67,3.47,0.3486,483,20,0.1439,0,1,0.0216,1,0.0072,1,64,0.4604,121,0,155,1.191,0,121,4.1577,1.1488,0.6446,0.625,9,0.0842,0.036,20,0.0719,139,520,3.741,0.3115
EllisWeismer:11051,EllisWeismer:TD:42ec,data/curated/english_child_transcripts/EllisWeismer/download_2026-05-31/TD/42ec/11051.cha,EllisWeismer,TD,TD,female,eng,Built from labeled CHAT folder structure.,42.0,162,3.1,2.98,0.3086,439,11,0.0679,0,0,0.0,0,0.0,0,57,0.3519,181,3,227,0.729,0,184,4.1445,0.8804,0.6141,0.7714,47,0.0983,0.0,11,0.0494,162,466,2.8765,0.2811
EllisWeismer:11053,EllisWeismer:TD:42ec,data/curated/english_child_transcripts/EllisWeismer/download_2026-05-31/TD/42ec/11053.cha,EllisWeismer,TD,TD,female,eng,Built from labeled CHAT folder structure.,42.0,125,4.03,3.73,0.3429,457,6,0.048,0,0,0.0,0,0.0,0,70,0.56,110,0,162,1.168,0,110,4.0723,1.1364,0.7364,0.7826,20,0.0622,0.024,6,0.032,125,479,3.832,0.3048
EllisWeismer:11055,EllisWeismer:TD:42ec,data/curated/english_child_transcripts/EllisWeismer/download_2026-05-31/TD/42ec/11055.cha,EllisWeismer,TD,TD,female,eng,Built from labeled CHAT folder structure.,42.0,113,3.26,3.14,0.3914,353,1,0.0088,0,0,0.0,1,0.0088,0,36,0.3186,160,0,181,0.696,0,160,4.4542,0.7063,0.5687,0.7391,27,0.0617,0.0,1,0.0354,113,378,3.3451,0.381
EllisWeismer:11057,EllisWeismer:TD:42ec,data/curated/english_child_transcripts/EllisWeismer/download_2026-05-31/TD/42ec/11057.cha,EllisWeismer,TD,TD,female,eng,Built from labeled CHAT folder structure.,42.0,185,4.41,4.19,0.3686,800,17,0.0919,0,1,0.0054,4,0.0216,0,95,0.5135,177,0,219,1.404,0,177,4.2597,1.0452,0.6215,0.6552,36,0.0988,0.0162,17,0.0595,185,825,4.4595,0.2545
EllisWeismer:12003,EllisWeismer:TD:42ec,data/curated/english_child_transcripts/EllisWeismer/download_2026-05-31/TD/42ec/12003.cha,EllisWeismer,TD,TD,male,eng,Built from labeled CHAT folder structure.,42.0,167,4.24,4.04,0.36,712,3,0.018,0,0,0.0,0,0.0,0,24,0.1437,188,0,224,0.53,0,188,4.6394,0.8883,0.5957,0.766,49,0.0908,0.0,4,0.0719,167,787,4.7126,0.2681
EllisWeismer:12004,EllisWeismer:TD:42ec,data/curated/english_child_transcripts/EllisWeismer/download_2026-05-31/TD/42ec/12004.cha,EllisWeismer,TD,TD,male,eng,Built from labeled CHAT folder structure.,42.0,115,2.1,2.03,0.4652,218,10,0.087,0,1,0.0,1,0.0087,0,122,1.0609,135,0,141,2.598,0,135,2.788,0.8519,0.5259,0.5,35,0.0673,0.0,10,0.0087,115,225,1.9565,0.5022
EllisWeismer:12007,EllisWeismer:TD:42ec,data/curated/english_child_transcripts/EllisWeismer/download_2026-05-31/TD/42ec/12007.cha,EllisWeismer,TD,TD,male,eng,Built from labeled CHAT folder structure.,42.0,151,2.72,2.81,0.28,430,17,0.1126,0,0,0.0,3,0.0199,1,70,0.4636,294,0,214,0.656,0,294,4.0022,0.5136,0.3639,0.5217,35,0.0623,0.0132,17,0.0662,151,438,2.9007,0.258
EllisWeismer:12008,EllisWeismer:TD:42ec,data/curated/english_child_transcripts/EllisWeismer/download_2026-05-31/TD/42ec/12008.cha,EllisWeismer,TD,TD,male,eng,Built from labeled CHAT folder structure.,42.0,111,2.37,2.4,0.4286,255,25,0.2252,0,1,0.0,3,0.027,0,65,0.5856,195,0,175,1.031,0,195,3.9935,0.5692,0.4513,0.7069,18,0.0921,0.0,25,0.0,111,266,2.3964,0.4624
EllisWeismer:12011,EllisWeismer:TD:42ec,data/curated/english_child_transcripts/EllisWeismer/download_2026-05-31/TD/42ec/12011.cha,EllisWeismer,TD,TD,male,eng,Built from labeled CHAT folder structure.,42.0,161,3.62,3.49,0.3429,547,4,0.0248,8,1,0.0,2,0.0124,0,88,0.5466,175,0,195,1.227,0,175,3.756,0.92,0.56,0.4667,33,0.0713,0.0124,4,0.0559,161,622,3.8634,0.3023
EllisWeismer:12014,EllisWeismer:TD:42ec,data/curated/english_child_transcripts/EllisWeismer/download_2026-05-31/TD/42ec/12014.cha,EllisWeismer,TD,TD,male,eng,Built from labeled CHAT folder structure.,42.0,157,2.32,2.34,0.3886,358,17,0.1083,0,2,0.0,2,0.0127,0,105,0.6688,215,0,193,1.286,0,215,3.2419,0.7302,0.4512,0.2273,45,0.105,0.0,18,0.0191,157,376,2.3949,0.3936
EllisWeismer:12015,EllisWeismer:TD:42ec,data/curated/english_child_transcripts/EllisWeismer/download_2026-05-31/TD/42ec/12015.cha,EllisWeismer,TD,TD,male,eng,Built from labeled CHAT folder structure.,42.0,135,3.28,3.14,0.3686,407,7,0.0519,0,0,0.0074,5,0.037,0,66,0.4889,146,0,167,1.151,0,146,3.7402,0.9247,0.5753,0.6842,40,0.0884,0.0148,7,0.0519,135,431,3.1926,0.3295
EllisWeismer:12029,EllisWeismer:TD:42ec,data/curated/english_child_transcripts/EllisWeismer/download_2026-05-31/TD/42ec/12029.cha,EllisWeismer,TD,TD,male,eng,Built from labeled CHAT folder structure.,42.0,106,3.01,2.93,0.451,293,6,0.0566,0,1,0.0,0,0.0,0,71,0.6698,216,0,174,1.278,0,216,4.059,0.4907,0.4028,0.5513,42,0.0462,0.0094,6,0.0094,106,322,3.0377,0.4441
EllisWeismer:12033,EllisWeismer:TD:42ec,data/curated/english_child_transcripts/EllisWeismer/download_2026-05-31/TD/42ec/12033.cha,EllisWeismer,TD,TD,male,eng,Built from labeled CHAT folder structure.,42.0,157,4.71,4.41,0.38,707,15,0.0955,0,0,0.0064,1,0.0064,0,66,0.4204,223,0,221,0.983,0,223,5.4289,0.704,0.4978,0.7206,63,0.1192,0.0064,18,0.0255,157,894,5.6943,0.2461
EllisWeismer:12037,EllisWeismer:TD:42ec,data/curated/english_child_transcripts/EllisWeismer/download_2026-05-31/TD/42ec/12037.cha,EllisWeismer,TD,TD,male,eng,Built from labeled CHAT folder structure.,42.0,234,4.78,4.6,0.3,1042,24,0.1026,0,0,0.0,1,0.0043,0,70,0.2991,155,0,230,1.112,0,155,4.4293,1.5097,0.7419,0.75,22,0.0726,0.0,24,0.0556,234,1143,4.8846,0.217
EllisWeismer:12050,EllisWeismer:TD:42ec,data/curated/english_child_transcripts/EllisWeismer/download_2026-05-31/TD/42ec/12050.cha,EllisWeismer,TD,TD,male,eng,Built from labeled CHAT folder structure.,42.0,128,4.52,4.27,0.4057,493,17,0.1328,0,0,0.0078,2,0.0156,0,69,0.5391,166,0,205,1.131,0,166,4.6769,0.7711,0.6205,0.5,29,0.1081,0.0078,17,0.0078,128,534,4.1719,0.3371
EllisWeismer:12056,EllisWeismer:TD:42ec,data/curated/english_child_transcripts/EllisWeismer/download_2026-05-31/TD/42ec/12056.cha,EllisWeismer,TD,TD,male,eng,Built from labeled CHAT folder structure.,42.0,18,0.111,1.0,0.1667,2,0,0.0,0,4,0.0,0,0.0,0,88,4.8889,209,0,28,1.346,0,209,4.2159,0.0861,0.067,0.1719,0,0.0238,0.0,0,0.0,18,8,0.4444,1.0
EllisWeismer:12061,EllisWeismer:TD:42ec,data/curated/english_child_transcripts/EllisWeismer/download_2026-05-31/TD/42ec/12061.cha,EllisWeismer,TD,TD,male,eng,Built from labeled CHAT folder structure.,42.0,170,2.73,2.74,0.3257,496,8,0.0471,0,2,0.0059,4,0.0235,0,125,0.7353,236,0,235,1.878,0,236,3.3768,0.7203,0.5,0.5319,40,0.0661,0.0,8,0.0353,170,553,3.2529,0.311
EllisWeismer:12071,EllisWeismer:TD:42ec,data/curated/english_child_transcripts/EllisWeismer/download_2026-05-31/TD/42ec/12071.cha,EllisWeismer,TD,TD,male,eng,Built from labeled CHAT folder structure.,42.0,166,2.52,2.64,0.2657,396,44,0.2651,0,1,0.0,6,0.0361,0,94,0.5663,110,0,151,2.109,0,110,3.2754,1.5091,0.6909,0.6316,40,0.0941,0.012,46,0.0181,166,443,2.6687,0.2709
EllisWeismer:12077,EllisWeismer:TD:42ec,data/curated/english_child_transcripts/EllisWeismer/download_2026-05-31/TD/42ec/12077.cha,EllisWeismer,TD,TD,male,eng,Built from labeled CHAT folder structure.,42.0,119,3.0,3.04,0.3171,375,10,0.084,0,0,0.0,2,0.0168,0,93,0.7815,153,0,181,1.606,0,153,3.7941,0.7778,0.5948,0.5769,19,0.0954,0.0,10,0.084,119,407,3.4202,0.3194
EllisWeismer:12095,EllisWeismer:TD:42ec,data/curated/english_child_transcripts/EllisWeismer/download_2026-05-31/TD/42ec/12095.cha,EllisWeismer,TD,TD,male,eng,Built from labeled CHAT folder structure.,42.0,217,3.23,3.18,0.3143,756,18,0.0829,0,0,0.0,6,0.0276,0,109,0.5023,225,0,283,1.28,0,225,4.19,0.9644,0.6267,0.7317,78,0.0732,0.0138,19,0.0645,217,848,3.9078,0.2347
EllisWeismer:21092,EllisWeismer:TD:42ec,data/curated/english_child_transcripts/EllisWeismer/download_2026-05-31/TD/42ec/21092.cha,EllisWeismer,TD,TD,female,eng,Built from labeled CHAT folder structure.,42.0,171,3.2,3.13,0.34,501,9,0.0526,0,5,0.0,8,0.0468,0,86,0.5029,156,0,176,1.252,0,156,3.5321,1.0962,0.5641,0.6944,50,0.0546,0.0292,9,0.0117,171,539,3.152,0.321
EllisWeismer:21097,EllisWeismer:TD:42ec,data/curated/english_child_transcripts/EllisWeismer/download_2026-05-31/TD/42ec/21097.cha,EllisWeismer,TD,TD,female,eng,Built from labeled CHAT folder structure.,42.0,152,4.5,4.2,0.4229,656,11,0.0724,0,0,0.0,3,0.0197,0,46,0.3026,101,0,172,0.946,0,101,4.0949,1.505,0.8515,1.0,22,0.1031,0.0132,12,0.0197,152,689,4.5329,0.3019
EllisWeismer:21116,EllisWeismer:TD:42ec,data/curated/english_child_transcripts/EllisWeismer/download_2026-05-31/TD/42ec/21116.cha,EllisWeismer,TD,TD,female,eng,Built from labeled CHAT folder structure.,42.0,113,5.84,5.7,0.2971,632,18,0.1593,0,0,0.0088,1,0.0088,0,58,0.5133,140,0,153,0.962,0,140,5.0119,0.8071,0.55,0.4286,9,0.088,0.0,18,0.0265,113,660,5.8407,0.247
EllisWeismer:21121,EllisWeismer:TD:42ec,data/curated/english_child_transcripts/EllisWeismer/download_2026-05-31/TD/42ec/21121.cha,EllisWeismer,TD,TD,female,eng,Built from labeled CHAT folder structure.,42.0,109,5.71,5.35,0.3829,565,0,0.0,0,2,0.0,0,0.0,0,45,0.4128,129,0,175,0.935,0,129,4.6008,0.845,0.6744,0.68,10,0.0632,0.0092,0,0.0092,109,601,5.5138,0.3028
EllisWeismer:21132,EllisWeismer:TD:42ec,data/curated/english_child_transcripts/EllisWeismer/download_2026-05-31/TD/42ec/21132.cha,EllisWeismer,TD,TD,female,eng,Built from labeled CHAT folder structure.,42.0,2,2.5,2.5,1.0,5,0,0.0,0,0,0.0,0,0.0,0,37,18.5,55,0,4,2.204,0,55,4.0702,0.0364,0.0364,0.1,0,0.125,0.0,0,0.0,2,5,2.5,1.0
EllisWeismer:21135,EllisWeismer:TD:42ec,data/curated/english_child_transcripts/EllisWeismer/download_2026-05-31/TD/42ec/21135.cha,EllisWeismer,TD,TD,female,eng,Built from labeled CHAT folder structure.,42.0,157,4.25,3.88,0.3343,551,8,0.051,0,4,0.0,6,0.0382,0,118,0.7516,281,0,241,1.313,0,281,4.6096,0.5587,0.4306,0.514,30,0.0925,0.0,8,0.0191,157,598,3.8089,0.2843
EllisWeismer:21189,EllisWeismer:TD:42ec,data/curated/english_child_transcripts/EllisWeismer/download_2026-05-31/TD/42ec/21189.cha,EllisWeismer,TD,TD,female,eng,Built from labeled CHAT folder structure.,42.0,101,4.38,4.12,0.4143,417,1,0.0099,0,2,0.0,0,0.0,0,35,0.3465,117,0,141,0.932,0,117,4.6376,0.8632,0.6068,0.7692,13,0.0825,0.0,1,0.0792,101,461,4.5644,0.3774
EllisWeismer:21191,EllisWeismer:TD:42ec,data/curated/english_child_transcripts/EllisWeismer/download_2026-05-31/TD/42ec/21191.cha,EllisWeismer,TD,TD,female,eng,Built from labeled CHAT folder structure.,42.0,107,4.74,4.49,0.3514,462,0,0.0,0,0,0.0,0,0.0,0,40,0.3738,139,0,192,0.982,0,139,5.2236,0.7698,0.6906,0.7895,20,0.0832,0.0093,0,0.0841,107,533,4.9813,0.3002
EllisWeismer:22089,EllisWeismer:TD:42ec,data/curated/english_child_transcripts/EllisWeismer/download_2026-05-31/TD/42ec/22089.cha,EllisWeismer,TD,TD,male,eng,Built from labeled CHAT folder structure.,42.0,112,3.77,3.59,0.3971,399,5,0.0446,0,2,0.0,1,0.0089,0,58,0.5179,92,0,116,1.469,0,92,4.2304,1.2174,0.6304,0.6842,16,0.0572,0.0,5,0.0804,112,455,4.0625,0.3516
EllisWeismer:22101,EllisWeismer:TD:42ec,data/curated/english_child_transcripts/EllisWeismer/download_2026-05-31/TD/42ec/22101.cha,EllisWeismer,TD,TD,male,eng,Built from labeled CHAT folder structure.,42.0,198,4.21,3.95,0.3886,829,1,0.0051,0,0,0.0051,4,0.0202,1,50,0.2525,223,0,272,0.766,0,223,4.3468,0.8879,0.6099,0.7,27,0.1007,0.0253,1,0.0253,198,920,4.6465,0.2913
EllisWeismer:22103,EllisWeismer:TD:42ec,data/curated/english_child_transcripts/EllisWeismer/download_2026-05-31/TD/42ec/22103.cha,EllisWeismer,TD,TD,male,eng,Built from labeled CHAT folder structure.,42.0,112,3.7,3.27,0.38,372,2,0.0179,0,4,0.0,1,0.0089,0,80,0.7143,129,0,145,1.462,0,129,3.834,0.8682,0.5659,0.72,18,0.0829,0.0089,2,0.0804,112,393,3.5089,0.374
EllisWeismer:22108,EllisWeismer:TD:42ec,data/curated/english_child_transcripts/EllisWeismer/download_2026-05-31/TD/42ec/22108.cha,EllisWeismer,TD,TD,male,eng,Built from labeled CHAT folder structure.,42.0,39,5.821,5.436,0.4104,212,0,0.0,0,1,0.0,0,0.0,0,87,2.2308,145,0,73,1.753,0,145,4.9348,0.269,0.2552,0.475,3,0.108,0.0,0,0.0513,39,223,5.7179,0.417
EllisWeismer:22109,EllisWeismer:TD:42ec,data/curated/english_child_transcripts/EllisWeismer/download_2026-05-31/TD/42ec/22109.cha,EllisWeismer,TD,TD,male,eng,Built from labeled CHAT folder structure.,42.0,105,3.32,3.09,0.3469,307,3,0.0286,7,2,0.3619,4,0.0381,0,31,0.2952,129,0,135,10.991,0,129,4.265,0.814,0.5271,0.6957,29,0.0587,0.0,3,0.0095,105,326,3.1048,0.3589
EllisWeismer:22113,EllisWeismer:TD:42ec,data/curated/english_child_transcripts/EllisWeismer/download_2026-05-31/TD/42ec/22113.cha,EllisWeismer,TD,TD,male,eng,Built from labeled CHAT folder structure.,42.0,79,4.405,4.152,0.4116,324,9,0.1139,0,0,0.2152,1,0.0127,0,28,0.3544,111,0,105,1.274,0,111,4.9526,0.7117,0.4775,0.7667,16,0.0886,0.0,10,0.038,79,345,4.3671,0.4029
EllisWeismer:22118,EllisWeismer:TD:42ec,data/curated/english_child_transcripts/EllisWeismer/download_2026-05-31/TD/42ec/22118.cha,EllisWeismer,TD,TD,male,eng,Built from labeled CHAT folder structure.,42.0,84,4.0,3.75,0.4444,309,4,0.0476,1,0,0.0476,0,0.0,0,64,0.7619,96,0,92,2.202,0,96,4.3333,0.875,0.4792,0.6,18,0.0861,0.0,4,0.0833,84,346,4.119,0.4133
EllisWeismer:22120,EllisWeismer:TD:42ec,data/curated/english_child_transcripts/EllisWeismer/download_2026-05-31/TD/42ec/22120.cha,EllisWeismer,TD,TD,male,eng,Built from labeled CHAT folder structure.,42.0,187,3.67,3.55,0.3457,691,20,0.107,0,0,0.0,4,0.0214,0,70,0.3743,190,0,227,0.925,0,190,4.3422,0.9842,0.6,0.6909,56,0.0733,0.016,22,0.1123,187,740,3.9572,0.2446
EllisWeismer:22128,EllisWeismer:TD:42ec,data/curated/english_child_transcripts/EllisWeismer/download_2026-05-31/TD/42ec/22128.cha,EllisWeismer,TD,TD,male,eng,Built from labeled CHAT folder structure.,42.0,42,1.952,1.929,0.5679,80,1,0.0238,0,0,0.0,0,0.0,0,54,1.2857,159,0,80,1.547,0,159,4.4726,0.2642,0.2516,0.5,17,0.068,0.0,1,0.0,42,80,1.9048,0.575
EllisWeismer:22148,EllisWeismer:TD:42ec,data/curated/english_child_transcripts/EllisWeismer/download_2026-05-31/TD/42ec/22148.cha,EllisWeismer,TD,TD,male,eng,Built from labeled CHAT folder structure.,42.0,78,3.051,2.846,0.4685,222,2,0.0256,0,0,0.0256,1,0.0128,0,53,0.6795,120,0,121,1.929,0,120,3.4141,0.65,0.5,0.76,8,0.0504,0.0128,2,0.0256,78,228,2.9231,0.4693
EllisWeismer:22180,EllisWeismer:TD:42ec,data/curated/english_child_transcripts/EllisWeismer/download_2026-05-31/TD/42ec/22180.cha,EllisWeismer,TD,TD,male,eng,Built from labeled CHAT folder structure.,42.0,78,3.436,3.282,0.4141,255,4,0.0513,0,0,0.0,1,0.0128,0,53,0.6795,153,0,123,1.28,0,153,4.5195,0.5098,0.4052,0.5686,19,0.0454,0.0513,5,0.0513,78,278,3.5641,0.3993
EllisWeismer:11013,EllisWeismer:TD:42pc,data/curated/english_child_transcripts/EllisWeismer/download_2026-05-31/TD/42pc/11013.cha,EllisWeismer,TD,TD,female,eng,Built from labeled CHAT folder structure.,42.0,218,3.27,2.97,0.3,640,10,0.0459,0,3,0.0046,6,0.0275,0,74,0.3394,0,146,215,1.19,0,146,3.3242,1.4932,0.7397,0.8936,32,0.0626,0.0046,12,0.0734,218,696,3.1927,0.2486
EllisWeismer:11023,EllisWeismer:TD:42pc,data/curated/english_child_transcripts/EllisWeismer/download_2026-05-31/TD/42pc/11023.cha,EllisWeismer,TD,TD,female,eng,Built from labeled CHAT folder structure.,42.0,125,3.42,3.21,0.3714,401,4,0.032,0,1,0.0,2,0.016,0,131,1.048,0,196,198,2.348,0,196,3.6449,0.6378,0.5051,0.5574,15,0.1058,0.0,4,0.08,125,419,3.352,0.3413
EllisWeismer:11053,EllisWeismer:TD:42pc,data/curated/english_child_transcripts/EllisWeismer/download_2026-05-31/TD/42pc/11053.cha,EllisWeismer,TD,TD,female,eng,Built from labeled CHAT folder structure.,42.0,168,3.3,3.13,0.3886,512,4,0.0238,0,0,0.006,0,0.0,2,90,0.5357,0,228,188,1.414,0,228,4.6944,0.7368,0.4123,0.5474,45,0.1776,0.0357,4,0.0774,168,570,3.3929,0.3088
EllisWeismer:11055,EllisWeismer:TD:42pc,data/curated/english_child_transcripts/EllisWeismer/download_2026-05-31/TD/42pc/11055.cha,EllisWeismer,TD,TD,female,eng,Built from labeled CHAT folder structure.,42.0,151,3.46,3.32,0.4429,514,7,0.0464,0,0,0.0,4,0.0265,0,53,0.351,0,173,192,0.816,0,173,4.7716,0.8728,0.5549,0.7821,43,0.0651,0.0397,7,0.0265,151,544,3.6026,0.3585
EllisWeismer:11057,EllisWeismer:TD:42pc,data/curated/english_child_transcripts/EllisWeismer/download_2026-05-31/TD/42pc/11057.cha,EllisWeismer,TD,TD,female,eng,Built from labeled CHAT folder structure.,42.0,166,3.94,3.58,0.4029,635,7,0.0422,0,0,0.0,4,0.0241,0,65,0.3916,0,75,98,1.431,0,75,4.2075,2.2133,0.6533,0.8,34,0.0829,0.012,7,0.0361,166,712,4.2892,0.2865
EllisWeismer:12003,EllisWeismer:TD:42pc,data/curated/english_child_transcripts/EllisWeismer/download_2026-05-31/TD/42pc/12003.cha,EllisWeismer,TD,TD,male,eng,Built from labeled CHAT folder structure.,42.0,178,3.33,3.21,0.3914,580,11,0.0618,0,0,0.0056,3,0.0169,1,58,0.3258,0,136,191,1.005,0,136,3.6274,1.3088,0.6985,0.8103,53,0.0983,0.0169,11,0.0225,178,617,3.4663,0.3096
EllisWeismer:12007,EllisWeismer:TD:42pc,data/curated/english_child_transcripts/EllisWeismer/download_2026-05-31/TD/42pc/12007.cha,EllisWeismer,TD,TD,male,eng,Built from labeled CHAT folder structure.,42.0,147,2.98,3.0,0.3371,477,14,0.0952,1,2,0.0,1,0.0068,0,42,0.2857,0,158,208,0.778,0,158,3.6,0.9304,0.6582,0.8261,42,0.0642,0.0068,15,0.0408,147,512,3.483,0.2969
EllisWeismer:12011,EllisWeismer:TD:42pc,data/curated/english_child_transcripts/EllisWeismer/download_2026-05-31/TD/42pc/12011.cha,EllisWeismer,TD,TD,male,eng,Built from labeled CHAT folder structure.,42.0,138,2.89,2.74,0.3943,378,2,0.0145,0,1,0.0,0,0.0,0,90,0.6522,0,217,192,1.26,1,217,3.9662,0.6359,0.4424,0.6495,30,0.0502,0.0145,2,0.0435,138,405,2.9348,0.3778
EllisWeismer:12014,EllisWeismer:TD:42pc,data/curated/english_child_transcripts/EllisWeismer/download_2026-05-31/TD/42pc/12014.cha,EllisWeismer,TD,TD,male,eng,Built from labeled CHAT folder structure.,42.0,164,2.66,2.67,0.3943,452,18,0.1098,0,1,0.0061,2,0.0122,0,53,0.3232,0,132,173,1.089,0,132,3.4932,1.2424,0.6591,0.9,54,0.0702,0.0061,19,0.0366,164,490,2.9878,0.3571
EllisWeismer:12029,EllisWeismer:TD:42pc,data/curated/english_child_transcripts/EllisWeismer/download_2026-05-31/TD/42pc/12029.cha,EllisWeismer,TD,TD,male,eng,Built from labeled CHAT folder structure.,42.0,223,2.37,2.35,0.4486,701,4,0.0179,0,6,0.0,3,0.0135,0,107,0.4798,0,112,149,1.647,0,112,4.4627,1.9911,0.6696,0.88,197,0.0641,0.0224,5,0.0493,223,917,4.1121,0.2475
EllisWeismer:12033,EllisWeismer:TD:42pc,data/curated/english_child_transcripts/EllisWeismer/download_2026-05-31/TD/42pc/12033.cha,EllisWeismer,TD,TD,male,eng,Built from labeled CHAT folder structure.,42.0,148,3.82,3.61,0.4257,492,7,0.0473,0,0,0.0,3,0.0203,0,65,0.4392,0,270,227,0.989,0,270,4.3732,0.5481,0.4222,0.6421,40,0.1009,0.0203,7,0.1216,148,557,3.7635,0.3519
EllisWeismer:12050,EllisWeismer:TD:42pc,data/curated/english_child_transcripts/EllisWeismer/download_2026-05-31/TD/42pc/12050.cha,EllisWeismer,TD,TD,male,eng,Built from labeled CHAT folder structure.,42.0,120,3.11,2.99,0.3886,344,25,0.2083,0,1,0.0083,1,0.0083,0,51,0.425,0,233,189,1.062,0,233,4.136,0.515,0.4077,0.5893,51,0.0831,0.0083,26,0.0167,120,409,3.4083,0.3496
EllisWeismer:12056,EllisWeismer:TD:42pc,data/curated/english_child_transcripts/EllisWeismer/download_2026-05-31/TD/42pc/12056.cha,EllisWeismer,TD,TD,male,eng,Built from labeled CHAT folder structure.,42.0,129,2.87,2.81,0.36,342,9,0.0698,0,6,0.0078,3,0.0233,0,77,0.5969,0,158,152,1.705,0,158,3.3833,0.8165,0.481,0.6286,27,0.1116,0.0,9,0.062,129,369,2.8605,0.3713
EllisWeismer:12071,EllisWeismer:TD:42pc,data/curated/english_child_transcripts/EllisWeismer/download_2026-05-31/TD/42pc/12071.cha,EllisWeismer,TD,TD,male,eng,Built from labeled CHAT folder structure.,42.0,166,2.39,2.42,0.3257,420,21,0.1265,1,3,0.006,5,0.0301,0,118,0.7108,0,219,175,1.583,0,219,3.5714,0.758,0.4018,0.5085,46,0.1042,0.0,22,0.0361,166,469,2.8253,0.2921
EllisWeismer:12077,EllisWeismer:TD:42pc,data/curated/english_child_transcripts/EllisWeismer/download_2026-05-31/TD/42pc/12077.cha,EllisWeismer,TD,TD,male,eng,Built from labeled CHAT folder structure.,42.0,131,2.2,2.21,0.3714,305,14,0.1069,0,1,0.0076,3,0.0229,1,67,0.5115,0,255,197,1.066,0,255,3.9534,0.5137,0.3882,0.5981,36,0.0649,0.0076,14,0.0534,131,335,2.5573,0.394
EllisWeismer:12095,EllisWeismer:TD:42pc,data/curated/english_child_transcripts/EllisWeismer/download_2026-05-31/TD/42pc/12095.cha,EllisWeismer,TD,TD,male,eng,Built from labeled CHAT folder structure.,42.0,115,3.51,3.39,0.3371,368,18,0.1565,0,0,0.0,0,0.0,0,81,0.7043,0,166,164,1.524,0,166,4.694,0.6928,0.494,0.7742,18,0.0842,0.0,18,0.0435,115,394,3.4261,0.3198
EllisWeismer:21097,EllisWeismer:TD:42pc,data/curated/english_child_transcripts/EllisWeismer/download_2026-05-31/TD/42pc/21097.cha,EllisWeismer,TD,TD,female,eng,Built from labeled CHAT folder structure.,42.0,183,3.82,3.61,0.3829,641,7,0.0383,0,0,0.0109,2,0.0109,0,93,0.5082,0,176,199,1.411,0,176,3.7465,1.0398,0.5625,0.66,46,0.0953,0.0164,7,0.0492,183,662,3.6175,0.2659
EllisWeismer:21116,EllisWeismer:TD:42pc,data/curated/english_child_transcripts/EllisWeismer/download_2026-05-31/TD/42pc/21116.cha,EllisWeismer,TD,TD,female,eng,Built from labeled CHAT folder structure.,42.0,117,3.17,3.23,0.3229,371,34,0.2906,1,0,0.0085,2,0.0171,0,57,0.4872,0,199,147,1.149,0,199,3.6297,0.5879,0.3719,0.3699,17,0.1648,0.0,36,0.0598,117,387,3.3077,0.323
EllisWeismer:21121,EllisWeismer:TD:42pc,data/curated/english_child_transcripts/EllisWeismer/download_2026-05-31/TD/42pc/21121.cha,EllisWeismer,TD,TD,female,eng,Built from labeled CHAT folder structure.,42.0,119,3.52,3.32,0.3857,383,22,0.1849,0,0,0.0,0,0.0,0,68,0.5714,0,201,161,1.127,0,201,3.4781,0.592,0.403,0.4667,26,0.1019,0.0,22,0.0588,119,391,3.2857,0.3734
EllisWeismer:21135,EllisWeismer:TD:42pc,data/curated/english_child_transcripts/EllisWeismer/download_2026-05-31/TD/42pc/21135.cha,EllisWeismer,TD,TD,female,eng,Built from labeled CHAT folder structure.,42.0,166,2.94,2.79,0.3486,454,10,0.0602,0,0,0.0,5,0.0301,0,88,0.5301,0,268,251,1.024,0,268,3.8871,0.6194,0.4701,0.6142,62,0.0667,0.0,10,0.0241,166,467,2.8133,0.3212
EllisWeismer:21189,EllisWeismer:TD:42pc,data/curated/english_child_transcripts/EllisWeismer/download_2026-05-31/TD/42pc/21189.cha,EllisWeismer,TD,TD,female,eng,Built from labeled CHAT folder structure.,42.0,137,3.24,3.1,0.3829,411,21,0.1533,0,0,0.0219,1,0.0073,0,67,0.4891,0,240,184,1.195,0,240,3.8064,0.5708,0.3833,0.5579,26,0.0953,0.0146,22,0.0511,137,438,3.1971,0.3562
EllisWeismer:22103,EllisWeismer:TD:42pc,data/curated/english_child_transcripts/EllisWeismer/download_2026-05-31/TD/42pc/22103.cha,EllisWeismer,TD,TD,male,eng,Built from labeled CHAT folder structure.,42.0,104,3.3,3.12,0.3792,317,13,0.125,2,0,0.0096,0,0.0,0,85,0.8173,0,172,159,2.095,0,172,3.9094,0.6047,0.4651,0.6333,14,0.1261,0.0096,13,0.0385,104,336,3.2308,0.372
EllisWeismer:22108,EllisWeismer:TD:42pc,data/curated/english_child_transcripts/EllisWeismer/download_2026-05-31/TD/42pc/22108.cha,EllisWeismer,TD,TD,male,eng,Built from labeled CHAT folder structure.,42.0,171,4.12,3.75,0.3457,656,12,0.0702,0,0,0.0585,1,0.0058,0,69,0.4035,0,218,223,2.119,0,218,3.8869,0.7844,0.5138,0.629,25,0.1133,0.0058,13,0.0994,171,676,3.9532,0.253
EllisWeismer:22113,EllisWeismer:TD:42pc,data/curated/english_child_transcripts/EllisWeismer/download_2026-05-31/TD/42pc/22113.cha,EllisWeismer,TD,TD,male,eng,Built from labeled CHAT folder structure.,42.0,99,3.263,3.081,0.4328,301,7,0.0707,0,0,0.0,1,0.0101,0,60,0.6061,1,141,143,1.2,0,142,4.0622,0.6972,0.5,0.6548,19,0.0634,0.0,7,0.0404,99,334,3.3737,0.4311
EllisWeismer:22118,EllisWeismer:TD:42pc,data/curated/english_child_transcripts/EllisWeismer/download_2026-05-31/TD/42pc/22118.cha,EllisWeismer,TD,TD,male,eng,Built from labeled CHAT folder structure.,42.0,155,3.92,3.57,0.4114,512,9,0.0581,0,0,0.0,6,0.0387,2,77,0.4968,0,93,113,2.33,0,93,4.0202,1.6667,0.6022,0.7273,45,0.0925,0.0129,9,0.0516,155,642,4.1419,0.3271
EllisWeismer:22120,EllisWeismer:TD:42pc,data/curated/english_child_transcripts/EllisWeismer/download_2026-05-31/TD/42pc/22120.cha,EllisWeismer,TD,TD,male,eng,Built from labeled CHAT folder structure.,42.0,147,3.72,3.62,0.3686,512,23,0.1565,0,0,0.0,1,0.0068,0,62,0.4218,0,123,134,1.697,0,123,4.563,1.1951,0.5447,0.6032,31,0.076,0.0,24,0.0884,147,548,3.7279,0.2956
EllisWeismer:22128,EllisWeismer:TD:42pc,data/curated/english_child_transcripts/EllisWeismer/download_2026-05-31/TD/42pc/22128.cha,EllisWeismer,TD,TD,male,eng,Built from labeled CHAT folder structure.,42.0,62,3.274,3.306,0.4146,201,13,0.2097,0,0,0.0161,2,0.0323,0,61,0.9839,0,93,81,2.643,0,93,3.329,0.6667,0.4409,0.3864,17,0.2126,0.0,14,0.0,62,217,3.5,0.4101
EllisWeismer:22148,EllisWeismer:TD:42pc,data/curated/english_child_transcripts/EllisWeismer/download_2026-05-31/TD/42pc/22148.cha,EllisWeismer,TD,TD,male,eng,Built from labeled CHAT folder structure.,42.0,114,3.62,3.44,0.4114,384,7,0.0614,2,0,0.0789,1,0.0088,0,15,0.1316,0,260,160,37.199,0,260,4.4866,0.4385,0.3077,0.4219,19,0.1103,0.0,7,0.0088,114,407,3.5702,0.3857
EllisWeismer:22180,EllisWeismer:TD:42pc,data/curated/english_child_transcripts/EllisWeismer/download_2026-05-31/TD/42pc/22180.cha,EllisWeismer,TD,TD,male,eng,Built from labeled CHAT folder structure.,42.0,109,3.35,3.03,0.4311,332,3,0.0275,0,0,0.0,2,0.0183,0,61,0.5596,0,204,154,1.262,0,204,4.1406,0.5343,0.3775,0.4722,27,0.0786,0.0092,3,0.0459,109,377,3.4587,0.3926
EllisWeismer:11006,EllisWeismer:TD:54ec,data/curated/english_child_transcripts/EllisWeismer/download_2026-05-31/TD/54ec/11006.cha,EllisWeismer,TD,TD,female,eng,Built from labeled CHAT folder structure.,54.0,137,3.77,3.45,0.46,460,8,0.0584,0,0,0.0,0,0.0,0,85,0.6204,222,0,157,1.399,0,222,4.3621,0.6171,0.3559,0.4375,53,0.1296,0.0,8,0.0219,137,500,3.6496,0.396
EllisWeismer:11013,EllisWeismer:TD:54ec,data/curated/english_child_transcripts/EllisWeismer/download_2026-05-31/TD/54ec/11013.cha,EllisWeismer,TD,TD,female,eng,Built from labeled CHAT folder structure.,54.0,182,4.4,4.16,0.4343,752,11,0.0604,0,0,0.0055,1,0.0055,0,122,0.6703,160,0,202,1.899,0,160,4.5322,1.1375,0.6312,0.8,23,0.074,0.011,11,0.0275,182,791,4.3462,0.2895
EllisWeismer:11023,EllisWeismer:TD:54ec,data/curated/english_child_transcripts/EllisWeismer/download_2026-05-31/TD/54ec/11023.cha,EllisWeismer,TD,TD,female,eng,Built from labeled CHAT folder structure.,54.0,52,3.269,3.0,0.5641,156,2,0.0385,0,0,0.0385,0,0.0,0,124,2.3846,234,0,88,3.646,0,234,4.2622,0.2222,0.188,0.4516,10,0.0673,0.0192,2,0.0192,52,160,3.0769,0.5563
EllisWeismer:11051,EllisWeismer:TD:54ec,data/curated/english_child_transcripts/EllisWeismer/download_2026-05-31/TD/54ec/11051.cha,EllisWeismer,TD,TD,female,eng,Built from labeled CHAT folder structure.,54.0,85,4.329,4.082,0.3602,346,1,0.0118,0,0,0.0,0,0.0,0,59,0.6941,160,0,123,1.221,0,160,4.3633,0.5312,0.3875,0.641,20,0.0621,0.0,1,0.0353,85,398,4.6824,0.3417
EllisWeismer:12004,EllisWeismer:TD:54ec,data/curated/english_child_transcripts/EllisWeismer/download_2026-05-31/TD/54ec/12004.cha,EllisWeismer,TD,TD,male,eng,Built from labeled CHAT folder structure.,54.0,80,3.688,3.362,0.4981,263,7,0.0875,0,2,0.0125,0,0.0,0,68,0.85,155,0,92,2.632,0,155,3.7489,0.5161,0.2968,0.4103,12,0.1077,0.0,7,0.0625,80,302,3.775,0.4603
EllisWeismer:12007,EllisWeismer:TD:54ec,data/curated/english_child_transcripts/EllisWeismer/download_2026-05-31/TD/54ec/12007.cha,EllisWeismer,TD,TD,male,eng,Built from labeled CHAT folder structure.,54.0,220,5.61,5.36,0.3971,1131,5,0.0227,0,0,0.0,0,0.0,0,122,0.5545,192,0,186,1.372,0,192,4.801,1.1458,0.4844,0.7353,34,0.0861,0.0045,6,0.0182,220,1188,5.4,0.2399
EllisWeismer:12008,EllisWeismer:TD:54ec,data/curated/english_child_transcripts/EllisWeismer/download_2026-05-31/TD/54ec/12008.cha,EllisWeismer,TD,TD,male,eng,Built from labeled CHAT folder structure.,54.0,165,3.89,3.7,0.3571,599,3,0.0182,0,1,0.0,2,0.0121,0,71,0.4303,261,0,233,0.99,0,261,4.3239,0.6322,0.4483,0.6353,48,0.0741,0.0061,3,0.0424,165,633,3.8364,0.3002
EllisWeismer:12014,EllisWeismer:TD:54ec,data/curated/english_child_transcripts/EllisWeismer/download_2026-05-31/TD/54ec/12014.cha,EllisWeismer,TD,TD,male,eng,Built from labeled CHAT folder structure.,54.0,77,3.468,3.273,0.5,248,4,0.0519,0,0,0.0,0,0.0,0,57,0.7403,57,0,55,2.585,0,57,4.2687,1.3509,0.4912,0.75,22,0.0615,0.013,4,0.013,77,268,3.4805,0.4776
EllisWeismer:12015,EllisWeismer:TD:54ec,data/curated/english_child_transcripts/EllisWeismer/download_2026-05-31/TD/54ec/12015.cha,EllisWeismer,TD,TD,male,eng,Built from labeled CHAT folder structure.,54.0,152,4.28,4.14,0.3771,607,3,0.0197,0,0,0.0066,0,0.0,0,77,0.5066,179,0,185,1.355,0,179,4.1722,0.8492,0.514,0.6364,33,0.102,0.0132,3,0.0263,152,643,4.2303,0.2908
EllisWeismer:12029,EllisWeismer:TD:54ec,data/curated/english_child_transcripts/EllisWeismer/download_2026-05-31/TD/54ec/12029.cha,EllisWeismer,TD,TD,male,eng,Built from labeled CHAT folder structure.,54.0,109,5.66,5.34,0.4171,562,3,0.0275,0,1,0.0,0,0.0,0,99,0.9083,168,0,140,2.19,1,168,4.6426,0.6488,0.4167,0.5833,16,0.0854,0.0,3,0.0092,109,596,5.4679,0.3372
EllisWeismer:12077,EllisWeismer:TD:54ec,data/curated/english_child_transcripts/EllisWeismer/download_2026-05-31/TD/54ec/12077.cha,EllisWeismer,TD,TD,male,eng,Built from labeled CHAT folder structure.,54.0,165,3.19,3.1,0.3743,520,8,0.0485,0,0,0.0,3,0.0182,0,91,0.5515,259,0,216,1.384,5,259,4.1792,0.6371,0.417,0.6719,54,0.1569,0.0,8,0.0061,165,543,3.2909,0.3186
EllisWeismer:21160,EllisWeismer:TD:54ec,data/curated/english_child_transcripts/EllisWeismer/download_2026-05-31/TD/54ec/21160.cha,EllisWeismer,TD,TD,female,eng,Built from labeled CHAT folder structure.,54.0,156,5.4,5.1,0.3657,794,2,0.0128,0,4,0.0,2,0.0128,0,59,0.3782,150,0,158,1.531,1,150,4.3791,1.04,0.5267,0.8667,16,0.0726,0.0064,2,0.0192,156,883,5.6603,0.2718
EllisWeismer:21189,EllisWeismer:TD:54ec,data/curated/english_child_transcripts/EllisWeismer/download_2026-05-31/TD/54ec/21189.cha,EllisWeismer,TD,TD,male,eng,Built from labeled CHAT folder structure.,54.0,208,3.45,3.23,0.4057,672,1,0.0048,0,3,0.0,2,0.0096,0,71,0.3413,202,0,219,1.571,0,202,4.0415,1.0297,0.5396,0.7805,54,0.0653,0.0096,1,0.0144,208,725,3.4856,0.3062
EllisWeismer:22103,EllisWeismer:TD:54ec,data/curated/english_child_transcripts/EllisWeismer/download_2026-05-31/TD/54ec/22103.cha,EllisWeismer,TD,TD,male,eng,Built from labeled CHAT folder structure.,54.0,67,3.313,3.075,0.5437,205,1,0.0149,0,1,0.0,1,0.0149,0,68,1.0149,165,0,97,1.712,0,165,4.7155,0.4061,0.297,0.4884,14,0.0627,0.0,1,0.0149,67,215,3.209,0.5442
EllisWeismer:22104,EllisWeismer:TD:54ec,data/curated/english_child_transcripts/EllisWeismer/download_2026-05-31/TD/54ec/22104.cha,EllisWeismer,TD,TD,male,eng,Built from labeled CHAT folder structure.,54.0,132,4.37,4.12,0.4057,542,0,0.0,0,1,0.0,3,0.0227,0,52,0.3939,141,0,155,1.549,0,141,4.8315,0.9362,0.5532,0.7838,33,0.0847,0.0455,0,0.0379,132,615,4.6591,0.3187
EllisWeismer:22118,EllisWeismer:TD:54ec,data/curated/english_child_transcripts/EllisWeismer/download_2026-05-31/TD/54ec/22118.cha,EllisWeismer,TD,TD,male,eng,Built from labeled CHAT folder structure.,54.0,174,2.01,1.89,0.3923,326,1,0.0057,5,11,0.0057,6,0.0345,0,64,0.3678,325,0,202,3.809,0,325,3.6032,0.5354,0.3108,0.3488,60,0.0765,0.0,1,0.0,174,361,2.0747,0.4017
EllisWeismer:22120,EllisWeismer:TD:54ec,data/curated/english_child_transcripts/EllisWeismer/download_2026-05-31/TD/54ec/22120.cha,EllisWeismer,TD,TD,male,eng,Built from labeled CHAT folder structure.,54.0,101,3.32,3.2,0.3969,323,1,0.0099,0,1,0.0,2,0.0198,0,84,0.8317,128,0,94,1.632,1,128,3.9214,0.7891,0.3672,0.4545,24,0.1096,0.0,1,0.0396,101,349,3.4554,0.3926
EllisWeismer:22128,EllisWeismer:TD:54ec,data/curated/english_child_transcripts/EllisWeismer/download_2026-05-31/TD/54ec/22128.cha,EllisWeismer,TD,TD,male,eng,Built from labeled CHAT folder structure.,54.0,62,3.452,3.194,0.4394,197,1,0.0161,0,1,0.0,1,0.0161,0,50,0.8065,140,0,83,1.542,0,140,4.8614,0.4429,0.3,0.4286,16,0.0472,0.0161,1,0.0,62,210,3.3871,0.4333
EllisWeismer:22140,EllisWeismer:TD:54ec,data/curated/english_child_transcripts/EllisWeismer/download_2026-05-31/TD/54ec/22140.cha,EllisWeismer,TD,TD,male,eng,Built from labeled CHAT folder structure.,54.0,207,3.28,3.17,0.3914,664,0,0.0,0,9,0.0,9,0.0435,1,98,0.4734,159,0,186,1.252,0,159,3.541,1.3019,0.5849,0.7895,59,0.0856,0.0097,0,0.0338,207,727,3.5121,0.3356
EllisWeismer:22148,EllisWeismer:TD:54ec,data/curated/english_child_transcripts/EllisWeismer/download_2026-05-31/TD/54ec/22148.cha,EllisWeismer,TD,TD,male,eng,Built from labeled CHAT folder structure.,54.0,96,2.938,2.76,0.4038,263,1,0.0104,0,4,0.0,0,0.0,0,103,1.0729,202,0,142,1.574,0,202,4.245,0.4752,0.3515,0.4138,22,0.0691,0.0,1,0.0521,96,275,2.8646,0.4109
EllisWeismer:11006,EllisWeismer:TD:54int,data/curated/english_child_transcripts/EllisWeismer/download_2026-05-31/TD/54int/11006.cha,EllisWeismer,TD,TD,female,eng,Built from labeled CHAT folder structure.,54.0,209,7.09,6.88,0.3714,1535,4,0.0191,0,0,0.0048,1,0.0048,0,107,0.512,172,0,168,1.567,0,172,6.8504,1.2151,0.4884,0.5909,32,0.068,0.0096,4,0.0383,209,1633,7.8134,0.2327
EllisWeismer:11013,EllisWeismer:TD:54int,data/curated/english_child_transcripts/EllisWeismer/download_2026-05-31/TD/54int/11013.cha,EllisWeismer,TD,TD,female,eng,Built from labeled CHAT folder structure.,54.0,135,5.01,4.84,0.3771,649,7,0.0519,0,0,0.0,1,0.0074,0,125,0.9259,115,0,171,1.762,1,115,5.5,1.1739,0.7478,0.8649,23,0.096,0.0074,8,0.0074,135,690,5.1111,0.3188
EllisWeismer:11023,EllisWeismer:TD:54int,data/curated/english_child_transcripts/EllisWeismer/download_2026-05-31/TD/54int/11023.cha,EllisWeismer,TD,TD,female,eng,Built from labeled CHAT folder structure.,54.0,83,5.904,5.639,0.4314,466,0,0.0,0,1,0.0,2,0.0241,0,85,1.0241,211,0,140,2.161,0,211,6.5646,0.3934,0.3318,0.4557,9,0.0755,0.0,0,0.012,83,507,6.1084,0.3984
EllisWeismer:11025,EllisWeismer:TD:54int,data/curated/english_child_transcripts/EllisWeismer/download_2026-05-31/TD/54int/11025.cha,EllisWeismer,TD,TD,female,eng,Built from labeled CHAT folder structure.,54.0,140,5.04,4.9,0.4286,679,4,0.0286,0,1,0.0,0,0.0,0,81,0.5786,272,0,247,1.095,0,272,5.9976,0.5147,0.4559,0.5865,30,0.0579,0.0071,4,0.05,140,737,5.2643,0.3446
EllisWeismer:11051,EllisWeismer:TD:54int,data/curated/english_child_transcripts/EllisWeismer/download_2026-05-31/TD/54int/11051.cha,EllisWeismer,TD,TD,female,eng,Built from labeled CHAT folder structure.,54.0,218,4.67,4.55,0.38,980,20,0.0917,0,2,0.0,1,0.0046,0,86,0.3945,273,0,257,1.06,0,273,4.9796,0.7985,0.4725,0.5583,52,0.1163,0.0,23,0.0596,218,1079,4.9495,0.2947
EllisWeismer:11053,EllisWeismer:TD:54int,data/curated/english_child_transcripts/EllisWeismer/download_2026-05-31/TD/54int/11053.cha,EllisWeismer,TD,TD,female,eng,Built from labeled CHAT folder structure.,54.0,139,6.81,6.39,0.4029,877,5,0.036,0,0,0.0216,0,0.0,0,21,0.1511,150,0,174,14.46,1,150,5.7578,0.9267,0.58,0.7143,19,0.0627,0.0,5,0.0216,139,957,6.8849,0.3072
EllisWeismer:11055,EllisWeismer:TD:54int,data/curated/english_child_transcripts/EllisWeismer/download_2026-05-31/TD/54int/11055.cha,EllisWeismer,TD,TD,female,eng,Built from labeled CHAT folder structure.,54.0,134,5.75,5.43,0.3857,695,4,0.0299,0,2,0.0224,2,0.0149,0,18,0.1343,189,0,167,1.822,0,189,5.7245,0.709,0.4392,0.6333,27,0.0674,0.0075,4,0.0672,134,747,5.5746,0.3614
EllisWeismer:11057,EllisWeismer:TD:54int,data/curated/english_child_transcripts/EllisWeismer/download_2026-05-31/TD/54int/11057.cha,EllisWeismer,TD,TD,female,eng,Built from labeled CHAT folder structure.,54.0,140,5.99,5.78,0.4257,798,1,0.0071,0,6,0.0143,0,0.0,0,86,0.6143,201,0,186,6.99,0,201,5.6804,0.6965,0.4627,0.6184,32,0.0708,0.0214,1,0.0214,140,842,6.0143,0.3266
EllisWeismer:12003,EllisWeismer:TD:54int,data/curated/english_child_transcripts/EllisWeismer/download_2026-05-31/TD/54int/12003.cha,EllisWeismer,TD,TD,male,eng,Built from labeled CHAT folder structure.,54.0,158,5.49,5.24,0.4486,832,4,0.0253,0,3,0.0,1,0.0063,1,29,0.1835,228,0,227,23.554,2,228,6.456,0.693,0.5,0.6154,43,0.0815,0.0253,4,0.0633,158,965,6.1076,0.3161
EllisWeismer:12004,EllisWeismer:TD:54int,data/curated/english_child_transcripts/EllisWeismer/download_2026-05-31/TD/54int/12004.cha,EllisWeismer,TD,TD,male,eng,Built from labeled CHAT folder structure.,54.0,123,6.89,6.39,0.44,766,1,0.0081,0,4,0.0,2,0.0163,0,98,0.7967,185,0,158,2.162,1,185,6.2078,0.6649,0.427,0.6216,37,0.0657,0.0244,1,0.065,123,863,7.0163,0.3117
EllisWeismer:12008,EllisWeismer:TD:54int,data/curated/english_child_transcripts/EllisWeismer/download_2026-05-31/TD/54int/12008.cha,EllisWeismer,TD,TD,male,eng,Built from labeled CHAT folder structure.,54.0,158,4.1,3.82,0.4,590,4,0.0253,0,1,0.0127,4,0.0253,0,115,0.7278,290,0,277,1.502,0,290,5.4509,0.5448,0.4793,0.6966,62,0.0628,0.0,4,0.0253,158,632,4.0,0.3323
EllisWeismer:12011,EllisWeismer:TD:54int,data/curated/english_child_transcripts/EllisWeismer/download_2026-05-31/TD/54int/12011.cha,EllisWeismer,TD,TD,female,eng,Built from labeled CHAT folder structure.,54.0,142,6.34,5.92,0.3629,795,3,0.0211,0,0,0.0,3,0.0211,0,87,0.6127,195,0,215,1.308,0,195,6.0593,0.7282,0.5538,0.6719,21,0.0653,0.0141,3,0.0211,142,860,6.0563,0.3186
EllisWeismer:12014,EllisWeismer:TD:54int,data/curated/english_child_transcripts/EllisWeismer/download_2026-05-31/TD/54int/12014.cha,EllisWeismer,TD,TD,male,eng,Built from labeled CHAT folder structure.,54.0,98,5.429,5.204,0.4457,507,2,0.0204,0,3,0.0,1,0.0102,1,90,0.9184,103,0,121,2.029,0,103,5.1095,0.9515,0.5922,0.6154,11,0.057,0.0102,2,0.0612,98,543,5.5408,0.3812
EllisWeismer:12015,EllisWeismer:TD:54int,data/curated/english_child_transcripts/EllisWeismer/download_2026-05-31/TD/54int/12015.cha,EllisWeismer,TD,TD,male,eng,Built from labeled CHAT folder structure.,54.0,88,7.08,6.864,0.3257,604,4,0.0455,0,0,0.0227,1,0.0114,0,98,1.1136,154,0,143,2.288,1,154,6.9008,0.5714,0.4675,0.7308,32,0.0847,0.0227,4,0.0341,88,698,7.9318,0.2693
EllisWeismer:12029,EllisWeismer:TD:54int,data/curated/english_child_transcripts/EllisWeismer/download_2026-05-31/TD/54int/12029.cha,EllisWeismer,TD,TD,male,eng,Built from labeled CHAT folder structure.,54.0,121,7.06,6.86,0.36,796,0,0.0,0,0,0.0165,0,0.0,0,29,0.2397,143,0,152,3.306,1,143,6.5227,0.8462,0.5315,0.7111,58,0.0646,0.0,0,0.0331,121,888,7.3388,0.2782
EllisWeismer:12033,EllisWeismer:TD:54int,data/curated/english_child_transcripts/EllisWeismer/download_2026-05-31/TD/54int/12033.cha,EllisWeismer,TD,TD,male,eng,Built from labeled CHAT folder structure.,54.0,169,7.23,6.9,0.4571,1085,2,0.0118,0,1,0.0059,0,0.0,0,20,0.1183,132,0,162,1.099,3,132,6.4419,1.2803,0.6136,0.6286,30,0.0497,0.0059,2,0.0414,169,1247,7.3787,0.3055
EllisWeismer:12050,EllisWeismer:TD:54int,data/curated/english_child_transcripts/EllisWeismer/download_2026-05-31/TD/54int/12050.cha,EllisWeismer,TD,TD,male,eng,Built from labeled CHAT folder structure.,54.0,185,5.08,4.94,0.4743,944,6,0.0324,0,5,0.0,3,0.0162,0,102,0.5514,167,0,221,1.613,3,167,5.1847,1.1078,0.6647,0.8148,57,0.1017,0.0486,7,0.0324,185,1107,5.9838,0.2927
EllisWeismer:12077,EllisWeismer:TD:54int,data/curated/english_child_transcripts/EllisWeismer/download_2026-05-31/TD/54int/12077.cha,EllisWeismer,TD,TD,male,eng,Built from labeled CHAT folder structure.,54.0,196,5.42,5.26,0.34,1063,6,0.0306,0,0,0.0816,1,0.0051,0,24,0.1224,226,0,284,8.342,0,226,5.9123,0.8673,0.6283,0.6838,61,0.0664,0.0204,7,0.0357,196,1155,5.8929,0.2294
EllisWeismer:21092,EllisWeismer:TD:54int,data/curated/english_child_transcripts/EllisWeismer/download_2026-05-31/TD/54int/21092.cha,EllisWeismer,TD,TD,female,eng,Built from labeled CHAT folder structure.,54.0,129,8.03,7.73,0.3686,989,1,0.0078,1,0,0.0155,1,0.0078,0,28,0.2171,81,0,118,1.009,0,81,7.181,1.5926,0.7284,0.7857,11,0.063,0.0,1,0.0078,129,1027,7.9612,0.2756
EllisWeismer:21097,EllisWeismer:TD:54int,data/curated/english_child_transcripts/EllisWeismer/download_2026-05-31/TD/54int/21097.cha,EllisWeismer,TD,TD,female,eng,Built from labeled CHAT folder structure.,54.0,154,7.76,7.49,0.4143,1139,6,0.039,0,0,0.0,0,0.0,2,29,0.1883,191,0,257,0.771,0,191,6.7681,0.8063,0.6754,0.8095,41,0.0754,0.013,6,0.0195,154,1226,7.961,0.2928
EllisWeismer:21102,EllisWeismer:TD:54int,data/curated/english_child_transcripts/EllisWeismer/download_2026-05-31/TD/54int/21102.cha,EllisWeismer,TD,TD,female,eng,Built from labeled CHAT folder structure.,54.0,100,7.33,7.03,0.3914,703,0,0.0,0,0,0.0,1,0.01,0,82,0.82,93,0,109,1.99,0,93,7.513,1.0753,0.5914,0.8421,20,0.1026,0.02,0,0.0,100,772,7.72,0.3083
EllisWeismer:21116,EllisWeismer:TD:54int,data/curated/english_child_transcripts/EllisWeismer/download_2026-05-31/TD/54int/21116.cha,EllisWeismer,TD,TD,female,eng,Built from labeled CHAT folder structure.,54.0,149,7.08,6.81,0.3771,1070,3,0.0201,0,0,0.0,0,0.0,0,67,0.4497,92,0,143,1.371,0,92,7.5768,1.6196,0.7826,0.75,15,0.0742,0.0134,3,0.0067,149,1149,7.7114,0.2628
EllisWeismer:21121,EllisWeismer:TD:54int,data/curated/english_child_transcripts/EllisWeismer/download_2026-05-31/TD/54int/21121.cha,EllisWeismer,TD,TD,female,eng,Built from labeled CHAT folder structure.,54.0,128,5.5,5.36,0.4257,731,1,0.0078,0,0,0.0,0,0.0,1,50,0.3906,148,0,191,1.254,0,148,6.0507,0.8649,0.6486,0.6167,17,0.0572,0.0078,1,0.0,128,778,6.0781,0.3509
EllisWeismer:21189,EllisWeismer:TD:54int,data/curated/english_child_transcripts/EllisWeismer/download_2026-05-31/TD/54int/21189.cha,EllisWeismer,TD,TD,female,eng,Built from labeled CHAT folder structure.,54.0,171,7.44,7.02,0.3971,1181,3,0.0175,0,0,0.0058,0,0.0,0,21,0.1228,87,0,112,20.567,2,87,6.8992,1.9655,0.6437,0.6364,33,0.0694,0.0,3,0.0058,171,1380,8.0702,0.2391
EllisWeismer:21191,EllisWeismer:TD:54int,data/curated/english_child_transcripts/EllisWeismer/download_2026-05-31/TD/54int/21191.cha,EllisWeismer,TD,TD,female,eng,Built from labeled CHAT folder structure.,54.0,134,8.05,7.66,0.4171,944,0,0.0,0,3,0.0149,2,0.0149,0,13,0.097,158,0,152,1.181,0,158,6.9212,0.8481,0.481,0.5556,16,0.0486,0.0,0,0.0373,134,1038,7.7463,0.2909
EllisWeismer:22086,EllisWeismer:TD:54int,data/curated/english_child_transcripts/EllisWeismer/download_2026-05-31/TD/54int/22086.cha,EllisWeismer,TD,TD,male,eng,Built from labeled CHAT folder structure.,54.0,170,5.28,5.1,0.4114,874,28,0.1647,0,1,0.0,1,0.0059,0,71,0.4176,101,0,116,0.976,0,101,5.6458,1.6832,0.5743,0.6,41,0.0399,0.0,29,0.0294,170,927,5.4529,0.3538
EllisWeismer:22089,EllisWeismer:TD:54int,data/curated/english_child_transcripts/EllisWeismer/download_2026-05-31/TD/54int/22089.cha,EllisWeismer,TD,TD,male,eng,Built from labeled CHAT folder structure.,54.0,133,6.95,6.55,0.3914,843,4,0.0301,0,0,0.0075,2,0.015,0,41,0.3083,121,0,176,8.145,4,121,6.6654,1.0992,0.7273,0.8537,22,0.092,0.0,5,0.0301,133,940,7.0677,0.2915
EllisWeismer:22093,EllisWeismer:TD:54int,data/curated/english_child_transcripts/EllisWeismer/download_2026-05-31/TD/54int/22093.cha,EllisWeismer,TD,TD,male,eng,Built from labeled CHAT folder structure.,54.0,88,3.489,3.375,0.4781,293,12,0.1364,0,0,0.0,0,0.0,0,16,0.1818,195,0,154,0.481,0,195,6.1802,0.4513,0.3949,0.561,24,0.0674,0.0,13,0.0114,88,326,3.7045,0.4479
EllisWeismer:22103,EllisWeismer:TD:54int,data/curated/english_child_transcripts/EllisWeismer/download_2026-05-31/TD/54int/22103.cha,EllisWeismer,TD,TD,male,eng,Built from labeled CHAT folder structure.,54.0,135,6.19,6.08,0.4743,795,2,0.0148,0,0,0.0222,0,0.0,0,26,0.1926,189,0,216,7.813,1,189,6.5062,0.7143,0.5714,0.6988,55,0.0574,0.0148,2,0.0,135,907,6.7185,0.301
EllisWeismer:22104,EllisWeismer:TD:54int,data/curated/english_child_transcripts/EllisWeismer/download_2026-05-31/TD/54int/22104.cha,EllisWeismer,TD,TD,male,eng,Built from labeled CHAT folder structure.,54.0,174,5.72,5.36,0.3486,1054,9,0.0517,0,0,0.0632,0,0.0,0,17,0.0977,149,0,185,6.485,9,149,6.452,1.1678,0.6242,0.717,41,0.0621,0.0172,9,0.0517,174,1170,6.7241,0.2615
EllisWeismer:22109,EllisWeismer:TD:54int,data/curated/english_child_transcripts/EllisWeismer/download_2026-05-31/TD/54int/22109.cha,EllisWeismer,TD,TD,male,eng,Built from labeled CHAT folder structure.,54.0,112,5.89,5.44,0.4514,612,9,0.0804,0,0,0.0179,1,0.0089,0,19,0.1696,158,0,168,0.884,0,158,6.2037,0.7089,0.5316,0.746,19,0.0479,0.0179,13,0.0,112,642,5.7321,0.3458
EllisWeismer:22120,EllisWeismer:TD:54int,data/curated/english_child_transcripts/EllisWeismer/download_2026-05-31/TD/54int/22120.cha,EllisWeismer,TD,TD,male,eng,Built from labeled CHAT folder structure.,54.0,69,5.391,5.043,0.3161,347,0,0.0,0,0,0.0,0,0.0,0,21,0.3043,81,0,70,39.496,3,81,6.3467,0.8519,0.4321,0.5,16,0.0459,0.0,0,0.087,69,415,6.0145,0.2819
EllisWeismer:22128,EllisWeismer:TD:54int,data/curated/english_child_transcripts/EllisWeismer/download_2026-05-31/TD/54int/22128.cha,EllisWeismer,TD,TD,male,eng,Built from labeled CHAT folder structure.,54.0,203,5.25,4.99,0.4,945,6,0.0296,0,0,0.0,1,0.0049,0,79,0.3892,252,0,299,0.929,1,252,5.0484,0.8056,0.5952,0.8488,67,0.074,0.0,7,0.0197,203,1003,4.9409,0.2802
EllisWeismer:22140,EllisWeismer:TD:54int,data/curated/english_child_transcripts/EllisWeismer/download_2026-05-31/TD/54int/22140.cha,EllisWeismer,TD,TD,male,eng,Built from labeled CHAT folder structure.,54.0,127,7.53,7.15,0.38,866,4,0.0315,0,1,0.0157,1,0.0079,0,26,0.2047,82,0,95,1.745,2,82,7.5215,1.5488,0.5854,0.5769,11,0.0571,0.0079,4,0.0315,127,964,7.5906,0.2925
EllisWeismer:22148,EllisWeismer:TD:54int,data/curated/english_child_transcripts/EllisWeismer/download_2026-05-31/TD/54int/22148.cha,EllisWeismer,TD,TD,male,eng,Built from labeled CHAT folder structure.,54.0,111,6.9,6.69,0.42,745,4,0.036,0,3,0.0,1,0.009,0,95,0.8559,107,0,104,2.343,3,107,6.6239,1.0374,0.486,0.3793,10,0.0613,0.0,5,0.018,111,765,6.8919,0.3333
EllisWeismer:22192,EllisWeismer:TD:54int,data/curated/english_child_transcripts/EllisWeismer/download_2026-05-31/TD/54int/22192.cha,EllisWeismer,TD,TD,male,eng,Built from labeled CHAT folder structure.,54.0,139,6.41,6.27,0.4229,825,9,0.0647,0,1,0.0216,0,0.0,0,16,0.1151,107,0,106,11.299,6,107,6.6585,1.2991,0.4953,0.4167,13,0.0695,0.0072,10,0.0216,139,879,6.3237,0.3276
EllisWeismer:11006,EllisWeismer:TD:66conv,data/curated/english_child_transcripts/EllisWeismer/download_2026-05-31/TD/66conv/11006.cha,EllisWeismer,TD,TD,female,eng,Built from labeled CHAT folder structure.,66.0,98,7.296,6.908,0.4,676,1,0.0102,0,0,0.0204,1,0.0102,0,14,0.1429,105,0,117,11.267,2,105,5.7833,0.9333,0.5619,0.5946,6,0.0726,0.0,1,0.0306,98,705,7.1939,0.3518
EllisWeismer:11013,EllisWeismer:TD:66conv,data/curated/english_child_transcripts/EllisWeismer/download_2026-05-31/TD/66conv/11013.cha,EllisWeismer,TD,TD,female,eng,Built from labeled CHAT folder structure.,66.0,136,5.52,5.28,0.4914,707,0,0.0,0,5,0.0,0,0.0,0,22,0.1618,157,0,224,0.54,1,157,5.9556,0.8662,0.7134,0.8824,30,0.0573,0.0221,0,0.0074,136,794,5.8382,0.3841
EllisWeismer:11023,EllisWeismer:TD:66conv,data/curated/english_child_transcripts/EllisWeismer/download_2026-05-31/TD/66conv/11023.cha,EllisWeismer,TD,TD,female,eng,Built from labeled CHAT folder structure.,66.0,110,4.56,4.43,0.3571,478,5,0.0455,0,1,0.0273,2,0.0182,0,16,0.1455,155,0,162,0.803,0,155,5.5962,0.7097,0.5226,0.6849,40,0.0646,0.1182,5,0.0455,110,507,4.6091,0.3037
EllisWeismer:11025,EllisWeismer:TD:66conv,data/curated/english_child_transcripts/EllisWeismer/download_2026-05-31/TD/66conv/11025.cha,EllisWeismer,TD,TD,female,eng,Built from labeled CHAT folder structure.,66.0,86,7.57,7.151,0.4857,615,0,0.0,0,1,0.0,0,0.0,0,24,0.2791,100,0,111,5.567,2,100,6.4946,0.86,0.56,0.9091,6,0.068,0.0116,0,0.0465,86,672,7.814,0.3958
EllisWeismer:11051,EllisWeismer:TD:66conv,data/curated/english_child_transcripts/EllisWeismer/download_2026-05-31/TD/66conv/11051.cha,EllisWeismer,TD,TD,female,eng,Built from labeled CHAT folder structure.,66.0,109,2.78,2.76,0.4075,287,4,0.0367,0,1,0.0183,1,0.0092,0,17,0.156,201,0,202,2.665,0,201,4.9742,0.5423,0.5025,0.6809,42,0.0712,0.0092,4,0.0092,109,307,2.8165,0.4104
EllisWeismer:11055,EllisWeismer:TD:66conv,data/curated/english_child_transcripts/EllisWeismer/download_2026-05-31/TD/66conv/11055.cha,EllisWeismer,TD,TD,female,eng,Built from labeled CHAT folder structure.,66.0,95,6.2,5.905,0.4771,561,0,0.0,0,2,0.0211,0,0.0,0,9,0.0947,135,0,156,27.574,3,135,6.0783,0.7037,0.5778,0.8611,15,0.0639,0.0421,0,0.0526,95,584,6.1474,0.4144
EllisWeismer:11057,EllisWeismer:TD:66conv,data/curated/english_child_transcripts/EllisWeismer/download_2026-05-31/TD/66conv/11057.cha,EllisWeismer,TD,TD,female,eng,Built from labeled CHAT folder structure.,66.0,92,6.402,6.13,0.4743,563,3,0.0326,0,0,0.0,0,0.0,0,27,0.2935,116,0,131,1.854,0,116,5.5962,0.7931,0.569,0.8125,11,0.0432,0.0,3,0.0326,92,590,6.413,0.4102
EllisWeismer:12003,EllisWeismer:TD:66conv,data/curated/english_child_transcripts/EllisWeismer/download_2026-05-31/TD/66conv/12003.cha,EllisWeismer,TD,TD,male,eng,Built from labeled CHAT folder structure.,66.0,104,7.08,6.77,0.44,690,0,0.0,0,0,0.0,0,0.0,0,16,0.1538,144,0,162,10.142,0,144,6.9355,0.7222,0.5625,0.8462,29,0.0756,0.0288,0,0.0192,104,775,7.4519,0.3497
EllisWeismer:12004,EllisWeismer:TD:66conv,data/curated/english_child_transcripts/EllisWeismer/download_2026-05-31/TD/66conv/12004.cha,EllisWeismer,TD,TD,male,eng,Built from labeled CHAT folder structure.,66.0,84,5.893,5.702,0.42,479,0,0.0,0,0,0.0,0,0.0,0,22,0.2619,189,0,148,1.098,1,189,5.033,0.4444,0.3915,0.5584,17,0.0602,0.0595,0,0.0238,84,546,6.5,0.3571
EllisWeismer:12007,EllisWeismer:TD:66conv,data/curated/english_child_transcripts/EllisWeismer/download_2026-05-31/TD/66conv/12007.cha,EllisWeismer,TD,TD,male,eng,Built from labeled CHAT folder structure.,66.0,156,7.86,7.54,0.4886,1143,1,0.0064,0,0,0.0321,0,0.0,0,13,0.0833,74,0,113,5.848,4,74,7.2913,2.1081,0.7703,0.88,28,0.0524,0.0064,1,0.0449,156,1295,8.3013,0.2788
EllisWeismer:12008,EllisWeismer:TD:66conv,data/curated/english_child_transcripts/EllisWeismer/download_2026-05-31/TD/66conv/12008.cha,EllisWeismer,TD,TD,male,eng,Built from labeled CHAT folder structure.,66.0,128,4.12,3.94,0.4371,527,2,0.0156,0,0,0.0547,0,0.0,0,7,0.0547,177,0,217,32.764,0,177,5.0623,0.7232,0.6158,0.6961,27,0.0738,0.0,2,0.0234,128,564,4.4062,0.3777
EllisWeismer:12011,EllisWeismer:TD:66conv,data/curated/english_child_transcripts/EllisWeismer/download_2026-05-31/TD/66conv/12011.cha,EllisWeismer,TD,TD,male,eng,Built from labeled CHAT folder structure.,66.0,128,5.85,5.6,0.4743,714,1,0.0078,0,0,0.0,1,0.0078,0,49,0.3828,142,0,177,0.834,0,142,5.3926,0.9014,0.6268,0.7073,15,0.0448,0.0625,1,0.0234,128,801,6.2578,0.3558
EllisWeismer:12015,EllisWeismer:TD:66conv,data/curated/english_child_transcripts/EllisWeismer/download_2026-05-31/TD/66conv/12015.cha,EllisWeismer,TD,TD,male,eng,Built from labeled CHAT folder structure.,66.0,114,3.96,3.65,0.42,400,2,0.0175,0,0,0.0,1,0.0088,0,26,0.2281,182,0,203,2.488,5,182,5.3615,0.6264,0.5604,0.7727,44,0.0585,0.0,2,0.0175,114,421,3.693,0.3848
EllisWeismer:12029,EllisWeismer:TD:66conv,data/curated/english_child_transcripts/EllisWeismer/download_2026-05-31/TD/66conv/12029.cha,EllisWeismer,TD,TD,male,eng,Built from labeled CHAT folder structure.,66.0,90,7.0,6.744,0.44,608,1,0.0111,0,1,0.0,1,0.0111,0,49,0.5444,84,0,93,1.578,0,84,6.2816,1.0714,0.5595,0.8529,17,0.0633,0.0333,1,0.0444,90,682,7.5778,0.3534
EllisWeismer:12033,EllisWeismer:TD:66conv,data/curated/english_child_transcripts/EllisWeismer/download_2026-05-31/TD/66conv/12033.cha,EllisWeismer,TD,TD,male,eng,Built from labeled CHAT folder structure.,66.0,212,5.4,5.19,0.4114,1182,13,0.0613,0,2,0.0047,0,0.0,0,21,0.0991,185,0,293,3.246,1,185,5.6272,1.1459,0.7946,0.8649,65,0.0645,0.0377,13,0.0708,212,1340,6.3208,0.2612
EllisWeismer:12037,EllisWeismer:TD:66conv,data/curated/english_child_transcripts/EllisWeismer/download_2026-05-31/TD/66conv/12037.cha,EllisWeismer,TD,TD,male,eng,Built from labeled CHAT folder structure.,66.0,146,5.08,4.86,0.48,694,3,0.0205,0,0,0.0,0,0.0,0,43,0.2945,125,0,178,0.651,3,125,5.3727,1.168,0.712,0.875,37,0.0651,0.0205,3,0.0274,146,770,5.274,0.3532
EllisWeismer:12050,EllisWeismer:TD:66conv,data/curated/english_child_transcripts/EllisWeismer/download_2026-05-31/TD/66conv/12050.cha,EllisWeismer,TD,TD,male,eng,Built from labeled CHAT folder structure.,66.0,111,8.19,7.92,0.4371,879,3,0.027,0,2,0.0,1,0.009,0,44,0.3964,91,0,132,0.803,1,91,7.1337,1.2198,0.7253,0.88,23,0.0536,0.0631,4,0.0,111,991,8.9279,0.3138
EllisWeismer:12061,EllisWeismer:TD:66conv,data/curated/english_child_transcripts/EllisWeismer/download_2026-05-31/TD/66conv/12061.cha,EllisWeismer,TD,TD,male,eng,Built from labeled CHAT folder structure.,66.0,139,4.44,4.28,0.4714,611,2,0.0144,0,0,0.0072,0,0.0,0,26,0.1871,161,0,222,3.688,3,161,4.8233,0.8634,0.6894,0.9487,28,0.0904,0.0,2,0.036,139,651,4.6835,0.3717
EllisWeismer:12071,EllisWeismer:TD:66conv,data/curated/english_child_transcripts/EllisWeismer/download_2026-05-31/TD/66conv/12071.cha,EllisWeismer,TD,TD,male,eng,Built from labeled CHAT folder structure.,66.0,138,6.85,6.5,0.3743,939,27,0.1957,0,1,0.0,1,0.0072,0,36,0.2609,72,0,109,0.906,0,72,6.6,1.9167,0.7639,0.9167,27,0.0764,0.0072,33,0.0507,138,1075,7.7899,0.2279
EllisWeismer:12077,EllisWeismer:TD:66conv,data/curated/english_child_transcripts/EllisWeismer/download_2026-05-31/TD/66conv/12077.cha,EllisWeismer,TD,TD,male,eng,Built from labeled CHAT folder structure.,66.0,97,6.804,6.619,0.4629,642,8,0.0825,0,1,0.0206,0,0.0,0,30,0.3093,102,0,121,5.391,0,102,5.9045,0.951,0.598,0.6744,25,0.0626,0.0515,9,0.0309,97,714,7.3608,0.3529
EllisWeismer:21092,EllisWeismer:TD:66conv,data/curated/english_child_transcripts/EllisWeismer/download_2026-05-31/TD/66conv/21092.cha,EllisWeismer,TD,TD,female,eng,Built from labeled CHAT folder structure.,66.0,126,4.69,4.39,0.4571,566,5,0.0397,0,0,0.0079,1,0.0079,0,72,0.5714,185,0,187,1.746,0,185,5.1318,0.6811,0.5081,0.6548,11,0.0595,0.0,5,0.0238,126,596,4.7302,0.4228
EllisWeismer:21097,EllisWeismer:TD:66conv,data/curated/english_child_transcripts/EllisWeismer/download_2026-05-31/TD/66conv/21097.cha,EllisWeismer,TD,TD,female,eng,Built from labeled CHAT folder structure.,66.0,162,7.77,7.54,0.4086,1174,5,0.0309,0,2,0.0185,0,0.0,0,29,0.179,131,0,174,6.772,0,131,6.5768,1.2366,0.6641,0.8,41,0.0606,0.1049,5,0.0309,162,1267,7.821,0.2778
EllisWeismer:21116,EllisWeismer:TD:66conv,data/curated/english_child_transcripts/EllisWeismer/download_2026-05-31/TD/66conv/21116.cha,EllisWeismer,TD,TD,female,eng,Built from labeled CHAT folder structure.,66.0,120,3.97,3.87,0.4714,489,9,0.075,0,0,0.0,0,0.0,0,20,0.1667,173,0,181,0.662,0,173,4.5461,0.6936,0.526,0.6667,12,0.0504,0.0083,11,0.05,120,547,4.5583,0.4022
EllisWeismer:21121,EllisWeismer:TD:66conv,data/curated/english_child_transcripts/EllisWeismer/download_2026-05-31/TD/66conv/21121.cha,EllisWeismer,TD,TD,female,eng,Built from labeled CHAT folder structure.,66.0,127,4.29,4.01,0.4571,510,0,0.0,0,0,0.0,0,0.0,0,47,0.3701,229,0,210,2.475,2,229,4.7725,0.5546,0.4585,0.7931,22,0.0586,0.0079,0,0.0157,127,547,4.3071,0.3985
EllisWeismer:21160,EllisWeismer:TD:66conv,data/curated/english_child_transcripts/EllisWeismer/download_2026-05-31/TD/66conv/21160.cha,EllisWeismer,TD,TD,female,eng,Built from labeled CHAT folder structure.,66.0,212,6.09,5.97,0.4429,1261,0,0.0,0,1,0.0047,1,0.0047,0,29,0.1368,146,0,200,3.917,2,146,5.2039,1.4521,0.6849,0.9118,36,0.0584,0.0189,0,0.033,212,1360,6.4151,0.289
EllisWeismer:21189,EllisWeismer:TD:66conv,data/curated/english_child_transcripts/EllisWeismer/download_2026-05-31/TD/66conv/21189.cha,EllisWeismer,TD,TD,male,eng,Built from labeled CHAT folder structure.,66.0,148,5.75,5.43,0.3914,793,11,0.0743,0,0,0.027,0,0.0,0,17,0.1149,140,0,171,0.844,0,140,4.8194,1.0571,0.6143,0.6491,27,0.0426,0.0,13,0.1284,148,888,6.0,0.268
EllisWeismer:21191,EllisWeismer:TD:66conv,data/curated/english_child_transcripts/EllisWeismer/download_2026-05-31/TD/66conv/21191.cha,EllisWeismer,TD,TD,female,eng,Built from labeled CHAT folder structure.,66.0,132,4.12,3.91,0.4743,556,2,0.0152,0,0,0.0,0,0.0,0,55,0.4167,234,0,198,1.187,1,234,5.0027,0.5641,0.4231,0.6667,35,0.0768,0.0152,2,0.0152,132,576,4.3636,0.4132
EllisWeismer:22093,EllisWeismer:TD:66conv,data/curated/english_child_transcripts/EllisWeismer/download_2026-05-31/TD/66conv/22093.cha,EllisWeismer,TD,TD,male,eng,Built from labeled CHAT folder structure.,66.0,119,5.26,4.86,0.4086,568,5,0.042,0,0,0.0,1,0.0084,0,17,0.1429,157,0,191,0.62,0,157,5.2935,0.758,0.6115,0.7091,34,0.0516,0.0084,5,0.0336,119,660,5.5462,0.2909
EllisWeismer:22102,EllisWeismer:TD:66conv,data/curated/english_child_transcripts/EllisWeismer/download_2026-05-31/TD/66conv/22102.cha,EllisWeismer,TD,TD,female,eng,Built from labeled CHAT folder structure.,66.0,119,4.73,4.39,0.48,519,0,0.0,0,0,0.0,2,0.0168,0,73,0.6134,167,0,168,1.283,0,167,5.6154,0.7126,0.503,0.814,25,0.0826,0.0252,0,0.0,119,548,4.605,0.427
EllisWeismer:22103,EllisWeismer:TD:66conv,data/curated/english_child_transcripts/EllisWeismer/download_2026-05-31/TD/66conv/22103.cha,EllisWeismer,TD,TD,male,eng,Built from labeled CHAT folder structure.,66.0,96,6.0,5.677,0.4514,544,2,0.0208,0,0,0.0,0,0.0,0,12,0.125,175,0,150,2.466,1,175,5.5572,0.5486,0.4286,0.5833,27,0.0744,0.0208,2,0.0104,96,602,6.2708,0.3688
EllisWeismer:22104,EllisWeismer:TD:66conv,data/curated/english_child_transcripts/EllisWeismer/download_2026-05-31/TD/66conv/22104.cha,EllisWeismer,TD,TD,male,eng,Built from labeled CHAT folder structure.,66.0,118,5.74,5.47,0.4171,641,11,0.0932,0,0,0.0678,0,0.0,0,11,0.0932,146,0,161,36.796,0,146,5.7917,0.8082,0.5548,0.6364,16,0.1018,0.0424,12,0.1356,118,696,5.8983,0.3204
EllisWeismer:22118,EllisWeismer:TD:66conv,data/curated/english_child_transcripts/EllisWeismer/download_2026-05-31/TD/66conv/22118.cha,EllisWeismer,TD,TD,male,eng,Built from labeled CHAT folder structure.,66.0,126,5.48,5.12,0.4257,571,1,0.0079,0,1,0.0079,1,0.0079,0,21,0.1667,190,0,191,4.318,1,190,4.9114,0.6632,0.5053,0.726,25,0.0722,0.0159,1,0.0397,126,602,4.7778,0.3704
EllisWeismer:22120,EllisWeismer:TD:66conv,data/curated/english_child_transcripts/EllisWeismer/download_2026-05-31/TD/66conv/22120.cha,EllisWeismer,TD,TD,male,eng,Built from labeled CHAT folder structure.,66.0,126,3.88,3.75,0.4514,476,1,0.0079,0,0,0.0079,0,0.0,0,13,0.1032,177,0,211,1.338,0,177,4.7789,0.7119,0.5989,0.7667,49,0.0635,0.0,1,0.0238,126,515,4.0873,0.3786
EllisWeismer:22128,EllisWeismer:TD:66conv,data/curated/english_child_transcripts/EllisWeismer/download_2026-05-31/TD/66conv/22128.cha,EllisWeismer,TD,TD,male,eng,Built from labeled CHAT folder structure.,66.0,219,3.5,3.33,0.4057,888,8,0.0365,0,0,0.0594,1,0.0046,0,18,0.0822,267,0,292,55.807,0,267,4.7572,0.8202,0.5468,0.7706,80,0.0756,0.0137,8,0.0502,219,977,4.4612,0.2549
EllisWeismer:22140,EllisWeismer:TD:66conv,data/curated/english_child_transcripts/EllisWeismer/download_2026-05-31/TD/66conv/22140.cha,EllisWeismer,TD,TD,male,eng,Built from labeled CHAT folder structure.,66.0,158,5.25,5.09,0.3914,795,0,0.0,0,1,0.0253,0,0.0,2,11,0.0696,208,0,213,15.772,0,208,5.0164,0.7596,0.5144,0.5952,28,0.0786,0.038,0,0.0316,158,893,5.6519,0.308
EllisWeismer:22141,EllisWeismer:TD:66conv,data/curated/english_child_transcripts/EllisWeismer/download_2026-05-31/TD/66conv/22141.cha,EllisWeismer,TD,TD,male,eng,Built from labeled CHAT folder structure.,66.0,101,2.86,2.81,0.4514,274,0,0.0,0,14,0.0,0,0.0,0,39,0.3861,208,0,165,1.034,0,208,4.3592,0.4856,0.399,0.5934,38,0.0617,0.0,0,0.0396,101,300,2.9703,0.4567
EllisWeismer:22148,EllisWeismer:TD:66conv,data/curated/english_child_transcripts/EllisWeismer/download_2026-05-31/TD/66conv/22148.cha,EllisWeismer,TD,TD,male,eng,Built from labeled CHAT folder structure.,66.0,191,4.61,4.4,0.4486,891,0,0.0,0,1,0.0105,0,0.0,0,23,0.1204,250,0,303,1.455,0,250,4.619,0.764,0.604,0.7789,60,0.0514,0.0105,0,0.0838,191,955,5.0,0.3236
Gillam:41702il-l,Gillam:STI:10f,data/curated/english_child_transcripts/Gillam/download_2026-06-01/SLI/10f/41702il-l.cha,Gillam,STI,STI,female,eng,Built from labeled CHAT folder structure.,122.0,44,7.886,7.682,0.4556,335,0,0.0,1,0,0.0227,0,0.0,0,0,0.0,2,0,2,0.0,0,2,8.3261,22.0,0.5,0.0,2,0.0072,0.0,0,0.0,44,379,8.6136,0.4406
Gillam:54459pa-l,Gillam:STI:10f,data/curated/english_child_transcripts/Gillam/download_2026-06-01/SLI/10f/54459pa-l.cha,Gillam,STI,STI,female,eng,Built from labeled CHAT folder structure.,130.0,41,6.951,6.805,0.4659,279,1,0.0244,0,0,0.0244,0,0.0,0,0,0.0,2,0,4,0.0,0,2,7.4419,20.5,1.0,1.0,4,0.0449,0.0,1,0.0,41,306,7.4634,0.4477
Gillam:54498pa-l,Gillam:STI:10f,data/curated/english_child_transcripts/Gillam/download_2026-06-01/SLI/10f/54498pa-l.cha,Gillam,STI,STI,female,eng,Built from labeled CHAT folder structure.,130.0,30,9.9,9.767,0.4471,293,0,0.0,0,0,0.0,0,0.0,0,0,0.0,0,0,0,0.0,0,0,10.5333,0.0,0.0,0.0,1,0.0,0.0,0,0.0,30,316,10.5333,0.4367
Gillam:54833ma-l,Gillam:STI:10f,data/curated/english_child_transcripts/Gillam/download_2026-06-01/SLI/10f/54833ma-l.cha,Gillam,STI,STI,female,eng,Built from labeled CHAT folder structure.,121.0,13,5.692,5.538,0.5694,72,1,0.0769,0,0,0.0,0,0.0,0,0,0.0,5,0,5,0.0,0,5,4.7222,2.6,0.4,0.5,1,0.0406,0.0,1,0.0,13,76,5.8462,0.5658
Gillam:54942co-l,Gillam:STI:10f,data/curated/english_child_transcripts/Gillam/download_2026-06-01/SLI/10f/54942co-l.cha,Gillam,STI,STI,female,eng,Built from labeled CHAT folder structure.,128.0,35,8.429,8.057,0.5319,282,2,0.0571,0,0,0.0286,0,0.0,0,0,0.0,3,0,4,0.0,0,3,8.1316,11.6667,0.6667,1.0,4,0.0054,0.0,2,0.0286,35,298,8.5143,0.5201
Gillam:55638co-l,Gillam:STI:10f,data/curated/english_child_transcripts/Gillam/download_2026-06-01/SLI/10f/55638co-l.cha,Gillam,STI,STI,female,eng,Built from labeled CHAT folder structure.,126.0,44,9.75,9.523,0.4086,419,0,0.0,0,0,0.0455,0,0.0,0,0,0.0,2,0,4,0.0,0,2,10.4348,22.0,1.0,0.0,8,0.0128,0.0,0,0.0,44,470,10.6818,0.3574
Gillam:55713tx-l,Gillam:STI:10f,data/curated/english_child_transcripts/Gillam/download_2026-06-01/SLI/10f/55713tx-l.cha,Gillam,STI,STI,female,eng,Built from labeled CHAT folder structure.,126.0,31,7.677,7.645,0.4515,235,2,0.0645,0,0,0.0645,0,0.0,0,0,0.0,3,0,4,0.0,0,3,8.4706,10.3333,0.6667,1.0,4,0.0639,0.0,2,0.0,31,263,8.4839,0.4068
Gillam:55718tx-l,Gillam:STI:10f,data/curated/english_child_transcripts/Gillam/download_2026-06-01/SLI/10f/55718tx-l.cha,Gillam,STI,STI,female,eng,Built from labeled CHAT folder structure.,120.0,30,5.8,5.7,0.5146,171,0,0.0,0,0,0.0,0,0.0,0,0,0.0,3,0,6,0.0,0,3,7.6061,10.0,1.0,1.0,12,0.012,0.0,0,0.1333,30,236,7.8667,0.428
Gillam:46768nj-l,Gillam:STI:10m,data/curated/english_child_transcripts/Gillam/download_2026-06-01/SLI/10m/46768nj-l.cha,Gillam,STI,STI,male,eng,Built from labeled CHAT folder structure.,120.0,58,9.069,8.759,0.4943,502,2,0.0345,0,0,0.0345,0,0.0,0,0,0.0,5,0,7,0.0,0,5,8.8413,11.6,0.6,0.0,1,0.0033,0.0,2,0.0172,58,547,9.431,0.4406
Gillam:48557va-l,Gillam:STI:10m,data/curated/english_child_transcripts/Gillam/download_2026-06-01/SLI/10m/48557va-l.cha,Gillam,STI,STI,male,eng,Built from labeled CHAT folder structure.,125.0,34,7.941,7.824,0.4135,266,0,0.0,0,0,0.0,0,0.0,0,0,0.0,2,0,4,0.0,0,2,8.6111,17.0,1.0,1.0,1,0.1194,0.0,0,0.0882,34,297,8.7353,0.3973
Gillam:54458pa-l,Gillam:STI:10m,data/curated/english_child_transcripts/Gillam/download_2026-06-01/SLI/10m/54458pa-l.cha,Gillam,STI,STI,male,eng,Built from labeled CHAT folder structure.,121.0,18,6.611,6.556,0.5254,118,0,0.0,0,0,0.0,0,0.0,0,0,0.0,2,0,4,0.0,0,2,7.35,9.0,1.0,1.0,1,0.0212,0.0,0,0.0556,18,131,7.2778,0.5267
Gillam:54500pa-l,Gillam:STI:10m,data/curated/english_child_transcripts/Gillam/download_2026-06-01/SLI/10m/54500pa-l.cha,Gillam,STI,STI,male,eng,Built from labeled CHAT folder structure.,121.0,88,9.227,8.795,0.4314,767,0,0.0,0,0,0.0114,0,0.0,0,0,0.0,0,0,0,0.0,0,0,10.1591,0.0,0.0,0.0,18,0.0,0.0,0,0.0114,88,894,10.1591,0.3065
Gillam:54503pa-l,Gillam:STI:10m,data/curated/english_child_transcripts/Gillam/download_2026-06-01/SLI/10m/54503pa-l.cha,Gillam,STI,STI,male,eng,Built from labeled CHAT folder structure.,120.0,23,8.043,7.913,0.522,182,1,0.0435,0,0,0.0,0,0.0,0,0,0.0,1,0,2,0.0,0,1,8.0,23.0,1.0,0.0,5,0.0043,0.0,1,0.0,23,190,8.2609,0.5105
Gillam:54506pa-l,Gillam:STI:10m,data/curated/english_child_transcripts/Gillam/download_2026-06-01/SLI/10m/54506pa-l.cha,Gillam,STI,STI,male,eng,Built from labeled CHAT folder structure.,123.0,38,9.868,9.605,0.4457,360,0,0.0,0,0,0.0526,0,0.0,0,0,0.0,0,0,0,0.0,0,0,11.4737,0.0,0.0,0.0,0,0.0,0.0,0,0.0,38,436,11.4737,0.3991
Gillam:54937co-l,Gillam:STI:10m,data/curated/english_child_transcripts/Gillam/download_2026-06-01/SLI/10m/54937co-l.cha,Gillam,STI,STI,male,eng,Built from labeled CHAT folder structure.,129.0,44,9.045,8.795,0.4314,387,7,0.1591,0,0,0.0455,0,0.0,0,0,0.0,0,0,0,0.0,0,0,10.7727,0.0,0.0,0.0,7,0.0,0.0,8,0.0,44,474,10.7727,0.3671
Gillam:55640co-l,Gillam:STI:10m,data/curated/english_child_transcripts/Gillam/download_2026-06-01/SLI/10m/55640co-l.cha,Gillam,STI,STI,male,eng,Built from labeled CHAT folder structure.,122.0,21,8.762,8.571,0.4833,180,0,0.0,0,0,0.0476,0,0.0,0,0,0.0,1,0,2,0.0,0,1,9.9091,21.0,1.0,1.0,12,0.0,0.0,0,0.0,21,215,10.2381,0.4326
Gillam:55642co-l,Gillam:STI:10m,data/curated/english_child_transcripts/Gillam/download_2026-06-01/SLI/10m/55642co-l.cha,Gillam,STI,STI,male,eng,Built from labeled CHAT folder structure.,122.0,46,6.696,6.522,0.5233,300,0,0.0,0,0,0.0435,0,0.0,0,0,0.0,3,0,6,0.0,0,3,7.5714,15.3333,1.0,0.0,5,0.032,0.0435,0,0.0435,46,357,7.7609,0.493
Gillam:55645co-l,Gillam:STI:10m,data/curated/english_child_transcripts/Gillam/download_2026-06-01/SLI/10m/55645co-l.cha,Gillam,STI,STI,male,eng,Built from labeled CHAT folder structure.,122.0,79,8.127,7.975,0.4143,630,0,0.0,0,0,0.038,0,0.0,0,0,0.0,4,0,4,0.0,0,4,9.2771,19.75,0.5,1.0,11,0.0571,0.0,0,0.0253,79,741,9.3797,0.3144
Gillam:55646co-l,Gillam:STI:10m,data/curated/english_child_transcripts/Gillam/download_2026-06-01/SLI/10m/55646co-l.cha,Gillam,STI,STI,male,eng,Built from labeled CHAT folder structure.,125.0,42,6.833,6.643,0.5161,277,0,0.0,0,0,0.0952,0,0.0,0,0,0.0,16,0,25,0.0,0,16,6.2241,2.625,0.75,0.6667,6,0.0514,0.0,0,0.0,42,310,7.381,0.4968
Gillam:55650co-l,Gillam:STI:10m,data/curated/english_child_transcripts/Gillam/download_2026-06-01/SLI/10m/55650co-l.cha,Gillam,STI,STI,male,eng,Built from labeled CHAT folder structure.,127.0,64,6.281,6.109,0.46,391,0,0.0,0,0,0.0156,0,0.0,0,0,0.0,10,0,18,0.0,0,10,6.4459,6.4,0.9,1.0,4,0.0539,0.0,0,0.1094,64,440,6.875,0.4159
Gillam:55736fl,Gillam:STI:10m,data/curated/english_child_transcripts/Gillam/download_2026-06-01/SLI/10m/55736fl.cha,Gillam,STI,STI,male,eng,Built from labeled CHAT folder structure.,123.0,34,6.529,6.324,0.4698,215,0,0.0,0,0,0.0,0,0.0,0,0,0.0,3,0,4,0.0,0,3,6.7027,11.3333,0.6667,1.0,5,0.0018,0.0,0,0.0588,34,233,6.8529,0.4378
Gillam:54941co-l,Gillam:STI:11m,data/curated/english_child_transcripts/Gillam/download_2026-06-01/SLI/11m/54941co-l.cha,Gillam,STI,STI,male,eng,Built from labeled CHAT folder structure.,138.0,47,7.617,7.468,0.4314,351,1,0.0213,0,0,0.0213,1,0.0213,0,0,0.0,3,0,4,0.0,0,3,8.12,15.6667,0.6667,0.0,5,0.0,0.0,1,0.0,47,399,8.4894,0.396
Gillam:55694il-l,Gillam:STI:5f,data/curated/english_child_transcripts/Gillam/download_2026-06-01/SLI/5f/55694il-l.cha,Gillam,STI,STI,female,eng,Built from labeled CHAT folder structure.,65.0,29,3.724,3.483,0.5248,101,1,0.0345,0,0,0.1034,0,0.0,0,0,0.0,17,0,30,0.0,0,17,3.6739,1.7059,0.8824,1.0,11,0.0038,0.0,1,0.1379,29,126,4.3448,0.4841
Gillam:55697il-l,Gillam:STI:5f,data/curated/english_child_transcripts/Gillam/download_2026-06-01/SLI/5f/55697il-l.cha,Gillam,STI,STI,female,eng,Built from labeled CHAT folder structure.,71.0,24,5.083,4.708,0.5664,113,1,0.0417,0,0,0.0417,1,0.0417,0,0,0.0,20,0,24,0.0,0,20,4.8636,1.2,0.6,0.8333,4,0.0348,0.0,1,0.0833,24,133,5.5417,0.5414
Gillam:55720tx-l,Gillam:STI:5f,data/curated/english_child_transcripts/Gillam/download_2026-06-01/SLI/5f/55720tx-l.cha,Gillam,STI,STI,female,eng,Built from labeled CHAT folder structure.,64.0,19,5.947,5.632,0.5421,107,0,0.0,0,0,0.0,0,0.0,0,0,0.0,9,0,16,0.0,0,9,5.6071,2.1111,0.8889,0.75,10,0.0301,0.0,0,0.0,19,127,6.6842,0.4961
Gillam:55740fl-l,Gillam:STI:5f,data/curated/english_child_transcripts/Gillam/download_2026-06-01/SLI/5f/55740fl-l.cha,Gillam,STI,STI,female,eng,Built from labeled CHAT folder structure.,62.0,31,2.355,2.194,0.6765,66,3,0.0968,0,0,0.0,0,0.0,0,0,0.0,24,0,30,0.0,0,24,3.2364,1.2917,0.625,0.6429,6,0.0402,0.0,7,0.0645,31,67,2.1613,0.6716
Gillam:a-1-68pre,Gillam:STI:5f,data/curated/english_child_transcripts/Gillam/download_2026-06-01/SLI/5f/a-1-68pre.cha,Gillam,STI,STI,female,eng,Built from labeled CHAT folder structure.,70.0,26,5.423,5.231,0.5588,136,0,0.0,0,0,0.0385,1,0.0385,0,0,0.0,3,0,6,0.0,0,3,6.7931,8.6667,1.0,1.0,4,0.0721,0.0769,0,0.0769,26,164,6.3077,0.4878
Gillam:54946co-l,Gillam:STI:5m,data/curated/english_child_transcripts/Gillam/download_2026-06-01/SLI/5m/54946co-l.cha,Gillam,STI,STI,male,eng,Built from labeled CHAT folder structure.,65.0,33,2.909,2.879,0.5368,91,4,0.1212,0,0,0.0303,1,0.0303,0,0,0.0,27,0,42,0.0,0,27,3.5167,1.2222,0.7778,0.8235,6,0.085,0.0,4,0.0,33,93,2.8182,0.5484
Gillam:a-1-01pre,Gillam:STI:5m,data/curated/english_child_transcripts/Gillam/download_2026-06-01/SLI/5m/a-1-01pre.cha,Gillam,STI,STI,male,eng,Built from labeled CHAT folder structure.,70.0,18,3.0,2.944,0.4717,53,0,0.0,0,0,0.0,1,0.0556,0,0,0.0,19,0,22,0.0,0,19,3.9189,0.9474,0.5789,0.6667,1,0.1903,0.0,0,0.1111,18,65,3.6111,0.4462
Gillam:a-1-20pre,Gillam:STI:5m,data/curated/english_child_transcripts/Gillam/download_2026-06-01/SLI/5m/a-1-20pre.cha,Gillam,STI,STI,male,eng,Built from labeled CHAT folder structure.,68.0,21,6.524,5.905,0.5323,124,0,0.0,0,0,0.0,1,0.0476,0,0,0.0,2,0,4,0.0,0,2,6.8696,10.5,1.0,1.0,4,0.0119,0.0476,0,0.0,21,145,6.9048,0.4966
Gillam:54917co-l,Gillam:STI:6f,data/curated/english_child_transcripts/Gillam/download_2026-06-01/SLI/6f/54917co-l.cha,Gillam,STI,STI,female,eng,Built from labeled CHAT folder structure.,72.0,18,6.667,5.944,0.486,107,2,0.1111,0,0,0.0,0,0.0,0,0,0.0,2,0,4,0.0,0,2,6.45,9.0,1.0,1.0,2,0.0919,0.0,5,0.0,18,112,6.2222,0.4821
Gillam:57222ks-l,Gillam:STI:6f,data/curated/english_child_transcripts/Gillam/download_2026-06-01/SLI/6f/57222ks-l.cha,Gillam,STI,STI,female,eng,Built from labeled CHAT folder structure.,73.0,20,3.45,3.35,0.6119,62,1,0.05,0,0,0.05,1,0.05,0,0,0.0,27,0,32,0.0,0,27,3.6596,0.7407,0.5926,0.7273,2,0.0557,0.0,1,0.0,20,62,3.1,0.629
Gillam:57235ks-l,Gillam:STI:6f,data/curated/english_child_transcripts/Gillam/download_2026-06-01/SLI/6f/57235ks-l.cha,Gillam,STI,STI,female,eng,Built from labeled CHAT folder structure.,80.0,23,8.391,8.304,0.4555,191,1,0.0435,0,0,0.0,0,0.0,0,0,0.0,3,0,4,0.0,0,3,10.6923,7.6667,0.6667,0.6667,5,0.1394,0.0,1,0.0,23,244,10.6087,0.3852
Gillam:57237ks-l,Gillam:STI:6f,data/curated/english_child_transcripts/Gillam/download_2026-06-01/SLI/6f/57237ks-l.cha,Gillam,STI,STI,female,eng,Built from labeled CHAT folder structure.,83.0,40,5.875,5.525,0.4796,221,0,0.0,0,0,0.1,0,0.0,0,0,0.0,13,0,23,0.0,0,13,5.8302,3.0769,0.9231,1.0,4,0.0694,0.0,0,0.025,40,259,6.475,0.4363
Gillam:a-1-13pre,Gillam:STI:6f,data/curated/english_child_transcripts/Gillam/download_2026-06-01/SLI/6f/a-1-13pre.cha,Gillam,STI,STI,female,eng,Built from labeled CHAT folder structure.,79.0,21,3.619,3.429,0.6389,72,0,0.0,0,0,0.0,0,0.0,0,0,0.0,18,0,26,0.0,0,18,3.2564,1.1667,0.7222,0.5,0,0.0504,0.0,0,0.0952,21,79,3.7619,0.6076
Gillam:a-1-25pre,Gillam:STI:6f,data/curated/english_child_transcripts/Gillam/download_2026-06-01/SLI/6f/a-1-25pre.cha,Gillam,STI,STI,female,eng,Built from labeled CHAT folder structure.,80.0,25,5.92,5.64,0.5319,141,0,0.0,0,0,0.0,0,0.0,0,0,0.0,1,0,2,0.0,0,1,6.2692,25.0,1.0,0.0,2,0.0,0.0,0,0.04,25,159,6.36,0.4969
Gillam:a-1-50pre,Gillam:STI:6f,data/curated/english_child_transcripts/Gillam/download_2026-06-01/SLI/6f/a-1-50pre.cha,Gillam,STI,STI,female,eng,Built from labeled CHAT folder structure.,77.0,16,5.0,4.75,0.6053,76,0,0.0,0,0,0.0,0,0.0,0,0,0.0,1,0,2,0.0,0,1,6.1765,16.0,1.0,1.0,0,0.0,0.0,0,0.0,16,94,5.875,0.5851
Gillam:a-1-68,Gillam:STI:6f,data/curated/english_child_transcripts/Gillam/download_2026-06-01/SLI/6f/a-1-68.cha,Gillam,STI,STI,female,eng,Built from labeled CHAT folder structure.,75.0,17,6.294,6.0,0.549,102,0,0.0,0,0,0.0,0,0.0,0,0,0.0,3,0,5,0.0,0,3,6.9,5.6667,0.6667,1.0,0,0.112,0.0,0,0.0,17,115,6.7647,0.5304
Gillam:a-2-07pre,Gillam:STI:6f,data/curated/english_child_transcripts/Gillam/download_2026-06-01/SLI/6f/a-2-07pre.cha,Gillam,STI,STI,female,eng,Built from labeled CHAT folder structure.,78.0,12,6.5,6.167,0.473,74,0,0.0,0,0,0.0,0,0.0,0,0,0.0,0,0,0,0.0,0,0,6.75,0.0,0.0,0.0,1,0.0,0.0,0,0.25,12,81,6.75,0.4815
Gillam:a-2-09pre,Gillam:STI:6f,data/curated/english_child_transcripts/Gillam/download_2026-06-01/SLI/6f/a-2-09pre.cha,Gillam,STI,STI,female,eng,Built from labeled CHAT folder structure.,82.0,20,7.3,7.25,0.5379,144,1,0.05,0,0,0.0,0,0.0,0,0,0.0,4,0,4,0.0,0,4,7.3333,5.0,0.5,1.0,1,0.1448,0.0,1,0.05,20,157,7.85,0.5032
Gillam:a-2-29pre,Gillam:STI:6f,data/curated/english_child_transcripts/Gillam/download_2026-06-01/SLI/6f/a-2-29pre.cha,Gillam,STI,STI,female,eng,Built from labeled CHAT folder structure.,79.0,19,6.211,5.895,0.6161,112,0,0.0,0,0,0.0,0,0.0,0,0,0.0,1,0,2,0.0,0,1,7.7,19.0,1.0,1.0,3,0.0786,0.0,0,0.0526,19,143,7.5263,0.5315
Gillam:a-2-61pre,Gillam:STI:6f,data/curated/english_child_transcripts/Gillam/download_2026-06-01/SLI/6f/a-2-61pre.cha,Gillam,STI,STI,female,eng,Built from labeled CHAT folder structure.,74.0,64,5.0,4.891,0.3578,313,3,0.0469,0,0,0.0,1,0.0156,1,0,0.0,7,0,12,0.0,0,7,6.3521,9.1429,0.8571,1.0,16,0.0416,0.0156,4,0.1094,64,417,6.5156,0.3022
Gillam:a-3-12pre,Gillam:STI:6f,data/curated/english_child_transcripts/Gillam/download_2026-06-01/SLI/6f/a-3-12pre.cha,Gillam,STI,STI,female,eng,Built from labeled CHAT folder structure.,81.0,22,8.455,8.409,0.4216,185,0,0.0,0,0,0.0,0,0.0,0,0,0.0,3,0,4,0.0,0,3,11.48,7.3333,0.6667,1.0,19,0.022,0.0,0,0.0909,22,261,11.8636,0.3487
Gillam:a-3-54pre,Gillam:STI:6f,data/curated/english_child_transcripts/Gillam/download_2026-06-01/SLI/6f/a-3-54pre.cha,Gillam,STI,STI,female,eng,Built from labeled CHAT folder structure.,82.0,24,6.75,6.667,0.5375,160,0,0.0,0,0,0.0417,0,0.0,0,0,0.0,2,0,3,0.0,0,2,7.5,12.0,1.0,1.0,2,0.0906,0.0,0,0.0833,24,179,7.4583,0.4972
Gillam:54916co-l,Gillam:STI:6m,data/curated/english_child_transcripts/Gillam/download_2026-06-01/SLI/6m/54916co-l.cha,Gillam,STI,STI,male,eng,Built from labeled CHAT folder structure.,79.0,35,6.0,5.971,0.445,209,0,0.0,0,0,0.0571,0,0.0,0,0,0.0,4,0,8,0.0,0,4,6.7436,8.75,1.0,1.0,9,0.0214,0.0,0,0.0857,35,249,7.1143,0.3936
Gillam:54925co-l,Gillam:STI:6m,data/curated/english_child_transcripts/Gillam/download_2026-06-01/SLI/6m/54925co-l.cha,Gillam,STI,STI,male,eng,Built from labeled CHAT folder structure.,77.0,33,6.788,6.545,0.537,215,1,0.0303,0,0,0.0303,0,0.0,0,0,0.0,12,0,20,0.0,0,12,6.5333,2.75,0.8333,1.0,3,0.0966,0.0,1,0.0303,33,233,7.0606,0.5107
Gillam:55692il-l,Gillam:STI:6m,data/curated/english_child_transcripts/Gillam/download_2026-06-01/SLI/6m/55692il-l.cha,Gillam,STI,STI,male,eng,Built from labeled CHAT folder structure.,73.0,15,4.267,4.267,0.5938,63,1,0.0667,0,0,0.0667,0,0.0,0,0,0.0,14,0,18,0.0,0,14,3.8621,1.0714,0.6429,1.0,2,0.059,0.0,1,0.0667,15,70,4.6667,0.6
Gillam:55696il-l,Gillam:STI:6m,data/curated/english_child_transcripts/Gillam/download_2026-06-01/SLI/6m/55696il-l.cha,Gillam,STI,STI,male,eng,Built from labeled CHAT folder structure.,71.0,15,6.533,6.133,0.6196,92,0,0.0,0,0,0.0,0,0.0,0,0,0.0,10,0,18,0.0,0,10,4.68,1.5,0.9,1.0,1,0.0,0.0,0,0.0,15,96,6.4,0.625
Gillam:a-1-08,Gillam:STI:6m,data/curated/english_child_transcripts/Gillam/download_2026-06-01/SLI/6m/a-1-08.cha,Gillam,STI,STI,male,eng,Built from labeled CHAT folder structure.,75.0,63,4.206,4.016,0.4506,250,0,0.0,1,0,0.0,0,0.0,0,0,0.0,63,0,88,0.0,0,63,4.5397,1.0,0.6984,0.9,17,0.0636,0.0,0,0.0635,63,301,4.7778,0.4252
Gillam:a-1-09,Gillam:STI:6m,data/curated/english_child_transcripts/Gillam/download_2026-06-01/SLI/6m/a-1-09.cha,Gillam,STI,STI,male,eng,Built from labeled CHAT folder structure.,74.0,33,3.788,3.485,0.5391,115,0,0.0,0,0,0.0303,1,0.0303,0,0,0.0,28,0,50,0.0,0,28,3.4754,1.1786,0.8929,1.0,5,0.0446,0.0,0,0.0303,33,123,3.7273,0.5366
Gillam:a-1-12,Gillam:STI:6m,data/curated/english_child_transcripts/Gillam/download_2026-06-01/SLI/6m/a-1-12.cha,Gillam,STI,STI,male,eng,Built from labeled CHAT folder structure.,81.0,17,4.588,4.412,0.56,75,0,0.0,0,0,0.0,0,0.0,0,0,0.0,7,0,9,0.0,0,7,5.2917,2.4286,0.7143,1.0,0,0.0183,0.0,0,0.0588,17,90,5.2941,0.5111
Gillam:a-1-33,Gillam:STI:6m,data/curated/english_child_transcripts/Gillam/download_2026-06-01/SLI/6m/a-1-33.cha,Gillam,STI,STI,male,eng,Built from labeled CHAT folder structure.,77.0,34,5.059,4.971,0.4438,169,0,0.0,0,0,0.0588,0,0.0,0,0,0.0,1,0,2,0.0,0,1,5.9714,34.0,1.0,0.0,8,0.0,0.0,0,0.0588,34,208,6.1176,0.3894
Gillam:a-1-36,Gillam:STI:6m,data/curated/english_child_transcripts/Gillam/download_2026-06-01/SLI/6m/a-1-36.cha,Gillam,STI,STI,male,eng,Built from labeled CHAT folder structure.,83.0,35,5.343,5.2,0.511,182,0,0.0,0,0,0.0,1,0.0286,0,0,0.0,0,0,0,0.0,0,0,8.1714,0.0,0.0,0.0,22,0.0,0.0,0,0.0,35,286,8.1714,0.3497
Gillam:a-1-42,Gillam:STI:6m,data/curated/english_child_transcripts/Gillam/download_2026-06-01/SLI/6m/a-1-42.cha,Gillam,STI,STI,male,eng,Built from labeled CHAT folder structure.,81.0,9,4.889,4.778,0.6512,43,0,0.0,0,0,0.0,0,0.0,0,0,0.0,3,0,3,0.0,0,3,6.0833,3.0,0.3333,0.5,0,0.0656,0.0,0,0.2222,9,44,4.8889,0.6591
Gillam:a-2-03,Gillam:STI:6m,data/curated/english_child_transcripts/Gillam/download_2026-06-01/SLI/6m/a-2-03.cha,Gillam,STI,STI,male,eng,Built from labeled CHAT folder structure.,83.0,22,4.773,4.545,0.52,100,0,0.0,0,1,0.0,0,0.0,0,0,0.0,7,0,11,0.0,0,7,5.7586,3.1429,0.8571,1.0,4,0.0396,0.0,0,0.0909,22,121,5.5,0.5207
Gillam:a-2-04,Gillam:STI:6m,data/curated/english_child_transcripts/Gillam/download_2026-06-01/SLI/6m/a-2-04.cha,Gillam,STI,STI,male,eng,Built from labeled CHAT folder structure.,83.0,13,5.462,5.0,0.6308,65,0,0.0,0,1,0.0,2,0.1538,0,0,0.0,7,0,8,0.0,0,7,6.1,1.8571,0.5714,0.75,2,0.0301,0.0,0,0.0,13,82,6.3077,0.5732
Gillam:a-2-13,Gillam:STI:6m,data/curated/english_child_transcripts/Gillam/download_2026-06-01/SLI/6m/a-2-13.cha,Gillam,STI,STI,male,eng,Built from labeled CHAT folder structure.,82.0,28,6.679,6.536,0.5519,183,0,0.0,0,0,0.0,0,0.0,0,0,0.0,0,0,0,0.0,0,0,7.5714,0.0,0.0,0.0,9,0.0,0.0,0,0.1071,28,212,7.5714,0.5472
Gillam:a-2-20,Gillam:STI:6m,data/curated/english_child_transcripts/Gillam/download_2026-06-01/SLI/6m/a-2-20.cha,Gillam,STI,STI,male,eng,Built from labeled CHAT folder structure.,81.0,22,5.955,5.773,0.6378,127,2,0.0909,0,0,0.0,0,0.0,0,0,0.0,4,0,4,0.0,0,4,6.8077,5.5,0.5,1.0,3,0.0487,0.0,2,0.0909,22,154,7.0,0.5714
Gillam:a-2-33,Gillam:STI:6m,data/curated/english_child_transcripts/Gillam/download_2026-06-01/SLI/6m/a-2-33.cha,Gillam,STI,STI,male,eng,Built from labeled CHAT folder structure.,75.0,32,5.5,5.469,0.4457,175,0,0.0,0,0,0.0,1,0.0312,0,0,0.0,9,0,12,0.0,0,9,5.6098,3.5556,0.6667,0.75,2,0.111,0.0,0,0.0625,32,179,5.5938,0.4525
Gillam:a-2-67,Gillam:STI:6m,data/curated/english_child_transcripts/Gillam/download_2026-06-01/SLI/6m/a-2-67.cha,Gillam,STI,STI,male,eng,Built from labeled CHAT folder structure.,82.0,28,5.607,5.5,0.5325,154,0,0.0,0,0,0.0,0,0.0,0,0,0.0,4,0,8,0.0,0,4,5.9062,7.0,1.0,1.0,2,0.0203,0.0,0,0.1429,28,178,6.3571,0.5169
Gillam:a-3-01,Gillam:STI:6m,data/curated/english_child_transcripts/Gillam/download_2026-06-01/SLI/6m/a-3-01.cha,Gillam,STI,STI,male,eng,Built from labeled CHAT folder structure.,72.0,16,4.25,3.562,0.4035,57,0,0.0,0,0,0.0,4,0.25,0,0,0.0,15,0,20,0.0,0,15,5.6452,1.0667,0.6667,1.0,9,0.0773,0.0,0,0.125,16,61,3.8125,0.377
Gillam:a-3-06,Gillam:STI:6m,data/curated/english_child_transcripts/Gillam/download_2026-06-01/SLI/6m/a-3-06.cha,Gillam,STI,STI,male,eng,Built from labeled CHAT folder structure.,79.0,36,7.472,7.222,0.45,260,0,0.0,0,0,0.0278,0,0.0,0,0,0.0,3,0,5,0.0,0,3,9.1538,12.0,1.0,1.0,17,0.068,0.0,0,0.0556,36,341,9.4722,0.3959
Gillam:a-3-29,Gillam:STI:6m,data/curated/english_child_transcripts/Gillam/download_2026-06-01/SLI/6m/a-3-29.cha,Gillam,STI,STI,male,eng,Built from labeled CHAT folder structure.,75.0,22,4.773,4.682,0.5534,103,0,0.0,0,0,0.0455,0,0.0,0,0,0.0,5,0,8,0.0,0,5,5.5185,4.4,0.8,0.75,5,0.0315,0.0,0,0.0455,22,120,5.4545,0.5
Gillam:a-3-62,Gillam:STI:6m,data/curated/english_child_transcripts/Gillam/download_2026-06-01/SLI/6m/a-3-62.cha,Gillam,STI,STI,male,eng,Built from labeled CHAT folder structure.,75.0,46,7.174,6.891,0.4196,317,0,0.0,0,1,0.0435,0,0.0,0,0,0.0,12,0,16,0.0,0,12,8.3966,3.8333,0.6667,1.0,10,0.0786,0.0,0,0.0217,46,413,8.9783,0.3462
Gillam:46918ca-l,Gillam:STI:7f,data/curated/english_child_transcripts/Gillam/download_2026-06-01/SLI/7f/46918ca-l.cha,Gillam,STI,STI,female,eng,Built from labeled CHAT folder structure.,91.0,29,6.172,5.897,0.5263,171,0,0.0,0,0,0.0,1,0.0345,0,0,0.0,0,0,0,0.0,0,0,6.6552,0.0,0.0,0.0,5,0.0,0.0,0,0.0,29,193,6.6552,0.487
Gillam:54918co-l,Gillam:STI:7f,data/curated/english_child_transcripts/Gillam/download_2026-06-01/SLI/7f/54918co-l.cha,Gillam,STI,STI,female,eng,Built from labeled CHAT folder structure.,91.0,28,6.286,6.0,0.5357,168,0,0.0,0,0,0.0,1,0.0357,0,0,0.0,0,0,0,0.0,0,0,6.8929,0.0,0.0,0.0,5,0.0,0.0,0,0.0357,28,193,6.8929,0.487
Gillam:55699il-l,Gillam:STI:7f,data/curated/english_child_transcripts/Gillam/download_2026-06-01/SLI/7f/55699il-l.cha,Gillam,STI,STI,female,eng,Built from labeled CHAT folder structure.,95.0,44,6.205,6.023,0.4528,265,0,0.0,0,0,0.0,1,0.0227,0,0,0.0,18,0,25,0.0,0,18,6.1129,2.4444,0.7222,0.6667,3,0.1173,0.0,0,0.1136,44,302,6.8636,0.4371
Gillam:a-1-54,Gillam:STI:7f,data/curated/english_child_transcripts/Gillam/download_2026-06-01/SLI/7f/a-1-54.cha,Gillam,STI,STI,female,eng,Built from labeled CHAT folder structure.,91.0,29,5.448,5.31,0.5195,154,0,0.0,0,0,0.0345,0,0.0,0,0,0.0,2,0,2,0.0,0,2,6.7419,14.5,0.5,1.0,5,0.1337,0.0,0,0.1034,29,197,6.7931,0.4619
Gillam:a-2-10,Gillam:STI:7f,data/curated/english_child_transcripts/Gillam/download_2026-06-01/SLI/7f/a-2-10.cha,Gillam,STI,STI,female,eng,Built from labeled CHAT folder structure.,92.0,34,7.618,7.441,0.4308,252,1,0.0294,0,0,0.0588,0,0.0,0,0,0.0,1,0,2,0.0,0,1,7.8857,34.0,1.0,0.0,0,0.0,0.0,1,0.0294,34,274,8.0588,0.4234
Gillam:a-2-12,Gillam:STI:7f,data/curated/english_child_transcripts/Gillam/download_2026-06-01/SLI/7f/a-2-12.cha,Gillam,STI,STI,female,eng,Built from labeled CHAT folder structure.,94.0,38,6.579,6.368,0.5041,240,0,0.0,1,2,0.0263,0,0.0,0,0,0.0,11,0,16,0.0,0,11,6.4694,3.4545,0.7273,0.0,4,0.0093,0.0,0,0.1053,38,291,7.6579,0.4536
Gillam:a-2-16,Gillam:STI:7f,data/curated/english_child_transcripts/Gillam/download_2026-06-01/SLI/7f/a-2-16.cha,Gillam,STI,STI,female,eng,Built from labeled CHAT folder structure.,87.0,52,5.288,4.962,0.4922,258,0,0.0,0,1,0.0385,0,0.0,1,0,0.0,5,0,8,0.0,0,5,5.3509,10.4,0.8,0.0,6,0.0096,0.0192,0,0.1154,52,293,5.6346,0.4676
Gillam:a-2-19,Gillam:STI:7f,data/curated/english_child_transcripts/Gillam/download_2026-06-01/SLI/7f/a-2-19.cha,Gillam,STI,STI,female,eng,Built from labeled CHAT folder structure.,85.0,37,4.757,4.676,0.4913,173,0,0.0,0,0,0.027,0,0.0,0,0,0.0,2,0,4,0.0,0,2,5.9231,18.5,1.0,0.0,7,0.1101,0.0,0,0.0811,37,224,6.0541,0.4107
Gillam:a-2-25,Gillam:STI:7f,data/curated/english_child_transcripts/Gillam/download_2026-06-01/SLI/7f/a-2-25.cha,Gillam,STI,STI,female,eng,Built from labeled CHAT folder structure.,93.0,26,7.538,7.308,0.5526,190,1,0.0385,0,0,0.0,0,0.0,0,0,0.0,0,0,0,0.0,0,0,8.2692,0.0,0.0,0.0,1,0.0,0.0,1,0.0,26,215,8.2692,0.5163
Gillam:a-2-28,Gillam:STI:7f,data/curated/english_child_transcripts/Gillam/download_2026-06-01/SLI/7f/a-2-28.cha,Gillam,STI,STI,female,eng,Built from labeled CHAT folder structure.,93.0,19,6.211,6.0,0.6316,114,0,0.0,0,0,0.0,0,0.0,0,0,0.0,3,0,5,0.0,0,3,6.7727,6.3333,1.0,1.0,3,0.0898,0.0,0,0.0,19,130,6.8421,0.5692
Gillam:a-2-37,Gillam:STI:7f,data/curated/english_child_transcripts/Gillam/download_2026-06-01/SLI/7f/a-2-37.cha,Gillam,STI,STI,female,eng,Built from labeled CHAT folder structure.,94.0,14,5.5,5.571,0.7308,77,0,0.0,1,0,0.0,0,0.0,0,0,0.0,2,0,4,0.0,0,2,6.0625,7.0,1.0,1.0,0,0.0771,0.0,0,0.0,14,85,6.0714,0.6824
Gillam:a-3-02,Gillam:STI:7f,data/curated/english_child_transcripts/Gillam/download_2026-06-01/SLI/7f/a-3-02.cha,Gillam,STI,STI,female,eng,Built from labeled CHAT folder structure.,84.0,22,4.818,4.636,0.5588,101,0,0.0,1,1,0.0,1,0.0455,0,0,0.0,2,0,4,0.0,0,2,5.3333,11.0,1.0,1.0,2,0.1183,0.0,0,0.1364,22,114,5.1818,0.5351
Gillam:a-3-08,Gillam:STI:7f,data/curated/english_child_transcripts/Gillam/download_2026-06-01/SLI/7f/a-3-08.cha,Gillam,STI,STI,female,eng,Built from labeled CHAT folder structure.,88.0,39,5.872,5.718,0.5067,223,0,0.0,0,1,0.0,0,0.0,0,0,0.0,0,0,0,0.0,0,0,7.6667,0.0,0.0,0.0,4,0.0,0.0,0,0.0769,39,299,7.6667,0.4381
Gillam:a-3-10,Gillam:STI:7f,data/curated/english_child_transcripts/Gillam/download_2026-06-01/SLI/7f/a-3-10.cha,Gillam,STI,STI,female,eng,Built from labeled CHAT folder structure.,93.0,25,6.36,6.24,0.4423,156,0,0.0,0,0,0.0,0,0.0,0,0,0.0,1,0,2,0.0,0,1,7.1154,25.0,1.0,1.0,1,0.0,0.0,0,0.04,25,180,7.2,0.4111
Gillam:a-3-11,Gillam:STI:7f,data/curated/english_child_transcripts/Gillam/download_2026-06-01/SLI/7f/a-3-11.cha,Gillam,STI,STI,female,eng,Built from labeled CHAT folder structure.,89.0,18,5.0,4.889,0.5795,88,0,0.0,0,0,0.0,0,0.0,0,0,0.0,1,0,2,0.0,0,1,6.5789,18.0,1.0,1.0,8,0.0,0.0,0,0.2222,18,120,6.6667,0.4833
Gillam:a-3-20,Gillam:STI:7f,data/curated/english_child_transcripts/Gillam/download_2026-06-01/SLI/7f/a-3-20.cha,Gillam,STI,STI,female,eng,Built from labeled CHAT folder structure.,94.0,32,7.0,6.656,0.5023,213,0,0.0,0,0,0.0312,0,0.0,0,0,0.0,7,0,12,0.0,0,7,6.9231,4.5714,0.8571,1.0,3,0.0028,0.0,0,0.0,32,248,7.75,0.4435
Gillam:a-3-23,Gillam:STI:7f,data/curated/english_child_transcripts/Gillam/download_2026-06-01/SLI/7f/a-3-23.cha,Gillam,STI,STI,female,eng,Built from labeled CHAT folder structure.,89.0,48,6.812,6.646,0.3981,319,0,0.0,0,0,0.0208,0,0.0,0,0,0.0,0,0,0,0.0,0,0,8.125,0.0,0.0,0.0,11,0.0,0.0,0,0.0417,48,390,8.125,0.3538
Gillam:a-3-33,Gillam:STI:7f,data/curated/english_child_transcripts/Gillam/download_2026-06-01/SLI/7f/a-3-33.cha,Gillam,STI,STI,female,eng,Built from labeled CHAT folder structure.,85.0,59,8.169,7.847,0.3943,463,2,0.0339,0,0,0.0169,0,0.0,0,0,0.0,5,0,7,0.0,0,5,9.5,11.8,0.8,1.0,11,0.0772,0.0,3,0.0,59,584,9.8983,0.3168
Gillam:a-3-67,Gillam:STI:7f,data/curated/english_child_transcripts/Gillam/download_2026-06-01/SLI/7f/a-3-67.cha,Gillam,STI,STI,female,eng,Built from labeled CHAT folder structure.,88.0,44,6.386,6.159,0.4465,271,0,0.0,0,0,0.0227,2,0.0455,0,0,0.0,0,0,0,0.0,0,0,8.6364,0.0,0.0,0.0,19,0.0,0.0227,0,0.0455,44,380,8.6364,0.3632
Gillam:a-3-70,Gillam:STI:7f,data/curated/english_child_transcripts/Gillam/download_2026-06-01/SLI/7f/a-3-70.cha,Gillam,STI,STI,female,eng,Built from labeled CHAT folder structure.,93.0,42,6.786,6.571,0.5072,276,0,0.0,0,0,0.0238,0,0.0,0,0,0.0,0,0,0,0.0,0,0,10.2619,0.0,0.0,0.0,32,0.0,0.0,0,0.0,42,431,10.2619,0.3782
Gillam:a-3-74,Gillam:STI:7f,data/curated/english_child_transcripts/Gillam/download_2026-06-01/SLI/7f/a-3-74.cha,Gillam,STI,STI,female,eng,Built from labeled CHAT folder structure.,86.0,33,5.242,5.091,0.5417,168,0,0.0,0,0,0.0,0,0.0,0,0,0.0,0,0,0,0.0,0,0,7.303,0.0,0.0,0.0,7,0.0,0.0,0,0.0,33,241,7.303,0.4398
Gillam:41699il-l,Gillam:STI:7m,data/curated/english_child_transcripts/Gillam/download_2026-06-01/SLI/7m/41699il-l.cha,Gillam,STI,STI,male,eng,Built from labeled CHAT folder structure.,92.0,45,8.556,8.356,0.4714,376,0,0.0,0,0,0.0444,0,0.0,0,0,0.0,2,0,4,0.0,0,2,10.1277,22.5,1.0,1.0,15,0.0166,0.0,0,0.0,45,470,10.4444,0.4149
Gillam:46760nj-l,Gillam:STI:7m,data/curated/english_child_transcripts/Gillam/download_2026-06-01/SLI/7m/46760nj-l.cha,Gillam,STI,STI,male,eng,Built from labeled CHAT folder structure.,94.0,26,10.308,10.038,0.5172,261,0,0.0,0,0,0.0,0,0.0,0,0,0.0,0,0,0,0.0,0,0,11.2692,0.0,0.0,0.0,4,0.0,0.0,0,0.0,26,293,11.2692,0.5051
Gillam:54939co-l,Gillam:STI:7m,data/curated/english_child_transcripts/Gillam/download_2026-06-01/SLI/7m/54939co-l.cha,Gillam,STI,STI,male,eng,Built from labeled CHAT folder structure.,86.0,39,5.769,5.667,0.4525,221,1,0.0256,0,0,0.0256,0,0.0,0,0,0.0,8,0,12,0.0,0,8,5.9149,4.875,0.75,1.0,2,0.0028,0.0,1,0.0769,39,245,6.2821,0.4367
Gillam:54960pa-l,Gillam:STI:7m,data/curated/english_child_transcripts/Gillam/download_2026-06-01/SLI/7m/54960pa-l.cha,Gillam,STI,STI,male,eng,Built from labeled CHAT folder structure.,89.0,27,4.407,4.222,0.5789,113,2,0.0741,0,0,0.2222,0,0.0,0,0,0.0,24,0,23,0.0,0,24,4.7843,1.125,0.5,0.75,3,0.0581,0.0,2,0.037,27,120,4.4444,0.55
Gillam:55637co-l,Gillam:STI:7m,data/curated/english_child_transcripts/Gillam/download_2026-06-01/SLI/7m/55637co-l.cha,Gillam,STI,STI,male,eng,Built from labeled CHAT folder structure.,94.0,53,6.245,5.887,0.4006,309,0,0.0,3,0,0.0,1,0.0189,0,0,0.0,17,0,27,0.0,0,17,6.8714,3.1176,0.7647,0.8333,5,0.0389,0.0,0,0.0189,53,384,7.2453,0.3828
Gillam:55695il-l,Gillam:STI:7m,data/curated/english_child_transcripts/Gillam/download_2026-06-01/SLI/7m/55695il-l.cha,Gillam,STI,STI,male,eng,Built from labeled CHAT folder structure.,94.0,22,6.318,6.091,0.597,134,1,0.0455,0,0,0.0,0,0.0,0,0,0.0,3,0,6,0.0,0,3,6.72,7.3333,1.0,1.0,0,0.0,0.0,1,0.0,22,154,7.0,0.5909
Gillam:a-1-14,Gillam:STI:7m,data/curated/english_child_transcripts/Gillam/download_2026-06-01/SLI/7m/a-1-14.cha,Gillam,STI,STI,male,eng,Built from labeled CHAT folder structure.,95.0,28,7.75,7.536,0.4313,211,0,0.0,0,0,0.0357,1,0.0357,0,0,0.0,0,0,0,0.0,0,0,9.6429,0.0,0.0,0.0,3,0.0,0.0,0,0.0,28,270,9.6429,0.3852
Gillam:a-1-18,Gillam:STI:7m,data/curated/english_child_transcripts/Gillam/download_2026-06-01/SLI/7m/a-1-18.cha,Gillam,STI,STI,male,eng,Built from labeled CHAT folder structure.,86.0,17,6.353,5.941,0.6832,101,0,0.0,0,0,0.0,0,0.0,0,0,0.0,0,0,0,0.0,0,0,7.2353,0.0,0.0,0.0,3,0.0,0.0,0,0.0,17,123,7.2353,0.6179
Gillam:a-1-28,Gillam:STI:7m,data/curated/english_child_transcripts/Gillam/download_2026-06-01/SLI/7m/a-1-28.cha,Gillam,STI,STI,male,eng,Built from labeled CHAT folder structure.,93.0,38,5.632,5.421,0.5049,206,0,0.0,0,0,0.0526,0,0.0,0,0,0.0,1,0,2,0.0,0,1,6.9487,38.0,1.0,1.0,5,0.0063,0.0,0,0.0263,38,260,6.8421,0.4423
Gillam:a-1-35,Gillam:STI:7m,data/curated/english_child_transcripts/Gillam/download_2026-06-01/SLI/7m/a-1-35.cha,Gillam,STI,STI,male,eng,Built from labeled CHAT folder structure.,92.0,58,6.241,6.207,0.3514,360,0,0.0,0,0,0.069,0,0.0,0,0,0.0,1,0,2,0.0,0,1,7.1864,58.0,1.0,1.0,5,0.0042,0.0862,0,0.0,58,413,7.1207,0.3462
Gillam:a-1-38,Gillam:STI:7m,data/curated/english_child_transcripts/Gillam/download_2026-06-01/SLI/7m/a-1-38.cha,Gillam,STI,STI,male,eng,Built from labeled CHAT folder structure.,89.0,26,6.115,5.962,0.471,155,0,0.0,0,0,0.0,0,0.0,0,0,0.0,2,0,4,0.0,0,2,6.75,13.0,1.0,0.0,6,0.0496,0.0,0,0.0385,26,181,6.9615,0.4254
Gillam:a-1-55,Gillam:STI:7m,data/curated/english_child_transcripts/Gillam/download_2026-06-01/SLI/7m/a-1-55.cha,Gillam,STI,STI,male,eng,Built from labeled CHAT folder structure.,85.0,15,5.267,4.933,0.7162,74,0,0.0,0,0,0.0,0,0.0,0,0,0.0,4,0,2,0.0,0,4,5.6842,3.75,0.25,0.5,2,0.0496,0.0,0,0.0667,15,88,5.8667,0.6705
Gillam:a-2-01,Gillam:STI:7m,data/curated/english_child_transcripts/Gillam/download_2026-06-01/SLI/7m/a-2-01.cha,Gillam,STI,STI,male,eng,Built from labeled CHAT folder structure.,88.0,7,4.571,4.0,0.6071,28,0,0.0,0,0,0.1429,0,0.0,0,0,0.0,16,0,14,0.0,0,16,4.5652,0.4375,0.4375,0.5556,0,0.2291,0.0,0,0.0,7,30,4.2857,0.6
Gillam:a-2-56,Gillam:STI:7m,data/curated/english_child_transcripts/Gillam/download_2026-06-01/SLI/7m/a-2-56.cha,Gillam,STI,STI,male,eng,Built from labeled CHAT folder structure.,91.0,29,5.31,5.241,0.5592,152,1,0.0345,0,0,0.069,0,0.0,0,0,0.0,1,0,2,0.0,0,1,6.0333,29.0,1.0,1.0,4,0.0,0.0,1,0.0345,29,176,6.069,0.517
Gillam:a-2-59,Gillam:STI:7m,data/curated/english_child_transcripts/Gillam/download_2026-06-01/SLI/7m/a-2-59.cha,Gillam,STI,STI,male,eng,Built from labeled CHAT folder structure.,93.0,30,7.4,7.233,0.4839,217,0,0.0,0,0,0.0,0,0.0,0,0,0.0,0,0,0,0.0,0,0,8.0333,0.0,0.0,0.0,1,0.0,0.0,0,0.0,30,241,8.0333,0.4813
Gillam:a-2-62,Gillam:STI:7m,data/curated/english_child_transcripts/Gillam/download_2026-06-01/SLI/7m/a-2-62.cha,Gillam,STI,STI,male,eng,Built from labeled CHAT folder structure.,94.0,79,7.076,6.785,0.42,536,1,0.0127,0,0,0.038,0,0.0,0,0,0.0,18,0,24,0.0,0,18,6.9691,4.3889,0.6667,1.0,21,0.034,0.0,1,0.1013,79,619,7.8354,0.3376
Gillam:a-2-64,Gillam:STI:7m,data/curated/english_child_transcripts/Gillam/download_2026-06-01/SLI/7m/a-2-64.cha,Gillam,STI,STI,male,eng,Built from labeled CHAT folder structure.,86.0,30,7.0,6.967,0.5311,209,0,0.0,0,0,0.0,0,0.0,0,0,0.0,2,0,2,0.0,0,2,6.9688,15.0,0.5,0.0,0,0.0071,0.0,0,0.0,30,219,7.3,0.516
Gillam:a-3-07,Gillam:STI:7m,data/curated/english_child_transcripts/Gillam/download_2026-06-01/SLI/7m/a-3-07.cha,Gillam,STI,STI,male,eng,Built from labeled CHAT folder structure.,86.0,32,5.625,5.25,0.5476,168,0,0.0,0,0,0.0312,0,0.0,0,0,0.0,2,0,2,0.0,0,2,6.3529,16.0,0.5,1.0,7,0.0514,0.0,0,0.0938,32,206,6.4375,0.4951
Gillam:a-3-13,Gillam:STI:7m,data/curated/english_child_transcripts/Gillam/download_2026-06-01/SLI/7m/a-3-13.cha,Gillam,STI,STI,male,eng,Built from labeled CHAT folder structure.,93.0,34,7.676,7.471,0.4961,254,2,0.0588,0,0,0.0294,0,0.0,0,0,0.0,0,0,0,0.0,0,0,8.7647,0.0,0.0,0.0,6,0.0,0.0,2,0.0882,34,298,8.7647,0.4564
Gillam:a-3-14,Gillam:STI:7m,data/curated/english_child_transcripts/Gillam/download_2026-06-01/SLI/7m/a-3-14.cha,Gillam,STI,STI,male,eng,Built from labeled CHAT folder structure.,87.0,21,6.286,6.095,0.5391,128,0,0.0,0,0,0.0,0,0.0,0,0,0.0,5,0,9,0.0,0,5,6.7308,4.2,0.8,1.0,6,0.004,0.0,0,0.0,21,155,7.381,0.4581
Gillam:a-3-15,Gillam:STI:7m,data/curated/english_child_transcripts/Gillam/download_2026-06-01/SLI/7m/a-3-15.cha,Gillam,STI,STI,male,eng,Built from labeled CHAT folder structure.,93.0,38,7.132,6.632,0.5556,252,0,0.0,0,1,0.0263,0,0.0,0,0,0.0,1,0,2,0.0,0,1,7.3846,38.0,1.0,0.0,2,0.0,0.0,0,0.0,38,287,7.5526,0.5087
Gillam:a-3-24,Gillam:STI:7m,data/curated/english_child_transcripts/Gillam/download_2026-06-01/SLI/7m/a-3-24.cha,Gillam,STI,STI,male,eng,Built from labeled CHAT folder structure.,90.0,31,7.032,6.71,0.4663,208,0,0.0,0,0,0.0,0,0.0,0,0,0.0,0,0,0,0.0,0,0,7.3871,0.0,0.0,0.0,0,0.0,0.0,0,0.0,31,229,7.3871,0.441
Gillam:a-3-26,Gillam:STI:7m,data/curated/english_child_transcripts/Gillam/download_2026-06-01/SLI/7m/a-3-26.cha,Gillam,STI,STI,male,eng,Built from labeled CHAT folder structure.,88.0,18,5.667,5.333,0.6771,96,0,0.0,0,0,0.0,0,0.0,0,0,0.0,6,0,6,0.0,0,6,6.5417,3.0,0.5,0.5,3,0.0284,0.0,0,0.1111,18,115,6.3889,0.6
Gillam:a-3-27,Gillam:STI:7m,data/curated/english_child_transcripts/Gillam/download_2026-06-01/SLI/7m/a-3-27.cha,Gillam,STI,STI,male,eng,Built from labeled CHAT folder structure.,91.0,46,7.022,6.739,0.4129,310,0,0.0,0,0,0.0435,0,0.0,0,0,0.0,6,0,8,0.0,0,6,7.75,7.6667,0.6667,1.0,8,0.0336,0.0,0,0.1304,46,370,8.0435,0.3811
Gillam:a-3-40,Gillam:STI:7m,data/curated/english_child_transcripts/Gillam/download_2026-06-01/SLI/7m/a-3-40.cha,Gillam,STI,STI,male,eng,Built from labeled CHAT folder structure.,89.0,51,7.51,7.196,0.4257,367,0,0.0,0,0,0.0,0,0.0,0,0,0.0,0,0,0,0.0,0,0,8.8039,0.0,0.0,0.0,2,0.0,0.0196,0,0.0196,51,449,8.8039,0.3853
Gillam:a-3-50,Gillam:STI:7m,data/curated/english_child_transcripts/Gillam/download_2026-06-01/SLI/7m/a-3-50.cha,Gillam,STI,STI,male,eng,Built from labeled CHAT folder structure.,86.0,43,6.605,6.488,0.3871,279,0,0.0,0,0,0.0,0,0.0,0,0,0.0,0,0,0,0.0,0,0,8.2791,0.0,0.0,0.0,5,0.0,0.0,0,0.0233,43,356,8.2791,0.368
Gillam:a-3-64,Gillam:STI:7m,data/curated/english_child_transcripts/Gillam/download_2026-06-01/SLI/7m/a-3-64.cha,Gillam,STI,STI,male,eng,Built from labeled CHAT folder structure.,89.0,17,6.118,5.824,0.6667,99,0,0.0,0,0,0.0,0,0.0,0,0,0.0,1,0,2,0.0,0,1,8.0,17.0,1.0,1.0,4,0.0,0.0,0,0.0,17,134,7.8824,0.5672
Gillam:a-3-69,Gillam:STI:7m,data/curated/english_child_transcripts/Gillam/download_2026-06-01/SLI/7m/a-3-69.cha,Gillam,STI,STI,male,eng,Built from labeled CHAT folder structure.,93.0,23,7.043,6.87,0.5696,158,0,0.0,0,0,0.0435,0,0.0,0,0,0.0,5,0,8,0.0,0,5,6.7143,4.6,0.8,0.0,1,0.0029,0.0,0,0.0,23,180,7.8261,0.5333
Gillam:a-3-72,Gillam:STI:7m,data/curated/english_child_transcripts/Gillam/download_2026-06-01/SLI/7m/a-3-72.cha,Gillam,STI,STI,male,eng,Built from labeled CHAT folder structure.,86.0,30,6.333,6.067,0.5549,182,0,0.0,0,0,0.0,0,0.0,0,0,0.0,7,0,8,0.0,0,7,7.3243,4.2857,0.5714,1.0,9,0.0205,0.0,0,0.0,30,230,7.6667,0.4783
Gillam:41768ct-l,Gillam:STI:8f,data/curated/english_child_transcripts/Gillam/download_2026-06-01/SLI/8f/41768ct-l.cha,Gillam,STI,STI,female,eng,Built from labeled CHAT folder structure.,104.0,40,6.75,6.3,0.504,252,0,0.0,0,0,0.025,0,0.0,0,0,0.0,5,0,9,0.0,0,5,6.7778,8.0,1.0,1.0,2,0.0719,0.0,0,0.025,40,281,7.025,0.4875
Gillam:54428pa-l,Gillam:STI:8f,data/curated/english_child_transcripts/Gillam/download_2026-06-01/SLI/8f/54428pa-l.cha,Gillam,STI,STI,female,eng,Built from labeled CHAT folder structure.,102.0,48,6.604,6.25,0.4667,300,0,0.0,0,0,0.0208,2,0.0417,0,0,0.0,8,0,12,0.0,0,8,6.8929,6.0,0.75,1.0,12,0.0262,0.0,0,0.0625,48,358,7.4583,0.4274
Gillam:54840ma-l,Gillam:STI:8f,data/curated/english_child_transcripts/Gillam/download_2026-06-01/SLI/8f/54840ma-l.cha,Gillam,STI,STI,female,eng,Built from labeled CHAT folder structure.,97.0,57,7.07,6.842,0.4029,390,1,0.0175,0,0,0.0175,0,0.0,0,0,0.0,2,0,4,0.0,0,2,7.4576,28.5,1.0,1.0,4,0.0552,0.0,2,0.0175,57,435,7.6316,0.3609
Gillam:54850nj-l,Gillam:STI:8f,data/curated/english_child_transcripts/Gillam/download_2026-06-01/SLI/8f/54850nj-l.cha,Gillam,STI,STI,female,eng,Built from labeled CHAT folder structure.,100.0,40,6.075,5.925,0.5274,237,2,0.05,0,0,0.025,0,0.0,0,0,0.0,1,0,2,0.0,0,1,6.7317,40.0,1.0,0.0,1,0.0224,0.0,2,0.075,40,265,6.625,0.5132
Gillam:55693il-l,Gillam:STI:8f,data/curated/english_child_transcripts/Gillam/download_2026-06-01/SLI/8f/55693il-l.cha,Gillam,STI,STI,female,eng,Built from labeled CHAT folder structure.,99.0,17,5.235,4.941,0.6071,83,0,0.0,1,2,0.0,1,0.0588,0,0,0.0,24,0,26,0.0,0,24,4.6585,0.7083,0.5417,1.0,1,0.0279,0.0,0,0.0,17,90,5.2941,0.5889
Gillam:a-1-56,Gillam:STI:8f,data/curated/english_child_transcripts/Gillam/download_2026-06-01/SLI/8f/a-1-56.cha,Gillam,STI,STI,female,eng,Built from labeled CHAT folder structure.,96.0,33,6.909,6.667,0.5227,220,0,0.0,0,0,0.0,0,0.0,0,0,0.0,1,0,2,0.0,0,1,10.0,33.0,1.0,1.0,23,0.0304,0.0,0,0.1818,33,331,10.0303,0.3897
Gillam:a-1-58,Gillam:STI:8f,data/curated/english_child_transcripts/Gillam/download_2026-06-01/SLI/8f/a-1-58.cha,Gillam,STI,STI,female,eng,Built from labeled CHAT folder structure.,98.0,21,5.0,5.0,0.5619,105,1,0.0476,0,0,0.0,0,0.0,0,0,0.0,3,0,5,0.0,0,3,5.75,7.0,1.0,1.0,1,0.0951,0.0,1,0.0476,21,109,5.1905,0.5596
Gillam:a-2-30,Gillam:STI:8f,data/curated/english_child_transcripts/Gillam/download_2026-06-01/SLI/8f/a-2-30.cha,Gillam,STI,STI,female,eng,Built from labeled CHAT folder structure.,99.0,57,6.474,6.316,0.46,359,1,0.0175,1,0,0.0877,1,0.0175,0,0,0.0,1,0,2,0.0,0,1,7.6724,57.0,1.0,1.0,8,0.0789,0.0175,1,0.0351,57,434,7.614,0.4194
Gillam:a-2-39,Gillam:STI:8f,data/curated/english_child_transcripts/Gillam/download_2026-06-01/SLI/8f/a-2-39.cha,Gillam,STI,STI,female,eng,Built from labeled CHAT folder structure.,103.0,34,9.529,9.235,0.3949,314,0,0.0,0,0,0.0,0,0.0,0,0,0.0,0,0,0,0.0,0,0,10.8824,0.0,0.0,0.0,9,0.0,0.0,0,0.0,34,370,10.8824,0.3676
Gillam:a-2-54,Gillam:STI:8f,data/curated/english_child_transcripts/Gillam/download_2026-06-01/SLI/8f/a-2-54.cha,Gillam,STI,STI,female,eng,Built from labeled CHAT folder structure.,103.0,23,4.783,4.652,0.5327,106,0,0.0,1,0,0.0,0,0.0,0,0,0.0,4,0,8,0.0,0,4,5.8889,5.75,1.0,1.0,11,0.0749,0.0,0,0.2174,23,129,5.6087,0.4651
Gillam:a-3-35,Gillam:STI:8f,data/curated/english_child_transcripts/Gillam/download_2026-06-01/SLI/8f/a-3-35.cha,Gillam,STI,STI,female,eng,Built from labeled CHAT folder structure.,100.0,17,6.941,6.824,0.5517,116,0,0.0,0,0,0.0,0,0.0,0,0,0.0,1,0,2,0.0,0,1,7.5,17.0,1.0,1.0,0,0.0,0.0,0,0.0588,17,130,7.6471,0.5077
Gillam:a-3-57,Gillam:STI:8f,data/curated/english_child_transcripts/Gillam/download_2026-06-01/SLI/8f/a-3-57.cha,Gillam,STI,STI,female,eng,Built from labeled CHAT folder structure.,105.0,33,6.606,6.121,0.5297,202,0,0.0,0,0,0.0303,0,0.0,0,0,0.0,2,0,4,0.0,0,2,6.7429,16.5,1.0,1.0,2,0.0346,0.0,0,0.0303,33,216,6.5455,0.5046
Gillam:a-3-59,Gillam:STI:8f,data/curated/english_child_transcripts/Gillam/download_2026-06-01/SLI/8f/a-3-59.cha,Gillam,STI,STI,female,eng,Built from labeled CHAT folder structure.,100.0,20,6.95,6.75,0.5407,135,0,0.0,0,0,0.0,0,0.0,0,0,0.0,1,0,2,0.0,0,1,8.0952,20.0,1.0,0.0,6,0.0,0.0,0,0.0,20,168,8.4,0.4643
Gillam:39061wy-l,Gillam:STI:8m,data/curated/english_child_transcripts/Gillam/download_2026-06-01/SLI/8m/39061wy-l.cha,Gillam,STI,STI,male,eng,Built from labeled CHAT folder structure.,106.0,35,5.886,5.657,0.4697,197,2,0.0571,0,0,0.0857,0,0.0,0,0,0.0,3,0,6,0.0,0,3,6.1842,11.6667,1.0,1.0,8,0.0193,0.0286,3,0.0571,35,227,6.4857,0.4493
Gillam:46895ca-l,Gillam:STI:8m,data/curated/english_child_transcripts/Gillam/download_2026-06-01/SLI/8m/46895ca-l.cha,Gillam,STI,STI,male,eng,Built from labeled CHAT folder structure.,101.0,39,5.538,5.333,0.4712,208,4,0.1026,0,3,0.0,0,0.0,0,0,0.0,16,0,28,0.0,0,16,5.4,2.4375,0.875,0.8333,8,0.0439,0.0,10,0.1026,39,234,6.0,0.453
Gillam:55639co-l,Gillam:STI:8m,data/curated/english_child_transcripts/Gillam/download_2026-06-01/SLI/8m/55639co-l.cha,Gillam,STI,STI,male,eng,Built from labeled CHAT folder structure.,97.0,37,6.432,6.243,0.5195,230,3,0.0811,0,0,0.027,0,0.0,0,0,0.0,8,0,14,0.0,0,8,6.7778,4.625,0.875,1.0,2,0.0051,0.0,4,0.0541,37,263,7.1081,0.4753
Gillam:55647co-l,Gillam:STI:8m,data/curated/english_child_transcripts/Gillam/download_2026-06-01/SLI/8m/55647co-l.cha,Gillam,STI,STI,male,eng,Built from labeled CHAT folder structure.,102.0,39,7.949,7.692,0.4267,300,0,0.0,0,0,0.0513,0,0.0,0,0,0.0,7,0,12,0.0,0,7,8.2174,5.5714,0.8571,1.0,14,0.0295,0.0,0,0.0256,39,356,9.1282,0.4017
Gillam:a-1-07,Gillam:STI:8m,data/curated/english_child_transcripts/Gillam/download_2026-06-01/SLI/8m/a-1-07.cha,Gillam,STI,STI,male,eng,Built from labeled CHAT folder structure.,98.0,40,5.6,5.475,0.5068,219,0,0.0,0,0,0.05,0,0.0,0,0,0.0,7,0,14,0.0,0,7,5.4468,5.7143,1.0,1.0,0,0.0332,0.0,0,0.05,40,243,6.075,0.4897
Gillam:a-1-30,Gillam:STI:8m,data/curated/english_child_transcripts/Gillam/download_2026-06-01/SLI/8m/a-1-30.cha,Gillam,STI,STI,male,eng,Built from labeled CHAT folder structure.,102.0,27,8.259,7.852,0.4575,212,0,0.0,0,0,0.0741,0,0.0,0,0,0.0,0,0,0,0.0,0,0,10.5556,0.0,0.0,0.0,16,0.0,0.0,0,0.0741,27,285,10.5556,0.3684
Gillam:a-2-15,Gillam:STI:8m,data/curated/english_child_transcripts/Gillam/download_2026-06-01/SLI/8m/a-2-15.cha,Gillam,STI,STI,male,eng,Built from labeled CHAT folder structure.,99.0,24,4.417,4.0,0.7083,96,0,0.0,0,0,0.0417,0,0.0,0,0,0.0,10,0,12,0.0,0,10,4.0882,2.4,0.6,1.0,3,0.0081,0.0,0,0.0,24,102,4.25,0.7059
Gillam:a-2-44,Gillam:STI:8m,data/curated/english_child_transcripts/Gillam/download_2026-06-01/SLI/8m/a-2-44.cha,Gillam,STI,STI,male,eng,Built from labeled CHAT folder structure.,106.0,17,5.529,5.412,0.6304,92,0,0.0,0,0,0.0,0,0.0,0,0,0.0,5,0,7,0.0,0,5,5.7273,3.4,0.6,0.75,0,0.0277,0.0,0,0.0,17,92,5.4118,0.6304
Gillam:a-2-49,Gillam:STI:8m,data/curated/english_child_transcripts/Gillam/download_2026-06-01/SLI/8m/a-2-49.cha,Gillam,STI,STI,male,eng,Built from labeled CHAT folder structure.,106.0,29,5.862,5.621,0.5337,163,0,0.0,0,0,0.0,0,0.0,0,0,0.0,1,0,2,0.0,0,1,5.7667,29.0,1.0,1.0,1,0.0224,0.0,0,0.069,29,170,5.8621,0.5235
Gillam:a-2-52,Gillam:STI:8m,data/curated/english_child_transcripts/Gillam/download_2026-06-01/SLI/8m/a-2-52.cha,Gillam,STI,STI,male,eng,Built from labeled CHAT folder structure.,97.0,73,5.904,5.644,0.3914,412,1,0.0137,0,0,0.0685,0,0.0,0,0,0.0,5,0,8,0.0,0,5,6.4231,14.6,0.8,1.0,14,0.0375,0.0,1,0.1507,73,479,6.5616,0.3194
Gillam:a-2-57,Gillam:STI:8m,data/curated/english_child_transcripts/Gillam/download_2026-06-01/SLI/8m/a-2-57.cha,Gillam,STI,STI,male,eng,Built from labeled CHAT folder structure.,99.0,31,6.323,6.29,0.4718,195,0,0.0,0,0,0.0968,0,0.0,0,0,0.0,6,0,12,0.0,0,6,6.5405,5.1667,1.0,1.0,2,0.0733,0.0,0,0.0323,31,210,6.7742,0.4667
Gillam:a-2-60,Gillam:STI:8m,data/curated/english_child_transcripts/Gillam/download_2026-06-01/SLI/8m/a-2-60.cha,Gillam,STI,STI,male,eng,Built from labeled CHAT folder structure.,98.0,15,5.8,5.4,0.679,81,0,0.0,0,0,0.0,0,0.0,0,0,0.0,4,0,4,0.0,0,4,6.1053,3.75,0.5,0.3333,0,0.1078,0.0,0,0.0667,15,86,5.7333,0.6628
Gillam:a-2-68,Gillam:STI:8m,data/curated/english_child_transcripts/Gillam/download_2026-06-01/SLI/8m/a-2-68.cha,Gillam,STI,STI,male,eng,Built from labeled CHAT folder structure.,104.0,25,7.12,6.88,0.5581,172,0,0.0,0,0,0.04,0,0.0,0,0,0.0,0,0,0,0.0,0,0,8.48,0.0,0.0,0.0,4,0.0,0.0,0,0.08,25,212,8.48,0.5094
Gillam:a-3-04,Gillam:STI:8m,data/curated/english_child_transcripts/Gillam/download_2026-06-01/SLI/8m/a-3-04.cha,Gillam,STI,STI,male,eng,Built from labeled CHAT folder structure.,98.0,17,5.588,5.353,0.6264,91,0,0.0,0,0,0.0,0,0.0,0,0,0.0,10,0,8,0.0,0,10,5.6296,1.7,0.4,1.0,4,0.0257,0.0,0,0.0588,17,106,6.2353,0.5943
Gillam:a-3-34,Gillam:STI:8m,data/curated/english_child_transcripts/Gillam/download_2026-06-01/SLI/8m/a-3-34.cha,Gillam,STI,STI,male,eng,Built from labeled CHAT folder structure.,104.0,40,7.725,7.25,0.4655,290,0,0.0,0,0,0.025,0,0.0,0,0,0.0,0,0,0,0.0,0,0,9.1,0.0,0.0,0.0,7,0.0,0.05,0,0.0,40,364,9.1,0.4011
Gillam:a-3-39,Gillam:STI:8m,data/curated/english_child_transcripts/Gillam/download_2026-06-01/SLI/8m/a-3-39.cha,Gillam,STI,STI,male,eng,Built from labeled CHAT folder structure.,106.0,56,7.893,7.732,0.4429,433,0,0.0,0,1,0.0179,1,0.0179,0,0,0.0,3,0,4,0.0,0,3,10.2712,18.6667,0.6667,0.5,24,0.0795,0.0,0,0.0536,56,578,10.3214,0.3443
Gillam:a-3-41,Gillam:STI:8m,data/curated/english_child_transcripts/Gillam/download_2026-06-01/SLI/8m/a-3-41.cha,Gillam,STI,STI,male,eng,Built from labeled CHAT folder structure.,107.0,32,5.281,5.094,0.4724,163,1,0.0312,0,0,0.0,1,0.0312,0,0,0.0,5,0,10,0.0,0,5,6.8649,6.4,1.0,1.0,5,0.0708,0.0,1,0.0938,32,214,6.6875,0.4019
Gillam:a-3-44,Gillam:STI:8m,data/curated/english_child_transcripts/Gillam/download_2026-06-01/SLI/8m/a-3-44.cha,Gillam,STI,STI,male,eng,Built from labeled CHAT folder structure.,103.0,23,5.957,5.478,0.6111,126,0,0.0,0,0,0.0,0,0.0,0,0,0.0,4,0,6,0.0,0,4,8.3704,5.75,0.75,1.0,5,0.071,0.0,0,0.0,23,181,7.8696,0.5138
Gillam:a-3-61,Gillam:STI:8m,data/curated/english_child_transcripts/Gillam/download_2026-06-01/SLI/8m/a-3-61.cha,Gillam,STI,STI,male,eng,Built from labeled CHAT folder structure.,100.0,38,6.395,6.158,0.5085,234,0,0.0,0,0,0.0263,0,0.0,0,0,0.0,1,0,2,0.0,0,1,7.2051,38.0,1.0,0.0,8,0.0,0.0,0,0.0263,38,280,7.3684,0.4679
Gillam:a-3-73,Gillam:STI:8m,data/curated/english_child_transcripts/Gillam/download_2026-06-01/SLI/8m/a-3-73.cha,Gillam,STI,STI,male,eng,Built from labeled CHAT folder structure.,100.0,20,6.45,6.25,0.576,125,1,0.05,0,0,0.0,0,0.0,0,0,0.0,6,0,12,0.0,0,6,7.4231,3.3333,1.0,1.0,6,0.0917,0.0,1,0.0,20,153,7.65,0.5033
Gillam:54499pa-l,Gillam:STI:9f,data/curated/english_child_transcripts/Gillam/download_2026-06-01/SLI/9f/54499pa-l.cha,Gillam,STI,STI,female,eng,Built from labeled CHAT folder structure.,118.0,32,8.531,8.344,0.4719,267,0,0.0,0,0,0.0625,0,0.0,0,0,0.0,0,0,0,0.0,0,0,9.2188,0.0,0.0,0.0,2,0.0,0.0,0,0.0,32,295,9.2188,0.4576
Gillam:54501pa-l,Gillam:STI:9f,data/curated/english_child_transcripts/Gillam/download_2026-06-01/SLI/9f/54501pa-l.cha,Gillam,STI,STI,female,eng,Built from labeled CHAT folder structure.,110.0,145,8.55,8.36,0.4086,1211,0,0.0,0,0,0.0345,0,0.0,1,0,0.0,1,0,2,0.0,0,1,9.8356,145.0,1.0,0.0,23,0.0023,0.0069,0,0.0,145,1435,9.8966,0.2592
Gillam:54938co-l,Gillam:STI:9f,data/curated/english_child_transcripts/Gillam/download_2026-06-01/SLI/9f/54938co-l.cha,Gillam,STI,STI,female,eng,Built from labeled CHAT folder structure.,113.0,35,8.571,8.429,0.4339,295,0,0.0,0,0,0.0,0,0.0,0,0,0.0,8,0,12,0.0,0,8,8.3023,4.375,0.75,1.0,7,0.0131,0.0,0,0.0,35,336,9.6,0.4167
Gillam:54940co-l,Gillam:STI:9f,data/curated/english_child_transcripts/Gillam/download_2026-06-01/SLI/9f/54940co-l.cha,Gillam,STI,STI,female,eng,Built from labeled CHAT folder structure.,115.0,49,7.082,6.959,0.4545,341,0,0.0,0,0,0.0204,0,0.0,0,0,0.0,6,0,8,0.0,0,6,7.2545,8.1667,0.6667,0.0,1,0.0074,0.0,0,0.0816,49,381,7.7755,0.4304
Gillam:55641co-l,Gillam:STI:9f,data/curated/english_child_transcripts/Gillam/download_2026-06-01/SLI/9f/55641co-l.cha,Gillam,STI,STI,female,eng,Built from labeled CHAT folder structure.,111.0,34,7.882,7.735,0.4981,263,0,0.0,0,0,0.0294,0,0.0,0,0,0.0,1,0,2,0.0,0,1,8.0571,34.0,1.0,0.0,0,0.0,0.0,0,0.0294,34,281,8.2647,0.484
Gillam:55643co-l,Gillam:STI:9f,data/curated/english_child_transcripts/Gillam/download_2026-06-01/SLI/9f/55643co-l.cha,Gillam,STI,STI,female,eng,Built from labeled CHAT folder structure.,111.0,43,7.093,7.023,0.4371,302,0,0.0,0,0,0.0233,0,0.0,0,0,0.0,3,0,6,0.0,0,3,7.6304,14.3333,1.0,1.0,1,0.1028,0.0,0,0.0,43,326,7.5814,0.4387
Gillam:55648co-l,Gillam:STI:9f,data/curated/english_child_transcripts/Gillam/download_2026-06-01/SLI/9f/55648co-l.cha,Gillam,STI,STI,female,eng,Built from labeled CHAT folder structure.,110.0,44,7.932,7.727,0.4206,340,0,0.0,0,0,0.0227,0,0.0,0,0,0.0,3,0,6,0.0,0,3,8.3404,14.6667,1.0,1.0,7,0.0014,0.0,0,0.0,44,378,8.5909,0.3942
Gillam:55719tx-l,Gillam:STI:9f,data/curated/english_child_transcripts/Gillam/download_2026-06-01/SLI/9f/55719tx-l.cha,Gillam,STI,STI,female,eng,Built from labeled CHAT folder structure.,111.0,27,9.852,9.63,0.4846,258,0,0.0,0,0,0.037,0,0.0,0,0,0.0,0,0,0,0.0,0,0,10.1111,0.0,0.0,0.0,5,0.0,0.0,0,0.0,27,273,10.1111,0.4689
Gillam:55733fl,Gillam:STI:9f,data/curated/english_child_transcripts/Gillam/download_2026-06-01/SLI/9f/55733fl.cha,Gillam,STI,STI,female,eng,Built from labeled CHAT folder structure.,108.0,45,6.044,6.0,0.3519,270,6,0.1333,0,0,0.0444,0,0.0,0,0,0.0,7,0,10,0.0,0,7,6.2692,6.4286,0.7143,0.75,4,0.0226,0.0,6,0.0889,45,293,6.5111,0.3481
Gillam:55735fl,Gillam:STI:9f,data/curated/english_child_transcripts/Gillam/download_2026-06-01/SLI/9f/55735fl.cha,Gillam,STI,STI,female,eng,Built from labeled CHAT folder structure.,116.0,51,5.98,5.765,0.4524,294,0,0.0,0,0,0.0392,0,0.0,0,0,0.0,13,0,18,0.0,0,13,5.7969,3.9231,0.6923,0.8,6,0.0286,0.0,0,0.0,51,319,6.2549,0.4295
Gillam:46892ca-l,Gillam:STI:9m,data/curated/english_child_transcripts/Gillam/download_2026-06-01/SLI/9m/46892ca-l.cha,Gillam,STI,STI,male,eng,Built from labeled CHAT folder structure.,111.0,70,7.357,7.086,0.4457,494,0,0.0,0,0,0.0429,0,0.0,0,0,0.0,2,0,4,0.0,0,2,7.5278,35.0,1.0,0.0,10,0.0143,0.0,0,0.0,70,536,7.6571,0.3825
Gillam:46907ca-l,Gillam:STI:9m,data/curated/english_child_transcripts/Gillam/download_2026-06-01/SLI/9m/46907ca-l.cha,Gillam,STI,STI,male,eng,Built from labeled CHAT folder structure.,117.0,26,8.269,8.154,0.4528,212,0,0.0,0,0,0.0385,0,0.0,0,0,0.0,0,0,0,0.0,0,0,11.6538,0.0,0.0,0.0,16,0.0,0.0,0,0.0,26,303,11.6538,0.3861
Gillam:46909ca-l,Gillam:STI:9m,data/curated/english_child_transcripts/Gillam/download_2026-06-01/SLI/9m/46909ca-l.cha,Gillam,STI,STI,male,eng,Built from labeled CHAT folder structure.,117.0,132,4.45,4.31,0.3857,583,5,0.0379,0,1,0.0,0,0.0,0,0,0.0,129,0,196,0.0,0,129,5.1762,1.0233,0.7597,0.8462,50,0.1427,0.0,6,0.1212,132,729,5.5227,0.2675
Gillam:54426pa-l,Gillam:STI:9m,data/curated/english_child_transcripts/Gillam/download_2026-06-01/SLI/9m/54426pa-l.cha,Gillam,STI,STI,male,eng,Built from labeled CHAT folder structure.,114.0,25,4.2,4.12,0.6019,103,0,0.0,0,0,0.0,0,0.0,0,0,0.0,16,0,30,0.0,0,16,4.2195,1.5625,0.9375,1.0,1,0.0336,0.0,0,0.0,25,110,4.4,0.6
Gillam:54457pa-l,Gillam:STI:9m,data/curated/english_child_transcripts/Gillam/download_2026-06-01/SLI/9m/54457pa-l.cha,Gillam,STI,STI,male,eng,Built from labeled CHAT folder structure.,117.0,26,7.192,7.038,0.5191,181,0,0.0,0,0,0.0385,0,0.0,0,0,0.0,1,0,2,0.0,0,1,7.4074,26.0,1.0,0.0,0,0.0128,0.0,0,0.0,26,198,7.6154,0.5051
Gillam:54460pa-l,Gillam:STI:9m,data/curated/english_child_transcripts/Gillam/download_2026-06-01/SLI/9m/54460pa-l.cha,Gillam,STI,STI,male,eng,Built from labeled CHAT folder structure.,117.0,18,6.556,6.5,0.5556,117,0,0.0,0,0,0.0556,0,0.0,0,0,0.0,7,0,7,0.0,0,7,6.84,2.5714,0.5714,1.0,0,0.08,0.0556,0,0.0,18,127,7.0556,0.5591
Gillam:54504pa-l,Gillam:STI:9m,data/curated/english_child_transcripts/Gillam/download_2026-06-01/SLI/9m/54504pa-l.cha,Gillam,STI,STI,male,eng,Built from labeled CHAT folder structure.,112.0,33,9.576,9.394,0.4774,308,0,0.0,0,0,0.0303,0,0.0,0,0,0.0,1,0,1,0.0,0,1,10.2941,33.0,0.0,0.0,4,0.0,0.0,0,0.0,33,348,10.5455,0.4483
Gillam:54839ma-l,Gillam:STI:9m,data/curated/english_child_transcripts/Gillam/download_2026-06-01/SLI/9m/54839ma-l.cha,Gillam,STI,STI,male,eng,Built from labeled CHAT folder structure.,118.0,27,4.778,4.815,0.5231,129,1,0.037,1,0,0.0,0,0.0,0,0,0.0,8,0,11,0.0,0,8,5.0571,3.375,0.625,0.6667,5,0.0503,0.0,1,0.037,27,143,5.2963,0.5105
Gillam:55636co-l,Gillam:STI:9m,data/curated/english_child_transcripts/Gillam/download_2026-06-01/SLI/9m/55636co-l.cha,Gillam,STI,STI,male,eng,Built from labeled CHAT folder structure.,116.0,47,9.17,9.106,0.46,428,2,0.0426,0,0,0.0426,0,0.0,0,0,0.0,1,0,2,0.0,0,1,11.375,47.0,1.0,0.0,12,0.0,0.0426,2,0.0,47,545,11.5957,0.367
Gillam:55698il-l,Gillam:STI:9m,data/curated/english_child_transcripts/Gillam/download_2026-06-01/SLI/9m/55698il-l.cha,Gillam,STI,STI,male,eng,Built from labeled CHAT folder structure.,109.0,59,5.915,5.746,0.3776,339,0,0.0,0,0,0.1186,0,0.0,0,0,0.0,15,0,24,0.0,0,15,6.4189,3.9333,0.8,0.6,6,0.0716,0.0,0,0.0339,59,386,6.5424,0.3627
Gillam:55700il-l,Gillam:STI:9m,data/curated/english_child_transcripts/Gillam/download_2026-06-01/SLI/9m/55700il-l.cha,Gillam,STI,STI,male,eng,Built from labeled CHAT folder structure.,115.0,39,7.667,7.41,0.4879,287,3,0.0769,0,0,0.0,0,0.0,0,0,0.0,16,0,30,0.0,0,16,6.2909,2.4375,0.9375,1.0,1,0.0135,0.0,3,0.0,39,329,8.4359,0.462
Gillam:55709sc-l,Gillam:STI:9m,data/curated/english_child_transcripts/Gillam/download_2026-06-01/SLI/9m/55709sc-l.cha,Gillam,STI,STI,male,eng,Built from labeled CHAT folder structure.,111.0,27,7.444,7.185,0.5206,194,0,0.0,0,0,0.0,0,0.0,0,0,0.0,4,0,8,0.0,0,4,7.6452,6.75,1.0,1.0,3,0.003,0.0,0,0.0,27,221,8.1852,0.4977
Gillam:55715tx-l,Gillam:STI:9m,data/curated/english_child_transcripts/Gillam/download_2026-06-01/SLI/9m/55715tx-l.cha,Gillam,STI,STI,male,eng,Built from labeled CHAT folder structure.,119.0,40,7.725,7.55,0.4702,302,0,0.0,0,0,0.025,0,0.0,0,0,0.0,0,0,0,0.0,0,0,8.175,0.0,0.0,0.0,3,0.0,0.0,0,0.0,40,327,8.175,0.4618
Gillam:55717tx-l,Gillam:STI:9m,data/curated/english_child_transcripts/Gillam/download_2026-06-01/SLI/9m/55717tx-l.cha,Gillam,STI,STI,male,eng,Built from labeled CHAT folder structure.,113.0,32,8.688,8.531,0.4615,273,0,0.0,0,0,0.0,0,0.0,0,0,0.0,0,0,0,0.0,0,0,9.3438,0.0,0.0,0.0,4,0.0,0.0,0,0.0,32,299,9.3438,0.4348
Gillam:28837tx,Gillam:TD:10f,data/curated/english_child_transcripts/Gillam/download_2026-06-01/TD/10f/28837tx.cha,Gillam,TD,TD,female,eng,Built from labeled CHAT folder structure.,129.0,76,8.0,7.816,0.4629,594,0,0.0,0,0,0.0263,0,0.0,0,0,0.0,1,0,2,0.0,0,1,9.3896,76.0,1.0,0.0,13,0.0121,0.0,0,0.0263,76,715,9.4079,0.3399
Gillam:28842tx,Gillam:TD:10f,data/curated/english_child_transcripts/Gillam/download_2026-06-01/TD/10f/28842tx.cha,Gillam,TD,TD,female,eng,Built from labeled CHAT folder structure.,123.0,62,8.242,8.016,0.4743,497,0,0.0,0,0,0.0484,0,0.0,0,0,0.0,0,0,0,0.0,0,0,8.9677,0.0,0.0,0.0,5,0.0,0.0,0,0.0645,62,556,8.9677,0.3813
Gillam:31204tx,Gillam:TD:10f,data/curated/english_child_transcripts/Gillam/download_2026-06-01/TD/10f/31204tx.cha,Gillam,TD,TD,female,eng,Built from labeled CHAT folder structure.,122.0,39,10.41,10.154,0.42,396,0,0.0,0,0,0.0,0,0.0,0,0,0.0,0,0,0,0.0,0,0,10.9487,0.0,0.0,0.0,4,0.0,0.0,0,0.0256,39,427,10.9487,0.3958
Gillam:31205tx,Gillam:TD:10f,data/curated/english_child_transcripts/Gillam/download_2026-06-01/TD/10f/31205tx.cha,Gillam,TD,TD,female,eng,Built from labeled CHAT folder structure.,122.0,47,8.915,8.787,0.4714,413,0,0.0,0,0,0.0,0,0.0,0,0,0.0,1,0,2,0.0,0,1,8.9583,47.0,1.0,1.0,2,0.0019,0.0,0,0.0,47,422,8.9787,0.4573
Gillam:39587oh,Gillam:TD:10f,data/curated/english_child_transcripts/Gillam/download_2026-06-01/TD/10f/39587oh.cha,Gillam,TD,TD,female,eng,Built from labeled CHAT folder structure.,128.0,41,9.61,9.415,0.4429,386,0,0.0,0,0,0.0,0,0.0,0,0,0.0,0,0,0,0.0,0,0,9.8293,0.0,0.0,0.0,1,0.0,0.0,0,0.0244,41,403,9.8293,0.4293
Gillam:39589oh,Gillam:TD:10f,data/curated/english_child_transcripts/Gillam/download_2026-06-01/TD/10f/39589oh.cha,Gillam,TD,TD,female,eng,Built from labeled CHAT folder structure.,122.0,52,8.558,8.423,0.3571,438,0,0.0,0,0,0.0,0,0.0,0,0,0.0,0,0,0,0.0,0,0,9.6346,0.0,0.0,0.0,9,0.0,0.0,0,0.0385,52,501,9.6346,0.3034
Gillam:39715tx,Gillam:TD:10f,data/curated/english_child_transcripts/Gillam/download_2026-06-01/TD/10f/39715tx.cha,Gillam,TD,TD,female,eng,Built from labeled CHAT folder structure.,124.0,43,10.628,10.442,0.4686,449,0,0.0,0,0,0.0,0,0.0,0,0,0.0,0,0,0,0.0,0,0,11.9302,0.0,0.0,0.0,4,0.0,0.0,0,0.0465,43,513,11.9302,0.4269
Gillam:41358oh,Gillam:TD:10f,data/curated/english_child_transcripts/Gillam/download_2026-06-01/TD/10f/41358oh.cha,Gillam,TD,TD,female,eng,Built from labeled CHAT folder structure.,130.0,53,11.302,11.075,0.4229,587,0,0.0,0,0,0.0,0,0.0,0,0,0.0,0,0,0,0.0,0,0,12.3396,0.0,0.0,0.0,5,0.0,0.0,0,0.0,53,654,12.3396,0.3731
Gillam:46118v,Gillam:TD:10f,data/curated/english_child_transcripts/Gillam/download_2026-06-01/TD/10f/46118v.cha,Gillam,TD,TD,female,eng,Built from labeled CHAT folder structure.,131.0,40,12.425,12.2,0.4429,488,0,0.0,0,0,0.05,0,0.0,0,0,0.0,0,0,0,0.0,0,0,12.65,0.0,0.0,0.0,5,0.0,0.025,0,0.0,40,506,12.65,0.413
Gillam:46362oh,Gillam:TD:10f,data/curated/english_child_transcripts/Gillam/download_2026-06-01/TD/10f/46362oh.cha,Gillam,TD,TD,female,eng,Built from labeled CHAT folder structure.,130.0,128,9.48,9.09,0.4514,1186,0,0.0,0,0,0.0703,0,0.0,0,0,0.0,2,0,4,0.0,0,2,10.0692,64.0,1.0,0.0,19,0.0013,0.0,0,0.0,128,1307,10.2109,0.277
Gillam:46370oh,Gillam:TD:10f,data/curated/english_child_transcripts/Gillam/download_2026-06-01/TD/10f/46370oh.cha,Gillam,TD,TD,female,eng,Built from labeled CHAT folder structure.,129.0,48,7.229,6.979,0.4478,335,0,0.0,0,0,0.0,0,0.0,0,0,0.0,1,0,2,0.0,0,1,7.3878,48.0,1.0,0.0,1,0.0,0.0,0,0.0625,48,361,7.5208,0.4377
Gillam:46376oh,Gillam:TD:10f,data/curated/english_child_transcripts/Gillam/download_2026-06-01/TD/10f/46376oh.cha,Gillam,TD,TD,female,eng,Built from labeled CHAT folder structure.,124.0,186,8.06,7.64,0.4629,1354,1,0.0054,0,0,0.0968,1,0.0054,0,0,0.0,0,0,0,0.0,1,0,8.1559,0.0,0.0,0.0,14,0.0,0.0054,1,0.0,186,1517,8.1559,0.2755
Gillam:46784ca,Gillam:TD:10f,data/curated/english_child_transcripts/Gillam/download_2026-06-01/TD/10f/46784ca.cha,Gillam,TD,TD,female,eng,Built from labeled CHAT folder structure.,129.0,72,9.917,9.625,0.4486,691,0,0.0,0,0,0.0417,0,0.0,0,0,0.0,1,0,2,0.0,0,1,9.863,72.0,1.0,0.0,1,0.0,0.0,0,0.0,72,719,9.9861,0.3713
Gillam:46785ca,Gillam:TD:10f,data/curated/english_child_transcripts/Gillam/download_2026-06-01/TD/10f/46785ca.cha,Gillam,TD,TD,female,eng,Built from labeled CHAT folder structure.,129.0,47,8.0,7.745,0.4257,364,0,0.0,0,0,0.0213,0,0.0,0,0,0.0,0,0,0,0.0,0,0,8.0638,0.0,0.0,0.0,4,0.0,0.0,1,0.0213,47,379,8.0638,0.4142
Gillam:46786ca,Gillam:TD:10f,data/curated/english_child_transcripts/Gillam/download_2026-06-01/TD/10f/46786ca.cha,Gillam,TD,TD,female,eng,Built from labeled CHAT folder structure.,124.0,49,9.816,9.612,0.4457,471,0,0.0,0,0,0.0204,0,0.0,0,0,0.0,0,0,0,0.0,0,0,10.6939,0.0,0.0,0.0,4,0.0,0.0,0,0.0,49,524,10.6939,0.3531
Gillam:46789ca,Gillam:TD:10f,data/curated/english_child_transcripts/Gillam/download_2026-06-01/TD/10f/46789ca.cha,Gillam,TD,TD,female,eng,Built from labeled CHAT folder structure.,127.0,31,9.097,8.774,0.4412,272,0,0.0,0,0,0.0,1,0.0323,0,0,0.0,1,0,2,0.0,0,1,8.9062,31.0,1.0,0.0,3,0.0065,0.0323,0,0.0,31,283,9.129,0.4417
Gillam:46792ca,Gillam:TD:10f,data/curated/english_child_transcripts/Gillam/download_2026-06-01/TD/10f/46792ca.cha,Gillam,TD,TD,female,eng,Built from labeled CHAT folder structure.,128.0,33,8.303,8.242,0.4706,272,0,0.0,0,0,0.0,0,0.0,0,0,0.0,0,0,0,0.0,0,0,8.3939,0.0,0.0,0.0,0,0.0,0.0,0,0.0,33,277,8.3939,0.4729
Gillam:46802ca,Gillam:TD:10f,data/curated/english_child_transcripts/Gillam/download_2026-06-01/TD/10f/46802ca.cha,Gillam,TD,TD,female,eng,Built from labeled CHAT folder structure.,131.0,35,10.857,10.743,0.5143,376,0,0.0,0,0,0.0286,0,0.0,0,0,0.0,1,0,2,0.0,0,1,11.1111,35.0,1.0,0.0,4,0.0,0.0,0,0.0,35,399,11.4,0.4962
Gillam:46804ca,Gillam:TD:10f,data/curated/english_child_transcripts/Gillam/download_2026-06-01/TD/10f/46804ca.cha,Gillam,TD,TD,female,eng,Built from labeled CHAT folder structure.,131.0,46,9.935,9.739,0.4857,448,0,0.0,0,0,0.0217,0,0.0,0,0,0.0,0,0,0,0.0,0,0,10.5,0.0,0.0,0.0,4,0.0,0.0,0,0.0435,46,483,10.5,0.4327
Gillam:46939wy,Gillam:TD:10f,data/curated/english_child_transcripts/Gillam/download_2026-06-01/TD/10f/46939wy.cha,Gillam,TD,TD,female,eng,Built from labeled CHAT folder structure.,126.0,79,9.418,9.203,0.44,727,0,0.0,0,0,0.1139,0,0.0,0,0,0.0,0,0,0,0.0,0,0,10.5063,0.0,0.0,0.0,9,0.0,0.0127,0,0.0,79,830,10.5063,0.306
Gillam:54924co,Gillam:TD:10f,data/curated/english_child_transcripts/Gillam/download_2026-06-01/TD/10f/54924co.cha,Gillam,TD,TD,female,eng,Built from labeled CHAT folder structure.,129.0,19,6.368,6.158,0.5299,117,0,0.0,0,1,0.0,0,0.0,0,0,0.0,2,0,4,0.0,0,2,7.5238,9.5,1.0,1.0,2,0.0308,0.0,0,0.0526,19,142,7.4737,0.4789
Gillam:57258tx,Gillam:TD:10f,data/curated/english_child_transcripts/Gillam/download_2026-06-01/TD/10f/57258tx.cha,Gillam,TD,TD,female,eng,Built from labeled CHAT folder structure.,121.0,28,7.5,7.357,0.5437,206,0,0.0,0,0,0.0357,0,0.0,0,0,0.0,3,0,6,0.0,0,3,7.6452,9.3333,1.0,1.0,1,0.0612,0.0,0,0.0357,28,224,8.0,0.5268
Gillam:57261tx,Gillam:TD:10f,data/curated/english_child_transcripts/Gillam/download_2026-06-01/TD/10f/57261tx.cha,Gillam,TD,TD,female,eng,Built from labeled CHAT folder structure.,130.0,51,7.765,7.569,0.4629,386,0,0.0,0,0,0.0,0,0.0,0,0,0.0,0,0,0,0.0,0,0,8.1176,0.0,0.0,0.0,3,0.0,0.0,0,0.0,51,414,8.1176,0.4324
Gillam:57272tx,Gillam:TD:10f,data/curated/english_child_transcripts/Gillam/download_2026-06-01/TD/10f/57272tx.cha,Gillam,TD,TD,female,eng,Built from labeled CHAT folder structure.,121.0,28,8.607,8.393,0.4766,235,0,0.0,0,0,0.0,0,0.0,0,0,0.0,0,0,0,0.0,0,0,9.4643,0.0,0.0,0.0,4,0.0,0.0,0,0.0,28,265,9.4643,0.4377
Gillam:57286tx,Gillam:TD:10f,data/curated/english_child_transcripts/Gillam/download_2026-06-01/TD/10f/57286tx.cha,Gillam,TD,TD,female,eng,Built from labeled CHAT folder structure.,124.0,38,9.395,9.263,0.4657,352,0,0.0,0,0,0.0,0,0.0,0,0,0.0,1,0,2,0.0,0,1,10.2308,38.0,1.0,1.0,6,0.0732,0.0,0,0.0263,38,388,10.2105,0.4227
Gillam:28884tx,Gillam:TD:10m,data/curated/english_child_transcripts/Gillam/download_2026-06-01/TD/10m/28884tx.cha,Gillam,TD,TD,male,eng,Built from labeled CHAT folder structure.,124.0,28,9.393,9.214,0.5271,258,0,0.0,0,0,0.0,0,0.0,0,0,0.0,0,0,0,0.0,0,0,9.6071,0.0,0.0,0.0,0,0.0,0.0,0,0.0,28,269,9.6071,0.5279
Gillam:39586oh,Gillam:TD:10m,data/curated/english_child_transcripts/Gillam/download_2026-06-01/TD/10m/39586oh.cha,Gillam,TD,TD,male,eng,Built from labeled CHAT folder structure.,122.0,47,8.213,8.043,0.4057,378,0,0.0,0,0,0.0,0,0.0,0,0,0.0,0,0,0,0.0,0,0,8.7872,0.0,0.0,0.0,1,0.0,0.0,0,0.0,47,413,8.7872,0.4092
Gillam:39590oh,Gillam:TD:10m,data/curated/english_child_transcripts/Gillam/download_2026-06-01/TD/10m/39590oh.cha,Gillam,TD,TD,male,eng,Built from labeled CHAT folder structure.,128.0,61,9.607,9.459,0.5171,574,0,0.0,0,0,0.0164,0,0.0,0,0,0.0,1,0,2,0.0,0,1,10.2742,61.0,1.0,0.0,2,0.0203,0.0,0,0.0164,61,630,10.3279,0.4032
Gillam:39681tx,Gillam:TD:10m,data/curated/english_child_transcripts/Gillam/download_2026-06-01/TD/10m/39681tx.cha,Gillam,TD,TD,male,eng,Built from labeled CHAT folder structure.,123.0,43,8.721,8.465,0.3971,364,0,0.0,0,0,0.0465,0,0.0,0,0,0.0,5,0,10,0.0,0,5,9.3958,8.6,1.0,1.0,0,0.096,0.0,0,0.0,43,414,9.6279,0.3671
Gillam:39692tx,Gillam:TD:10m,data/curated/english_child_transcripts/Gillam/download_2026-06-01/TD/10m/39692tx.cha,Gillam,TD,TD,male,eng,Built from labeled CHAT folder structure.,123.0,59,9.305,9.051,0.4971,534,0,0.0,0,0,0.0169,0,0.0,0,0,0.0,0,0,0,0.0,0,0,11.0,0.0,0.0,0.0,12,0.0,0.0,0,0.0678,59,649,11.0,0.379
Gillam:39714tx,Gillam:TD:10m,data/curated/english_child_transcripts/Gillam/download_2026-06-01/TD/10m/39714tx.cha,Gillam,TD,TD,male,eng,Built from labeled CHAT folder structure.,123.0,42,7.643,7.524,0.481,316,0,0.0,0,0,0.0238,0,0.0,0,0,0.0,1,0,2,0.0,0,1,8.3721,42.0,1.0,0.0,1,0.0219,0.0238,0,0.0238,42,355,8.4524,0.4648
Gillam:41349oh,Gillam:TD:10m,data/curated/english_child_transcripts/Gillam/download_2026-06-01/TD/10m/41349oh.cha,Gillam,TD,TD,male,eng,Built from labeled CHAT folder structure.,122.0,48,7.396,7.354,0.4686,351,0,0.0,2,0,0.0,0,0.0,0,0,0.0,4,0,8,0.0,0,4,7.2885,12.0,1.0,0.0,0,0.0,0.0,0,0.0,48,375,7.8125,0.4587
Gillam:41354oh,Gillam:TD:10m,data/curated/english_child_transcripts/Gillam/download_2026-06-01/TD/10m/41354oh.cha,Gillam,TD,TD,male,eng,Built from labeled CHAT folder structure.,128.0,36,11.056,10.694,0.4143,385,1,0.0278,0,1,0.0,0,0.0,0,0,0.0,2,0,4,0.0,0,2,12.3684,18.0,1.0,1.0,6,0.0086,0.0,1,0.0278,36,459,12.75,0.3813
Gillam:41683ak,Gillam:TD:10m,data/curated/english_child_transcripts/Gillam/download_2026-06-01/TD/10m/41683ak.cha,Gillam,TD,TD,male,eng,Built from labeled CHAT folder structure.,124.0,38,6.921,6.737,0.457,256,0,0.0,0,0,0.0263,0,0.0,0,0,0.0,6,0,12,0.0,0,6,6.5,6.3333,1.0,1.0,3,0.0554,0.0,0,0.0,38,269,7.0789,0.4498
Gillam:41766ct,Gillam:TD:10m,data/curated/english_child_transcripts/Gillam/download_2026-06-01/TD/10m/41766ct.cha,Gillam,TD,TD,male,eng,Built from labeled CHAT folder structure.,125.0,64,11.938,11.797,0.4886,755,0,0.0,0,0,0.0156,0,0.0,0,0,0.0,0,0,0,0.0,0,0,12.3594,0.0,0.0,0.0,1,0.0,0.0156,0,0.0312,64,791,12.3594,0.3793
Gillam:46119v,Gillam:TD:10m,data/curated/english_child_transcripts/Gillam/download_2026-06-01/TD/10m/46119v.cha,Gillam,TD,TD,male,eng,Built from labeled CHAT folder structure.,121.0,47,9.511,9.064,0.4314,426,3,0.0638,0,0,0.0213,0,0.0,0,0,0.0,0,0,0,0.0,0,0,10.4468,0.0,0.0,0.0,9,0.0,0.0,4,0.0,47,491,10.4468,0.3849
Gillam:46146v,Gillam:TD:10m,data/curated/english_child_transcripts/Gillam/download_2026-06-01/TD/10m/46146v.cha,Gillam,TD,TD,male,eng,Built from labeled CHAT folder structure.,125.0,39,8.41,8.231,0.4237,321,0,0.0,0,0,0.0,0,0.0,0,0,0.0,0,0,0,0.0,0,0,9.0513,0.0,0.0,0.0,5,0.0,0.0,0,0.0,39,353,9.0513,0.4136
Gillam:46721nj,Gillam:TD:10m,data/curated/english_child_transcripts/Gillam/download_2026-06-01/TD/10m/46721nj.cha,Gillam,TD,TD,female,eng,Built from labeled CHAT folder structure.,131.0,52,8.173,7.981,0.4314,415,0,0.0,0,0,0.0,0,0.0,0,0,0.0,0,0,0,0.0,0,0,8.25,0.0,0.0,0.0,1,0.0,0.0,0,0.0,52,429,8.25,0.3963
Gillam:46733nj,Gillam:TD:10m,data/curated/english_child_transcripts/Gillam/download_2026-06-01/TD/10m/46733nj.cha,Gillam,TD,TD,male,eng,Built from labeled CHAT folder structure.,125.0,57,8.333,8.175,0.4571,466,0,0.0,0,0,0.0175,0,0.0,0,0,0.0,0,0,0,0.0,0,0,8.8246,0.0,0.0,0.0,1,0.0,0.0,0,0.0526,57,503,8.8246,0.4076
Gillam:46740nj,Gillam:TD:10m,data/curated/english_child_transcripts/Gillam/download_2026-06-01/TD/10m/46740nj.cha,Gillam,TD,TD,female,eng,Built from labeled CHAT folder structure.,130.0,49,11.898,11.653,0.4371,571,1,0.0204,0,0,0.0408,0,0.0,0,0,0.0,0,0,0,0.0,0,0,12.6735,0.0,0.0,0.0,3,0.0,0.0,1,0.0,49,621,12.6735,0.3671
Gillam:46749nj,Gillam:TD:10m,data/curated/english_child_transcripts/Gillam/download_2026-06-01/TD/10m/46749nj.cha,Gillam,TD,TD,male,eng,Built from labeled CHAT folder structure.,126.0,43,8.907,8.698,0.4886,374,0,0.0,0,0,0.0233,0,0.0,0,0,0.0,0,0,0,0.0,0,0,9.6047,0.0,0.0,0.0,4,0.0,0.0233,0,0.0,43,413,9.6047,0.4625
Gillam:46750nj,Gillam:TD:10m,data/curated/english_child_transcripts/Gillam/download_2026-06-01/TD/10m/46750nj.cha,Gillam,TD,TD,male,eng,Built from labeled CHAT folder structure.,126.0,41,8.732,8.439,0.4942,345,0,0.0,0,0,0.0732,0,0.0,0,0,0.0,4,0,6,0.0,0,4,8.4889,10.25,0.75,0.0,2,0.0027,0.0,0,0.0244,41,370,9.0244,0.4892
Gillam:46752nj,Gillam:TD:10m,data/curated/english_child_transcripts/Gillam/download_2026-06-01/TD/10m/46752nj.cha,Gillam,TD,TD,male,eng,Built from labeled CHAT folder structure.,120.0,63,9.46,9.254,0.46,583,0,0.0,0,0,0.0159,0,0.0,0,0,0.0,1,0,2,0.0,0,1,10.5156,63.0,1.0,0.0,8,0.0063,0.0,0,0.0159,63,672,10.6667,0.3586
Gillam:46763nj,Gillam:TD:10m,data/curated/english_child_transcripts/Gillam/download_2026-06-01/TD/10m/46763nj.cha,Gillam,TD,TD,male,eng,Built from labeled CHAT folder structure.,122.0,68,9.588,9.265,0.44,630,1,0.0147,0,0,0.0,0,0.0,1,0,0.0,0,0,0,0.0,0,0,10.25,0.0,0.0,0.0,2,0.0,0.0147,1,0.0147,68,697,10.25,0.3615
Gillam:46771ca,Gillam:TD:10m,data/curated/english_child_transcripts/Gillam/download_2026-06-01/TD/10m/46771ca.cha,Gillam,TD,TD,male,eng,Built from labeled CHAT folder structure.,123.0,45,8.689,8.378,0.4743,377,0,0.0,0,0,0.0444,0,0.0,1,0,0.0,27,0,48,0.0,0,27,6.5556,1.6667,0.8889,1.0,2,0.0076,0.0222,0,0.0222,45,423,9.4,0.4279
Gillam:46783ca,Gillam:TD:10m,data/curated/english_child_transcripts/Gillam/download_2026-06-01/TD/10m/46783ca.cha,Gillam,TD,TD,male,eng,Built from labeled CHAT folder structure.,131.0,41,9.341,9.293,0.42,381,0,0.0,0,0,0.0732,1,0.0244,0,0,0.0,2,0,4,0.0,0,2,10.5814,20.5,1.0,0.0,8,0.0312,0.0244,0,0.0488,41,439,10.7073,0.3895
Gillam:46806ca,Gillam:TD:10m,data/curated/english_child_transcripts/Gillam/download_2026-06-01/TD/10m/46806ca.cha,Gillam,TD,TD,male,eng,Built from labeled CHAT folder structure.,123.0,45,9.133,8.844,0.4771,398,0,0.0,0,0,0.0222,0,0.0,0,0,0.0,4,0,8,0.0,0,4,9.3469,11.25,1.0,0.0,3,0.0,0.0,0,0.0444,45,454,10.0889,0.4273
Gillam:46941wy,Gillam:TD:10m,data/curated/english_child_transcripts/Gillam/download_2026-06-01/TD/10m/46941wy.cha,Gillam,TD,TD,male,eng,Built from labeled CHAT folder structure.,126.0,27,9.185,8.963,0.5083,242,0,0.0,0,1,0.1111,0,0.0,0,0,0.0,0,0,0,0.0,0,0,10.3704,0.0,0.0,0.0,1,0.0,0.0,0,0.0,27,280,10.3704,0.4893
Gillam:46947wy,Gillam:TD:10m,data/curated/english_child_transcripts/Gillam/download_2026-06-01/TD/10m/46947wy.cha,Gillam,TD,TD,male,eng,Built from labeled CHAT folder structure.,128.0,25,8.92,8.76,0.5114,219,0,0.0,0,0,0.0,0,0.0,0,0,0.0,0,0,0,0.0,0,0,9.6,0.0,0.0,0.0,1,0.0,0.0,0,0.0,25,240,9.6,0.4917
Gillam:47501tx,Gillam:TD:10m,data/curated/english_child_transcripts/Gillam/download_2026-06-01/TD/10m/47501tx.cha,Gillam,TD,TD,male,eng,Built from labeled CHAT folder structure.,124.0,20,6.6,6.35,0.5827,127,0,0.0,0,0,0.0,0,0.0,0,0,0.0,0,0,0,0.0,0,0,7.95,0.0,0.0,0.0,6,0.0,0.0,0,0.05,20,159,7.95,0.5346
Gillam:39344ks,Gillam:TD:11f,data/curated/english_child_transcripts/Gillam/download_2026-06-01/TD/11f/39344ks.cha,Gillam,TD,TD,female,eng,Built from labeled CHAT folder structure.,135.0,46,9.196,9.065,0.4286,417,0,0.0,0,0,0.0,0,0.0,0,0,0.0,0,0,0,0.0,0,0,9.4565,0.0,0.0,0.0,0,0.0,0.0,0,0.0217,46,435,9.4565,0.4023
Gillam:39654tx,Gillam:TD:11f,data/curated/english_child_transcripts/Gillam/download_2026-06-01/TD/11f/39654tx.cha,Gillam,TD,TD,female,eng,Built from labeled CHAT folder structure.,137.0,40,6.975,6.825,0.4945,273,0,0.0,0,0,0.025,0,0.0,0,0,0.0,0,0,0,0.0,0,0,7.425,0.0,0.0,0.0,1,0.0,0.0,0,0.075,40,297,7.425,0.4815
Gillam:39659tx,Gillam:TD:11f,data/curated/english_child_transcripts/Gillam/download_2026-06-01/TD/11f/39659tx.cha,Gillam,TD,TD,female,eng,Built from labeled CHAT folder structure.,135.0,37,9.892,9.595,0.4543,355,0,0.0,0,0,0.0,0,0.0,0,0,0.0,0,0,0,0.0,0,0,10.1892,0.0,0.0,0.0,2,0.0,0.0,0,0.0,37,377,10.1892,0.4536
Gillam:41356oh,Gillam:TD:11f,data/curated/english_child_transcripts/Gillam/download_2026-06-01/TD/11f/41356oh.cha,Gillam,TD,TD,female,eng,Built from labeled CHAT folder structure.,135.0,36,10.472,10.25,0.4514,369,0,0.0,0,0,0.0,0,0.0,0,0,0.0,0,0,0,0.0,0,0,10.5833,0.0,0.0,0.0,1,0.0,0.0,0,0.0,36,381,10.5833,0.4357
Gillam:41357oh,Gillam:TD:11f,data/curated/english_child_transcripts/Gillam/download_2026-06-01/TD/11f/41357oh.cha,Gillam,TD,TD,female,eng,Built from labeled CHAT folder structure.,137.0,77,9.948,9.584,0.4743,738,0,0.0,0,1,0.039,0,0.0,0,0,0.0,0,0,0,0.0,0,0,11.1948,0.0,0.0,0.0,9,0.0,0.013,0,0.0,77,862,11.1948,0.3457
Gillam:46117v,Gillam:TD:11f,data/curated/english_child_transcripts/Gillam/download_2026-06-01/TD/11f/46117v.cha,Gillam,TD,TD,female,eng,Built from labeled CHAT folder structure.,138.0,41,9.366,9.244,0.4229,379,0,0.0,0,0,0.0,0,0.0,0,0,0.0,0,0,0,0.0,0,0,10.4146,0.0,0.0,0.0,3,0.0,0.0,0,0.0488,41,427,10.4146,0.3888
Gillam:46156v,Gillam:TD:11f,data/curated/english_child_transcripts/Gillam/download_2026-06-01/TD/11f/46156v.cha,Gillam,TD,TD,female,eng,Built from labeled CHAT folder structure.,134.0,43,11.256,11.047,0.4314,475,6,0.1395,0,0,0.0,0,0.0,0,0,0.0,0,0,0,0.0,0,0,13.0,0.0,0.0,0.0,6,0.0,0.0,8,0.0,43,559,13.0,0.3578
Gillam:46208wy,Gillam:TD:11f,data/curated/english_child_transcripts/Gillam/download_2026-06-01/TD/11f/46208wy.cha,Gillam,TD,TD,female,eng,Built from labeled CHAT folder structure.,138.0,52,7.346,7.135,0.48,371,0,0.0,0,0,0.0192,0,0.0,0,0,0.0,0,0,0,0.0,0,0,7.4808,0.0,0.0,0.0,3,0.0,0.0,0,0.0,52,389,7.4808,0.4602
Gillam:46211wy,Gillam:TD:11f,data/curated/english_child_transcripts/Gillam/download_2026-06-01/TD/11f/46211wy.cha,Gillam,TD,TD,female,eng,Built from labeled CHAT folder structure.,140.0,42,9.786,9.548,0.4971,401,0,0.0,0,0,0.0,0,0.0,0,0,0.0,3,0,5,0.0,0,3,10.8889,14.0,0.6667,0.5,7,0.0678,0.0,0,0.0238,42,459,10.9286,0.427
Gillam:46363oh,Gillam:TD:11f,data/curated/english_child_transcripts/Gillam/download_2026-06-01/TD/11f/46363oh.cha,Gillam,TD,TD,female,eng,Built from labeled CHAT folder structure.,135.0,74,5.946,5.432,0.4771,398,0,0.0,0,1,0.027,1,0.0135,0,0,0.0,1,0,2,0.0,0,1,6.0667,74.0,1.0,0.0,7,0.0142,0.0,0,0.0135,74,449,6.0676,0.4143
Gillam:46375oh,Gillam:TD:11f,data/curated/english_child_transcripts/Gillam/download_2026-06-01/TD/11f/46375oh.cha,Gillam,TD,TD,female,eng,Built from labeled CHAT folder structure.,135.0,41,10.098,9.829,0.4457,403,1,0.0244,0,0,0.0,0,0.0,0,0,0.0,0,0,0,0.0,0,0,10.3902,0.0,0.0,0.0,1,0.0,0.0,1,0.0,41,426,10.3902,0.4108
Gillam:46730nj,Gillam:TD:11f,data/curated/english_child_transcripts/Gillam/download_2026-06-01/TD/11f/46730nj.cha,Gillam,TD,TD,female,eng,Built from labeled CHAT folder structure.,137.0,56,11.232,11.054,0.4657,619,2,0.0357,0,0,0.0,0,0.0,0,0,0.0,1,0,2,0.0,0,1,11.5263,56.0,1.0,0.0,1,0.0,0.0,2,0.0,56,656,11.7143,0.375
Gillam:46796ca,Gillam:TD:11f,data/curated/english_child_transcripts/Gillam/download_2026-06-01/TD/11f/46796ca.cha,Gillam,TD,TD,female,eng,Built from labeled CHAT folder structure.,142.0,35,8.343,8.2,0.4739,287,0,0.0,0,0,0.0,0,0.0,0,0,0.0,1,0,2,0.0,0,1,8.4444,35.0,1.0,0.0,1,0.0048,0.0,0,0.0286,35,302,8.6286,0.4603
Gillam:46797ca,Gillam:TD:11f,data/curated/english_child_transcripts/Gillam/download_2026-06-01/TD/11f/46797ca.cha,Gillam,TD,TD,female,eng,Built from labeled CHAT folder structure.,138.0,70,8.414,8.214,0.4029,575,0,0.0,0,0,0.0143,0,0.0,0,0,0.0,4,0,8,0.0,0,4,8.8784,17.5,1.0,0.0,5,0.0133,0.0,0,0.0286,70,635,9.0714,0.3291
Gillam:46882ca,Gillam:TD:11f,data/curated/english_child_transcripts/Gillam/download_2026-06-01/TD/11f/46882ca.cha,Gillam,TD,TD,female,eng,Built from labeled CHAT folder structure.,139.0,58,9.931,9.517,0.4743,552,0,0.0,0,1,0.0172,0,0.0,0,0,0.0,1,0,2,0.0,0,1,11.3898,58.0,1.0,1.0,4,0.0,0.0,0,0.0,58,661,11.3966,0.3828
Gillam:46924wy,Gillam:TD:11f,data/curated/english_child_transcripts/Gillam/download_2026-06-01/TD/11f/46924wy.cha,Gillam,TD,TD,female,eng,Built from labeled CHAT folder structure.,134.0,37,9.703,9.568,0.4914,354,0,0.0,0,0,0.0,0,0.0,0,0,0.0,0,0,0,0.0,0,0,9.9189,0.0,0.0,0.0,0,0.0,0.0,0,0.0,37,367,9.9189,0.485
Gillam:46925wy,Gillam:TD:11f,data/curated/english_child_transcripts/Gillam/download_2026-06-01/TD/11f/46925wy.cha,Gillam,TD,TD,female,eng,Built from labeled CHAT folder structure.,134.0,34,9.382,9.059,0.4903,308,0,0.0,0,0,0.0588,0,0.0,0,0,0.0,1,0,2,0.0,0,1,9.8286,34.0,1.0,1.0,1,0.0,0.0,0,0.0294,34,333,9.7941,0.4715
Gillam:46976wy,Gillam:TD:11f,data/curated/english_child_transcripts/Gillam/download_2026-06-01/TD/11f/46976wy.cha,Gillam,TD,TD,female,eng,Built from labeled CHAT folder structure.,135.0,41,8.732,8.512,0.4413,349,0,0.0,0,0,0.0732,0,0.0,0,0,0.0,0,0,0,0.0,0,0,9.4634,0.0,0.0,0.0,3,0.0,0.0244,0,0.0,41,388,9.4634,0.4227
Gillam:47017wy,Gillam:TD:11f,data/curated/english_child_transcripts/Gillam/download_2026-06-01/TD/11f/47017wy.cha,Gillam,TD,TD,female,eng,Built from labeled CHAT folder structure.,139.0,36,9.806,9.444,0.4853,340,0,0.0,0,0,0.0,0,0.0,1,0,0.0,0,0,0,0.0,0,0,12.4444,0.0,0.0,0.0,4,0.0,0.0556,0,0.0,36,448,12.4444,0.4107
Gillam:47026wy,Gillam:TD:11f,data/curated/english_child_transcripts/Gillam/download_2026-06-01/TD/11f/47026wy.cha,Gillam,TD,TD,female,eng,Built from labeled CHAT folder structure.,138.0,26,10.269,10.192,0.4981,265,0,0.0,0,0,0.0,0,0.0,0,0,0.0,0,0,0,0.0,0,0,10.4231,0.0,0.0,0.0,0,0.0,0.0,0,0.0,26,271,10.4231,0.4945
Gillam:47029wy,Gillam:TD:11f,data/curated/english_child_transcripts/Gillam/download_2026-06-01/TD/11f/47029wy.cha,Gillam,TD,TD,female,eng,Built from labeled CHAT folder structure.,143.0,42,9.524,9.357,0.4857,393,0,0.0,0,0,0.0,0,0.0,0,0,0.0,1,0,1,0.0,0,1,10.0465,42.0,0.0,0.0,2,0.0,0.0,0,0.0,42,421,10.0238,0.4584
Gillam:47030wy,Gillam:TD:11f,data/curated/english_child_transcripts/Gillam/download_2026-06-01/TD/11f/47030wy.cha,Gillam,TD,TD,female,eng,Built from labeled CHAT folder structure.,139.0,53,8.962,8.642,0.4714,458,1,0.0189,0,0,0.0377,0,0.0,0,0,0.0,1,0,2,0.0,0,1,9.3704,53.0,1.0,1.0,5,0.0,0.0,1,0.0,53,495,9.3396,0.4162
Gillam:48649v,Gillam:TD:11f,data/curated/english_child_transcripts/Gillam/download_2026-06-01/TD/11f/48649v.cha,Gillam,TD,TD,female,eng,Built from labeled CHAT folder structure.,135.0,26,7.346,7.115,0.5784,185,0,0.0,0,0,0.0,0,0.0,0,0,0.0,0,0,0,0.0,0,0,7.3462,0.0,0.0,0.0,0,0.0,0.0,0,0.0,26,191,7.3462,0.5602
Gillam:57260tx,Gillam:TD:11f,data/curated/english_child_transcripts/Gillam/download_2026-06-01/TD/11f/57260tx.cha,Gillam,TD,TD,female,eng,Built from labeled CHAT folder structure.,132.0,26,11.115,10.962,0.5018,275,0,0.0,0,0,0.0,0,0.0,0,0,0.0,2,0,3,0.0,0,2,10.7857,13.0,1.0,1.0,2,0.0173,0.0,0,0.0385,26,290,11.1538,0.5103
Gillam:57287tx,Gillam:TD:11f,data/curated/english_child_transcripts/Gillam/download_2026-06-01/TD/11f/57287tx.cha,Gillam,TD,TD,female,eng,Built from labeled CHAT folder structure.,132.0,63,7.159,6.984,0.4514,440,0,0.0,0,0,0.0,0,0.0,1,0,0.0,2,0,4,0.0,0,2,8.0154,31.5,1.0,1.0,10,0.021,0.0159,0,0.0,63,503,7.9841,0.3718
Gillam:39664tx,Gillam:TD:11m,data/curated/english_child_transcripts/Gillam/download_2026-06-01/TD/11m/39664tx.cha,Gillam,TD,TD,male,eng,Built from labeled CHAT folder structure.,137.0,59,8.729,8.61,0.4829,508,0,0.0,0,0,0.0678,0,0.0,0,0,0.0,0,0,0,0.0,0,0,9.2542,0.0,0.0,0.0,4,0.0,0.0,0,0.0,59,546,9.2542,0.4158
Gillam:39665tx,Gillam:TD:11m,data/curated/english_child_transcripts/Gillam/download_2026-06-01/TD/11m/39665tx.cha,Gillam,TD,TD,male,eng,Built from labeled CHAT folder structure.,135.0,29,9.103,8.828,0.5352,256,0,0.0,0,0,0.0,0,0.0,0,0,0.0,0,0,0,0.0,1,0,9.1034,0.0,0.0,0.0,1,0.0,0.0,0,0.0,29,264,9.1034,0.5379
Gillam:39675tx,Gillam:TD:11m,data/curated/english_child_transcripts/Gillam/download_2026-06-01/TD/11m/39675tx.cha,Gillam,TD,TD,male,eng,Built from labeled CHAT folder structure.,142.0,50,9.18,9.16,0.4029,458,0,0.0,0,0,0.0,0,0.0,0,0,0.0,0,0,0,0.0,0,0,10.12,0.0,0.0,0.0,5,0.0,0.0,0,0.02,50,506,10.12,0.3755
Gillam:39717tx,Gillam:TD:11m,data/curated/english_child_transcripts/Gillam/download_2026-06-01/TD/11m/39717tx.cha,Gillam,TD,TD,male,eng,Built from labeled CHAT folder structure.,136.0,43,8.93,8.791,0.4543,378,0,0.0,0,0,0.0233,0,0.0,0,0,0.0,0,0,0,0.0,0,0,9.6977,0.0,0.0,0.0,5,0.0,0.0,0,0.0698,43,417,9.6977,0.4125
Gillam:41643pa,Gillam:TD:11m,data/curated/english_child_transcripts/Gillam/download_2026-06-01/TD/11m/41643pa.cha,Gillam,TD,TD,male,eng,Built from labeled CHAT folder structure.,138.0,44,8.682,8.023,0.44,351,0,0.0,0,0,0.0227,0,0.0,0,0,0.0,6,0,12,0.0,0,6,8.36,7.3333,1.0,0.0,11,0.0,0.0,0,0.0682,44,412,9.3636,0.4053
Gillam:46116v,Gillam:TD:11m,data/curated/english_child_transcripts/Gillam/download_2026-06-01/TD/11m/46116v.cha,Gillam,TD,TD,male,eng,Built from labeled CHAT folder structure.,136.0,28,7.321,7.071,0.5253,198,0,0.0,0,0,0.0,0,0.0,0,0,0.0,5,0,8,0.0,0,5,7.1515,5.6,0.8,0.0,4,0.0414,0.0,0,0.0357,28,214,7.6429,0.5047
Gillam:46132v,Gillam:TD:11m,data/curated/english_child_transcripts/Gillam/download_2026-06-01/TD/11m/46132v.cha,Gillam,TD,TD,male,eng,Built from labeled CHAT folder structure.,137.0,46,8.891,8.609,0.44,396,1,0.0217,0,0,0.0217,0,0.0,0,0,0.0,0,0,0,0.0,0,0,9.587,0.0,0.0,0.0,1,0.0,0.0,2,0.0,46,441,9.587,0.3923
Gillam:46155v,Gillam:TD:11m,data/curated/english_child_transcripts/Gillam/download_2026-06-01/TD/11m/46155v.cha,Gillam,TD,TD,male,eng,Built from labeled CHAT folder structure.,137.0,46,9.5,9.304,0.4771,428,3,0.0652,0,0,0.0217,0,0.0,0,0,0.0,0,0,0,0.0,0,0,10.3696,0.0,0.0,0.0,3,0.0,0.0,3,0.0,46,477,10.3696,0.4507
Gillam:46210wy,Gillam:TD:11m,data/curated/english_child_transcripts/Gillam/download_2026-06-01/TD/11m/46210wy.cha,Gillam,TD,TD,male,eng,Built from labeled CHAT folder structure.,138.0,43,9.744,9.628,0.4743,414,0,0.0,0,0,0.0,0,0.0,0,0,0.0,0,0,0,0.0,0,0,10.6047,0.0,0.0,0.0,2,0.0,0.0,0,0.0233,43,456,10.6047,0.4189
Gillam:46212wy,Gillam:TD:11m,data/curated/english_child_transcripts/Gillam/download_2026-06-01/TD/11m/46212wy.cha,Gillam,TD,TD,male,eng,Built from labeled CHAT folder structure.,140.0,36,10.583,10.417,0.4714,375,0,0.0,0,0,0.0,0,0.0,0,0,0.0,0,0,0,0.0,0,0,11.1667,0.0,0.0,0.0,1,0.0,0.0,0,0.0,36,402,11.1667,0.4478
Gillam:46371oh,Gillam:TD:11m,data/curated/english_child_transcripts/Gillam/download_2026-06-01/TD/11m/46371oh.cha,Gillam,TD,TD,male,eng,Built from labeled CHAT folder structure.,136.0,49,8.449,8.306,0.4457,407,0,0.0,0,0,0.0204,0,0.0,0,0,0.0,0,0,0,0.0,0,0,9.2653,0.0,0.0,0.0,5,0.0,0.0,0,0.0204,49,454,9.2653,0.4009
Gillam:46373oh,Gillam:TD:11m,data/curated/english_child_transcripts/Gillam/download_2026-06-01/TD/11m/46373oh.cha,Gillam,TD,TD,male,eng,Built from labeled CHAT folder structure.,134.0,51,9.882,9.51,0.5,485,0,0.0,0,0,0.0,0,0.0,0,0,0.0,8,0,16,0.0,0,8,9.2373,6.375,1.0,0.0,1,0.0,0.0,0,0.0196,51,537,10.5294,0.4264
Gillam:46636nj,Gillam:TD:11m,data/curated/english_child_transcripts/Gillam/download_2026-06-01/TD/11m/46636nj.cha,Gillam,TD,TD,male,eng,Built from labeled CHAT folder structure.,139.0,53,10.698,10.491,0.5143,535,0,0.0,0,2,0.0,0,0.0,0,0,0.0,0,0,0,0.0,0,0,11.9623,0.0,0.0,0.0,8,0.0,0.0,0,0.0,53,634,11.9623,0.4306
Gillam:46649nj,Gillam:TD:11m,data/curated/english_child_transcripts/Gillam/download_2026-06-01/TD/11m/46649nj.cha,Gillam,TD,TD,male,eng,Built from labeled CHAT folder structure.,134.0,48,9.271,9.062,0.4371,435,0,0.0,0,0,0.0208,0,0.0,0,0,0.0,0,0,0,0.0,0,0,9.8958,0.0,0.0,0.0,0,0.0,0.0208,0,0.0208,48,475,9.8958,0.3979
Gillam:46734nj,Gillam:TD:11m,data/curated/english_child_transcripts/Gillam/download_2026-06-01/TD/11m/46734nj.cha,Gillam,TD,TD,male,eng,Built from labeled CHAT folder structure.,138.0,48,8.854,8.688,0.4114,417,1,0.0208,0,0,0.0,0,0.0,0,0,0.0,0,0,0,0.0,0,0,10.625,0.0,0.0,0.0,7,0.0,0.0,1,0.0,48,510,10.625,0.3333
Gillam:46754nj,Gillam:TD:11m,data/curated/english_child_transcripts/Gillam/download_2026-06-01/TD/11m/46754nj.cha,Gillam,TD,TD,male,eng,Built from labeled CHAT folder structure.,137.0,68,7.882,7.706,0.4686,524,1,0.0147,0,0,0.0588,0,0.0,0,0,0.0,4,0,4,0.0,0,4,8.5,17.0,0.5,0.0,11,0.0,0.0,1,0.0147,68,602,8.8529,0.3721
Gillam:46757nj,Gillam:TD:11m,data/curated/english_child_transcripts/Gillam/download_2026-06-01/TD/11m/46757nj.cha,Gillam,TD,TD,male,eng,Built from labeled CHAT folder structure.,135.0,63,8.603,8.381,0.42,528,0,0.0,0,0,0.0159,0,0.0,0,0,0.0,0,0,0,0.0,0,0,9.2698,0.0,0.0,0.0,4,0.0,0.0,0,0.0159,63,584,9.2698,0.375
Gillam:46781ca,Gillam:TD:11m,data/curated/english_child_transcripts/Gillam/download_2026-06-01/TD/11m/46781ca.cha,Gillam,TD,TD,male,eng,Built from labeled CHAT folder structure.,140.0,33,12.455,12.182,0.4771,402,0,0.0,0,0,0.0,0,0.0,0,0,0.0,0,0,0,0.0,0,0,14.4242,0.0,0.0,0.0,2,0.0,0.0,0,0.0,33,476,14.4242,0.4139
Gillam:46794ca,Gillam:TD:11m,data/curated/english_child_transcripts/Gillam/download_2026-06-01/TD/11m/46794ca.cha,Gillam,TD,TD,male,eng,Built from labeled CHAT folder structure.,138.0,42,7.333,7.119,0.4749,298,7,0.1667,0,0,0.0238,0,0.0,0,0,0.0,11,0,19,0.0,0,11,7.0566,3.8182,0.8182,0.6667,3,0.042,0.0,9,0.119,42,334,7.9524,0.4671
Gillam:46795ca,Gillam:TD:11m,data/curated/english_child_transcripts/Gillam/download_2026-06-01/TD/11m/46795ca.cha,Gillam,TD,TD,male,eng,Built from labeled CHAT folder structure.,139.0,23,7.478,7.217,0.5422,166,1,0.0435,0,0,0.0,0,0.0,0,0,0.0,0,0,0,0.0,0,0,8.4348,0.0,0.0,0.0,2,0.0,0.0,2,0.0435,23,194,8.4348,0.5
Gillam:46798ca,Gillam:TD:11m,data/curated/english_child_transcripts/Gillam/download_2026-06-01/TD/11m/46798ca.cha,Gillam,TD,TD,male,eng,Built from labeled CHAT folder structure.,140.0,31,9.452,9.355,0.4759,290,0,0.0,0,0,0.0,0,0.0,0,0,0.0,0,0,0,0.0,0,0,10.4839,0.0,0.0,0.0,2,0.0,0.0,0,0.0323,31,325,10.4839,0.4523
Gillam:46810ca,Gillam:TD:11m,data/curated/english_child_transcripts/Gillam/download_2026-06-01/TD/11m/46810ca.cha,Gillam,TD,TD,male,eng,Built from labeled CHAT folder structure.,138.0,45,6.978,6.844,0.4448,307,2,0.0444,0,0,0.0222,0,0.0,0,0,0.0,2,0,4,0.0,0,2,7.2979,22.5,1.0,0.0,2,0.0227,0.0,3,0.0222,45,341,7.5778,0.4106
Gillam:46883ca,Gillam:TD:11m,data/curated/english_child_transcripts/Gillam/download_2026-06-01/TD/11m/46883ca.cha,Gillam,TD,TD,male,eng,Built from labeled CHAT folder structure.,139.0,51,8.765,8.549,0.4457,436,0,0.0,0,0,0.0588,0,0.0,0,0,0.0,0,0,0,0.0,0,0,9.6275,0.0,0.0,0.0,2,0.0,0.0,0,0.0,51,491,9.6275,0.3768
Gillam:46908ca,Gillam:TD:11m,data/curated/english_child_transcripts/Gillam/download_2026-06-01/TD/11m/46908ca.cha,Gillam,TD,TD,male,eng,Built from labeled CHAT folder structure.,139.0,64,7.297,7.156,0.4571,458,0,0.0,0,1,0.125,0,0.0,0,0,0.0,1,0,2,0.0,0,1,7.6923,64.0,1.0,1.0,4,0.0,0.0,0,0.0312,64,498,7.7812,0.4036
Gillam:46910ca,Gillam:TD:11m,data/curated/english_child_transcripts/Gillam/download_2026-06-01/TD/11m/46910ca.cha,Gillam,TD,TD,male,eng,Built from labeled CHAT folder structure.,133.0,39,8.0,7.846,0.4346,306,0,0.0,0,0,0.0513,0,0.0,0,0,0.0,23,0,36,0.0,0,23,6.2903,1.6957,0.7826,0.5,5,0.0074,0.0,0,0.0513,39,338,8.6667,0.4142
Gillam:55635co,Gillam:TD:11m,data/curated/english_child_transcripts/Gillam/download_2026-06-01/TD/11m/55635co.cha,Gillam,TD,TD,male,eng,Built from labeled CHAT folder structure.,138.0,70,7.557,7.229,0.4686,506,2,0.0286,0,0,0.0286,0,0.0,0,0,0.0,0,0,0,0.0,0,0,8.3143,0.0,0.0,0.0,6,0.0,0.0,2,0.0429,70,582,8.3143,0.3849
Gillam:57271tx,Gillam:TD:11m,data/curated/english_child_transcripts/Gillam/download_2026-06-01/TD/11m/57271tx.cha,Gillam,TD,TD,male,eng,Built from labeled CHAT folder structure.,143.0,32,9.438,9.125,0.4623,292,0,0.0,0,0,0.0,0,0.0,0,0,0.0,0,0,0,0.0,0,0,11.9062,0.0,0.0,0.0,5,0.0,0.0,0,0.0312,32,381,11.9062,0.4094
Gillam:28787tx,Gillam:TD:5f,data/curated/english_child_transcripts/Gillam/download_2026-06-01/TD/5f/28787tx.cha,Gillam,TD,TD,female,eng,Built from labeled CHAT folder structure.,66.0,28,6.536,6.036,0.568,169,0,0.0,0,0,0.0,0,0.0,0,0,0.0,4,0,6,0.0,0,4,6.0938,7.0,0.75,1.0,4,0.0222,0.0,0,0.0714,28,185,6.6071,0.5351
Gillam:28788tx,Gillam:TD:5f,data/curated/english_child_transcripts/Gillam/download_2026-06-01/TD/5f/28788tx.cha,Gillam,TD,TD,female,eng,Built from labeled CHAT folder structure.,71.0,26,6.808,6.731,0.56,175,1,0.0385,0,0,0.0,1,0.0385,0,0,0.0,3,0,4,0.0,0,3,7.2759,8.6667,0.6667,0.6667,3,0.0852,0.0,1,0.0769,26,182,7.0,0.544
Gillam:28793tx,Gillam:TD:5f,data/curated/english_child_transcripts/Gillam/download_2026-06-01/TD/5f/28793tx.cha,Gillam,TD,TD,female,eng,Built from labeled CHAT folder structure.,69.0,27,4.63,4.741,0.6172,120,0,0.0,0,0,0.0,0,0.0,0,0,0.0,15,0,24,0.0,0,15,4.9286,1.8,0.8,0.875,1,0.0176,0.0,0,0.037,27,129,4.7778,0.6279
Gillam:28799tx,Gillam:TD:5f,data/curated/english_child_transcripts/Gillam/download_2026-06-01/TD/5f/28799tx.cha,Gillam,TD,TD,female,eng,Built from labeled CHAT folder structure.,65.0,20,7.75,7.7,0.4805,154,0,0.0,0,0,0.0,0,0.0,0,0,0.0,0,0,0,0.0,0,0,8.65,0.0,0.0,0.0,0,0.0,0.0,0,0.1,20,173,8.65,0.4566
Gillam:31218tx,Gillam:TD:5f,data/curated/english_child_transcripts/Gillam/download_2026-06-01/TD/5f/31218tx.cha,Gillam,TD,TD,female,eng,Built from labeled CHAT folder structure.,70.0,38,8.579,8.289,0.4032,315,0,0.0,0,0,0.0,0,0.0,0,0,0.0,1,0,2,0.0,0,1,8.7949,38.0,1.0,0.0,1,0.0,0.0,0,0.0263,38,342,9.0,0.3947
Gillam:31223tx,Gillam:TD:5f,data/curated/english_child_transcripts/Gillam/download_2026-06-01/TD/5f/31223tx.cha,Gillam,TD,TD,female,eng,Built from labeled CHAT folder structure.,67.0,30,7.867,7.667,0.5261,230,0,0.0,0,0,0.0,0,0.0,0,0,0.0,7,0,8,0.0,0,7,8.2162,4.2857,0.5714,0.5,2,0.0566,0.0,0,0.0,30,259,8.6333,0.5097
Gillam:31225tx,Gillam:TD:5f,data/curated/english_child_transcripts/Gillam/download_2026-06-01/TD/5f/31225tx.cha,Gillam,TD,TD,female,eng,Built from labeled CHAT folder structure.,69.0,30,8.467,8.333,0.44,250,0,0.0,0,0,0.0333,0,0.0,0,0,0.0,0,0,0,0.0,0,0,9.0333,0.0,0.0,0.0,2,0.0,0.0,0,0.0667,30,271,9.0333,0.428
Gillam:39602oh,Gillam:TD:5f,data/curated/english_child_transcripts/Gillam/download_2026-06-01/TD/5f/39602oh.cha,Gillam,TD,TD,female,eng,Built from labeled CHAT folder structure.,67.0,31,6.903,6.677,0.5217,207,0,0.0,0,0,0.0645,0,0.0,0,0,0.0,1,0,2,0.0,0,1,6.8125,31.0,1.0,1.0,1,0.0,0.0,0,0.0,31,216,6.9677,0.5139
Gillam:39603oh,Gillam:TD:5f,data/curated/english_child_transcripts/Gillam/download_2026-06-01/TD/5f/39603oh.cha,Gillam,TD,TD,female,eng,Built from labeled CHAT folder structure.,68.0,41,5.415,5.122,0.4476,210,1,0.0244,0,0,0.0244,0,0.0,0,0,0.0,19,0,32,0.0,0,19,5.25,2.1579,0.8421,1.0,2,0.0468,0.0,3,0.0244,41,247,6.0244,0.4049
Gillam:39604oh,Gillam:TD:5f,data/curated/english_child_transcripts/Gillam/download_2026-06-01/TD/5f/39604oh.cha,Gillam,TD,TD,female,eng,Built from labeled CHAT folder structure.,69.0,35,5.914,5.8,0.532,203,0,0.0,0,0,0.0286,0,0.0,0,0,0.0,9,0,18,0.0,0,9,5.8182,3.8889,1.0,1.0,3,0.0143,0.0,0,0.0286,35,210,6.0,0.5286
Gillam:41597ny,Gillam:TD:5f,data/curated/english_child_transcripts/Gillam/download_2026-06-01/TD/5f/41597ny.cha,Gillam,TD,TD,female,eng,Built from labeled CHAT folder structure.,63.0,36,7.667,7.444,0.4739,268,2,0.0556,0,0,0.0,0,0.0,0,0,0.0,6,0,10,0.0,0,6,7.8571,6.0,0.8333,0.8333,1,0.0668,0.0,4,0.0,36,286,7.9444,0.465
Gillam:41615md,Gillam:TD:5f,data/curated/english_child_transcripts/Gillam/download_2026-06-01/TD/5f/41615md.cha,Gillam,TD,TD,female,eng,Built from labeled CHAT folder structure.,63.0,49,7.184,7.0,0.4315,343,0,0.0,0,0,0.102,1,0.0204,0,0,0.0,13,0,22,0.0,0,13,6.629,3.7692,0.8462,1.0,2,0.0093,0.0408,0,0.0408,49,373,7.6122,0.4129
Gillam:41649pa,Gillam:TD:5f,data/curated/english_child_transcripts/Gillam/download_2026-06-01/TD/5f/41649pa.cha,Gillam,TD,TD,female,eng,Built from labeled CHAT folder structure.,66.0,31,7.323,7.032,0.4495,218,4,0.129,0,0,0.0645,0,0.0,0,0,0.0,17,0,28,0.0,0,17,5.7708,1.8235,0.8235,1.0,2,0.0415,0.0,4,0.0,31,230,7.4194,0.4391
Gillam:41714oh,Gillam:TD:5f,data/curated/english_child_transcripts/Gillam/download_2026-06-01/TD/5f/41714oh.cha,Gillam,TD,TD,female,eng,Built from labeled CHAT folder structure.,67.0,32,8.531,8.281,0.434,265,0,0.0,0,0,0.0,0,0.0,0,0,0.0,8,0,13,0.0,0,8,7.575,4.0,0.75,1.0,4,0.0021,0.0,0,0.0625,32,288,9.0,0.4028
Gillam:46643nj,Gillam:TD:5f,data/curated/english_child_transcripts/Gillam/download_2026-06-01/TD/5f/46643nj.cha,Gillam,TD,TD,female,eng,Built from labeled CHAT folder structure.,69.0,42,8.786,8.548,0.42,359,0,0.0,0,0,0.0476,0,0.0,0,0,0.0,0,0,0,0.0,0,0,10.4762,0.0,0.0,0.0,21,0.0,0.0,0,0.0,42,440,10.4762,0.3705
Gillam:46703nj,Gillam:TD:5f,data/curated/english_child_transcripts/Gillam/download_2026-06-01/TD/5f/46703nj.cha,Gillam,TD,TD,female,eng,Built from labeled CHAT folder structure.,67.0,24,7.5,7.25,0.5632,174,0,0.0,0,0,0.0417,0,0.0,0,0,0.0,5,0,8,0.0,0,5,7.931,4.8,0.8,1.0,3,0.0788,0.0,0,0.0,24,196,8.1667,0.5204
Gillam:46905ca,Gillam:TD:5f,data/curated/english_child_transcripts/Gillam/download_2026-06-01/TD/5f/46905ca.cha,Gillam,TD,TD,female,eng,Built from labeled CHAT folder structure.,60.0,35,6.514,6.343,0.4505,222,0,0.0,0,0,0.0,0,0.0,0,0,0.0,9,0,18,0.0,0,9,6.8636,3.8889,1.0,1.0,9,0.0082,0.0,0,0.0286,35,279,7.9714,0.3943
Gillam:46937wy,Gillam:TD:5f,data/curated/english_child_transcripts/Gillam/download_2026-06-01/TD/5f/46937wy.cha,Gillam,TD,TD,female,eng,Built from labeled CHAT folder structure.,65.0,20,6.6,6.25,0.528,125,0,0.0,0,0,0.0,0,0.0,0,0,0.0,3,0,5,0.0,0,3,6.6522,6.6667,1.0,1.0,1,0.0056,0.0,0,0.0,20,138,6.9,0.4928
Gillam:46943wy,Gillam:TD:5f,data/curated/english_child_transcripts/Gillam/download_2026-06-01/TD/5f/46943wy.cha,Gillam,TD,TD,female,eng,Built from labeled CHAT folder structure.,71.0,31,8.742,8.484,0.4677,263,0,0.0,0,0,0.0323,0,0.0,0,0,0.0,0,0,0,0.0,0,0,9.5161,0.0,0.0,0.0,0,0.0,0.0,0,0.0,31,295,9.5161,0.4508
Gillam:46945wy,Gillam:TD:5f,data/curated/english_child_transcripts/Gillam/download_2026-06-01/TD/5f/46945wy.cha,Gillam,TD,TD,female,eng,Built from labeled CHAT folder structure.,68.0,23,5.609,5.391,0.6452,124,0,0.0,0,0,0.0435,0,0.0,0,0,0.0,6,0,10,0.0,0,6,5.6552,3.8333,0.8333,0.6667,0,0.0883,0.0,0,0.0435,23,128,5.5652,0.6406
Gillam:46958wy,Gillam:TD:5f,data/curated/english_child_transcripts/Gillam/download_2026-06-01/TD/5f/46958wy.cha,Gillam,TD,TD,female,eng,Built from labeled CHAT folder structure.,70.0,29,5.793,5.655,0.5915,164,1,0.0345,0,0,0.0345,0,0.0,0,0,0.0,1,0,2,0.0,0,1,6.4667,29.0,1.0,1.0,3,0.0508,0.0,1,0.069,29,179,6.1724,0.5642
Gillam:46961wy,Gillam:TD:5f,data/curated/english_child_transcripts/Gillam/download_2026-06-01/TD/5f/46961wy.cha,Gillam,TD,TD,female,eng,Built from labeled CHAT folder structure.,69.0,26,8.269,8.154,0.533,212,0,0.0,0,0,0.0,0,0.0,0,0,0.0,1,0,2,0.0,0,1,8.9259,26.0,1.0,1.0,4,0.0,0.0,0,0.0,26,230,8.8462,0.513
Gillam:47497tx,Gillam:TD:5f,data/curated/english_child_transcripts/Gillam/download_2026-06-01/TD/5f/47497tx.cha,Gillam,TD,TD,female,eng,Built from labeled CHAT folder structure.,69.0,34,7.118,7.059,0.4583,240,1,0.0294,0,0,0.0588,0,0.0,0,0,0.0,6,0,10,0.0,0,6,8.175,5.6667,0.8333,1.0,7,0.0208,0.0,1,0.0588,34,309,9.0882,0.411
Gillam:48554va,Gillam:TD:5f,data/curated/english_child_transcripts/Gillam/download_2026-06-01/TD/5f/48554va.cha,Gillam,TD,TD,female,eng,Built from labeled CHAT folder structure.,67.0,26,7.423,7.385,0.5208,192,0,0.0,0,0,0.0,0,0.0,0,0,0.0,0,0,0,0.0,0,0,7.7692,0.0,0.0,0.0,0,0.0,0.0,0,0.0,26,202,7.7692,0.5099
Gillam:28771tx,Gillam:TD:5m,data/curated/english_child_transcripts/Gillam/download_2026-06-01/TD/5m/28771tx.cha,Gillam,TD,TD,male,eng,Built from labeled CHAT folder structure.,69.0,16,6.125,5.75,0.6304,92,0,0.0,0,0,0.0,0,0.0,0,0,0.0,1,0,2,0.0,0,1,5.5882,16.0,1.0,0.0,0,0.0,0.0,0,0.0,16,94,5.875,0.617
Gillam:28773tx,Gillam:TD:5m,data/curated/english_child_transcripts/Gillam/download_2026-06-01/TD/5m/28773tx.cha,Gillam,TD,TD,male,eng,Built from labeled CHAT folder structure.,63.0,33,5.758,5.545,0.4754,183,1,0.0303,0,0,0.0303,0,0.0,0,0,0.0,11,0,18,0.0,5,11,5.0227,3.0,0.8182,1.0,4,0.0286,0.0,1,0.0303,33,203,6.1515,0.4729
Gillam:28779tx,Gillam:TD:5m,data/curated/english_child_transcripts/Gillam/download_2026-06-01/TD/5m/28779tx.cha,Gillam,TD,TD,male,eng,Built from labeled CHAT folder structure.,66.0,37,6.27,5.865,0.5207,217,0,0.0,0,0,0.1892,0,0.0,0,0,0.0,14,0,28,0.0,0,14,6.8824,2.6429,1.0,1.0,7,0.0408,0.0,0,0.1351,37,254,6.8649,0.4921
Gillam:28790tx,Gillam:TD:5m,data/curated/english_child_transcripts/Gillam/download_2026-06-01/TD/5m/28790tx.cha,Gillam,TD,TD,male,eng,Built from labeled CHAT folder structure.,64.0,22,6.591,6.455,0.493,142,0,0.0,0,0,0.0909,0,0.0,0,0,0.0,2,0,4,0.0,0,2,7.4583,11.0,1.0,1.0,1,0.0996,0.0,0,0.0,22,157,7.1364,0.4586
Gillam:28800tx,Gillam:TD:5m,data/curated/english_child_transcripts/Gillam/download_2026-06-01/TD/5m/28800tx.cha,Gillam,TD,TD,male,eng,Built from labeled CHAT folder structure.,71.0,16,5.375,5.125,0.6341,82,0,0.0,0,0,0.0,0,0.0,0,0,0.0,7,0,12,0.0,0,7,5.5217,2.2857,0.8571,1.0,2,0.0342,0.0,0,0.0,16,94,5.875,0.5851
Gillam:31217tx,Gillam:TD:5m,data/curated/english_child_transcripts/Gillam/download_2026-06-01/TD/5m/31217tx.cha,Gillam,TD,TD,male,eng,Built from labeled CHAT folder structure.,67.0,33,7.121,7.03,0.4784,232,0,0.0,0,0,0.0,0,0.0,0,0,0.0,1,0,2,0.0,0,1,7.7059,33.0,1.0,1.0,3,0.0884,0.0,0,0.0,33,251,7.6061,0.4661
Gillam:31226tx,Gillam:TD:5m,data/curated/english_child_transcripts/Gillam/download_2026-06-01/TD/5m/31226tx.cha,Gillam,TD,TD,male,eng,Built from labeled CHAT folder structure.,66.0,31,6.839,6.742,0.4306,209,0,0.0,0,0,0.0,0,0.0,0,0,0.0,2,0,4,0.0,0,2,7.1818,15.5,1.0,1.0,0,0.1232,0.0,0,0.0968,31,223,7.1935,0.417
Gillam:31228tx,Gillam:TD:5m,data/curated/english_child_transcripts/Gillam/download_2026-06-01/TD/5m/31228tx.cha,Gillam,TD,TD,male,eng,Built from labeled CHAT folder structure.,64.0,18,6.833,6.667,0.625,120,0,0.0,0,0,0.1667,1,0.0556,0,0,0.0,4,0,5,0.0,0,4,7.0,4.5,0.5,0.6667,1,0.0456,0.0,0,0.0,18,128,7.1111,0.6172
Gillam:31248tx,Gillam:TD:5m,data/curated/english_child_transcripts/Gillam/download_2026-06-01/TD/5m/31248tx.cha,Gillam,TD,TD,male,eng,Built from labeled CHAT folder structure.,71.0,28,7.571,7.357,0.466,206,0,0.0,0,0,0.0,0,0.0,0,0,0.0,3,0,6,0.0,0,3,9.3226,9.3333,1.0,1.0,10,0.0,0.0,0,0.1071,28,276,9.8571,0.4022
Gillam:31249tx,Gillam:TD:5m,data/curated/english_child_transcripts/Gillam/download_2026-06-01/TD/5m/31249tx.cha,Gillam,TD,TD,male,eng,Built from labeled CHAT folder structure.,67.0,35,7.657,7.429,0.5154,260,1,0.0286,0,0,0.0286,0,0.0,0,0,0.0,0,0,0,0.0,0,0,8.1143,0.0,0.0,0.0,7,0.0,0.0,1,0.0286,35,284,8.1143,0.5106
Gillam:39608oh,Gillam:TD:5m,data/curated/english_child_transcripts/Gillam/download_2026-06-01/TD/5m/39608oh.cha,Gillam,TD,TD,male,eng,Built from labeled CHAT folder structure.,71.0,22,4.227,3.864,0.6588,84,3,0.1364,0,0,0.0,0,0.0,0,0,0.0,30,0,33,0.0,0,30,4.2692,0.7333,0.5333,0.5833,2,0.0128,0.0,6,0.0,22,86,3.9091,0.6512
Gillam:41598ny,Gillam:TD:5m,data/curated/english_child_transcripts/Gillam/download_2026-06-01/TD/5m/41598ny.cha,Gillam,TD,TD,male,eng,Built from labeled CHAT folder structure.,67.0,10,4.3,4.0,0.85,40,0,0.0,0,0,0.0,0,0.0,0,0,0.0,11,0,10,0.0,0,11,4.6667,0.9091,0.4545,0.5714,0,0.0285,0.0,0,0.0,10,41,4.1,0.8537
Gillam:41612md,Gillam:TD:5m,data/curated/english_child_transcripts/Gillam/download_2026-06-01/TD/5m/41612md.cha,Gillam,TD,TD,male,eng,Built from labeled CHAT folder structure.,66.0,44,5.909,5.705,0.4661,250,1,0.0227,0,0,0.0227,0,0.0,1,0,0.0,25,0,34,0.0,0,25,6.2029,1.76,0.68,0.8667,7,0.0764,0.0227,1,0.0682,44,288,6.5455,0.441
Gillam:41616md,Gillam:TD:5m,data/curated/english_child_transcripts/Gillam/download_2026-06-01/TD/5m/41616md.cha,Gillam,TD,TD,male,eng,Built from labeled CHAT folder structure.,71.0,22,6.955,6.818,0.4867,150,0,0.0,0,0,0.0,0,0.0,0,0,0.0,5,0,10,0.0,0,5,7.1111,4.4,1.0,0.0,4,0.0116,0.0,0,0.0455,22,166,7.5455,0.4699
Gillam:41667pa,Gillam:TD:5m,data/curated/english_child_transcripts/Gillam/download_2026-06-01/TD/5m/41667pa.cha,Gillam,TD,TD,male,eng,Built from labeled CHAT folder structure.,67.0,45,7.511,7.2,0.3673,324,0,0.0,0,0,0.0222,0,0.0,0,0,0.0,0,0,0,0.0,0,0,8.7556,0.0,0.0,0.0,16,0.0,0.0,0,0.0889,45,394,8.7556,0.3299
Gillam:41756me,Gillam:TD:5m,data/curated/english_child_transcripts/Gillam/download_2026-06-01/TD/5m/41756me.cha,Gillam,TD,TD,male,eng,Built from labeled CHAT folder structure.,70.0,46,7.522,7.239,0.4414,333,0,0.0,0,0,0.0217,0,0.0,0,0,0.0,17,0,26,0.0,0,17,6.0,2.7059,0.7647,1.0,1,0.0093,0.0,0,0.0217,46,344,7.4783,0.439
Gillam:46079v,Gillam:TD:5m,data/curated/english_child_transcripts/Gillam/download_2026-06-01/TD/5m/46079v.cha,Gillam,TD,TD,male,eng,Built from labeled CHAT folder structure.,66.0,26,5.5,5.423,0.4894,140,1,0.0385,0,0,0.0,0,0.0,0,0,0.0,5,0,7,0.0,0,5,6.4839,5.2,0.6,0.5,12,0.0417,0.0,2,0.0385,26,178,6.8462,0.4157
Gillam:46186v,Gillam:TD:5m,data/curated/english_child_transcripts/Gillam/download_2026-06-01/TD/5m/46186v.cha,Gillam,TD,TD,male,eng,Built from labeled CHAT folder structure.,71.0,22,5.545,5.364,0.5847,117,1,0.0455,0,0,0.0,1,0.0455,0,0,0.0,0,0,0,0.0,0,0,5.3636,0.0,0.0,0.0,1,0.0,0.0,3,0.0,22,118,5.3636,0.5763
Gillam:46825ca,Gillam:TD:5m,data/curated/english_child_transcripts/Gillam/download_2026-06-01/TD/5m/46825ca.cha,Gillam,TD,TD,male,eng,Built from labeled CHAT folder structure.,64.0,19,3.053,2.789,0.5849,52,0,0.0,0,0,0.0526,1,0.0526,0,0,0.0,35,0,36,0.0,0,35,3.5741,0.5429,0.5143,0.6471,4,0.0205,0.0,0,0.0526,19,54,2.8421,0.5556
Gillam:46906ca,Gillam:TD:5m,data/curated/english_child_transcripts/Gillam/download_2026-06-01/TD/5m/46906ca.cha,Gillam,TD,TD,male,eng,Built from labeled CHAT folder structure.,62.0,51,5.098,4.922,0.4263,251,1,0.0196,0,0,0.0,0,0.0,0,0,0.0,19,0,36,0.0,0,19,5.0286,2.6842,0.9474,0.9167,4,0.0362,0.0,1,0.0588,51,277,5.4314,0.4043
Gillam:46926wy,Gillam:TD:5m,data/curated/english_child_transcripts/Gillam/download_2026-06-01/TD/5m/46926wy.cha,Gillam,TD,TD,male,eng,Built from labeled CHAT folder structure.,69.0,32,8.344,8.125,0.5385,260,2,0.0625,0,0,0.0312,0,0.0,0,0,0.0,0,0,0,0.0,0,0,8.375,0.0,0.0,0.0,1,0.0,0.0312,2,0.0,32,268,8.375,0.5299
Gillam:46952wy,Gillam:TD:5m,data/curated/english_child_transcripts/Gillam/download_2026-06-01/TD/5m/46952wy.cha,Gillam,TD,TD,male,eng,Built from labeled CHAT folder structure.,67.0,24,7.083,6.75,0.6111,162,0,0.0,0,0,0.0,0,0.0,0,0,0.0,3,0,4,0.0,0,3,7.6667,8.0,0.6667,1.0,0,0.0555,0.0,0,0.0,24,180,7.5,0.5889
Gillam:46953wy,Gillam:TD:5m,data/curated/english_child_transcripts/Gillam/download_2026-06-01/TD/5m/46953wy.cha,Gillam,TD,TD,male,eng,Built from labeled CHAT folder structure.,60.0,62,8.806,8.677,0.4657,538,1,0.0161,0,0,0.0,0,0.0,0,0,0.0,0,0,0,0.0,1,0,10.2097,0.0,0.0,0.0,6,0.0,0.0,1,0.0484,62,633,10.2097,0.3586
Gillam:54921co,Gillam:TD:5m,data/curated/english_child_transcripts/Gillam/download_2026-06-01/TD/5m/54921co.cha,Gillam,TD,TD,male,eng,Built from labeled CHAT folder structure.,63.0,32,5.906,5.781,0.5351,184,0,0.0,1,0,0.0,1,0.0312,0,0,0.0,10,0,19,0.0,0,10,6.9762,3.2,0.9,1.0,11,0.0822,0.0,0,0.0,32,236,7.375,0.4492
Gillam:54923co,Gillam:TD:5m,data/curated/english_child_transcripts/Gillam/download_2026-06-01/TD/5m/54923co.cha,Gillam,TD,TD,male,eng,Built from labeled CHAT folder structure.,63.0,33,5.788,5.667,0.5187,187,0,0.0,0,0,0.0909,0,0.0,0,0,0.0,6,0,12,0.0,0,6,6.1026,5.5,1.0,1.0,4,0.0653,0.0,0,0.0606,33,209,6.3333,0.4833
Gillam:28776tx,Gillam:TD:6f,data/curated/english_child_transcripts/Gillam/download_2026-06-01/TD/6f/28776tx.cha,Gillam,TD,TD,female,eng,Built from labeled CHAT folder structure.,77.0,29,6.897,6.793,0.5025,197,0,0.0,0,0,0.0,0,0.0,0,0,0.0,0,0,0,0.0,0,0,7.4828,0.0,0.0,0.0,3,0.0,0.0,0,0.1034,29,217,7.4828,0.47
Gillam:28781tx,Gillam:TD:6f,data/curated/english_child_transcripts/Gillam/download_2026-06-01/TD/6f/28781tx.cha,Gillam,TD,TD,female,eng,Built from labeled CHAT folder structure.,79.0,31,6.871,6.613,0.5415,205,0,0.0,0,0,0.0,0,0.0,0,0,0.0,0,0,0,0.0,0,0,7.5484,0.0,0.0,0.0,2,0.0,0.0,0,0.0,31,234,7.5484,0.5085
Gillam:28782tx,Gillam:TD:6f,data/curated/english_child_transcripts/Gillam/download_2026-06-01/TD/6f/28782tx.cha,Gillam,TD,TD,female,eng,Built from labeled CHAT folder structure.,73.0,41,6.537,6.341,0.4538,260,0,0.0,0,0,0.0,0,0.0,1,0,0.0,1,0,2,0.0,0,1,6.5476,41.0,1.0,0.0,0,0.0,0.0244,0,0.0488,41,274,6.6829,0.4489
Gillam:28798tx,Gillam:TD:6f,data/curated/english_child_transcripts/Gillam/download_2026-06-01/TD/6f/28798tx.cha,Gillam,TD,TD,female,eng,Built from labeled CHAT folder structure.,82.0,44,10.068,9.841,0.4,433,0,0.0,0,0,0.0,0,0.0,0,0,0.0,0,0,0,0.0,0,0,11.4545,0.0,0.0,0.0,8,0.0,0.0,0,0.0227,44,504,11.4545,0.3472
Gillam:31244tx,Gillam:TD:6f,data/curated/english_child_transcripts/Gillam/download_2026-06-01/TD/6f/31244tx.cha,Gillam,TD,TD,female,eng,Built from labeled CHAT folder structure.,78.0,24,8.125,7.833,0.5638,188,0,0.0,0,0,0.0,0,0.0,0,0,0.0,2,0,3,0.0,0,2,8.5385,12.0,1.0,1.0,0,0.0759,0.0,0,0.0417,24,200,8.3333,0.56
Gillam:31250tx,Gillam:TD:6f,data/curated/english_child_transcripts/Gillam/download_2026-06-01/TD/6f/31250tx.cha,Gillam,TD,TD,female,eng,Built from labeled CHAT folder structure.,74.0,34,7.471,7.353,0.476,250,0,0.0,0,0,0.0588,2,0.0588,0,0,0.0,3,0,6,0.0,0,3,8.973,11.3333,1.0,1.0,10,0.0219,0.0,0,0.0588,34,306,9.0,0.4281
Gillam:39062wy,Gillam:TD:6f,data/curated/english_child_transcripts/Gillam/download_2026-06-01/TD/6f/39062wy.cha,Gillam,TD,TD,female,eng,Built from labeled CHAT folder structure.,81.0,18,6.833,6.778,0.5574,122,0,0.0,0,0,0.0,0,0.0,0,0,0.0,2,0,3,0.0,0,2,7.6,9.0,1.0,1.0,1,0.1017,0.0,0,0.0,18,128,7.1111,0.5312
Gillam:39577oh,Gillam:TD:6f,data/curated/english_child_transcripts/Gillam/download_2026-06-01/TD/6f/39577oh.cha,Gillam,TD,TD,female,eng,Built from labeled CHAT folder structure.,82.0,22,7.0,6.864,0.4834,151,0,0.0,0,0,0.0455,0,0.0,0,0,0.0,2,0,3,0.0,0,2,6.9583,11.0,0.5,0.0,1,0.0,0.0,0,0.0,22,161,7.3182,0.4845
Gillam:39605oh,Gillam:TD:6f,data/curated/english_child_transcripts/Gillam/download_2026-06-01/TD/6f/39605oh.cha,Gillam,TD,TD,female,eng,Built from labeled CHAT folder structure.,77.0,24,7.667,7.458,0.486,179,0,0.0,0,0,0.0,0,0.0,0,0,0.0,7,0,12,0.0,0,7,8.6129,3.4286,0.8571,0.8,1,0.0436,0.0,0,0.0833,24,225,9.375,0.4222
Gillam:39606oh,Gillam:TD:6f,data/curated/english_child_transcripts/Gillam/download_2026-06-01/TD/6f/39606oh.cha,Gillam,TD,TD,female,eng,Built from labeled CHAT folder structure.,76.0,30,7.067,6.9,0.4251,207,1,0.0333,0,0,0.0333,0,0.0,0,0,0.0,4,0,5,0.0,0,4,7.2353,7.5,0.5,0.5,1,0.111,0.0,1,0.0333,30,219,7.3,0.4292
Gillam:41510nm,Gillam:TD:6f,data/curated/english_child_transcripts/Gillam/download_2026-06-01/TD/6f/41510nm.cha,Gillam,TD,TD,female,eng,Built from labeled CHAT folder structure.,74.0,40,6.85,6.575,0.4373,263,2,0.05,0,0,0.025,1,0.025,0,0,0.0,4,0,6,0.0,0,4,6.75,10.0,0.75,0.5,4,0.0,0.0,3,0.025,40,282,7.05,0.4255
Gillam:41584ny,Gillam:TD:6f,data/curated/english_child_transcripts/Gillam/download_2026-06-01/TD/6f/41584ny.cha,Gillam,TD,TD,female,eng,Built from labeled CHAT folder structure.,75.0,13,5.923,5.769,0.6933,75,0,0.0,0,0,0.0,0,0.0,0,0,0.0,17,0,16,0.0,0,17,5.5,0.7647,0.4706,0.3333,0,0.0064,0.0,0,0.0,13,78,6.0,0.6795
Gillam:41591ny,Gillam:TD:6f,data/curated/english_child_transcripts/Gillam/download_2026-06-01/TD/6f/41591ny.cha,Gillam,TD,TD,female,eng,Built from labeled CHAT folder structure.,75.0,30,7.033,6.9,0.4638,207,2,0.0667,0,0,0.0,1,0.0333,0,0,0.0,4,0,8,0.0,0,4,7.4706,7.5,1.0,1.0,1,0.0269,0.0,2,0.0333,30,240,8.0,0.425
Gillam:41609md,Gillam:TD:6f,data/curated/english_child_transcripts/Gillam/download_2026-06-01/TD/6f/41609md.cha,Gillam,TD,TD,female,eng,Built from labeled CHAT folder structure.,83.0,59,7.492,7.305,0.4686,431,0,0.0,0,0,0.0508,0,0.0,0,0,0.0,15,0,26,0.0,0,15,7.5,3.9333,0.8667,1.0,7,0.034,0.0,0,0.0169,59,506,8.5763,0.3874
Gillam:41613md,Gillam:TD:6f,data/curated/english_child_transcripts/Gillam/download_2026-06-01/TD/6f/41613md.cha,Gillam,TD,TD,female,eng,Built from labeled CHAT folder structure.,62.0,45,7.2,6.778,0.4557,305,0,0.0,0,1,0.0889,0,0.0,0,0,0.0,8,0,10,0.0,0,8,6.717,5.625,0.625,0.6667,5,0.0603,0.0,0,0.0,45,316,7.0222,0.4589
Gillam:41679ak,Gillam:TD:6f,data/curated/english_child_transcripts/Gillam/download_2026-06-01/TD/6f/41679ak.cha,Gillam,TD,TD,female,eng,Built from labeled CHAT folder structure.,78.0,31,5.032,5.0,0.4581,155,8,0.2581,0,0,0.0,0,0.0,0,0,0.0,11,0,14,0.0,0,11,5.0714,2.8182,0.6364,0.6667,10,0.067,0.0,25,0.0,31,187,6.0323,0.4011
Gillam:41769ct,Gillam:TD:6f,data/curated/english_child_transcripts/Gillam/download_2026-06-01/TD/6f/41769ct.cha,Gillam,TD,TD,female,eng,Built from labeled CHAT folder structure.,81.0,33,7.758,7.545,0.4859,249,0,0.0,0,0,0.0303,0,0.0,0,0,0.0,8,0,10,0.0,0,8,6.9024,4.125,0.625,1.0,4,0.0243,0.0,0,0.0,33,267,8.0909,0.4906
Gillam:41770ct,Gillam:TD:6f,data/curated/english_child_transcripts/Gillam/download_2026-06-01/TD/6f/41770ct.cha,Gillam,TD,TD,female,eng,Built from labeled CHAT folder structure.,75.0,56,7.089,6.857,0.4629,384,0,0.0,0,0,0.1071,0,0.0,0,0,0.0,2,0,4,0.0,0,2,7.0517,28.0,1.0,0.0,4,0.0018,0.0179,0,0.0179,56,400,7.1429,0.44
Gillam:42654oh,Gillam:TD:6f,data/curated/english_child_transcripts/Gillam/download_2026-06-01/TD/6f/42654oh.cha,Gillam,TD,TD,female,eng,Built from labeled CHAT folder structure.,80.0,27,5.148,5.111,0.5145,135,0,0.0,0,1,0.037,0,0.0,0,0,0.0,10,0,17,0.0,0,10,5.4324,2.7,0.8,0.8889,1,0.0632,0.0,0,0.0,27,137,5.0741,0.5255
Gillam:42655oh,Gillam:TD:6f,data/curated/english_child_transcripts/Gillam/download_2026-06-01/TD/6f/42655oh.cha,Gillam,TD,TD,female,eng,Built from labeled CHAT folder structure.,82.0,20,6.3,6.15,0.5854,123,0,0.0,0,0,0.0,0,0.0,0,0,0.0,10,0,10,0.0,0,10,6.5,2.0,0.5,0.6,0,0.0632,0.0,0,0.0,20,130,6.5,0.5615
Gillam:45587oh,Gillam:TD:6f,data/curated/english_child_transcripts/Gillam/download_2026-06-01/TD/6f/45587oh.cha,Gillam,TD,TD,female,eng,Built from labeled CHAT folder structure.,80.0,52,7.135,7.019,0.3686,365,2,0.0385,0,2,0.0385,0,0.0,0,0,0.0,7,0,10,0.0,0,7,7.7797,7.4286,0.7143,0.0,8,0.017,0.0,2,0.0769,52,436,8.3846,0.344
Gillam:46068v,Gillam:TD:6f,data/curated/english_child_transcripts/Gillam/download_2026-06-01/TD/6f/46068v.cha,Gillam,TD,TD,female,eng,Built from labeled CHAT folder structure.,77.0,26,7.231,7.115,0.4811,184,0,0.0,0,0,0.0,0,0.0,0,0,0.0,1,0,2,0.0,0,1,8.3333,26.0,1.0,0.0,3,0.1379,0.0,0,0.0,26,214,8.2308,0.4439
Gillam:46070v,Gillam:TD:6f,data/curated/english_child_transcripts/Gillam/download_2026-06-01/TD/6f/46070v.cha,Gillam,TD,TD,female,eng,Built from labeled CHAT folder structure.,75.0,29,7.103,6.931,0.4776,201,1,0.0345,0,0,0.0,0,0.0,0,0,0.0,0,0,0,0.0,0,0,7.2069,0.0,0.0,0.0,3,0.0,0.0,1,0.0,29,209,7.2069,0.4593
Gillam:46072v,Gillam:TD:6f,data/curated/english_child_transcripts/Gillam/download_2026-06-01/TD/6f/46072v.cha,Gillam,TD,TD,female,eng,Built from labeled CHAT folder structure.,78.0,71,8.69,8.549,0.4171,607,1,0.0141,0,0,0.0,0,0.0,0,0,0.0,1,0,2,0.0,1,1,9.6806,71.0,1.0,0.0,13,0.0,0.0,1,0.0,71,690,9.7183,0.3232
Gillam:46073v,Gillam:TD:6f,data/curated/english_child_transcripts/Gillam/download_2026-06-01/TD/6f/46073v.cha,Gillam,TD,TD,female,eng,Built from labeled CHAT folder structure.,77.0,26,7.154,7.0,0.5385,182,0,0.0,0,0,0.0385,0,0.0,0,0,0.0,1,0,2,0.0,0,1,7.4815,26.0,1.0,1.0,1,0.0075,0.0,0,0.0,26,195,7.5,0.5282
Gillam:46074v,Gillam:TD:6f,data/curated/english_child_transcripts/Gillam/download_2026-06-01/TD/6f/46074v.cha,Gillam,TD,TD,female,eng,Built from labeled CHAT folder structure.,73.0,16,5.5,5.438,0.6092,86,0,0.0,0,0,0.0,0,0.0,0,0,0.0,1,0,2,0.0,0,1,5.7647,16.0,1.0,1.0,0,0.1011,0.0,0,0.0625,16,87,5.4375,0.6092
Gillam:46143v,Gillam:TD:6f,data/curated/english_child_transcripts/Gillam/download_2026-06-01/TD/6f/46143v.cha,Gillam,TD,TD,female,eng,Built from labeled CHAT folder structure.,83.0,55,7.655,7.382,0.4771,406,0,0.0,0,1,0.0,0,0.0,0,0,0.0,1,0,2,0.0,0,1,7.9643,55.0,1.0,0.0,2,0.0087,0.0,0,0.0182,55,441,8.0182,0.4444
Gillam:46180v,Gillam:TD:6f,data/curated/english_child_transcripts/Gillam/download_2026-06-01/TD/6f/46180v.cha,Gillam,TD,TD,female,eng,Built from labeled CHAT folder structure.,72.0,13,5.923,5.769,0.6533,75,0,0.0,0,0,0.0,0,0.0,0,0,0.0,2,0,4,0.0,0,2,6.0667,6.5,1.0,0.0,3,0.0,0.0,0,0.0,13,89,6.8462,0.5843
Gillam:46182v,Gillam:TD:6f,data/curated/english_child_transcripts/Gillam/download_2026-06-01/TD/6f/46182v.cha,Gillam,TD,TD,female,eng,Built from labeled CHAT folder structure.,77.0,27,9.333,9.037,0.4959,244,0,0.0,0,0,0.0,0,0.0,0,0,0.0,0,0,0,0.0,0,0,9.5185,0.0,0.0,0.0,0,0.0,0.0,0,0.0,27,257,9.5185,0.4825
Gillam:46194v,Gillam:TD:6f,data/curated/english_child_transcripts/Gillam/download_2026-06-01/TD/6f/46194v.cha,Gillam,TD,TD,female,eng,Built from labeled CHAT folder structure.,77.0,17,8.765,8.529,0.6,145,0,0.0,0,0,0.0,0,0.0,0,0,0.0,2,0,4,0.0,0,2,8.6316,8.5,1.0,0.0,2,0.0,0.0,0,0.0,17,160,9.4118,0.575
Gillam:46648nj,Gillam:TD:6f,data/curated/english_child_transcripts/Gillam/download_2026-06-01/TD/6f/46648nj.cha,Gillam,TD,TD,female,eng,Built from labeled CHAT folder structure.,75.0,31,8.0,7.742,0.4917,240,0,0.0,0,0,0.0323,0,0.0,0,0,0.0,2,0,2,0.0,0,2,8.0606,15.5,0.5,0.0,6,0.0128,0.0323,0,0.0323,31,257,8.2903,0.4786
Gillam:46718nj,Gillam:TD:6f,data/curated/english_child_transcripts/Gillam/download_2026-06-01/TD/6f/46718nj.cha,Gillam,TD,TD,female,eng,Built from labeled CHAT folder structure.,75.0,49,7.286,7.041,0.3971,344,0,0.0,1,0,0.0,0,0.0,0,0,0.0,9,0,18,0.0,0,9,6.8103,5.4444,1.0,1.0,5,0.0087,0.0,0,0.0204,49,374,7.6327,0.393
Gillam:46719nj,Gillam:TD:6f,data/curated/english_child_transcripts/Gillam/download_2026-06-01/TD/6f/46719nj.cha,Gillam,TD,TD,female,eng,Built from labeled CHAT folder structure.,72.0,18,6.889,6.667,0.525,120,0,0.0,0,0,0.0,0,0.0,0,0,0.0,0,0,0,0.0,0,0,7.8333,0.0,0.0,0.0,1,0.0,0.0,0,0.0556,18,141,7.8333,0.4894
Gillam:46720nj,Gillam:TD:6f,data/curated/english_child_transcripts/Gillam/download_2026-06-01/TD/6f/46720nj.cha,Gillam,TD,TD,female,eng,Built from labeled CHAT folder structure.,81.0,38,7.579,7.368,0.4286,280,0,0.0,0,0,0.0,0,0.0,0,0,0.0,2,0,4,0.0,0,2,7.775,19.0,1.0,0.0,3,0.0,0.0,0,0.0,38,307,8.0789,0.4104
Gillam:46725nj,Gillam:TD:6f,data/curated/english_child_transcripts/Gillam/download_2026-06-01/TD/6f/46725nj.cha,Gillam,TD,TD,female,eng,Built from labeled CHAT folder structure.,80.0,36,8.444,8.111,0.4007,292,0,0.0,0,0,0.0278,0,0.0,0,0,0.0,9,0,14,0.0,0,9,7.7333,4.0,0.7778,1.0,8,0.0497,0.0,0,0.0,36,311,8.6389,0.4019
Gillam:46820az,Gillam:TD:6f,data/curated/english_child_transcripts/Gillam/download_2026-06-01/TD/6f/46820az.cha,Gillam,TD,TD,female,eng,Built from labeled CHAT folder structure.,83.0,32,7.906,7.719,0.4251,247,0,0.0,0,0,0.0625,0,0.0,0,0,0.0,0,0,0,0.0,0,0,8.4375,0.0,0.0,0.0,2,0.0,0.0,0,0.0312,32,270,8.4375,0.4074
Gillam:46884ca,Gillam:TD:6f,data/curated/english_child_transcripts/Gillam/download_2026-06-01/TD/6f/46884ca.cha,Gillam,TD,TD,female,eng,Built from labeled CHAT folder structure.,80.0,42,6.19,6.095,0.4648,256,0,0.0,0,0,0.0,0,0.0,0,0,0.0,18,0,24,0.0,0,18,5.2167,2.3333,0.6667,0.8571,8,0.002,0.0,0,0.0,42,275,6.5476,0.4545
Gillam:46915ca,Gillam:TD:6f,data/curated/english_child_transcripts/Gillam/download_2026-06-01/TD/6f/46915ca.cha,Gillam,TD,TD,female,eng,Built from labeled CHAT folder structure.,76.0,14,7.143,6.929,0.5361,97,0,0.0,0,0,0.0,0,0.0,0,0,0.0,3,0,6,0.0,0,3,8.1176,4.6667,1.0,1.0,2,0.0414,0.0,0,0.0,14,107,7.6429,0.5234
Gillam:46930wy,Gillam:TD:6f,data/curated/english_child_transcripts/Gillam/download_2026-06-01/TD/6f/46930wy.cha,Gillam,TD,TD,female,eng,Built from labeled CHAT folder structure.,82.0,43,8.326,8.209,0.46,353,0,0.0,0,0,0.0,0,0.0,0,0,0.0,0,0,0,0.0,0,0,8.7442,0.0,0.0,0.0,1,0.0,0.0233,0,0.0233,43,376,8.7442,0.4441
Gillam:46938wy,Gillam:TD:6f,data/curated/english_child_transcripts/Gillam/download_2026-06-01/TD/6f/46938wy.cha,Gillam,TD,TD,female,eng,Built from labeled CHAT folder structure.,77.0,31,8.129,7.903,0.4612,245,0,0.0,0,0,0.0,0,0.0,0,0,0.0,0,0,0,0.0,0,0,9.0323,0.0,0.0,0.0,5,0.0,0.0,0,0.0,31,280,9.0323,0.4393
Gillam:46944wy,Gillam:TD:6f,data/curated/english_child_transcripts/Gillam/download_2026-06-01/TD/6f/46944wy.cha,Gillam,TD,TD,female,eng,Built from labeled CHAT folder structure.,76.0,44,7.636,7.523,0.4562,331,0,0.0,0,0,0.0,0,0.0,0,0,0.0,0,0,0,0.0,0,0,8.2045,0.0,0.0,0.0,3,0.0,0.0,0,0.0,44,361,8.2045,0.4571
Gillam:46946wy,Gillam:TD:6f,data/curated/english_child_transcripts/Gillam/download_2026-06-01/TD/6f/46946wy.cha,Gillam,TD,TD,female,eng,Built from labeled CHAT folder structure.,76.0,21,7.095,6.905,0.6483,145,0,0.0,0,0,0.0476,0,0.0,0,0,0.0,1,0,2,0.0,0,1,7.9545,21.0,1.0,1.0,0,0.0,0.0,0,0.0,21,163,7.7619,0.6258
Gillam:46954wy,Gillam:TD:6f,data/curated/english_child_transcripts/Gillam/download_2026-06-01/TD/6f/46954wy.cha,Gillam,TD,TD,female,eng,Built from labeled CHAT folder structure.,75.0,31,8.323,8.226,0.4667,255,1,0.0323,0,0,0.0645,0,0.0,0,0,0.0,0,0,0,0.0,0,0,9.3226,0.0,0.0,0.0,5,0.0,0.0,1,0.0,31,289,9.3226,0.4325
Gillam:46960wy,Gillam:TD:6f,data/curated/english_child_transcripts/Gillam/download_2026-06-01/TD/6f/46960wy.cha,Gillam,TD,TD,female,eng,Built from labeled CHAT folder structure.,76.0,52,8.962,8.769,0.4629,456,1,0.0192,0,0,0.0769,0,0.0,0,0,0.0,1,0,2,0.0,0,1,9.4906,52.0,1.0,0.0,3,0.0079,0.0192,1,0.0962,52,501,9.6346,0.3852
Gillam:46963wy,Gillam:TD:6f,data/curated/english_child_transcripts/Gillam/download_2026-06-01/TD/6f/46963wy.cha,Gillam,TD,TD,female,eng,Built from labeled CHAT folder structure.,82.0,28,7.321,6.893,0.5181,193,1,0.0357,0,0,0.0357,0,0.0,0,0,0.0,1,0,2,0.0,0,1,7.8276,28.0,1.0,1.0,2,0.0,0.0,1,0.0,28,216,7.7143,0.4954
Gillam:46965wy,Gillam:TD:6f,data/curated/english_child_transcripts/Gillam/download_2026-06-01/TD/6f/46965wy.cha,Gillam,TD,TD,female,eng,Built from labeled CHAT folder structure.,79.0,50,8.2,8.1,0.3857,405,0,0.0,0,0,0.04,0,0.0,0,0,0.0,0,0,0,0.0,0,0,9.44,0.0,0.0,0.0,9,0.0,0.02,0,0.04,50,472,9.44,0.3411
Gillam:46970wy,Gillam:TD:6f,data/curated/english_child_transcripts/Gillam/download_2026-06-01/TD/6f/46970wy.cha,Gillam,TD,TD,female,eng,Built from labeled CHAT folder structure.,82.0,14,5.214,5.0,0.6714,70,0,0.0,0,0,0.0,0,0.0,0,0,0.0,2,0,4,0.0,0,2,6.1875,7.0,1.0,1.0,0,0.0594,0.0,0,0.0,14,77,5.5,0.6234
Gillam:47008wy,Gillam:TD:6f,data/curated/english_child_transcripts/Gillam/download_2026-06-01/TD/6f/47008wy.cha,Gillam,TD,TD,female,eng,Built from labeled CHAT folder structure.,77.0,28,6.964,6.714,0.5266,188,2,0.0714,0,0,0.0,1,0.0357,0,0,0.0,6,0,12,0.0,0,6,9.0294,4.6667,1.0,1.0,6,0.0785,0.0,2,0.1786,28,244,8.7143,0.4262
Gillam:47020wy,Gillam:TD:6f,data/curated/english_child_transcripts/Gillam/download_2026-06-01/TD/6f/47020wy.cha,Gillam,TD,TD,female,eng,Built from labeled CHAT folder structure.,81.0,26,7.269,7.077,0.5598,184,0,0.0,0,0,0.0385,0,0.0,0,0,0.0,1,0,2,0.0,0,1,8.037,26.0,1.0,1.0,2,0.0,0.0,0,0.0385,26,205,7.8846,0.5317
Gillam:48553v,Gillam:TD:6f,data/curated/english_child_transcripts/Gillam/download_2026-06-01/TD/6f/48553v.cha,Gillam,TD,TD,female,eng,Built from labeled CHAT folder structure.,74.0,39,7.795,7.641,0.3926,298,0,0.0,0,1,0.0,0,0.0,0,0,0.0,0,0,0,0.0,0,0,9.8462,0.0,0.0,0.0,17,0.0,0.0,0,0.0256,39,384,9.8462,0.3307
Gillam:48555v,Gillam:TD:6f,data/curated/english_child_transcripts/Gillam/download_2026-06-01/TD/6f/48555v.cha,Gillam,TD,TD,female,eng,Built from labeled CHAT folder structure.,74.0,16,7.875,7.75,0.6129,124,0,0.0,0,0,0.0,0,0.0,0,0,0.0,1,0,2,0.0,0,1,9.2353,16.0,1.0,1.0,1,0.0037,0.0,0,0.0,16,146,9.125,0.5479
Gillam:48569v,Gillam:TD:6f,data/curated/english_child_transcripts/Gillam/download_2026-06-01/TD/6f/48569v.cha,Gillam,TD,TD,female,eng,Built from labeled CHAT folder structure.,83.0,51,8.275,8.0,0.3857,408,0,0.0,0,0,0.0588,0,0.0,0,0,0.0,0,0,0,0.0,0,0,9.3333,0.0,0.0,0.0,12,0.0,0.0196,0,0.0588,51,476,9.3333,0.3445
Gillam:54973ks,Gillam:TD:6f,data/curated/english_child_transcripts/Gillam/download_2026-06-01/TD/6f/54973ks.cha,Gillam,TD,TD,female,eng,Built from labeled CHAT folder structure.,77.0,30,6.1,5.733,0.5581,172,0,0.0,0,0,0.0333,0,0.0,0,0,0.0,15,0,20,0.0,0,15,5.9111,2.0,0.6667,0.8,4,0.0179,0.0,0,0.0,30,182,6.0667,0.5495
Gillam:57265tx,Gillam:TD:6f,data/curated/english_child_transcripts/Gillam/download_2026-06-01/TD/6f/57265tx.cha,Gillam,TD,TD,female,eng,Built from labeled CHAT folder structure.,83.0,37,8.324,8.054,0.443,298,0,0.0,0,0,0.027,1,0.027,0,0,0.0,2,0,4,0.0,0,2,8.0513,18.5,1.0,0.0,1,0.0,0.0,0,0.0,37,312,8.4324,0.4359
Gillam:57289tx,Gillam:TD:6f,data/curated/english_child_transcripts/Gillam/download_2026-06-01/TD/6f/57289tx.cha,Gillam,TD,TD,female,eng,Built from labeled CHAT folder structure.,81.0,20,6.45,6.3,0.5238,126,0,0.0,0,0,0.0,0,0.0,0,0,0.0,2,0,4,0.0,0,2,7.9091,10.0,1.0,1.0,13,0.092,0.0,0,0.0,20,152,7.6,0.4605
Gillam:23541tx,Gillam:TD:6m,data/curated/english_child_transcripts/Gillam/download_2026-06-01/TD/6m/23541tx.cha,Gillam,TD,TD,male,eng,Built from labeled CHAT folder structure.,73.0,32,8.094,7.938,0.4843,254,0,0.0,0,0,0.0,0,0.0,0,0,0.0,3,0,6,0.0,0,3,7.6571,10.6667,1.0,0.0,1,0.0,0.0,0,0.0,32,264,8.25,0.4848
Gillam:28775tx,Gillam:TD:6m,data/curated/english_child_transcripts/Gillam/download_2026-06-01/TD/6m/28775tx.cha,Gillam,TD,TD,male,eng,Built from labeled CHAT folder structure.,72.0,8,6.75,6.625,0.7547,53,0,0.0,0,0,0.0,0,0.0,0,0,0.0,5,0,8,0.0,0,5,6.5385,1.6,0.8,1.0,0,0.0798,0.0,0,0.0,8,53,6.625,0.7547
Gillam:28780tx,Gillam:TD:6m,data/curated/english_child_transcripts/Gillam/download_2026-06-01/TD/6m/28780tx.cha,Gillam,TD,TD,male,eng,Built from labeled CHAT folder structure.,80.0,23,7.652,7.435,0.5789,171,1,0.0435,0,0,0.0435,0,0.0,0,0,0.0,0,0,0,0.0,0,0,9.2174,0.0,0.0,0.0,1,0.0,0.0435,1,0.0,23,212,9.2174,0.5142
Gillam:31219tx,Gillam:TD:6m,data/curated/english_child_transcripts/Gillam/download_2026-06-01/TD/6m/31219tx.cha,Gillam,TD,TD,male,eng,Built from labeled CHAT folder structure.,75.0,21,3.619,3.333,0.6429,68,0,0.0,0,0,0.0952,0,0.0,0,0,0.0,5,0,8,0.0,0,5,3.9615,4.2,0.8,0.5,6,0.0259,0.0,0,0.1905,21,75,3.5714,0.6133
Gillam:31224tx,Gillam:TD:6m,data/curated/english_child_transcripts/Gillam/download_2026-06-01/TD/6m/31224tx.cha,Gillam,TD,TD,male,eng,Built from labeled CHAT folder structure.,76.0,26,8.923,8.808,0.4934,229,0,0.0,0,0,0.0769,0,0.0,0,0,0.0,0,0,0,0.0,0,0,10.3077,0.0,0.0,0.0,3,0.0,0.0,0,0.0769,26,268,10.3077,0.4739
Gillam:31239tx,Gillam:TD:6m,data/curated/english_child_transcripts/Gillam/download_2026-06-01/TD/6m/31239tx.cha,Gillam,TD,TD,male,eng,Built from labeled CHAT folder structure.,75.0,26,6.769,6.538,0.6471,170,1,0.0385,0,0,0.1154,0,0.0,0,0,0.0,3,0,6,0.0,0,3,7.0345,8.6667,1.0,1.0,1,0.0379,0.0,1,0.0,26,190,7.3077,0.6105
Gillam:31252tx,Gillam:TD:6m,data/curated/english_child_transcripts/Gillam/download_2026-06-01/TD/6m/31252tx.cha,Gillam,TD,TD,male,eng,Built from labeled CHAT folder structure.,75.0,54,9.333,9.13,0.4829,493,1,0.0185,0,0,0.0185,0,0.0,0,0,0.0,0,0,0,0.0,0,0,10.2407,0.0,0.0,0.0,4,0.0,0.0,1,0.0185,54,553,10.2407,0.3761
Gillam:39065wy,Gillam:TD:6m,data/curated/english_child_transcripts/Gillam/download_2026-06-01/TD/6m/39065wy.cha,Gillam,TD,TD,male,eng,Built from labeled CHAT folder structure.,73.0,29,4.138,4.034,0.4786,117,2,0.069,0,0,0.0,1,0.0345,0,0,0.0,15,0,17,0.0,0,15,4.6818,1.9333,0.5333,0.7778,2,0.0625,0.0,5,0.1034,29,132,4.5517,0.5
Gillam:39709tx,Gillam:TD:6m,data/curated/english_child_transcripts/Gillam/download_2026-06-01/TD/6m/39709tx.cha,Gillam,TD,TD,male,eng,Built from labeled CHAT folder structure.,73.0,30,7.067,6.933,0.4087,208,0,0.0,0,0,0.0333,0,0.0,0,0,0.0,1,0,2,0.0,0,1,8.0968,30.0,1.0,1.0,5,0.0056,0.0,0,0.1,30,248,8.2667,0.371
Gillam:41302oh,Gillam:TD:6m,data/curated/english_child_transcripts/Gillam/download_2026-06-01/TD/6m/41302oh.cha,Gillam,TD,TD,male,eng,Built from labeled CHAT folder structure.,77.0,14,6.857,6.5,0.6264,91,0,0.0,0,0,0.0,0,0.0,0,0,0.0,5,0,4,0.0,0,5,8.1053,2.8,0.4,0.4,0,0.1194,0.0,0,0.0,14,102,7.2857,0.5784
Gillam:41592ny,Gillam:TD:6m,data/curated/english_child_transcripts/Gillam/download_2026-06-01/TD/6m/41592ny.cha,Gillam,TD,TD,male,eng,Built from labeled CHAT folder structure.,72.0,26,5.462,5.385,0.5357,139,1,0.0385,0,0,0.0,0,0.0,0,0,0.0,12,0,24,0.0,0,12,4.9737,2.1667,1.0,1.0,4,0.0117,0.0,3,0.1154,26,151,5.8077,0.5099
Gillam:41611md,Gillam:TD:6m,data/curated/english_child_transcripts/Gillam/download_2026-06-01/TD/6m/41611md.cha,Gillam,TD,TD,male,eng,Built from labeled CHAT folder structure.,74.0,27,3.185,2.926,0.5696,79,1,0.037,0,0,0.0,0,0.0,0,0,0.0,27,0,42,0.0,0,27,3.963,1.0,0.7778,0.8125,4,0.0536,0.0,1,0.0,27,79,2.9259,0.5696
Gillam:41688oh,Gillam:TD:6m,data/curated/english_child_transcripts/Gillam/download_2026-06-01/TD/6m/41688oh.cha,Gillam,TD,TD,male,eng,Built from labeled CHAT folder structure.,73.0,45,5.667,5.333,0.4875,239,1,0.0222,0,1,0.0222,0,0.0,0,0,0.0,17,0,28,0.0,0,17,6.0645,2.6471,0.8235,0.5,9,0.0304,0.0,2,0.0667,45,305,6.7778,0.423
Gillam:45588oh,Gillam:TD:6m,data/curated/english_child_transcripts/Gillam/download_2026-06-01/TD/6m/45588oh.cha,Gillam,TD,TD,male,eng,Built from labeled CHAT folder structure.,81.0,35,6.457,6.314,0.448,221,2,0.0571,0,0,0.0286,0,0.0,0,0,0.0,2,0,2,0.0,0,2,6.973,17.5,0.5,0.5,3,0.0696,0.0,2,0.0,35,240,6.8571,0.4417
Gillam:45589oh,Gillam:TD:6m,data/curated/english_child_transcripts/Gillam/download_2026-06-01/TD/6m/45589oh.cha,Gillam,TD,TD,male,eng,Built from labeled CHAT folder structure.,81.0,37,7.027,6.811,0.5595,252,2,0.0541,0,0,0.0,0,0.0,0,0,0.0,20,0,24,0.0,1,20,6.4561,1.85,0.6,0.5714,0,0.0137,0.0,2,0.0541,37,284,7.6757,0.5493
Gillam:46071v,Gillam:TD:6m,data/curated/english_child_transcripts/Gillam/download_2026-06-01/TD/6m/46071v.cha,Gillam,TD,TD,male,eng,Built from labeled CHAT folder structure.,74.0,23,6.609,6.435,0.5338,148,1,0.0435,0,0,0.0,0,0.0,0,0,0.0,0,0,0,0.0,0,0,6.8261,0.0,0.0,0.0,1,0.0,0.0,1,0.0,23,157,6.8261,0.5032
Gillam:46090v,Gillam:TD:6m,data/curated/english_child_transcripts/Gillam/download_2026-06-01/TD/6m/46090v.cha,Gillam,TD,TD,male,eng,Built from labeled CHAT folder structure.,79.0,10,2.9,2.9,0.8276,29,0,0.0,0,0,0.0,0,0.0,0,0,0.0,23,0,16,0.0,0,23,4.0909,0.4348,0.3478,0.4167,0,0.0125,0.0,0,0.0,10,30,3.0,0.8333
Gillam:46127v,Gillam:TD:6m,data/curated/english_child_transcripts/Gillam/download_2026-06-01/TD/6m/46127v.cha,Gillam,TD,TD,male,eng,Built from labeled CHAT folder structure.,82.0,34,7.059,6.853,0.5021,233,0,0.0,0,0,0.0588,0,0.0,0,0,0.0,0,0,0,0.0,0,0,8.0588,0.0,0.0,0.0,3,0.0,0.0588,0,0.0,34,274,8.0588,0.4635
Gillam:46184v,Gillam:TD:6m,data/curated/english_child_transcripts/Gillam/download_2026-06-01/TD/6m/46184v.cha,Gillam,TD,TD,male,eng,Built from labeled CHAT folder structure.,77.0,18,6.556,6.222,0.5714,112,0,0.0,0,0,0.0,0,0.0,0,0,0.0,0,0,0,0.0,0,0,6.4444,0.0,0.0,0.0,2,0.0,0.0,0,0.0,18,116,6.4444,0.5517
Gillam:46191v,Gillam:TD:6m,data/curated/english_child_transcripts/Gillam/download_2026-06-01/TD/6m/46191v.cha,Gillam,TD,TD,male,eng,Built from labeled CHAT folder structure.,81.0,18,7.778,7.5,0.5556,135,0,0.0,0,0,0.0,0,0.0,0,0,0.0,0,0,0,0.0,0,0,8.4444,0.0,0.0,0.0,0,0.0,0.0,0,0.0556,18,152,8.4444,0.5395
Gillam:46644nj,Gillam:TD:6m,data/curated/english_child_transcripts/Gillam/download_2026-06-01/TD/6m/46644nj.cha,Gillam,TD,TD,male,eng,Built from labeled CHAT folder structure.,73.0,82,6.268,6.159,0.4171,504,4,0.0488,0,0,0.061,3,0.0366,0,0,0.0,10,0,10,0.0,0,10,6.2174,8.2,0.5,0.3333,6,0.0698,0.0122,4,0.0122,82,522,6.3659,0.364
Gillam:46647nj,Gillam:TD:6m,data/curated/english_child_transcripts/Gillam/download_2026-06-01/TD/6m/46647nj.cha,Gillam,TD,TD,male,eng,Built from labeled CHAT folder structure.,74.0,47,7.681,7.319,0.4273,344,0,0.0,0,0,0.0,0,0.0,0,0,0.0,1,0,2,0.0,0,1,8.7083,47.0,1.0,0.0,14,0.0,0.0,0,0.0213,47,417,8.8723,0.3885
Gillam:46651nj,Gillam:TD:6m,data/curated/english_child_transcripts/Gillam/download_2026-06-01/TD/6m/46651nj.cha,Gillam,TD,TD,male,eng,Built from labeled CHAT folder structure.,80.0,29,6.379,6.069,0.642,175,0,0.0,1,0,0.0345,0,0.0,0,0,0.0,4,0,4,0.0,0,4,6.4848,7.25,0.5,0.5,4,0.0459,0.0,0,0.069,29,200,6.8966,0.615
Gillam:46667nj,Gillam:TD:6m,data/curated/english_child_transcripts/Gillam/download_2026-06-01/TD/6m/46667nj.cha,Gillam,TD,TD,male,eng,Built from labeled CHAT folder structure.,83.0,26,8.192,7.923,0.5583,206,0,0.0,0,0,0.0,0,0.0,0,0,0.0,1,0,2,0.0,0,1,8.5556,26.0,1.0,0.0,5,0.0,0.0,0,0.0,26,230,8.8462,0.5261
Gillam:46700nj,Gillam:TD:6m,data/curated/english_child_transcripts/Gillam/download_2026-06-01/TD/6m/46700nj.cha,Gillam,TD,TD,male,eng,Built from labeled CHAT folder structure.,81.0,36,5.444,5.222,0.5213,188,0,0.0,0,0,0.0833,0,0.0,0,0,0.0,6,0,10,0.0,0,6,6.8571,6.0,0.8333,0.0,4,0.0271,0.0278,0,0.0833,36,259,7.1944,0.4479
Gillam:46717nj,Gillam:TD:6m,data/curated/english_child_transcripts/Gillam/download_2026-06-01/TD/6m/46717nj.cha,Gillam,TD,TD,male,eng,Built from labeled CHAT folder structure.,82.0,40,8.0,7.825,0.4569,313,0,0.0,0,0,0.0,1,0.025,0,0,0.0,0,0,0,0.0,0,0,9.55,0.0,0.0,0.0,3,0.0,0.0,0,0.0,40,382,9.55,0.411
Gillam:46742nj,Gillam:TD:6m,data/curated/english_child_transcripts/Gillam/download_2026-06-01/TD/6m/46742nj.cha,Gillam,TD,TD,male,eng,Built from labeled CHAT folder structure.,73.0,34,7.324,7.294,0.4637,247,0,0.0,1,0,0.0,0,0.0,0,0,0.0,0,0,0,0.0,0,0,7.5,0.0,0.0,0.0,1,0.0,0.0,0,0.0,34,255,7.5,0.4667
Gillam:46745nj,Gillam:TD:6m,data/curated/english_child_transcripts/Gillam/download_2026-06-01/TD/6m/46745nj.cha,Gillam,TD,TD,male,eng,Built from labeled CHAT folder structure.,80.0,44,7.773,7.5,0.4667,330,5,0.1136,0,1,0.0227,0,0.0,0,0,0.0,7,0,11,0.0,0,7,8.2941,6.2857,0.7143,1.0,2,0.0286,0.0,6,0.0227,44,410,9.3182,0.4
Gillam:46801ca,Gillam:TD:6m,data/curated/english_child_transcripts/Gillam/download_2026-06-01/TD/6m/46801ca.cha,Gillam,TD,TD,male,eng,Built from labeled CHAT folder structure.,83.0,18,5.222,5.056,0.6484,91,1,0.0556,0,0,0.0,0,0.0,0,0,0.0,8,0,8,0.0,0,8,6.1538,2.25,0.5,0.5,1,0.0533,0.0,3,0.0,18,103,5.7222,0.6214
Gillam:46812ca,Gillam:TD:6m,data/curated/english_child_transcripts/Gillam/download_2026-06-01/TD/6m/46812ca.cha,Gillam,TD,TD,male,eng,Built from labeled CHAT folder structure.,72.0,20,5.65,5.25,0.6095,105,3,0.15,0,0,0.0,0,0.0,0,0,0.0,20,0,22,0.0,0,20,4.675,1.0,0.55,0.4286,1,0.0374,0.0,6,0.0,20,117,5.85,0.5897
Gillam:46822az,Gillam:TD:6m,data/curated/english_child_transcripts/Gillam/download_2026-06-01/TD/6m/46822az.cha,Gillam,TD,TD,male,eng,Built from labeled CHAT folder structure.,79.0,32,7.344,7.062,0.4867,226,1,0.0312,0,0,0.0312,0,0.0,0,0,0.0,11,0,9,0.0,0,11,6.3488,2.9091,0.4545,0.0,3,0.008,0.0,1,0.0,32,227,7.0938,0.489
Gillam:46913ca,Gillam:TD:6m,data/curated/english_child_transcripts/Gillam/download_2026-06-01/TD/6m/46913ca.cha,Gillam,TD,TD,male,eng,Built from labeled CHAT folder structure.,76.0,46,6.761,6.5,0.4916,299,0,0.0,0,0,0.087,0,0.0,0,0,0.0,5,0,8,0.0,0,5,7.1176,9.2,0.8,1.0,6,0.0064,0.0,0,0.0217,46,338,7.3478,0.4586
Gillam:46949wy,Gillam:TD:6m,data/curated/english_child_transcripts/Gillam/download_2026-06-01/TD/6m/46949wy.cha,Gillam,TD,TD,male,eng,Built from labeled CHAT folder structure.,81.0,30,6.4,6.267,0.516,188,0,0.0,0,0,0.0,0,0.0,0,0,0.0,2,0,3,0.0,0,2,6.4688,15.0,1.0,1.0,1,0.0716,0.0,0,0.0333,30,192,6.4,0.5208
Gillam:46974wy,Gillam:TD:6m,data/curated/english_child_transcripts/Gillam/download_2026-06-01/TD/6m/46974wy.cha,Gillam,TD,TD,male,eng,Built from labeled CHAT folder structure.,79.0,31,7.0,6.742,0.4833,209,0,0.0,0,0,0.0,0,0.0,0,0,0.0,2,0,4,0.0,0,2,7.3333,15.5,1.0,1.0,3,0.027,0.0,0,0.0323,31,222,7.1613,0.4775
Gillam:46986wy,Gillam:TD:6m,data/curated/english_child_transcripts/Gillam/download_2026-06-01/TD/6m/46986wy.cha,Gillam,TD,TD,male,eng,Built from labeled CHAT folder structure.,76.0,16,6.938,6.875,0.6364,110,1,0.0625,0,0,0.0625,0,0.0,0,0,0.0,4,0,7,0.0,0,4,7.6,4.0,1.0,1.0,0,0.05,0.0,1,0.0,16,117,7.3125,0.6239
Gillam:46998wy,Gillam:TD:6m,data/curated/english_child_transcripts/Gillam/download_2026-06-01/TD/6m/46998wy.cha,Gillam,TD,TD,male,eng,Built from labeled CHAT folder structure.,82.0,28,7.75,7.643,0.4579,214,0,0.0,0,0,0.0,0,0.0,0,0,0.0,0,0,0,0.0,0,0,8.3929,0.0,0.0,0.0,5,0.0,0.0,0,0.0,28,235,8.3929,0.4383
Gillam:47498tx,Gillam:TD:6m,data/curated/english_child_transcripts/Gillam/download_2026-06-01/TD/6m/47498tx.cha,Gillam,TD,TD,male,eng,Built from labeled CHAT folder structure.,76.0,31,7.71,7.484,0.4957,232,0,0.0,0,0,0.0968,0,0.0,0,0,0.0,5,0,8,0.0,0,5,7.5278,6.2,0.8,0.0,3,0.0,0.0,0,0.0323,31,264,8.5161,0.4545
Gillam:48568v,Gillam:TD:6m,data/curated/english_child_transcripts/Gillam/download_2026-06-01/TD/6m/48568v.cha,Gillam,TD,TD,male,eng,Built from labeled CHAT folder structure.,73.0,25,7.16,7.08,0.5311,177,1,0.04,0,0,0.0,1,0.04,0,0,0.0,1,0,2,0.0,0,1,7.6923,25.0,1.0,1.0,9,0.0,0.0,1,0.0,25,189,7.56,0.5079
Gillam:48657v,Gillam:TD:6m,data/curated/english_child_transcripts/Gillam/download_2026-06-01/TD/6m/48657v.cha,Gillam,TD,TD,male,eng,Built from labeled CHAT folder structure.,81.0,14,6.071,5.643,0.6329,79,2,0.1429,0,0,0.0,0,0.0,0,0,0.0,5,0,8,0.0,0,5,6.3684,2.8,0.8,1.0,0,0.0119,0.0,2,0.0,14,94,6.7143,0.617
Gillam:54849nj,Gillam:TD:6m,data/curated/english_child_transcripts/Gillam/download_2026-06-01/TD/6m/54849nj.cha,Gillam,TD,TD,male,eng,Built from labeled CHAT folder structure.,76.0,34,5.971,5.647,0.5052,192,0,0.0,0,0,0.0,0,0.0,0,0,0.0,6,0,10,0.0,0,6,6.075,5.6667,0.8333,1.0,3,0.0098,0.0,0,0.0882,34,222,6.5294,0.473
Gillam:57264tx,Gillam:TD:6m,data/curated/english_child_transcripts/Gillam/download_2026-06-01/TD/6m/57264tx.cha,Gillam,TD,TD,male,eng,Built from labeled CHAT folder structure.,81.0,27,6.852,6.704,0.5249,181,1,0.037,0,0,0.037,0,0.0,0,0,0.0,6,0,10,0.0,0,6,8.2727,4.5,0.8333,0.0,21,0.0492,0.0,1,0.0,27,236,8.7407,0.4237
Gillam:57268tx,Gillam:TD:6m,data/curated/english_child_transcripts/Gillam/download_2026-06-01/TD/6m/57268tx.cha,Gillam,TD,TD,male,eng,Built from labeled CHAT folder structure.,81.0,34,5.853,5.647,0.474,192,0,0.0,0,0,0.0882,0,0.0,0,0,0.0,3,0,6,0.0,0,3,6.4865,11.3333,1.0,1.0,3,0.0027,0.0,0,0.0,34,221,6.5,0.4525
Gillam:57269tx,Gillam:TD:6m,data/curated/english_child_transcripts/Gillam/download_2026-06-01/TD/6m/57269tx.cha,Gillam,TD,TD,male,eng,Built from labeled CHAT folder structure.,82.0,23,3.652,3.609,0.5542,82,7,0.3043,0,0,0.0435,0,0.0,0,0,0.0,10,0,20,0.0,0,10,3.8485,2.3,1.0,1.0,3,0.0224,0.0,10,0.087,23,108,4.6957,0.5093
Gillam:57274tx,Gillam:TD:6m,data/curated/english_child_transcripts/Gillam/download_2026-06-01/TD/6m/57274tx.cha,Gillam,TD,TD,male,eng,Built from labeled CHAT folder structure.,83.0,41,8.317,8.195,0.4524,336,0,0.0,0,0,0.0,0,0.0,0,0,0.0,0,0,0,0.0,0,0,9.6098,0.0,0.0,0.0,15,0.0,0.0,0,0.0,41,394,9.6098,0.4112
Gillam:57288tx,Gillam:TD:6m,data/curated/english_child_transcripts/Gillam/download_2026-06-01/TD/6m/57288tx.cha,Gillam,TD,TD,male,eng,Built from labeled CHAT folder structure.,80.0,23,8.739,8.478,0.4718,195,0,0.0,0,0,0.0,0,0.0,0,0,0.0,3,0,3,0.0,0,3,9.3077,7.6667,0.3333,0.0,8,0.0,0.0,0,0.0,23,236,10.2609,0.4068
Gillam:28796tx,Gillam:TD:7f,data/curated/english_child_transcripts/Gillam/download_2026-06-01/TD/7f/28796tx.cha,Gillam,TD,TD,female,eng,Built from labeled CHAT folder structure.,87.0,69,8.551,8.362,0.48,577,1,0.0145,0,0,0.0145,0,0.0,0,0,0.0,1,0,2,0.0,0,1,9.3,69.0,1.0,0.0,6,0.0123,0.0,2,0.0725,69,647,9.3768,0.391
Gillam:28797tx,Gillam:TD:7f,data/curated/english_child_transcripts/Gillam/download_2026-06-01/TD/7f/28797tx.cha,Gillam,TD,TD,female,eng,Built from labeled CHAT folder structure.,94.0,66,7.5,7.182,0.4486,474,1,0.0152,0,0,0.0758,1,0.0152,0,0,0.0,0,0,0,0.0,0,0,7.8636,0.0,0.0,0.0,3,0.0,0.0152,2,0.0152,66,519,7.8636,0.3931
Gillam:28838ca,Gillam:TD:7f,data/curated/english_child_transcripts/Gillam/download_2026-06-01/TD/7f/28838ca.cha,Gillam,TD,TD,female,eng,Built from labeled CHAT folder structure.,89.0,43,10.488,10.349,0.4371,445,1,0.0233,0,0,0.0,0,0.0,0,0,0.0,3,0,6,0.0,0,3,10.6522,14.3333,1.0,0.0,9,0.0,0.0,1,0.0,43,487,11.3256,0.3922
Gillam:31230tx,Gillam:TD:7f,data/curated/english_child_transcripts/Gillam/download_2026-06-01/TD/7f/31230tx.cha,Gillam,TD,TD,female,eng,Built from labeled CHAT folder structure.,86.0,25,9.32,9.0,0.5067,225,0,0.0,0,0,0.0,0,0.0,0,0,0.0,0,0,0,0.0,0,0,9.88,0.0,0.0,0.0,1,0.0,0.0,0,0.0,25,247,9.88,0.502
Gillam:31235tx,Gillam:TD:7f,data/curated/english_child_transcripts/Gillam/download_2026-06-01/TD/7f/31235tx.cha,Gillam,TD,TD,female,eng,Built from labeled CHAT folder structure.,89.0,34,8.0,7.735,0.5323,263,0,0.0,0,0,0.0294,1,0.0294,0,0,0.0,0,0,0,0.0,0,0,8.5,0.0,0.0,0.0,9,0.0,0.0294,0,0.1176,34,289,8.5,0.5017
Gillam:39063wy,Gillam:TD:7f,data/curated/english_child_transcripts/Gillam/download_2026-06-01/TD/7f/39063wy.cha,Gillam,TD,TD,female,eng,Built from labeled CHAT folder structure.,84.0,27,7.407,7.074,0.534,191,2,0.0741,0,0,0.0,0,0.0,0,0,0.0,1,0,2,0.0,0,1,7.9643,27.0,1.0,1.0,1,0.0782,0.0,2,0.0741,27,212,7.8519,0.5283
Gillam:39347ks,Gillam:TD:7f,data/curated/english_child_transcripts/Gillam/download_2026-06-01/TD/7f/39347ks.cha,Gillam,TD,TD,female,eng,Built from labeled CHAT folder structure.,92.0,38,8.474,8.237,0.4824,313,0,0.0,0,0,0.0526,0,0.0,0,0,0.0,1,0,2,0.0,0,1,8.5641,38.0,1.0,0.0,5,0.0037,0.0,0,0.0,38,330,8.6842,0.4667
Gillam:39411ks,Gillam:TD:7f,data/curated/english_child_transcripts/Gillam/download_2026-06-01/TD/7f/39411ks.cha,Gillam,TD,TD,female,eng,Built from labeled CHAT folder structure.,90.0,24,5.417,5.208,0.568,125,0,0.0,0,0,0.0,0,0.0,0,0,0.0,11,0,10,0.0,0,11,5.0,2.1818,0.4545,0.25,2,0.017,0.0,0,0.0417,24,136,5.6667,0.5441
Gillam:41600nv,Gillam:TD:7f,data/curated/english_child_transcripts/Gillam/download_2026-06-01/TD/7f/41600nv.cha,Gillam,TD,TD,female,eng,Built from labeled CHAT folder structure.,95.0,35,7.543,7.457,0.4061,261,0,0.0,0,0,0.0,0,0.0,0,0,0.0,1,0,2,0.0,0,1,8.7222,35.0,1.0,0.0,12,0.0,0.0286,0,0.0571,35,313,8.9429,0.3834
Gillam:41605nv,Gillam:TD:7f,data/curated/english_child_transcripts/Gillam/download_2026-06-01/TD/7f/41605nv.cha,Gillam,TD,TD,female,eng,Built from labeled CHAT folder structure.,87.0,24,6.292,6.208,0.5638,149,0,0.0,0,0,0.0833,0,0.0,0,0,0.0,3,0,6,0.0,0,3,6.5556,8.0,1.0,1.0,1,0.0142,0.0,0,0.0,24,160,6.6667,0.55
Gillam:41614md,Gillam:TD:7f,data/curated/english_child_transcripts/Gillam/download_2026-06-01/TD/7f/41614md.cha,Gillam,TD,TD,female,eng,Built from labeled CHAT folder structure.,95.0,28,8.679,8.607,0.4647,240,0,0.0,0,0,0.0,0,0.0,0,0,0.0,3,0,6,0.0,0,3,9.6452,9.3333,1.0,1.0,3,0.0691,0.0,0,0.0714,28,276,9.8571,0.4457
Gillam:41627fl,Gillam:TD:7f,data/curated/english_child_transcripts/Gillam/download_2026-06-01/TD/7f/41627fl.cha,Gillam,TD,TD,female,eng,Built from labeled CHAT folder structure.,94.0,39,8.231,8.077,0.4127,315,0,0.0,0,0,0.0,0,0.0,0,0,0.0,2,0,4,0.0,0,2,8.439,19.5,1.0,1.0,0,0.0,0.0,0,0.0256,39,340,8.7179,0.4206
Gillam:41764ct,Gillam:TD:7f,data/curated/english_child_transcripts/Gillam/download_2026-06-01/TD/7f/41764ct.cha,Gillam,TD,TD,female,eng,Built from labeled CHAT folder structure.,88.0,39,8.282,8.0,0.4872,312,0,0.0,0,0,0.1026,0,0.0,0,0,0.0,7,0,11,0.0,0,7,7.8043,5.5714,0.7143,0.0,1,0.0175,0.0256,0,0.0,39,340,8.7179,0.4735
Gillam:46076v,Gillam:TD:7f,data/curated/english_child_transcripts/Gillam/download_2026-06-01/TD/7f/46076v.cha,Gillam,TD,TD,female,eng,Built from labeled CHAT folder structure.,90.0,99,8.949,8.798,0.4571,869,0,0.0,2,0,0.0101,0,0.0,0,0,0.0,0,0,0,0.0,0,0,10.3737,0.0,0.0,0.0,12,0.0,0.0101,0,0.0101,99,1027,10.3737,0.3155
Gillam:46086v,Gillam:TD:7f,data/curated/english_child_transcripts/Gillam/download_2026-06-01/TD/7f/46086v.cha,Gillam,TD,TD,female,eng,Built from labeled CHAT folder structure.,93.0,37,8.27,8.135,0.4219,301,0,0.0,0,0,0.0541,0,0.0,0,0,0.0,1,0,2,0.0,0,1,8.4211,37.0,1.0,0.0,1,0.0,0.027,0,0.0,37,319,8.6216,0.4107
Gillam:46128v,Gillam:TD:7f,data/curated/english_child_transcripts/Gillam/download_2026-06-01/TD/7f/46128v.cha,Gillam,TD,TD,female,eng,Built from labeled CHAT folder structure.,86.0,12,7.25,7.167,0.6628,86,0,0.0,0,0,0.0,1,0.0833,0,0,0.0,0,0,0,0.0,0,0,9.6667,0.0,0.0,0.0,6,0.0,0.0,0,0.0,12,116,9.6667,0.5776
Gillam:46131v,Gillam:TD:7f,data/curated/english_child_transcripts/Gillam/download_2026-06-01/TD/7f/46131v.cha,Gillam,TD,TD,female,eng,Built from labeled CHAT folder structure.,87.0,50,8.96,8.6,0.4114,430,0,0.0,0,0,0.0,0,0.0,0,0,0.0,1,0,1,0.0,0,1,10.0588,50.0,1.0,1.0,3,0.1335,0.0,0,0.04,50,502,10.04,0.3486
Gillam:46144v,Gillam:TD:7f,data/curated/english_child_transcripts/Gillam/download_2026-06-01/TD/7f/46144v.cha,Gillam,TD,TD,female,eng,Built from labeled CHAT folder structure.,86.0,18,7.389,7.278,0.6565,131,0,0.0,0,0,0.0,0,0.0,0,0,0.0,1,0,2,0.0,0,1,7.7368,18.0,1.0,1.0,1,0.0031,0.0,0,0.0,18,136,7.5556,0.6618
Gillam:46181v,Gillam:TD:7f,data/curated/english_child_transcripts/Gillam/download_2026-06-01/TD/7f/46181v.cha,Gillam,TD,TD,female,eng,Built from labeled CHAT folder structure.,85.0,16,8.188,7.625,0.5656,122,0,0.0,0,0,0.0,0,0.0,0,0,0.0,0,0,0,0.0,0,0,7.625,0.0,0.0,0.0,0,0.0,0.0,0,0.0,16,122,7.625,0.5656
Gillam:46188v,Gillam:TD:7f,data/curated/english_child_transcripts/Gillam/download_2026-06-01/TD/7f/46188v.cha,Gillam,TD,TD,female,eng,Built from labeled CHAT folder structure.,86.0,12,9.75,9.417,0.6372,113,3,0.25,0,0,0.0833,0,0.0,0,0,0.0,0,0,0,0.0,0,0,10.0,0.0,0.0,0.0,0,0.0,0.0,6,0.0,12,120,10.0,0.6083
Gillam:46197v,Gillam:TD:7f,data/curated/english_child_transcripts/Gillam/download_2026-06-01/TD/7f/46197v.cha,Gillam,TD,TD,female,eng,Built from labeled CHAT folder structure.,94.0,16,7.562,7.25,0.6121,116,0,0.0,0,0,0.0,0,0.0,0,0,0.0,4,0,5,0.0,0,4,7.5,4.0,0.75,1.0,5,0.1429,0.0,0,0.0,16,129,8.0625,0.5814
Gillam:46204wy,Gillam:TD:7f,data/curated/english_child_transcripts/Gillam/download_2026-06-01/TD/7f/46204wy.cha,Gillam,TD,TD,female,eng,Built from labeled CHAT folder structure.,94.0,51,6.961,6.784,0.4133,346,0,0.0,0,0,0.0392,0,0.0,0,0,0.0,0,0,0,0.0,0,0,6.9216,0.0,0.0,0.0,2,0.0,0.0,0,0.0,51,353,6.9216,0.4136
Gillam:46646nj,Gillam:TD:7f,data/curated/english_child_transcripts/Gillam/download_2026-06-01/TD/7f/46646nj.cha,Gillam,TD,TD,female,eng,Built from labeled CHAT folder structure.,84.0,46,10.304,9.891,0.5029,455,1,0.0217,0,0,0.0652,0,0.0,0,0,0.0,1,0,2,0.0,0,1,11.1064,46.0,1.0,0.0,5,0.0072,0.0,1,0.0217,46,521,11.3261,0.4223
Gillam:46659nj,Gillam:TD:7f,data/curated/english_child_transcripts/Gillam/download_2026-06-01/TD/7f/46659nj.cha,Gillam,TD,TD,female,eng,Built from labeled CHAT folder structure.,87.0,45,7.756,7.378,0.5271,332,0,0.0,0,0,0.0444,1,0.0222,0,0,0.0,3,0,4,0.0,0,3,7.8125,15.0,0.6667,0.0,17,0.0198,0.0,0,0.0,45,371,8.2444,0.4879
Gillam:46660nj,Gillam:TD:7f,data/curated/english_child_transcripts/Gillam/download_2026-06-01/TD/7f/46660nj.cha,Gillam,TD,TD,female,eng,Built from labeled CHAT folder structure.,86.0,29,11.483,11.241,0.4816,326,0,0.0,0,0,0.0345,0,0.0,0,0,0.0,0,0,0,0.0,0,0,13.3448,0.0,0.0,0.0,3,0.0,0.0,0,0.0,29,387,13.3448,0.4522
Gillam:46661nj,Gillam:TD:7f,data/curated/english_child_transcripts/Gillam/download_2026-06-01/TD/7f/46661nj.cha,Gillam,TD,TD,female,eng,Built from labeled CHAT folder structure.,84.0,36,8.333,8.0,0.4688,288,1,0.0278,0,0,0.0278,0,0.0,0,0,0.0,4,0,6,0.0,0,4,8.9,9.0,0.75,0.0,4,0.0384,0.0,1,0.0,36,341,9.4722,0.4194
Gillam:46666nj,Gillam:TD:7f,data/curated/english_child_transcripts/Gillam/download_2026-06-01/TD/7f/46666nj.cha,Gillam,TD,TD,female,eng,Built from labeled CHAT folder structure.,91.0,36,9.111,8.861,0.4545,319,0,0.0,0,0,0.0,0,0.0,0,0,0.0,0,0,0,0.0,0,0,9.6111,0.0,0.0,0.0,2,0.0,0.0278,0,0.0556,36,346,9.6111,0.4422
Gillam:46726nj,Gillam:TD:7f,data/curated/english_child_transcripts/Gillam/download_2026-06-01/TD/7f/46726nj.cha,Gillam,TD,TD,female,eng,Built from labeled CHAT folder structure.,94.0,47,9.511,9.319,0.4914,438,0,0.0,0,1,0.0213,0,0.0,0,0,0.0,0,0,0,0.0,0,0,10.9362,0.0,0.0,0.0,5,0.0,0.0426,0,0.0426,47,514,10.9362,0.4125
Gillam:46729nj,Gillam:TD:7f,data/curated/english_child_transcripts/Gillam/download_2026-06-01/TD/7f/46729nj.cha,Gillam,TD,TD,female,eng,Built from labeled CHAT folder structure.,91.0,81,7.926,7.741,0.4829,627,1,0.0123,0,0,0.0247,0,0.0,0,0,0.0,0,0,0,0.0,0,0,8.8025,0.0,0.0,0.0,11,0.0,0.0,1,0.0,81,713,8.8025,0.3899
Gillam:46737nj,Gillam:TD:7f,data/curated/english_child_transcripts/Gillam/download_2026-06-01/TD/7f/46737nj.cha,Gillam,TD,TD,female,eng,Built from labeled CHAT folder structure.,95.0,82,9.159,8.793,0.5029,721,0,0.0,0,0,0.0122,2,0.0244,0,0,0.0,2,0,2,0.0,0,2,9.4643,41.0,0.5,0.0,14,0.0155,0.0122,0,0.0244,82,787,9.5976,0.3672
Gillam:46744nj,Gillam:TD:7f,data/curated/english_child_transcripts/Gillam/download_2026-06-01/TD/7f/46744nj.cha,Gillam,TD,TD,female,eng,Built from labeled CHAT folder structure.,90.0,41,7.976,7.902,0.463,324,0,0.0,0,0,0.0,0,0.0,0,0,0.0,1,0,2,0.0,0,1,8.7857,41.0,1.0,1.0,5,0.0162,0.0,0,0.0488,41,367,8.9512,0.4441
Gillam:46758nj,Gillam:TD:7f,data/curated/english_child_transcripts/Gillam/download_2026-06-01/TD/7f/46758nj.cha,Gillam,TD,TD,female,eng,Built from labeled CHAT folder structure.,95.0,33,7.364,7.242,0.4519,239,0,0.0,0,0,0.0303,0,0.0,0,0,0.0,0,0,0,0.0,0,0,7.8182,0.0,0.0,0.0,0,0.0,0.0,0,0.0606,33,258,7.8182,0.4419
Gillam:46773ca,Gillam:TD:7f,data/curated/english_child_transcripts/Gillam/download_2026-06-01/TD/7f/46773ca.cha,Gillam,TD,TD,female,eng,Built from labeled CHAT folder structure.,84.0,25,8.76,8.52,0.4272,213,0,0.0,0,0,0.0,0,0.0,0,0,0.0,6,0,8,0.0,0,6,8.4839,4.1667,0.6667,0.5,6,0.0135,0.0,0,0.0,25,251,10.04,0.3944
Gillam:46816ca,Gillam:TD:7f,data/curated/english_child_transcripts/Gillam/download_2026-06-01/TD/7f/46816ca.cha,Gillam,TD,TD,female,eng,Built from labeled CHAT folder structure.,88.0,27,7.222,7.111,0.526,192,0,0.0,0,0,0.037,0,0.0,0,0,0.0,2,0,4,0.0,0,2,8.2069,13.5,1.0,1.0,4,0.0689,0.0,0,0.037,27,216,8.0,0.4769
Gillam:46826ca,Gillam:TD:7f,data/curated/english_child_transcripts/Gillam/download_2026-06-01/TD/7f/46826ca.cha,Gillam,TD,TD,female,eng,Built from labeled CHAT folder structure.,86.0,52,7.346,7.096,0.3971,369,0,0.0,0,3,0.0577,0,0.0,0,0,0.0,14,0,22,0.0,0,14,7.2879,3.7143,0.7857,0.0,2,0.0246,0.0,0,0.0962,52,436,8.3846,0.3509
Gillam:46888ca,Gillam:TD:7f,data/curated/english_child_transcripts/Gillam/download_2026-06-01/TD/7f/46888ca.cha,Gillam,TD,TD,female,eng,Built from labeled CHAT folder structure.,89.0,36,9.306,9.167,0.4636,330,1,0.0278,0,0,0.0278,0,0.0,0,0,0.0,0,0,0,0.0,0,0,9.6111,0.0,0.0,0.0,0,0.0,0.0,2,0.0,36,346,9.6111,0.4682
Gillam:46922wy,Gillam:TD:7f,data/curated/english_child_transcripts/Gillam/download_2026-06-01/TD/7f/46922wy.cha,Gillam,TD,TD,female,eng,Built from labeled CHAT folder structure.,93.0,37,8.892,8.784,0.3723,325,0,0.0,0,0,0.0,0,0.0,0,0,0.0,0,0,0,0.0,0,0,9.0541,0.0,0.0,0.0,3,0.0,0.0,0,0.0,37,335,9.0541,0.3701
Gillam:46931wy,Gillam:TD:7f,data/curated/english_child_transcripts/Gillam/download_2026-06-01/TD/7f/46931wy.cha,Gillam,TD,TD,female,eng,Built from labeled CHAT folder structure.,87.0,31,9.548,9.226,0.472,286,0,0.0,0,0,0.0323,0,0.0,0,0,0.0,1,0,2,0.0,0,1,10.2188,31.0,1.0,1.0,0,0.0,0.0,0,0.0,31,316,10.1935,0.4589
Gillam:46933wy,Gillam:TD:7f,data/curated/english_child_transcripts/Gillam/download_2026-06-01/TD/7f/46933wy.cha,Gillam,TD,TD,female,eng,Built from labeled CHAT folder structure.,84.0,34,8.971,8.765,0.453,297,0,0.0,0,0,0.0294,0,0.0,0,0,0.0,3,0,4,0.0,0,3,9.1081,11.3333,0.6667,1.0,1,0.039,0.0294,0,0.0,34,317,9.3235,0.4385
Gillam:46962wy,Gillam:TD:7f,data/curated/english_child_transcripts/Gillam/download_2026-06-01/TD/7f/46962wy.cha,Gillam,TD,TD,female,eng,Built from labeled CHAT folder structure.,94.0,16,6.5,6.188,0.6566,99,0,0.0,0,0,0.0,0,0.0,0,0,0.0,2,0,3,0.0,0,2,7.1667,8.0,0.5,0.5,1,0.0629,0.0,0,0.0,16,104,6.5,0.6538
Gillam:46985wy,Gillam:TD:7f,data/curated/english_child_transcripts/Gillam/download_2026-06-01/TD/7f/46985wy.cha,Gillam,TD,TD,female,eng,Built from labeled CHAT folder structure.,92.0,44,8.932,8.75,0.4486,385,0,0.0,0,0,0.0227,0,0.0,0,0,0.0,1,0,2,0.0,0,1,10.1111,44.0,1.0,1.0,5,0.0032,0.0682,0,0.0,44,444,10.0909,0.4122
Gillam:47009wy,Gillam:TD:7f,data/curated/english_child_transcripts/Gillam/download_2026-06-01/TD/7f/47009wy.cha,Gillam,TD,TD,female,eng,Built from labeled CHAT folder structure.,88.0,23,6.13,6.043,0.482,139,0,0.0,0,0,0.0,1,0.0435,0,0,0.0,1,0,1,0.0,0,1,6.6667,23.0,1.0,1.0,1,0.0693,0.0,0,0.0,23,149,6.4783,0.4698
Gillam:47499tx,Gillam:TD:7f,data/curated/english_child_transcripts/Gillam/download_2026-06-01/TD/7f/47499tx.cha,Gillam,TD,TD,female,eng,Built from labeled CHAT folder structure.,94.0,19,5.895,5.474,0.6442,104,0,0.0,0,0,0.0526,0,0.0,0,0,0.0,4,0,7,0.0,0,4,6.3478,4.75,1.0,1.0,1,0.0745,0.0,0,0.0,19,117,6.1579,0.6154
Gillam:48641v,Gillam:TD:7f,data/curated/english_child_transcripts/Gillam/download_2026-06-01/TD/7f/48641v.cha,Gillam,TD,TD,female,eng,Built from labeled CHAT folder structure.,93.0,84,7.75,7.452,0.4,626,0,0.0,0,3,0.0357,0,0.0,0,0,0.0,6,0,8,0.0,0,6,8.1,14.0,0.6667,1.0,1,0.0134,0.0,0,0.0476,84,704,8.381,0.3366
Gillam:48658v,Gillam:TD:7f,data/curated/english_child_transcripts/Gillam/download_2026-06-01/TD/7f/48658v.cha,Gillam,TD,TD,female,eng,Built from labeled CHAT folder structure.,85.0,14,4.714,4.5,0.7143,62,1,0.0714,1,0,0.0,0,0.0,0,0,0.0,8,0,13,0.0,0,8,5.0909,1.75,0.875,1.0,1,0.039,0.0,1,0.0714,14,71,5.0714,0.6479
Gillam:48660v,Gillam:TD:7f,data/curated/english_child_transcripts/Gillam/download_2026-06-01/TD/7f/48660v.cha,Gillam,TD,TD,female,eng,Built from labeled CHAT folder structure.,93.0,57,8.0,7.877,0.4086,449,0,0.0,0,0,0.0,1,0.0175,0,0,0.0,4,0,4,0.0,0,4,8.2787,14.25,0.5,0.0,6,0.0369,0.0,0,0.0,57,487,8.5439,0.3676
Gillam:54971ks,Gillam:TD:7f,data/curated/english_child_transcripts/Gillam/download_2026-06-01/TD/7f/54971ks.cha,Gillam,TD,TD,female,eng,Built from labeled CHAT folder structure.,86.0,41,7.439,7.073,0.4897,290,0,0.0,0,2,0.0488,0,0.0,0,0,0.0,5,0,4,0.0,0,5,8.2609,8.2,0.4,1.0,6,0.0049,0.0244,0,0.0244,41,369,9.0,0.4228
Gillam:54986ks,Gillam:TD:7f,data/curated/english_child_transcripts/Gillam/download_2026-06-01/TD/7f/54986ks.cha,Gillam,TD,TD,female,eng,Built from labeled CHAT folder structure.,84.0,26,9.808,9.538,0.4839,248,0,0.0,0,1,0.0385,0,0.0,0,0,0.0,2,0,4,0.0,0,2,10.2143,13.0,1.0,0.0,1,0.0,0.0,0,0.0385,26,283,10.8846,0.4629
Gillam:57267tx,Gillam:TD:7f,data/curated/english_child_transcripts/Gillam/download_2026-06-01/TD/7f/57267tx.cha,Gillam,TD,TD,female,eng,Built from labeled CHAT folder structure.,86.0,59,9.797,9.475,0.4629,559,0,0.0,0,0,0.0,0,0.0,0,0,0.0,1,0,2,0.0,0,1,10.6167,59.0,1.0,1.0,8,0.0683,0.0,0,0.0169,59,626,10.6102,0.3626
Gillam:57285tx,Gillam:TD:7f,data/curated/english_child_transcripts/Gillam/download_2026-06-01/TD/7f/57285tx.cha,Gillam,TD,TD,female,eng,Built from labeled CHAT folder structure.,89.0,33,7.424,7.333,0.4298,242,1,0.0303,0,0,0.0,0,0.0,0,0,0.0,0,0,0,0.0,0,0,7.9394,0.0,0.0,0.0,7,0.0,0.0,2,0.0303,33,262,7.9394,0.4198
Gillam:28784tx,Gillam:TD:7m,data/curated/english_child_transcripts/Gillam/download_2026-06-01/TD/7m/28784tx.cha,Gillam,TD,TD,male,eng,Built from labeled CHAT folder structure.,88.0,23,8.478,8.391,0.4663,193,0,0.0,0,0,0.0,0,0.0,0,0,0.0,2,0,2,0.0,0,2,8.24,11.5,0.5,0.5,1,0.0,0.0,0,0.0,23,201,8.7391,0.4627
Gillam:28786tx,Gillam:TD:7m,data/curated/english_child_transcripts/Gillam/download_2026-06-01/TD/7m/28786tx.cha,Gillam,TD,TD,male,eng,Built from labeled CHAT folder structure.,88.0,38,8.658,8.316,0.443,316,0,0.0,0,0,0.0263,0,0.0,0,0,0.0,0,0,0,0.0,0,0,9.1842,0.0,0.0,0.0,1,0.0,0.0,0,0.0263,38,349,9.1842,0.4155
Gillam:31222tx,Gillam:TD:7m,data/curated/english_child_transcripts/Gillam/download_2026-06-01/TD/7m/31222tx.cha,Gillam,TD,TD,male,eng,Built from labeled CHAT folder structure.,91.0,38,8.395,8.289,0.4762,315,3,0.0789,0,0,0.0,0,0.0,0,0,0.0,0,0,0,0.0,0,0,9.3158,0.0,0.0,0.0,2,0.0,0.0,3,0.0263,38,354,9.3158,0.4435
Gillam:31236tx,Gillam:TD:7m,data/curated/english_child_transcripts/Gillam/download_2026-06-01/TD/7m/31236tx.cha,Gillam,TD,TD,male,eng,Built from labeled CHAT folder structure.,89.0,43,8.372,8.14,0.5086,350,0,0.0,0,0,0.0233,0,0.0,0,0,0.0,0,0,0,0.0,0,0,10.0465,0.0,0.0,0.0,13,0.0,0.0,0,0.0,43,432,10.0465,0.4444
Gillam:31241tx,Gillam:TD:7m,data/curated/english_child_transcripts/Gillam/download_2026-06-01/TD/7m/31241tx.cha,Gillam,TD,TD,male,eng,Built from labeled CHAT folder structure.,86.0,24,8.125,7.917,0.5421,190,0,0.0,0,0,0.0417,0,0.0,0,0,0.0,1,0,2,0.0,0,1,8.8,24.0,1.0,1.0,3,0.0021,0.0,0,0.0417,24,214,8.9167,0.5374
Gillam:39064wy,Gillam:TD:7m,data/curated/english_child_transcripts/Gillam/download_2026-06-01/TD/7m/39064wy.cha,Gillam,TD,TD,male,eng,Built from labeled CHAT folder structure.,84.0,19,7.421,7.368,0.6214,140,0,0.0,0,0,0.0526,0,0.0,0,0,0.0,0,0,0,0.0,0,0,8.4211,0.0,0.0,0.0,5,0.0,0.0,0,0.0526,19,160,8.4211,0.5687
Gillam:39331ks,Gillam:TD:7m,data/curated/english_child_transcripts/Gillam/download_2026-06-01/TD/7m/39331ks.cha,Gillam,TD,TD,male,eng,Built from labeled CHAT folder structure.,95.0,65,7.615,7.415,0.46,481,0,0.0,0,1,0.0154,0,0.0,0,0,0.0,19,0,34,0.0,0,19,7.3929,3.4211,0.8947,1.0,10,0.0182,0.0,0,0.0615,65,555,8.5385,0.3802
Gillam:39346ks,Gillam:TD:7m,data/curated/english_child_transcripts/Gillam/download_2026-06-01/TD/7m/39346ks.cha,Gillam,TD,TD,male,eng,Built from labeled CHAT folder structure.,86.0,60,8.2,7.983,0.4429,479,1,0.0167,0,0,0.0333,0,0.0,0,0,0.0,1,0,2,0.0,0,1,8.5082,60.0,1.0,0.0,5,0.0,0.0,1,0.0167,60,515,8.5833,0.3883
Gillam:39354ks,Gillam:TD:7m,data/curated/english_child_transcripts/Gillam/download_2026-06-01/TD/7m/39354ks.cha,Gillam,TD,TD,male,eng,Built from labeled CHAT folder structure.,91.0,55,6.782,6.709,0.48,368,0,0.0,1,0,0.0545,0,0.0,0,0,0.0,10,0,11,0.0,0,10,6.2462,5.5,0.5,1.0,1,0.0125,0.0364,0,0.0,55,383,6.9636,0.4674
Gillam:41303oh,Gillam:TD:7m,data/curated/english_child_transcripts/Gillam/download_2026-06-01/TD/7m/41303oh.cha,Gillam,TD,TD,male,eng,Built from labeled CHAT folder structure.,86.0,33,7.394,7.303,0.5228,240,0,0.0,0,0,0.0303,0,0.0,0,0,0.0,1,0,2,0.0,0,1,7.5,33.0,1.0,1.0,2,0.0016,0.0,0,0.0,33,244,7.3939,0.5123
Gillam:41314oh,Gillam:TD:7m,data/curated/english_child_transcripts/Gillam/download_2026-06-01/TD/7m/41314oh.cha,Gillam,TD,TD,male,eng,Built from labeled CHAT folder structure.,94.0,31,8.742,8.452,0.4618,262,0,0.0,0,0,0.0,0,0.0,0,0,0.0,8,0,11,0.0,0,8,8.1538,3.875,0.625,0.5,1,0.0048,0.0,0,0.0323,31,282,9.0968,0.4362
Gillam:41316oh,Gillam:TD:7m,data/curated/english_child_transcripts/Gillam/download_2026-06-01/TD/7m/41316oh.cha,Gillam,TD,TD,male,eng,Built from labeled CHAT folder structure.,95.0,44,6.432,6.364,0.4286,280,1,0.0227,0,0,0.0,0,0.0,0,0,0.0,8,0,11,0.0,0,8,7.1731,5.5,0.625,0.625,4,0.017,0.0,1,0.0455,44,314,7.1364,0.414
Gillam:41324oh,Gillam:TD:7m,data/curated/english_child_transcripts/Gillam/download_2026-06-01/TD/7m/41324oh.cha,Gillam,TD,TD,male,eng,Built from labeled CHAT folder structure.,87.0,50,7.5,7.44,0.4657,372,0,0.0,0,0,0.0,0,0.0,0,0,0.0,3,0,6,0.0,0,3,8.3774,16.6667,1.0,1.0,2,0.0698,0.0,0,0.04,50,420,8.4,0.4405
Gillam:41593ny,Gillam:TD:7m,data/curated/english_child_transcripts/Gillam/download_2026-06-01/TD/7m/41593ny.cha,Gillam,TD,TD,male,eng,Built from labeled CHAT folder structure.,94.0,30,9.767,9.5,0.4491,285,0,0.0,0,0,0.0,0,0.0,0,0,0.0,1,0,2,0.0,0,1,10.1935,30.0,1.0,0.0,3,0.0,0.0,0,0.0,30,314,10.4667,0.4299
Gillam:41595ny,Gillam:TD:7m,data/curated/english_child_transcripts/Gillam/download_2026-06-01/TD/7m/41595ny.cha,Gillam,TD,TD,male,eng,Built from labeled CHAT folder structure.,90.0,27,7.519,7.037,0.5316,190,0,0.0,0,0,0.037,0,0.0,0,0,0.0,1,0,2,0.0,0,1,8.1071,27.0,1.0,0.0,3,0.0,0.037,0,0.037,27,223,8.2593,0.5112
Gillam:41596ny,Gillam:TD:7m,data/curated/english_child_transcripts/Gillam/download_2026-06-01/TD/7m/41596ny.cha,Gillam,TD,TD,male,eng,Built from labeled CHAT folder structure.,88.0,19,5.947,5.842,0.5676,111,0,0.0,0,0,0.0,0,0.0,0,0,0.0,4,0,8,0.0,0,4,6.2174,4.75,1.0,1.0,0,0.0849,0.0,0,0.0,19,116,6.1053,0.5517
Gillam:41599nv,Gillam:TD:7m,data/curated/english_child_transcripts/Gillam/download_2026-06-01/TD/7m/41599nv.cha,Gillam,TD,TD,male,eng,Built from labeled CHAT folder structure.,92.0,24,6.0,5.708,0.562,137,0,0.0,0,0,0.0417,0,0.0,0,0,0.0,3,0,6,0.0,0,3,5.4815,8.0,1.0,0.0,2,0.0,0.0,0,0.0417,24,145,6.0417,0.5448
Gillam:41696il,Gillam:TD:7m,data/curated/english_child_transcripts/Gillam/download_2026-06-01/TD/7m/41696il.cha,Gillam,TD,TD,male,eng,Built from labeled CHAT folder structure.,88.0,28,9.071,8.786,0.5081,246,0,0.0,0,0,0.0357,0,0.0,0,0,0.0,3,0,4,0.0,0,3,8.7742,9.3333,0.6667,0.0,2,0.0096,0.0357,0,0.0357,28,267,9.5357,0.4794
Gillam:41730ny,Gillam:TD:7m,data/curated/english_child_transcripts/Gillam/download_2026-06-01/TD/7m/41730ny.cha,Gillam,TD,TD,male,eng,Built from labeled CHAT folder structure.,93.0,45,6.933,6.711,0.4305,302,2,0.0444,0,0,0.0222,0,0.0,0,0,0.0,1,0,2,0.0,0,1,7.7609,45.0,1.0,0.0,7,0.0,0.0,2,0.0,45,356,7.9111,0.4073
Gillam:41734ny,Gillam:TD:7m,data/curated/english_child_transcripts/Gillam/download_2026-06-01/TD/7m/41734ny.cha,Gillam,TD,TD,male,eng,Built from labeled CHAT folder structure.,95.0,35,9.343,9.086,0.4717,318,0,0.0,0,0,0.0286,0,0.0,0,0,0.0,2,0,2,0.0,0,2,10.8108,17.5,0.5,0.0,9,0.0597,0.0,0,0.0286,35,375,10.7143,0.4427
Gillam:41761ct,Gillam:TD:7m,data/curated/english_child_transcripts/Gillam/download_2026-06-01/TD/7m/41761ct.cha,Gillam,TD,TD,male,eng,Built from labeled CHAT folder structure.,93.0,55,7.364,7.164,0.4229,394,0,0.0,0,0,0.0,0,0.0,0,0,0.0,2,0,2,0.0,0,2,8.4561,27.5,0.5,0.0,5,0.083,0.0,0,0.0182,55,466,8.4727,0.367
Gillam:41762ct,Gillam:TD:7m,data/curated/english_child_transcripts/Gillam/download_2026-06-01/TD/7m/41762ct.cha,Gillam,TD,TD,male,eng,Built from labeled CHAT folder structure.,90.0,67,8.925,8.806,0.4314,590,0,0.0,0,0,0.0149,1,0.0149,0,0,0.0,1,0,2,0.0,0,1,9.2794,67.0,1.0,0.0,4,0.0,0.0,0,0.0149,67,630,9.403,0.3508
Gillam:46085v,Gillam:TD:7m,data/curated/english_child_transcripts/Gillam/download_2026-06-01/TD/7m/46085v.cha,Gillam,TD,TD,male,eng,Built from labeled CHAT folder structure.,94.0,37,12.27,12.108,0.42,448,0,0.0,0,0,0.027,0,0.0,0,0,0.0,0,0,0,0.0,0,0,14.5676,0.0,0.0,0.0,5,0.0,0.0,0,0.0,37,539,14.5676,0.3655
Gillam:46129v,Gillam:TD:7m,data/curated/english_child_transcripts/Gillam/download_2026-06-01/TD/7m/46129v.cha,Gillam,TD,TD,male,eng,Built from labeled CHAT folder structure.,84.0,17,9.353,9.118,0.5935,155,2,0.1176,0,0,0.0588,0,0.0,0,0,0.0,0,0,0,0.0,0,0,9.8235,0.0,0.0,0.0,4,0.0,0.0588,5,0.0,17,167,9.8235,0.5689
Gillam:46130v,Gillam:TD:7m,data/curated/english_child_transcripts/Gillam/download_2026-06-01/TD/7m/46130v.cha,Gillam,TD,TD,male,eng,Built from labeled CHAT folder structure.,86.0,47,9.553,9.255,0.42,435,1,0.0213,0,0,0.0213,0,0.0,0,0,0.0,3,0,6,0.0,0,3,10.78,15.6667,1.0,1.0,2,0.0069,0.0,1,0.0426,47,518,11.0213,0.3359
Gillam:46145v,Gillam:TD:7m,data/curated/english_child_transcripts/Gillam/download_2026-06-01/TD/7m/46145v.cha,Gillam,TD,TD,male,eng,Built from labeled CHAT folder structure.,89.0,43,6.674,6.558,0.4716,282,1,0.0233,0,0,0.0698,0,0.0,0,0,0.0,0,0,0,0.0,0,0,7.7907,0.0,0.0,0.0,4,0.0,0.0,1,0.0,43,335,7.7907,0.4358
Gillam:46179v,Gillam:TD:7m,data/curated/english_child_transcripts/Gillam/download_2026-06-01/TD/7m/46179v.cha,Gillam,TD,TD,male,eng,Built from labeled CHAT folder structure.,86.0,23,7.0,6.913,0.566,159,0,0.0,0,0,0.0,0,0.0,0,0,0.0,0,0,0,0.0,0,0,8.7391,0.0,0.0,0.0,9,0.0,0.0,0,0.0,23,201,8.7391,0.4826
Gillam:46183v,Gillam:TD:7m,data/curated/english_child_transcripts/Gillam/download_2026-06-01/TD/7m/46183v.cha,Gillam,TD,TD,male,eng,Built from labeled CHAT folder structure.,86.0,31,8.516,8.355,0.4981,259,0,0.0,0,0,0.0,0,0.0,0,0,0.0,0,0,0,0.0,0,0,9.3548,0.0,0.0,0.0,3,0.0,0.0,0,0.0,31,290,9.3548,0.4724
Gillam:46645nj,Gillam:TD:7m,data/curated/english_child_transcripts/Gillam/download_2026-06-01/TD/7m/46645nj.cha,Gillam,TD,TD,male,eng,Built from labeled CHAT folder structure.,84.0,37,7.486,7.405,0.5182,273,0,0.0,1,0,0.027,0,0.0,0,0,0.0,2,0,4,0.0,1,2,8.3077,18.5,1.0,1.0,8,0.0,0.0,0,0.0,37,321,8.6757,0.486
Gillam:46662nj,Gillam:TD:7m,data/curated/english_child_transcripts/Gillam/download_2026-06-01/TD/7m/46662nj.cha,Gillam,TD,TD,male,eng,Built from labeled CHAT folder structure.,91.0,31,8.194,8.0,0.5565,248,3,0.0968,0,0,0.0645,0,0.0,0,0,0.0,2,0,4,0.0,1,2,8.2121,15.5,1.0,0.0,1,0.0,0.0,4,0.0,31,270,8.7097,0.5296
Gillam:46664nj,Gillam:TD:7m,data/curated/english_child_transcripts/Gillam/download_2026-06-01/TD/7m/46664nj.cha,Gillam,TD,TD,male,eng,Built from labeled CHAT folder structure.,85.0,22,8.864,8.591,0.5397,189,1,0.0455,0,0,0.0909,0,0.0,0,0,0.0,4,0,8,0.0,0,4,11.7308,5.5,1.0,1.0,31,0.1047,0.0,1,0.0,22,283,12.8636,0.3958
Gillam:46665nj,Gillam:TD:7m,data/curated/english_child_transcripts/Gillam/download_2026-06-01/TD/7m/46665nj.cha,Gillam,TD,TD,male,eng,Built from labeled CHAT folder structure.,88.0,41,6.951,6.878,0.3794,281,5,0.122,0,0,0.0488,1,0.0244,0,0,0.0,10,0,14,0.0,0,10,8.3137,4.1,0.7,1.0,29,0.0615,0.0,6,0.0976,41,398,9.7073,0.2889
Gillam:46668nj,Gillam:TD:7m,data/curated/english_child_transcripts/Gillam/download_2026-06-01/TD/7m/46668nj.cha,Gillam,TD,TD,male,eng,Built from labeled CHAT folder structure.,91.0,28,7.571,7.464,0.5885,209,0,0.0,0,0,0.0,0,0.0,0,0,0.0,3,0,6,0.0,0,3,7.7097,9.3333,1.0,1.0,2,0.0045,0.0,0,0.0,28,232,8.2857,0.5733
Gillam:46669nj,Gillam:TD:7m,data/curated/english_child_transcripts/Gillam/download_2026-06-01/TD/7m/46669nj.cha,Gillam,TD,TD,male,eng,Built from labeled CHAT folder structure.,87.0,43,8.488,8.116,0.4871,348,0,0.0,0,0,0.093,0,0.0,0,0,0.0,5,0,10,0.0,0,5,8.7083,8.6,1.0,1.0,7,0.0729,0.0,0,0.0465,43,404,9.3953,0.4629
Gillam:46746nj,Gillam:TD:7m,data/curated/english_child_transcripts/Gillam/download_2026-06-01/TD/7m/46746nj.cha,Gillam,TD,TD,male,eng,Built from labeled CHAT folder structure.,88.0,38,8.763,8.605,0.4557,327,0,0.0,0,0,0.0,0,0.0,0,0,0.0,3,0,4,0.0,0,3,9.3415,12.6667,0.6667,1.0,6,0.0423,0.0,0,0.0,38,379,9.9737,0.4248
Gillam:46747nj,Gillam:TD:7m,data/curated/english_child_transcripts/Gillam/download_2026-06-01/TD/7m/46747nj.cha,Gillam,TD,TD,male,eng,Built from labeled CHAT folder structure.,94.0,59,6.627,6.373,0.4686,376,0,0.0,0,0,0.0847,0,0.0,0,0,0.0,4,0,8,0.0,0,4,7.0794,14.75,1.0,1.0,8,0.0476,0.0169,0,0.0339,59,439,7.4407,0.4146
Gillam:46765nj,Gillam:TD:7m,data/curated/english_child_transcripts/Gillam/download_2026-06-01/TD/7m/46765nj.cha,Gillam,TD,TD,male,eng,Built from labeled CHAT folder structure.,93.0,32,9.438,9.062,0.4862,290,1,0.0312,0,0,0.0,0,0.0,0,0,0.0,1,0,2,0.0,0,1,9.7273,32.0,1.0,0.0,8,0.0,0.0,1,0.0,32,320,10.0,0.4719
Gillam:46901ca,Gillam:TD:7m,data/curated/english_child_transcripts/Gillam/download_2026-06-01/TD/7m/46901ca.cha,Gillam,TD,TD,male,eng,Built from labeled CHAT folder structure.,89.0,48,7.667,7.542,0.4029,362,4,0.0833,0,0,0.0208,0,0.0,1,0,0.0,3,0,6,0.0,0,3,8.6078,16.0,1.0,1.0,9,0.0,0.0208,8,0.0,48,410,8.5417,0.3902
Gillam:46902ca,Gillam:TD:7m,data/curated/english_child_transcripts/Gillam/download_2026-06-01/TD/7m/46902ca.cha,Gillam,TD,TD,male,eng,Built from labeled CHAT folder structure.,86.0,26,5.462,5.154,0.5746,134,1,0.0385,0,0,0.0,0,0.0,0,0,0.0,7,0,10,0.0,0,7,5.6364,3.7143,0.7143,1.0,4,0.0096,0.0,1,0.0385,26,156,6.0,0.5449
Gillam:46917ca,Gillam:TD:7m,data/curated/english_child_transcripts/Gillam/download_2026-06-01/TD/7m/46917ca.cha,Gillam,TD,TD,male,eng,Built from labeled CHAT folder structure.,93.0,18,6.556,6.444,0.6293,116,1,0.0556,0,0,0.0,0,0.0,0,0,0.0,1,0,2,0.0,0,1,6.8947,18.0,1.0,0.0,0,0.0,0.0,1,0.0,18,130,7.2222,0.6077
Gillam:46932wy,Gillam:TD:7m,data/curated/english_child_transcripts/Gillam/download_2026-06-01/TD/7m/46932wy.cha,Gillam,TD,TD,male,eng,Built from labeled CHAT folder structure.,87.0,16,7.625,7.562,0.7025,121,0,0.0,0,0,0.0,0,0.0,0,0,0.0,2,0,4,0.0,0,2,8.9444,8.0,1.0,1.0,0,0.0682,0.0,0,0.0625,16,139,8.6875,0.6547
Gillam:46969wy,Gillam:TD:7m,data/curated/english_child_transcripts/Gillam/download_2026-06-01/TD/7m/46969wy.cha,Gillam,TD,TD,male,eng,Built from labeled CHAT folder structure.,93.0,29,6.759,6.655,0.5285,193,0,0.0,0,0,0.0345,0,0.0,0,0,0.0,0,0,0,0.0,0,0,7.1034,0.0,0.0,0.0,6,0.0,0.0,0,0.0,29,206,7.1034,0.5097
Gillam:54969ks,Gillam:TD:7m,data/curated/english_child_transcripts/Gillam/download_2026-06-01/TD/7m/54969ks.cha,Gillam,TD,TD,male,eng,Built from labeled CHAT folder structure.,87.0,19,6.211,5.895,0.5893,112,0,0.0,0,1,0.0,0,0.0,0,0,0.0,6,0,7,0.0,0,6,6.44,3.1667,0.6667,0.6667,1,0.0073,0.0,0,0.0526,19,131,6.8947,0.5725
Gillam:54970ks,Gillam:TD:7m,data/curated/english_child_transcripts/Gillam/download_2026-06-01/TD/7m/54970ks.cha,Gillam,TD,TD,male,eng,Built from labeled CHAT folder structure.,86.0,35,7.257,6.943,0.4856,243,0,0.0,0,0,0.0857,0,0.0,0,0,0.0,9,0,10,0.0,0,9,7.1364,3.8889,0.5556,0.0,6,0.0372,0.0,0,0.0857,35,286,8.1714,0.4441
Gillam:54972ks,Gillam:TD:7m,data/curated/english_child_transcripts/Gillam/download_2026-06-01/TD/7m/54972ks.cha,Gillam,TD,TD,male,eng,Built from labeled CHAT folder structure.,87.0,22,5.136,4.864,0.6822,106,0,0.0,0,3,0.0,0,0.0,0,0,0.0,9,0,16,0.0,0,9,4.5161,2.4444,0.8889,1.0,2,0.0408,0.0,0,0.0,22,113,5.1364,0.6637
Gillam:54985ks,Gillam:TD:7m,data/curated/english_child_transcripts/Gillam/download_2026-06-01/TD/7m/54985ks.cha,Gillam,TD,TD,male,eng,Built from labeled CHAT folder structure.,87.0,28,7.929,7.643,0.5,214,0,0.0,0,0,0.0357,0,0.0,0,0,0.0,1,0,2,0.0,0,1,8.2759,28.0,1.0,1.0,0,0.0,0.0714,0,0.0,28,229,8.1786,0.4934
Gillam:54993ks,Gillam:TD:7m,data/curated/english_child_transcripts/Gillam/download_2026-06-01/TD/7m/54993ks.cha,Gillam,TD,TD,male,eng,Built from labeled CHAT folder structure.,95.0,69,7.609,7.406,0.4086,511,4,0.058,0,0,0.0145,0,0.0,0,0,0.0,2,0,4,0.0,0,2,8.5634,34.5,1.0,0.0,14,0.0,0.0,5,0.0,69,606,8.7826,0.3416
Gillam:57263tx,Gillam:TD:7m,data/curated/english_child_transcripts/Gillam/download_2026-06-01/TD/7m/57263tx.cha,Gillam,TD,TD,male,eng,Built from labeled CHAT folder structure.,87.0,24,8.917,8.625,0.5314,207,0,0.0,0,2,0.0417,0,0.0,0,0,0.0,6,0,12,0.0,0,6,8.3333,4.0,1.0,0.0,2,0.0025,0.0,0,0.0,24,243,10.125,0.4897
Gillam:57266tx,Gillam:TD:7m,data/curated/english_child_transcripts/Gillam/download_2026-06-01/TD/7m/57266tx.cha,Gillam,TD,TD,male,eng,Built from labeled CHAT folder structure.,90.0,30,8.133,7.933,0.458,238,0,0.0,0,0,0.0,0,0.0,0,0,0.0,1,0,2,0.0,0,1,9.5484,30.0,1.0,1.0,3,0.0191,0.0,0,0.0333,30,287,9.5667,0.4321
Gillam:57275tx,Gillam:TD:7m,data/curated/english_child_transcripts/Gillam/download_2026-06-01/TD/7m/57275tx.cha,Gillam,TD,TD,male,eng,Built from labeled CHAT folder structure.,92.0,23,6.043,5.783,0.5489,133,0,0.0,0,0,0.0,0,0.0,0,0,0.0,3,0,3,0.0,0,3,6.3077,7.6667,0.3333,0.0,5,0.0,0.0,0,0.0435,23,150,6.5217,0.5067
Gillam:31213tx,Gillam:TD:8f,data/curated/english_child_transcripts/Gillam/download_2026-06-01/TD/8f/31213tx.cha,Gillam,TD,TD,female,eng,Built from labeled CHAT folder structure.,97.0,38,8.263,8.079,0.5049,307,0,0.0,0,0,0.0263,0,0.0,0,0,0.0,0,0,0,0.0,0,0,8.9211,0.0,0.0,0.0,4,0.0,0.0,0,0.0,38,339,8.9211,0.4838
Gillam:31232tx,Gillam:TD:8f,data/curated/english_child_transcripts/Gillam/download_2026-06-01/TD/8f/31232tx.cha,Gillam,TD,TD,female,eng,Built from labeled CHAT folder structure.,103.0,68,8.353,8.088,0.4286,550,0,0.0,0,0,0.0147,0,0.0,0,0,0.0,0,0,0,0.0,1,0,9.8971,0.0,0.0,0.0,5,0.0,0.0,0,0.0588,68,673,9.8971,0.3091
Gillam:37446fl,Gillam:TD:8f,data/curated/english_child_transcripts/Gillam/download_2026-06-01/TD/8f/37446fl.cha,Gillam,TD,TD,female,eng,Built from labeled CHAT folder structure.,98.0,33,7.121,6.879,0.489,227,0,0.0,0,0,0.0303,0,0.0,0,0,0.0,1,0,2,0.0,0,1,6.9412,33.0,1.0,0.0,1,0.0,0.0,0,0.0,33,235,7.1212,0.4894
Gillam:39322ks,Gillam:TD:8f,data/curated/english_child_transcripts/Gillam/download_2026-06-01/TD/8f/39322ks.cha,Gillam,TD,TD,female,eng,Built from labeled CHAT folder structure.,104.0,75,7.747,7.533,0.42,565,0,0.0,0,0,0.0133,0,0.0,0,0,0.0,2,0,4,0.0,0,2,7.987,37.5,1.0,0.0,5,0.0056,0.0,0,0.0267,75,606,8.08,0.3597
Gillam:39333ks,Gillam:TD:8f,data/curated/english_child_transcripts/Gillam/download_2026-06-01/TD/8f/39333ks.cha,Gillam,TD,TD,female,eng,Built from labeled CHAT folder structure.,99.0,45,8.044,7.778,0.48,350,1,0.0222,0,0,0.0667,0,0.0,0,0,0.0,1,0,2,0.0,0,1,9.0,45.0,1.0,0.0,3,0.0296,0.0,1,0.0889,45,408,9.0667,0.4461
Gillam:39348ks,Gillam:TD:8f,data/curated/english_child_transcripts/Gillam/download_2026-06-01/TD/8f/39348ks.cha,Gillam,TD,TD,female,eng,Built from labeled CHAT folder structure.,99.0,22,6.682,6.636,0.5068,146,0,0.0,0,0,0.0,0,0.0,0,0,0.0,2,0,1,0.0,0,2,7.7917,11.0,0.0,0.0,1,0.0,0.0,0,0.0,22,174,7.9091,0.4713
Gillam:39562oh,Gillam:TD:8f,data/curated/english_child_transcripts/Gillam/download_2026-06-01/TD/8f/39562oh.cha,Gillam,TD,TD,female,eng,Built from labeled CHAT folder structure.,105.0,41,9.756,9.39,0.4657,385,0,0.0,0,0,0.0244,0,0.0,0,0,0.0,9,0,16,0.0,0,9,9.5,4.5556,0.8889,1.0,4,0.0108,0.0,0,0.0244,41,434,10.5854,0.4332
Gillam:41307oh,Gillam:TD:8f,data/curated/english_child_transcripts/Gillam/download_2026-06-01/TD/8f/41307oh.cha,Gillam,TD,TD,female,eng,Built from labeled CHAT folder structure.,96.0,30,9.2,8.9,0.4944,267,1,0.0333,0,0,0.0333,0,0.0,0,0,0.0,3,0,4,0.0,0,3,8.9697,10.0,0.6667,1.0,2,0.0015,0.0,2,0.0,30,286,9.5333,0.4825
Gillam:41339oh,Gillam:TD:8f,data/curated/english_child_transcripts/Gillam/download_2026-06-01/TD/8f/41339oh.cha,Gillam,TD,TD,female,eng,Built from labeled CHAT folder structure.,104.0,35,12.171,11.857,0.48,415,0,0.0,0,0,0.0286,0,0.0,0,0,0.0,4,0,6,0.0,0,4,11.8205,8.75,0.75,1.0,1,0.0017,0.0,0,0.0,35,449,12.8286,0.4499
Gillam:41590ny,Gillam:TD:8f,data/curated/english_child_transcripts/Gillam/download_2026-06-01/TD/8f/41590ny.cha,Gillam,TD,TD,female,eng,Built from labeled CHAT folder structure.,97.0,24,6.25,6.0,0.6319,144,0,0.0,0,0,0.0,0,0.0,0,0,0.0,10,0,16,0.0,0,10,5.5,2.4,0.8,1.0,0,0.0728,0.0,0,0.0417,24,152,6.3333,0.6118
Gillam:41594ny,Gillam:TD:8f,data/curated/english_child_transcripts/Gillam/download_2026-06-01/TD/8f/41594ny.cha,Gillam,TD,TD,female,eng,Built from labeled CHAT folder structure.,96.0,51,7.549,7.314,0.4229,372,0,0.0,0,0,0.0392,0,0.0,0,0,0.0,14,0,20,0.0,0,14,7.7385,3.6429,0.7143,0.75,6,0.0426,0.0196,0,0.098,51,417,8.1765,0.3885
Gillam:41604nv,Gillam:TD:8f,data/curated/english_child_transcripts/Gillam/download_2026-06-01/TD/8f/41604nv.cha,Gillam,TD,TD,female,eng,Built from labeled CHAT folder structure.,102.0,21,6.0,5.905,0.6048,124,2,0.0952,0,0,0.0,0,0.0,0,0,0.0,0,0,0,0.0,0,0,6.9048,0.0,0.0,0.0,1,0.0,0.0,3,0.0,21,145,6.9048,0.5793
Gillam:41680ak,Gillam:TD:8f,data/curated/english_child_transcripts/Gillam/download_2026-06-01/TD/8f/41680ak.cha,Gillam,TD,TD,female,eng,Built from labeled CHAT folder structure.,102.0,18,7.778,7.556,0.6103,136,1,0.0556,0,0,0.0556,0,0.0,0,0,0.0,6,0,10,0.0,0,6,7.125,3.0,0.8333,0.8,1,0.0194,0.0,1,0.0,18,142,7.8889,0.6056
Gillam:41682ak,Gillam:TD:8f,data/curated/english_child_transcripts/Gillam/download_2026-06-01/TD/8f/41682ak.cha,Gillam,TD,TD,female,eng,Built from labeled CHAT folder structure.,102.0,39,7.846,7.744,0.4901,302,0,0.0,0,0,0.0,0,0.0,0,0,0.0,3,0,4,0.0,0,3,7.9524,13.0,0.6667,0.0,6,0.0541,0.0,0,0.0,39,325,8.3333,0.4738
Gillam:41700il,Gillam:TD:8f,data/curated/english_child_transcripts/Gillam/download_2026-06-01/TD/8f/41700il.cha,Gillam,TD,TD,female,eng,Built from labeled CHAT folder structure.,100.0,49,8.939,8.714,0.4571,427,0,0.0,0,0,0.0,0,0.0,0,0,0.0,1,0,2,0.0,0,1,9.48,49.0,1.0,0.0,3,0.0053,0.0,0,0.0,49,472,9.6327,0.4089
Gillam:41701il,Gillam:TD:8f,data/curated/english_child_transcripts/Gillam/download_2026-06-01/TD/8f/41701il.cha,Gillam,TD,TD,female,eng,Built from labeled CHAT folder structure.,104.0,61,8.885,8.492,0.5,518,0,0.0,0,0,0.0164,0,0.0,0,0,0.0,2,0,4,0.0,0,2,9.3175,30.5,1.0,0.0,7,0.0184,0.0,0,0.0,61,582,9.541,0.3849
Gillam:41727ny,Gillam:TD:8f,data/curated/english_child_transcripts/Gillam/download_2026-06-01/TD/8f/41727ny.cha,Gillam,TD,TD,female,eng,Built from labeled CHAT folder structure.,96.0,34,8.294,8.147,0.4477,277,0,0.0,0,0,0.0588,0,0.0,0,0,0.0,0,0,0,0.0,0,0,8.6471,0.0,0.0,0.0,1,0.0,0.0294,0,0.0,34,294,8.6471,0.4354
Gillam:41755me,Gillam:TD:8f,data/curated/english_child_transcripts/Gillam/download_2026-06-01/TD/8f/41755me.cha,Gillam,TD,TD,female,eng,Built from labeled CHAT folder structure.,99.0,48,7.438,7.25,0.4655,348,3,0.0625,0,0,0.0,0,0.0,0,0,0.0,3,0,4,0.0,0,3,7.1373,16.0,0.6667,1.0,2,0.0,0.0,4,0.0417,48,354,7.375,0.4661
Gillam:46075v,Gillam:TD:8f,data/curated/english_child_transcripts/Gillam/download_2026-06-01/TD/8f/46075v.cha,Gillam,TD,TD,female,eng,Built from labeled CHAT folder structure.,100.0,41,8.0,7.927,0.4277,325,0,0.0,0,0,0.0,0,0.0,0,0,0.0,0,0,0,0.0,0,0,8.4878,0.0,0.0,0.0,2,0.0,0.0,0,0.0,41,348,8.4878,0.4138
Gillam:46150v,Gillam:TD:8f,data/curated/english_child_transcripts/Gillam/download_2026-06-01/TD/8f/46150v.cha,Gillam,TD,TD,female,eng,Built from labeled CHAT folder structure.,103.0,37,9.541,9.243,0.4269,342,0,0.0,0,0,0.0,0,0.0,0,0,0.0,0,0,0,0.0,0,0,10.5946,0.0,0.0,0.0,1,0.0,0.0,0,0.027,37,392,10.5946,0.4107
Gillam:46160v,Gillam:TD:8f,data/curated/english_child_transcripts/Gillam/download_2026-06-01/TD/8f/46160v.cha,Gillam,TD,TD,female,eng,Built from labeled CHAT folder structure.,106.0,73,9.699,9.479,0.4914,692,0,0.0,0,0,0.0548,0,0.0,0,0,0.0,0,0,0,0.0,0,0,10.6164,0.0,0.0,0.0,8,0.0,0.0,0,0.0137,73,775,10.6164,0.3445
Gillam:46167v,Gillam:TD:8f,data/curated/english_child_transcripts/Gillam/download_2026-06-01/TD/8f/46167v.cha,Gillam,TD,TD,female,eng,Built from labeled CHAT folder structure.,106.0,34,10.882,10.618,0.4543,361,0,0.0,0,0,0.0,0,0.0,0,0,0.0,0,0,0,0.0,0,0,11.4706,0.0,0.0,0.0,2,0.0,0.0294,0,0.0,34,390,11.4706,0.4385
Gillam:46169v,Gillam:TD:8f,data/curated/english_child_transcripts/Gillam/download_2026-06-01/TD/8f/46169v.cha,Gillam,TD,TD,female,eng,Built from labeled CHAT folder structure.,101.0,31,10.645,10.516,0.4417,326,0,0.0,0,0,0.0323,0,0.0,0,0,0.0,0,0,0,0.0,0,0,11.0,0.0,0.0,0.0,3,0.0,0.0,0,0.0,31,341,11.0,0.4282
Gillam:46170v,Gillam:TD:8f,data/curated/english_child_transcripts/Gillam/download_2026-06-01/TD/8f/46170v.cha,Gillam,TD,TD,female,eng,Built from labeled CHAT folder structure.,103.0,37,9.0,8.838,0.4587,327,0,0.0,0,0,0.0541,0,0.0,0,0,0.0,0,0,0,0.0,0,0,9.2162,0.0,0.0,0.0,0,0.0,0.027,0,0.0,37,341,9.2162,0.4604
Gillam:46724nj,Gillam:TD:8f,data/curated/english_child_transcripts/Gillam/download_2026-06-01/TD/8f/46724nj.cha,Gillam,TD,TD,female,eng,Built from labeled CHAT folder structure.,107.0,75,8.267,8.067,0.4486,605,0,0.0,0,0,0.0133,0,0.0,0,0,0.0,6,0,6,0.0,0,6,8.4568,12.5,0.5,0.3333,9,0.009,0.0,0,0.0133,75,673,8.9733,0.3507
Gillam:46732nj,Gillam:TD:8f,data/curated/english_child_transcripts/Gillam/download_2026-06-01/TD/8f/46732nj.cha,Gillam,TD,TD,female,eng,Built from labeled CHAT folder structure.,98.0,51,8.706,8.275,0.4629,422,0,0.0,0,0,0.1765,0,0.0,0,0,0.0,1,0,2,0.0,0,1,9.1154,51.0,1.0,0.0,5,0.0038,0.0,0,0.0,51,470,9.2157,0.4149
Gillam:46736nj,Gillam:TD:8f,data/curated/english_child_transcripts/Gillam/download_2026-06-01/TD/8f/46736nj.cha,Gillam,TD,TD,female,eng,Built from labeled CHAT folder structure.,102.0,47,7.489,7.277,0.4678,341,0,0.0,0,1,0.0213,0,0.0,0,0,0.0,3,0,6,0.0,0,3,8.06,15.6667,1.0,1.0,11,0.0164,0.0,0,0.0213,47,385,8.1915,0.4597
Gillam:46738nj,Gillam:TD:8f,data/curated/english_child_transcripts/Gillam/download_2026-06-01/TD/8f/46738nj.cha,Gillam,TD,TD,female,eng,Built from labeled CHAT folder structure.,97.0,47,8.234,7.936,0.4457,372,1,0.0213,0,0,0.0426,0,0.0,0,0,0.0,2,0,4,0.0,0,2,8.2857,23.5,1.0,0.0,3,0.0018,0.0,2,0.0213,47,404,8.5957,0.4257
Gillam:46761nj,Gillam:TD:8f,data/curated/english_child_transcripts/Gillam/download_2026-06-01/TD/8f/46761nj.cha,Gillam,TD,TD,female,eng,Built from labeled CHAT folder structure.,105.0,50,7.38,7.14,0.4143,356,0,0.0,0,0,0.0,0,0.0,0,0,0.0,2,0,4,0.0,0,2,8.0385,25.0,1.0,1.0,5,0.0142,0.0,0,0.04,50,409,8.18,0.3961
Gillam:46772ca,Gillam:TD:8f,data/curated/english_child_transcripts/Gillam/download_2026-06-01/TD/8f/46772ca.cha,Gillam,TD,TD,female,eng,Built from labeled CHAT folder structure.,97.0,32,5.312,5.156,0.4909,165,0,0.0,0,0,0.0,0,0.0,0,0,0.0,13,0,26,0.0,0,13,4.4889,2.4615,1.0,1.0,4,0.0399,0.0,0,0.0,32,181,5.6562,0.4807
Gillam:46775ca,Gillam:TD:8f,data/curated/english_child_transcripts/Gillam/download_2026-06-01/TD/8f/46775ca.cha,Gillam,TD,TD,female,eng,Built from labeled CHAT folder structure.,107.0,47,7.915,7.681,0.4657,361,1,0.0213,0,0,0.0426,0,0.0,0,0,0.0,22,0,43,0.0,0,22,6.5362,2.1364,0.9545,1.0,4,0.0091,0.0,1,0.0426,47,420,8.9362,0.4286
Gillam:46779ca,Gillam:TD:8f,data/curated/english_child_transcripts/Gillam/download_2026-06-01/TD/8f/46779ca.cha,Gillam,TD,TD,female,eng,Built from labeled CHAT folder structure.,100.0,52,8.404,8.25,0.4114,429,0,0.0,0,0,0.0,0,0.0,0,0,0.0,1,0,2,0.0,0,1,9.0377,52.0,1.0,0.0,0,0.0016,0.0,0,0.0577,52,478,9.1923,0.3912
Gillam:46782ca,Gillam:TD:8f,data/curated/english_child_transcripts/Gillam/download_2026-06-01/TD/8f/46782ca.cha,Gillam,TD,TD,female,eng,Built from labeled CHAT folder structure.,107.0,32,6.719,6.594,0.5118,211,1,0.0312,0,0,0.0,0,0.0,0,0,0.0,3,0,6,0.0,0,3,7.2857,10.6667,1.0,1.0,9,0.0097,0.0,1,0.0,32,247,7.7188,0.4615
Gillam:46791ca,Gillam:TD:8f,data/curated/english_child_transcripts/Gillam/download_2026-06-01/TD/8f/46791ca.cha,Gillam,TD,TD,female,eng,Built from labeled CHAT folder structure.,97.0,52,8.673,8.538,0.48,444,0,0.0,0,0,0.0192,0,0.0,0,0,0.0,3,0,6,0.0,0,3,8.6,17.3333,1.0,0.0,2,0.0,0.0,0,0.0,52,469,9.0192,0.4307
Gillam:46815ca,Gillam:TD:8f,data/curated/english_child_transcripts/Gillam/download_2026-06-01/TD/8f/46815ca.cha,Gillam,TD,TD,female,eng,Built from labeled CHAT folder structure.,100.0,31,7.452,7.29,0.5044,226,1,0.0323,0,0,0.0,0,0.0,0,0,0.0,2,0,4,0.0,0,2,9.5152,15.5,1.0,1.0,17,0.0945,0.0,1,0.0,31,302,9.7419,0.4238
Gillam:46818az,Gillam:TD:8f,data/curated/english_child_transcripts/Gillam/download_2026-06-01/TD/8f/46818az.cha,Gillam,TD,TD,female,eng,Built from labeled CHAT folder structure.,98.0,46,7.783,7.5,0.4348,345,1,0.0217,0,0,0.0217,0,0.0,0,0,0.0,3,0,6,0.0,0,3,7.9796,15.3333,1.0,0.0,4,0.0,0.0,1,0.0217,46,387,8.413,0.4134
Gillam:46968wy,Gillam:TD:8f,data/curated/english_child_transcripts/Gillam/download_2026-06-01/TD/8f/46968wy.cha,Gillam,TD,TD,female,eng,Built from labeled CHAT folder structure.,104.0,26,7.385,7.231,0.5426,188,1,0.0385,0,0,0.0769,0,0.0,0,0,0.0,0,0,0,0.0,0,0,8.9615,0.0,0.0,0.0,6,0.0,0.0385,1,0.0385,26,233,8.9615,0.5064
Gillam:46979wy,Gillam:TD:8f,data/curated/english_child_transcripts/Gillam/download_2026-06-01/TD/8f/46979wy.cha,Gillam,TD,TD,female,eng,Built from labeled CHAT folder structure.,107.0,51,8.49,8.294,0.46,423,0,0.0,0,0,0.0196,0,0.0,0,0,0.0,0,0,0,0.0,0,0,8.6863,0.0,0.0,0.0,4,0.0,0.0196,0,0.0,51,443,8.6863,0.4199
Gillam:46983wy,Gillam:TD:8f,data/curated/english_child_transcripts/Gillam/download_2026-06-01/TD/8f/46983wy.cha,Gillam,TD,TD,female,eng,Built from labeled CHAT folder structure.,106.0,113,8.49,8.26,0.4571,940,0,0.0,0,0,0.0265,0,0.0,0,0,0.0,0,0,0,0.0,0,0,9.4425,0.0,0.0,0.0,7,0.0,0.0177,0,0.0177,113,1067,9.4425,0.3065
Gillam:47050wy,Gillam:TD:8f,data/curated/english_child_transcripts/Gillam/download_2026-06-01/TD/8f/47050wy.cha,Gillam,TD,TD,female,eng,Built from labeled CHAT folder structure.,104.0,45,8.622,8.489,0.4229,382,0,0.0,0,0,0.0222,0,0.0,0,0,0.0,1,0,2,0.0,0,1,9.5217,45.0,1.0,1.0,4,0.0037,0.0,0,0.0444,45,427,9.4889,0.3958
Gillam:47496tx,Gillam:TD:8f,data/curated/english_child_transcripts/Gillam/download_2026-06-01/TD/8f/47496tx.cha,Gillam,TD,TD,female,eng,Built from labeled CHAT folder structure.,96.0,49,8.776,8.633,0.4143,423,0,0.0,0,0,0.0,0,0.0,0,0,0.0,1,0,2,0.0,0,1,9.4,49.0,1.0,0.0,4,0.0,0.0,0,0.0408,49,469,9.5714,0.3625
Gillam:48635v,Gillam:TD:8f,data/curated/english_child_transcripts/Gillam/download_2026-06-01/TD/8f/48635v.cha,Gillam,TD,TD,female,eng,Built from labeled CHAT folder structure.,104.0,47,9.851,9.574,0.4543,450,1,0.0213,0,0,0.0,0,0.0,0,0,0.0,0,0,0,0.0,0,0,10.7447,0.0,0.0,0.0,3,0.0,0.0,3,0.0,47,505,10.7447,0.3802
Gillam:48636v,Gillam:TD:8f,data/curated/english_child_transcripts/Gillam/download_2026-06-01/TD/8f/48636v.cha,Gillam,TD,TD,female,eng,Built from labeled CHAT folder structure.,105.0,33,8.091,7.848,0.5135,259,0,0.0,0,0,0.0,1,0.0303,0,0,0.0,3,0,6,0.0,0,3,8.8333,11.0,1.0,0.0,4,0.0296,0.0,0,0.0,33,293,8.8788,0.4812
Gillam:48661v,Gillam:TD:8f,data/curated/english_child_transcripts/Gillam/download_2026-06-01/TD/8f/48661v.cha,Gillam,TD,TD,female,eng,Built from labeled CHAT folder structure.,100.0,85,8.071,7.706,0.4,655,3,0.0353,0,0,0.0,0,0.0,0,0,0.0,4,0,8,0.0,0,4,7.9213,21.25,1.0,0.0,4,0.009,0.0,4,0.0235,85,696,8.1882,0.3247
Gillam:50062wy,Gillam:TD:8f,data/curated/english_child_transcripts/Gillam/download_2026-06-01/TD/8f/50062wy.cha,Gillam,TD,TD,female,eng,Built from labeled CHAT folder structure.,103.0,65,8.585,8.415,0.4886,547,0,0.0,0,0,0.0308,0,0.0,0,0,0.0,1,0,2,0.0,0,1,9.0606,65.0,1.0,0.0,2,0.0052,0.0,0,0.0308,65,596,9.1692,0.4077
Gillam:54835ma,Gillam:TD:8f,data/curated/english_child_transcripts/Gillam/download_2026-06-01/TD/8f/54835ma.cha,Gillam,TD,TD,female,eng,Built from labeled CHAT folder structure.,106.0,98,7.092,6.98,0.4171,684,0,0.0,0,0,0.0,0,0.0,0,0,0.0,5,0,8,0.0,0,5,7.7379,19.6,0.8,1.0,11,0.0344,0.0,0,0.0204,98,779,7.949,0.3184
Gillam:54919co,Gillam:TD:8f,data/curated/english_child_transcripts/Gillam/download_2026-06-01/TD/8f/54919co.cha,Gillam,TD,TD,female,eng,Built from labeled CHAT folder structure.,102.0,46,8.065,7.826,0.48,358,0,0.0,0,1,0.0652,0,0.0,0,0,0.0,0,0,0,0.0,0,0,10.4783,0.0,0.0,0.0,23,0.0,0.0217,0,0.0,46,482,10.4783,0.3963
Gillam:57277tx,Gillam:TD:8f,data/curated/english_child_transcripts/Gillam/download_2026-06-01/TD/8f/57277tx.cha,Gillam,TD,TD,female,eng,Built from labeled CHAT folder structure.,97.0,34,8.0,7.794,0.517,265,0,0.0,0,0,0.0,0,0.0,0,0,0.0,1,0,2,0.0,0,1,8.2857,34.0,1.0,0.0,1,0.0012,0.0,0,0.0,34,279,8.2059,0.5233
Gillam:57279tx,Gillam:TD:8f,data/curated/english_child_transcripts/Gillam/download_2026-06-01/TD/8f/57279tx.cha,Gillam,TD,TD,female,eng,Built from labeled CHAT folder structure.,97.0,37,7.0,6.784,0.4422,251,0,0.0,0,0,0.0,1,0.027,0,0,0.0,7,0,12,0.0,0,7,8.0455,5.2857,0.8571,0.8,9,0.0232,0.0,0,0.0,37,310,8.3784,0.3871
Gillam:57284tx,Gillam:TD:8f,data/curated/english_child_transcripts/Gillam/download_2026-06-01/TD/8f/57284tx.cha,Gillam,TD,TD,female,eng,Built from labeled CHAT folder structure.,96.0,70,10.114,9.886,0.4743,692,0,0.0,0,0,0.0286,0,0.0,0,0,0.0,0,0,0,0.0,0,0,11.1857,0.0,0.0,0.0,9,0.0,0.0143,0,0.0,70,783,11.1857,0.364
Gillam:08y41512nm,Gillam:TD:8m,data/curated/english_child_transcripts/Gillam/download_2026-06-01/TD/8m/08y41512nm.cha,Gillam,TD,TD,male,eng,Built from labeled CHAT folder structure.,100.0,61,9.672,9.246,0.4543,564,1,0.0164,0,1,0.0656,0,0.0,0,0,0.0,6,0,12,0.0,0,6,9.9552,10.1667,1.0,1.0,5,0.0226,0.0,1,0.0328,61,657,10.7705,0.376
Gillam:28777tx,Gillam:TD:8m,data/curated/english_child_transcripts/Gillam/download_2026-06-01/TD/8m/28777tx.cha,Gillam,TD,TD,male,eng,Built from labeled CHAT folder structure.,97.0,26,8.769,8.462,0.5136,220,0,0.0,0,0,0.0385,0,0.0,0,0,0.0,5,0,6,0.0,0,5,8.5161,5.2,0.6,0.0,0,0.0627,0.0,0,0.0385,26,238,9.1538,0.4958
Gillam:28785tx,Gillam:TD:8m,data/curated/english_child_transcripts/Gillam/download_2026-06-01/TD/8m/28785tx.cha,Gillam,TD,TD,male,eng,Built from labeled CHAT folder structure.,98.0,55,7.527,7.273,0.4543,400,0,0.0,0,0,0.0182,0,0.0,0,0,0.0,2,0,4,0.0,0,2,7.5088,27.5,1.0,0.0,8,0.0054,0.0,0,0.0364,55,426,7.7455,0.392
Gillam:31200tx,Gillam:TD:8m,data/curated/english_child_transcripts/Gillam/download_2026-06-01/TD/8m/31200tx.cha,Gillam,TD,TD,male,eng,Built from labeled CHAT folder structure.,107.0,41,9.537,9.22,0.4571,378,0,0.0,0,0,0.0244,0,0.0,0,0,0.0,1,0,2,0.0,0,1,10.9286,41.0,1.0,1.0,12,0.0012,0.0,0,0.0488,41,455,11.0976,0.4044
Gillam:31202tx,Gillam:TD:8m,data/curated/english_child_transcripts/Gillam/download_2026-06-01/TD/8m/31202tx.cha,Gillam,TD,TD,male,eng,Built from labeled CHAT folder structure.,99.0,26,9.423,9.192,0.5439,239,0,0.0,0,0,0.0385,0,0.0,0,0,0.0,1,0,2,0.0,0,1,9.9259,26.0,1.0,0.0,5,0.0,0.0385,0,0.0,26,267,10.2692,0.5131
Gillam:31229tx,Gillam:TD:8m,data/curated/english_child_transcripts/Gillam/download_2026-06-01/TD/8m/31229tx.cha,Gillam,TD,TD,male,eng,Built from labeled CHAT folder structure.,100.0,38,8.0,7.816,0.4411,297,0,0.0,0,0,0.0,0,0.0,0,0,0.0,1,0,2,0.0,0,1,8.8205,38.0,1.0,1.0,5,0.0,0.0,0,0.1316,38,339,8.9211,0.4218
Gillam:39328ks,Gillam:TD:8m,data/curated/english_child_transcripts/Gillam/download_2026-06-01/TD/8m/39328ks.cha,Gillam,TD,TD,male,eng,Built from labeled CHAT folder structure.,100.0,37,8.405,8.243,0.482,305,0,0.0,0,0,0.0,0,0.0,0,0,0.0,4,0,8,0.0,0,4,9.8293,9.25,1.0,1.0,18,0.0933,0.0,0,0.027,37,378,10.2162,0.4206
Gillam:39330ks,Gillam:TD:8m,data/curated/english_child_transcripts/Gillam/download_2026-06-01/TD/8m/39330ks.cha,Gillam,TD,TD,male,eng,Built from labeled CHAT folder structure.,96.0,32,10.031,9.812,0.4427,314,0,0.0,0,0,0.0625,0,0.0,0,0,0.0,4,0,8,0.0,0,4,9.5833,8.0,1.0,0.0,3,0.0,0.0,0,0.0,32,340,10.625,0.4324
Gillam:39332ks,Gillam:TD:8m,data/curated/english_child_transcripts/Gillam/download_2026-06-01/TD/8m/39332ks.cha,Gillam,TD,TD,male,eng,Built from labeled CHAT folder structure.,101.0,114,8.28,8.04,0.4171,914,4,0.0351,0,0,0.0088,1,0.0088,0,0,0.0,26,0,50,0.0,0,26,7.5857,4.3846,0.9615,1.0,14,0.0188,0.0,6,0.0439,114,1018,8.9298,0.2809
Gillam:39334ks,Gillam:TD:8m,data/curated/english_child_transcripts/Gillam/download_2026-06-01/TD/8m/39334ks.cha,Gillam,TD,TD,male,eng,Built from labeled CHAT folder structure.,102.0,32,7.906,7.688,0.5325,246,0,0.0,0,0,0.0312,0,0.0,0,0,0.0,6,0,9,0.0,0,6,7.9211,5.3333,0.6667,1.0,3,0.0184,0.0,0,0.0312,32,276,8.625,0.5145
Gillam:39350ks,Gillam:TD:8m,data/curated/english_child_transcripts/Gillam/download_2026-06-01/TD/8m/39350ks.cha,Gillam,TD,TD,male,eng,Built from labeled CHAT folder structure.,104.0,26,9.615,9.5,0.5101,247,1,0.0385,0,0,0.0385,0,0.0,0,0,0.0,9,0,16,0.0,0,9,8.7714,2.8889,0.8889,1.0,4,0.0095,0.0,1,0.0,26,268,10.3077,0.4888
Gillam:39409ks,Gillam:TD:8m,data/curated/english_child_transcripts/Gillam/download_2026-06-01/TD/8m/39409ks.cha,Gillam,TD,TD,male,eng,Built from labeled CHAT folder structure.,100.0,14,7.0,6.786,0.7053,95,0,0.0,0,0,0.0,0,0.0,0,0,0.0,21,0,17,0.0,0,21,6.2857,0.6667,0.4286,0.5714,0,0.0564,0.0,0,0.0,14,104,7.4286,0.6442
Gillam:39410ks,Gillam:TD:8m,data/curated/english_child_transcripts/Gillam/download_2026-06-01/TD/8m/39410ks.cha,Gillam,TD,TD,male,eng,Built from labeled CHAT folder structure.,103.0,40,7.875,7.725,0.4401,309,0,0.0,0,0,0.0,0,0.0,0,0,0.0,1,0,2,0.0,0,1,9.0976,40.0,1.0,1.0,2,0.0048,0.0,0,0.025,40,370,9.25,0.4081
Gillam:39559oh,Gillam:TD:8m,data/curated/english_child_transcripts/Gillam/download_2026-06-01/TD/8m/39559oh.cha,Gillam,TD,TD,male,eng,Built from labeled CHAT folder structure.,105.0,31,6.903,6.742,0.5024,209,0,0.0,0,0,0.0,0,0.0,0,0,0.0,2,0,4,0.0,0,2,7.1515,15.5,1.0,1.0,1,0.0778,0.0,0,0.0323,31,233,7.5161,0.485
Gillam:39567oh,Gillam:TD:8m,data/curated/english_child_transcripts/Gillam/download_2026-06-01/TD/8m/39567oh.cha,Gillam,TD,TD,male,eng,Built from labeled CHAT folder structure.,107.0,46,9.674,9.348,0.5029,430,0,0.0,0,0,0.0217,0,0.0,0,0,0.0,4,0,4,0.0,0,4,9.52,11.5,0.5,0.0,2,0.0189,0.0,0,0.0435,46,463,10.0652,0.4492
Gillam:39702tx,Gillam:TD:8m,data/curated/english_child_transcripts/Gillam/download_2026-06-01/TD/8m/39702tx.cha,Gillam,TD,TD,male,eng,Built from labeled CHAT folder structure.,100.0,34,8.794,8.706,0.4392,296,0,0.0,0,0,0.0,0,0.0,0,0,0.0,0,0,0,0.0,0,0,9.4412,0.0,0.0,0.0,0,0.0,0.0,0,0.0,34,321,9.4412,0.4237
Gillam:39710tx,Gillam:TD:8m,data/curated/english_child_transcripts/Gillam/download_2026-06-01/TD/8m/39710tx.cha,Gillam,TD,TD,male,eng,Built from labeled CHAT folder structure.,104.0,42,8.952,8.619,0.4057,362,0,0.0,0,0,0.0238,0,0.0,0,0,0.0,0,0,0,0.0,0,0,10.0714,0.0,0.0,0.0,13,0.0,0.0,0,0.0238,42,423,10.0714,0.3617
Gillam:41310oh,Gillam:TD:8m,data/curated/english_child_transcripts/Gillam/download_2026-06-01/TD/8m/41310oh.cha,Gillam,TD,TD,male,eng,Built from labeled CHAT folder structure.,99.0,48,8.646,8.417,0.4571,404,0,0.0,0,0,0.0417,0,0.0,0,0,0.0,4,0,6,0.0,0,4,10.0769,12.0,0.75,1.0,9,0.0947,0.0208,0,0.0417,48,496,10.3333,0.3911
Gillam:41319oh,Gillam:TD:8m,data/curated/english_child_transcripts/Gillam/download_2026-06-01/TD/8m/41319oh.cha,Gillam,TD,TD,male,eng,Built from labeled CHAT folder structure.,100.0,41,8.293,8.098,0.5361,332,0,0.0,0,0,0.0488,0,0.0,0,0,0.0,8,0,14,0.0,0,8,7.3265,5.125,0.875,1.0,0,0.0294,0.0,0,0.0,41,337,8.2195,0.5341
Gillam:41327oh,Gillam:TD:8m,data/curated/english_child_transcripts/Gillam/download_2026-06-01/TD/8m/41327oh.cha,Gillam,TD,TD,male,eng,Built from labeled CHAT folder structure.,96.0,19,4.895,4.842,0.6087,92,0,0.0,0,0,0.0526,0,0.0,0,0,0.0,21,0,23,0.0,0,21,5.325,0.9048,0.5238,0.75,1,0.0807,0.0,0,0.0,19,103,5.4211,0.5728
Gillam:41509nm,Gillam:TD:8m,data/curated/english_child_transcripts/Gillam/download_2026-06-01/TD/8m/41509nm.cha,Gillam,TD,TD,male,eng,Built from labeled CHAT folder structure.,103.0,38,6.526,6.421,0.4918,244,6,0.1579,0,0,0.0263,0,0.0,0,0,0.0,7,0,2,0.0,0,7,7.6667,5.4286,0.1429,0.0,4,0.0344,0.0,7,0.0,38,255,6.7105,0.4863
Gillam:41603nv,Gillam:TD:8m,data/curated/english_child_transcripts/Gillam/download_2026-06-01/TD/8m/41603nv.cha,Gillam,TD,TD,male,eng,Built from labeled CHAT folder structure.,100.0,45,9.267,9.089,0.3971,409,0,0.0,0,0,0.0,0,0.0,0,0,0.0,0,0,0,0.0,0,0,10.0,0.0,0.0,0.0,7,0.0,0.0,0,0.0444,45,450,10.0,0.3578
Gillam:41728ny,Gillam:TD:8m,data/curated/english_child_transcripts/Gillam/download_2026-06-01/TD/8m/41728ny.cha,Gillam,TD,TD,male,eng,Built from labeled CHAT folder structure.,96.0,15,5.6,5.4,0.6049,81,0,0.0,0,0,0.0,0,0.0,0,0,0.0,5,0,8,0.0,0,5,5.7,3.0,0.8,0.6667,4,0.0,0.0,0,0.0,15,95,6.3333,0.5368
Gillam:46650nj,Gillam:TD:8m,data/curated/english_child_transcripts/Gillam/download_2026-06-01/TD/8m/46650nj.cha,Gillam,TD,TD,male,eng,Built from labeled CHAT folder structure.,106.0,53,8.925,8.509,0.4571,451,0,0.0,0,0,0.0,0,0.0,0,0,0.0,2,0,4,0.0,0,2,10.2,26.5,1.0,0.0,10,0.0385,0.0,0,0.0,53,555,10.4717,0.4
Gillam:46655nj,Gillam:TD:8m,data/curated/english_child_transcripts/Gillam/download_2026-06-01/TD/8m/46655nj.cha,Gillam,TD,TD,male,eng,Built from labeled CHAT folder structure.,108.0,39,9.949,9.795,0.4914,382,1,0.0256,0,0,0.0,0,0.0,0,0,0.0,3,0,4,0.0,0,3,10.8333,13.0,0.6667,1.0,3,0.0239,0.0,1,0.0256,39,441,11.3077,0.4626
Gillam:46656nj,Gillam:TD:8m,data/curated/english_child_transcripts/Gillam/download_2026-06-01/TD/8m/46656nj.cha,Gillam,TD,TD,male,eng,Built from labeled CHAT folder structure.,104.0,42,8.69,8.429,0.44,354,0,0.0,0,0,0.0238,0,0.0,0,0,0.0,2,0,2,0.0,0,2,9.8409,21.0,0.5,0.0,1,0.0124,0.0,0,0.0,42,423,10.0714,0.4208
Gillam:46658nj,Gillam:TD:8m,data/curated/english_child_transcripts/Gillam/download_2026-06-01/TD/8m/46658nj.cha,Gillam,TD,TD,male,eng,Built from labeled CHAT folder structure.,106.0,27,8.148,7.889,0.5446,213,0,0.0,0,0,0.037,0,0.0,0,0,0.0,0,0,0,0.0,0,0,8.5185,0.0,0.0,0.0,0,0.0,0.0,0,0.0,27,230,8.5185,0.513
Gillam:46715nj,Gillam:TD:8m,data/curated/english_child_transcripts/Gillam/download_2026-06-01/TD/8m/46715nj.cha,Gillam,TD,TD,male,eng,Built from labeled CHAT folder structure.,98.0,36,9.139,8.944,0.441,322,0,0.0,0,0,0.0556,0,0.0,0,0,0.0,4,0,6,0.0,0,4,8.7,9.0,0.75,0.0,1,0.0056,0.0,0,0.0278,36,337,9.3611,0.4303
Gillam:46727nj,Gillam:TD:8m,data/curated/english_child_transcripts/Gillam/download_2026-06-01/TD/8m/46727nj.cha,Gillam,TD,TD,male,eng,Built from labeled CHAT folder structure.,100.0,71,8.394,8.197,0.4971,582,0,0.0,0,0,0.0,0,0.0,0,0,0.0,0,0,0,0.0,0,0,8.8028,0.0,0.0,0.0,2,0.0,0.0141,0,0.0,71,625,8.8028,0.3936
Gillam:46728nj,Gillam:TD:8m,data/curated/english_child_transcripts/Gillam/download_2026-06-01/TD/8m/46728nj.cha,Gillam,TD,TD,male,eng,Built from labeled CHAT folder structure.,96.0,27,7.778,7.481,0.5594,202,1,0.037,0,0,0.037,0,0.0,0,0,0.0,1,0,2,0.0,0,1,8.0,27.0,1.0,1.0,2,0.0,0.0,1,0.0,27,213,7.8889,0.5446
Gillam:46790ca,Gillam:TD:8m,data/curated/english_child_transcripts/Gillam/download_2026-06-01/TD/8m/46790ca.cha,Gillam,TD,TD,male,eng,Built from labeled CHAT folder structure.,102.0,29,7.138,7.0,0.4433,203,0,0.0,0,0,0.0345,0,0.0,0,0,0.0,0,0,0,0.0,0,0,8.3103,0.0,0.0,0.0,8,0.0,0.0,0,0.0,29,241,8.3103,0.4025
Gillam:46809ca,Gillam:TD:8m,data/curated/english_child_transcripts/Gillam/download_2026-06-01/TD/8m/46809ca.cha,Gillam,TD,TD,male,eng,Built from labeled CHAT folder structure.,100.0,71,7.423,7.169,0.4743,509,3,0.0423,0,0,0.0704,0,0.0,0,0,0.0,7,0,14,0.0,0,7,7.3077,10.1429,1.0,0.0,2,0.0079,0.0141,5,0.0,71,561,7.9014,0.4135
Gillam:46813ca,Gillam:TD:8m,data/curated/english_child_transcripts/Gillam/download_2026-06-01/TD/8m/46813ca.cha,Gillam,TD,TD,male,eng,Built from labeled CHAT folder structure.,107.0,32,8.594,8.344,0.4195,267,1,0.0312,0,0,0.0312,0,0.0,0,0,0.0,4,0,6,0.0,0,4,8.8056,8.0,0.75,0.6667,3,0.0291,0.0,1,0.0,32,298,9.3125,0.3993
Gillam:46814ca,Gillam:TD:8m,data/curated/english_child_transcripts/Gillam/download_2026-06-01/TD/8m/46814ca.cha,Gillam,TD,TD,male,eng,Built from labeled CHAT folder structure.,100.0,35,7.114,6.829,0.4519,239,0,0.0,0,0,0.0571,0,0.0,0,0,0.0,1,0,2,0.0,0,1,9.0556,35.0,1.0,0.0,5,0.0026,0.0286,0,0.0,35,321,9.1714,0.3894
Gillam:46817ca,Gillam:TD:8m,data/curated/english_child_transcripts/Gillam/download_2026-06-01/TD/8m/46817ca.cha,Gillam,TD,TD,male,eng,Built from labeled CHAT folder structure.,101.0,19,8.947,8.789,0.5509,167,0,0.0,0,0,0.0,0,0.0,0,0,0.0,1,0,2,0.0,0,1,9.65,19.0,1.0,0.0,7,0.0,0.0,0,0.0,19,192,10.1053,0.5
Gillam:46829ca,Gillam:TD:8m,data/curated/english_child_transcripts/Gillam/download_2026-06-01/TD/8m/46829ca.cha,Gillam,TD,TD,male,eng,Built from labeled CHAT folder structure.,96.0,49,7.306,7.061,0.4104,345,2,0.0408,0,0,0.0204,0,0.0,0,0,0.0,33,0,58,0.0,0,33,6.061,1.4848,0.8788,1.0,11,0.0378,0.0,3,0.102,49,390,7.9592,0.3821
Gillam:46830ca,Gillam:TD:8m,data/curated/english_child_transcripts/Gillam/download_2026-06-01/TD/8m/46830ca.cha,Gillam,TD,TD,male,eng,Built from labeled CHAT folder structure.,96.0,28,8.536,8.393,0.5021,234,1,0.0357,0,0,0.0,0,0.0,0,0,0.0,15,0,24,0.0,0,15,6.6279,1.8667,0.8,0.6667,3,0.0099,0.0,1,0.0,28,256,9.1429,0.4805
Gillam:46885ca,Gillam:TD:8m,data/curated/english_child_transcripts/Gillam/download_2026-06-01/TD/8m/46885ca.cha,Gillam,TD,TD,male,eng,Built from labeled CHAT folder structure.,102.0,25,10.4,10.32,0.5233,258,1,0.04,0,0,0.04,0,0.0,0,0,0.0,1,0,2,0.0,0,1,14.5769,25.0,1.0,1.0,29,0.0028,0.0,1,0.04,25,368,14.72,0.4293
Gillam:46893ca,Gillam:TD:8m,data/curated/english_child_transcripts/Gillam/download_2026-06-01/TD/8m/46893ca.cha,Gillam,TD,TD,male,eng,Built from labeled CHAT folder structure.,103.0,46,8.283,8.022,0.4571,369,0,0.0,0,0,0.0217,0,0.0,0,0,0.0,0,0,0,0.0,0,0,8.3478,0.0,0.0,0.0,1,0.0,0.0,0,0.0,46,384,8.3478,0.4375
Gillam:46920wy,Gillam:TD:8m,data/curated/english_child_transcripts/Gillam/download_2026-06-01/TD/8m/46920wy.cha,Gillam,TD,TD,male,eng,Built from labeled CHAT folder structure.,99.0,46,7.196,6.891,0.4543,317,0,0.0,0,0,0.0435,0,0.0,0,0,0.0,3,0,6,0.0,0,3,7.8776,15.3333,1.0,1.0,7,0.0306,0.0,0,0.0,46,365,7.9348,0.4274
Gillam:46927wy,Gillam:TD:8m,data/curated/english_child_transcripts/Gillam/download_2026-06-01/TD/8m/46927wy.cha,Gillam,TD,TD,male,eng,Built from labeled CHAT folder structure.,97.0,24,7.708,7.417,0.5169,178,0,0.0,0,0,0.0,0,0.0,0,0,0.0,2,0,4,0.0,0,2,8.1923,12.0,1.0,1.0,1,0.0069,0.0,0,0.0833,24,201,8.375,0.5075
Gillam:46928wy,Gillam:TD:8m,data/curated/english_child_transcripts/Gillam/download_2026-06-01/TD/8m/46928wy.cha,Gillam,TD,TD,male,eng,Built from labeled CHAT folder structure.,103.0,47,8.064,7.957,0.4229,374,0,0.0,0,0,0.1277,0,0.0,0,0,0.0,1,0,2,0.0,0,1,8.6042,47.0,1.0,1.0,1,0.002,0.0851,0,0.0,47,402,8.5532,0.4055
Gillam:46942wy,Gillam:TD:8m,data/curated/english_child_transcripts/Gillam/download_2026-06-01/TD/8m/46942wy.cha,Gillam,TD,TD,male,eng,Built from labeled CHAT folder structure.,101.0,35,9.543,9.343,0.5046,327,0,0.0,0,0,0.0571,0,0.0,0,0,0.0,0,0,0,0.0,0,0,10.0571,0.0,0.0,0.0,6,0.0,0.0,0,0.0,35,352,10.0571,0.483
Gillam:46951wy,Gillam:TD:8m,data/curated/english_child_transcripts/Gillam/download_2026-06-01/TD/8m/46951wy.cha,Gillam,TD,TD,male,eng,Built from labeled CHAT folder structure.,102.0,33,7.758,7.667,0.5059,253,0,0.0,0,0,0.0303,0,0.0,0,0,0.0,1,0,2,0.0,0,1,9.0,33.0,1.0,1.0,2,0.0,0.0,0,0.0,33,295,8.9394,0.4644
Gillam:46957wy,Gillam:TD:8m,data/curated/english_child_transcripts/Gillam/download_2026-06-01/TD/8m/46957wy.cha,Gillam,TD,TD,male,eng,Built from labeled CHAT folder structure.,104.0,33,8.333,8.152,0.4758,269,0,0.0,0,0,0.0303,0,0.0,0,0,0.0,1,0,2,0.0,0,1,9.5,33.0,1.0,1.0,2,0.0017,0.0,0,0.0,33,312,9.4545,0.4455
Gillam:46959wy,Gillam:TD:8m,data/curated/english_child_transcripts/Gillam/download_2026-06-01/TD/8m/46959wy.cha,Gillam,TD,TD,male,eng,Built from labeled CHAT folder structure.,99.0,39,9.487,9.282,0.3943,362,0,0.0,0,0,0.0,0,0.0,0,0,0.0,1,0,2,0.0,0,1,9.225,39.0,1.0,0.0,2,0.0,0.0,0,0.0,39,368,9.4359,0.3913
Gillam:46981wy,Gillam:TD:8m,data/curated/english_child_transcripts/Gillam/download_2026-06-01/TD/8m/46981wy.cha,Gillam,TD,TD,male,eng,Built from labeled CHAT folder structure.,101.0,36,8.278,8.194,0.4712,295,0,0.0,0,0,0.0,0,0.0,0,0,0.0,1,0,2,0.0,0,1,9.4595,36.0,1.0,1.0,3,0.0,0.0,0,0.0556,36,339,9.4167,0.4572
Gillam:47002wy,Gillam:TD:8m,data/curated/english_child_transcripts/Gillam/download_2026-06-01/TD/8m/47002wy.cha,Gillam,TD,TD,male,eng,Built from labeled CHAT folder structure.,97.0,157,8.69,8.51,0.4257,1237,4,0.0255,0,0,0.051,0,0.0,0,0,0.0,1,0,2,0.0,0,1,8.519,157.0,1.0,0.0,6,0.0,0.0191,4,0.0127,157,1345,8.5669,0.2833
Gillam:47003wy,Gillam:TD:8m,data/curated/english_child_transcripts/Gillam/download_2026-06-01/TD/8m/47003wy.cha,Gillam,TD,TD,male,eng,Built from labeled CHAT folder structure.,104.0,62,7.516,7.419,0.3857,460,0,0.0,0,0,0.0806,0,0.0,0,0,0.0,0,0,0,0.0,0,0,9.129,0.0,0.0,0.0,11,0.0,0.0,0,0.0645,62,566,9.129,0.3357
Gillam:47024wy,Gillam:TD:8m,data/curated/english_child_transcripts/Gillam/download_2026-06-01/TD/8m/47024wy.cha,Gillam,TD,TD,male,eng,Built from labeled CHAT folder structure.,96.0,21,6.905,6.571,0.5652,138,0,0.0,0,0,0.0,0,0.0,0,0,0.0,1,0,2,0.0,0,1,8.6364,21.0,1.0,1.0,0,0.0,0.0,0,0.0,21,179,8.5238,0.486
Gillam:57278tx,Gillam:TD:8m,data/curated/english_child_transcripts/Gillam/download_2026-06-01/TD/8m/57278tx.cha,Gillam,TD,TD,male,eng,Built from labeled CHAT folder structure.,98.0,28,5.786,5.786,0.4877,160,0,0.0,0,0,0.0,0,0.0,0,0,0.0,4,0,4,0.0,0,4,6.5312,7.0,0.5,0.3333,3,0.1037,0.0,0,0.0714,28,183,6.5357,0.4481
Gillam:09y39583oh,Gillam:TD:9f,data/curated/english_child_transcripts/Gillam/download_2026-06-01/TD/9f/09y39583oh.cha,Gillam,TD,TD,female,eng,Built from labeled CHAT folder structure.,117.0,45,6.911,6.733,0.495,303,0,0.0,0,0,0.0222,0,0.0,0,0,0.0,0,0,0,0.0,0,0,7.0444,0.0,0.0,0.0,1,0.0,0.0,0,0.0,45,317,7.0444,0.4953
Gillam:39318ks,Gillam:TD:9f,data/curated/english_child_transcripts/Gillam/download_2026-06-01/TD/9f/39318ks.cha,Gillam,TD,TD,female,eng,Built from labeled CHAT folder structure.,115.0,46,9.043,8.761,0.4029,403,0,0.0,0,0,0.0217,0,0.0,0,0,0.0,3,0,6,0.0,0,3,9.449,15.3333,1.0,1.0,2,0.0039,0.0,0,0.0,46,445,9.6739,0.3775
Gillam:39323ks,Gillam:TD:9f,data/curated/english_child_transcripts/Gillam/download_2026-06-01/TD/9f/39323ks.cha,Gillam,TD,TD,female,eng,Built from labeled CHAT folder structure.,108.0,46,8.826,8.413,0.4371,387,0,0.0,0,0,0.0,0,0.0,0,0,0.0,0,0,0,0.0,0,0,9.0652,0.0,0.0,0.0,6,0.0,0.0,0,0.0217,46,417,9.0652,0.4173
Gillam:39667tx,Gillam:TD:9f,data/curated/english_child_transcripts/Gillam/download_2026-06-01/TD/9f/39667tx.cha,Gillam,TD,TD,female,eng,Built from labeled CHAT folder structure.,118.0,109,7.64,7.43,0.4514,823,0,0.0,0,0,0.0367,0,0.0,0,0,0.0,0,0,0,0.0,0,0,8.0459,0.0,0.0,0.0,3,0.0,0.0092,0,0.0275,109,877,8.0459,0.3056
Gillam:41621fl,Gillam:TD:9f,data/curated/english_child_transcripts/Gillam/download_2026-06-01/TD/9f/41621fl.cha,Gillam,TD,TD,female,eng,Built from labeled CHAT folder structure.,115.0,29,9.759,9.448,0.4453,274,0,0.0,0,0,0.069,0,0.0,0,0,0.0,3,0,4,0.0,0,3,9.625,9.6667,0.6667,0.0,0,0.0098,0.0,0,0.0,29,301,10.3793,0.4385
Gillam:41625fl,Gillam:TD:9f,data/curated/english_child_transcripts/Gillam/download_2026-06-01/TD/9f/41625fl.cha,Gillam,TD,TD,female,eng,Built from labeled CHAT folder structure.,113.0,89,8.326,8.112,0.42,722,0,0.0,0,1,0.0112,0,0.0,0,0,0.0,2,0,4,0.0,0,2,8.7473,44.5,1.0,1.0,2,0.0271,0.0112,0,0.0112,89,781,8.7753,0.3175
Gillam:41629fl,Gillam:TD:9f,data/curated/english_child_transcripts/Gillam/download_2026-06-01/TD/9f/41629fl.cha,Gillam,TD,TD,female,eng,Built from labeled CHAT folder structure.,109.0,38,9.658,9.395,0.4571,357,0,0.0,0,1,0.0,0,0.0,0,0,0.0,2,0,4,0.0,0,2,9.9,19.0,1.0,1.0,2,0.0683,0.0,0,0.0263,38,383,10.0789,0.4595
Gillam:41763ct,Gillam:TD:9f,data/curated/english_child_transcripts/Gillam/download_2026-06-01/TD/9f/41763ct.cha,Gillam,TD,TD,female,eng,Built from labeled CHAT folder structure.,119.0,44,8.659,8.409,0.44,370,0,0.0,0,0,0.0,0,0.0,0,0,0.0,2,0,4,0.0,0,2,8.5435,22.0,1.0,0.0,1,0.0025,0.0,0,0.0,44,390,8.8636,0.4513
Gillam:41765ct,Gillam:TD:9f,data/curated/english_child_transcripts/Gillam/download_2026-06-01/TD/9f/41765ct.cha,Gillam,TD,TD,female,eng,Built from labeled CHAT folder structure.,118.0,38,7.211,7.026,0.4757,267,0,0.0,0,0,0.0,1,0.0263,0,0,0.0,3,0,6,0.0,0,3,7.122,12.6667,1.0,1.0,6,0.0526,0.0,0,0.0526,38,288,7.5789,0.4549
Gillam:46133v,Gillam:TD:9f,data/curated/english_child_transcripts/Gillam/download_2026-06-01/TD/9f/46133v.cha,Gillam,TD,TD,female,eng,Built from labeled CHAT folder structure.,119.0,69,8.565,8.377,0.4171,578,0,0.0,0,0,0.0,0,0.0,0,0,0.0,0,0,0,0.0,0,0,9.7971,0.0,0.0,0.0,8,0.0,0.0,0,0.0145,69,676,9.7971,0.3565
Gillam:46134v,Gillam:TD:9f,data/curated/english_child_transcripts/Gillam/download_2026-06-01/TD/9f/46134v.cha,Gillam,TD,TD,female,eng,Built from labeled CHAT folder structure.,119.0,41,8.927,8.829,0.4314,362,0,0.0,0,0,0.0244,0,0.0,0,0,0.0,0,0,0,0.0,0,0,9.6098,0.0,0.0,0.0,4,0.0,0.0244,0,0.0,41,394,9.6098,0.4086
Gillam:46139v,Gillam:TD:9f,data/curated/english_child_transcripts/Gillam/download_2026-06-01/TD/9f/46139v.cha,Gillam,TD,TD,female,eng,Built from labeled CHAT folder structure.,115.0,46,7.522,7.348,0.4438,338,0,0.0,0,0,0.0435,0,0.0,0,0,0.0,0,0,0,0.0,0,0,7.9565,0.0,0.0,0.0,2,0.0,0.0,0,0.0,46,366,7.9565,0.4372
Gillam:46161v,Gillam:TD:9f,data/curated/english_child_transcripts/Gillam/download_2026-06-01/TD/9f/46161v.cha,Gillam,TD,TD,female,eng,Built from labeled CHAT folder structure.,111.0,34,10.647,10.412,0.4629,354,0,0.0,0,0,0.0,0,0.0,0,0,0.0,0,0,0,0.0,0,0,10.9706,0.0,0.0,0.0,1,0.0,0.0,0,0.0,34,373,10.9706,0.4558
Gillam:46168v,Gillam:TD:9f,data/curated/english_child_transcripts/Gillam/download_2026-06-01/TD/9f/46168v.cha,Gillam,TD,TD,female,eng,Built from labeled CHAT folder structure.,108.0,47,6.702,6.617,0.3987,311,0,0.0,0,0,0.0,0,0.0,0,0,0.0,0,0,0,0.0,0,0,7.5319,0.0,0.0,0.0,6,0.0,0.0,0,0.0,47,354,7.5319,0.3785
Gillam:46723nj,Gillam:TD:9f,data/curated/english_child_transcripts/Gillam/download_2026-06-01/TD/9f/46723nj.cha,Gillam,TD,TD,female,eng,Built from labeled CHAT folder structure.,108.0,43,7.744,7.581,0.4908,326,0,0.0,0,0,0.0233,0,0.0,0,0,0.0,2,0,2,0.0,0,2,7.8444,21.5,0.5,0.0,1,0.0,0.0,0,0.0465,43,346,8.0465,0.4798
Gillam:46803ca,Gillam:TD:9f,data/curated/english_child_transcripts/Gillam/download_2026-06-01/TD/9f/46803ca.cha,Gillam,TD,TD,female,eng,Built from labeled CHAT folder structure.,111.0,47,7.957,7.809,0.4629,367,0,0.0,0,0,0.0426,0,0.0,0,0,0.0,1,0,2,0.0,0,1,8.3333,47.0,1.0,0.0,6,0.0,0.0,0,0.0213,47,400,8.5106,0.4375
Gillam:46805ca,Gillam:TD:9f,data/curated/english_child_transcripts/Gillam/download_2026-06-01/TD/9f/46805ca.cha,Gillam,TD,TD,female,eng,Built from labeled CHAT folder structure.,113.0,47,8.085,7.851,0.3943,369,3,0.0638,0,0,0.0213,0,0.0,0,0,0.0,5,0,10,0.0,0,5,9.0,9.4,1.0,0.0,14,0.0412,0.0,4,0.0638,47,446,9.4894,0.3565
Gillam:46807ca,Gillam:TD:9f,data/curated/english_child_transcripts/Gillam/download_2026-06-01/TD/9f/46807ca.cha,Gillam,TD,TD,female,eng,Built from labeled CHAT folder structure.,113.0,44,9.25,9.023,0.4486,397,0,0.0,0,0,0.0,0,0.0,0,0,0.0,1,0,2,0.0,0,1,9.0667,44.0,1.0,0.0,1,0.0,0.0,0,0.0,44,407,9.25,0.4226
Gillam:46819az,Gillam:TD:9f,data/curated/english_child_transcripts/Gillam/download_2026-06-01/TD/9f/46819az.cha,Gillam,TD,TD,female,eng,Built from labeled CHAT folder structure.,118.0,39,11.256,10.872,0.4314,424,1,0.0256,0,0,0.0256,0,0.0,0,0,0.0,5,0,8,0.0,0,5,10.0455,7.8,0.8,0.0,2,0.0,0.0,2,0.0256,39,435,11.1538,0.3954
Gillam:46827ca,Gillam:TD:9f,data/curated/english_child_transcripts/Gillam/download_2026-06-01/TD/9f/46827ca.cha,Gillam,TD,TD,female,eng,Built from labeled CHAT folder structure.,115.0,40,8.475,8.425,0.4332,337,0,0.0,0,1,0.025,0,0.0,0,0,0.0,3,0,6,0.0,0,3,9.3488,13.3333,1.0,1.0,5,0.0,0.05,0,0.0,40,390,9.75,0.4179
Gillam:46886ca,Gillam:TD:9f,data/curated/english_child_transcripts/Gillam/download_2026-06-01/TD/9f/46886ca.cha,Gillam,TD,TD,female,eng,Built from labeled CHAT folder structure.,118.0,60,8.75,8.617,0.44,517,0,0.0,0,0,0.0167,0,0.0,0,0,0.0,0,0,0,0.0,0,0,9.7833,0.0,0.0,0.0,4,0.0,0.0,0,0.0333,60,587,9.7833,0.3595
Gillam:54977ks,Gillam:TD:9f,data/curated/english_child_transcripts/Gillam/download_2026-06-01/TD/9f/54977ks.cha,Gillam,TD,TD,female,eng,Built from labeled CHAT folder structure.,109.0,41,8.024,7.756,0.4434,318,0,0.0,0,0,0.0244,0,0.0,0,0,0.0,1,0,2,0.0,0,1,8.1667,41.0,1.0,0.0,2,0.0,0.0,0,0.0,41,342,8.3415,0.4415
Gillam:54978ks,Gillam:TD:9f,data/curated/english_child_transcripts/Gillam/download_2026-06-01/TD/9f/54978ks.cha,Gillam,TD,TD,female,eng,Built from labeled CHAT folder structure.,126.0,56,11.054,10.875,0.4486,609,0,0.0,0,0,0.0179,0,0.0,0,0,0.0,0,0,0,0.0,0,0,11.875,0.0,0.0,0.0,2,0.0,0.0,0,0.0,56,665,11.875,0.3729
Gillam:09y39561oh,Gillam:TD:9m,data/curated/english_child_transcripts/Gillam/download_2026-06-01/TD/9m/09y39561oh.cha,Gillam,TD,TD,male,eng,Built from labeled CHAT folder structure.,117.0,49,10.633,10.51,0.4543,515,0,0.0,0,0,0.0,0,0.0,0,0,0.0,4,0,8,0.0,0,4,13.0189,12.25,1.0,0.0,16,0.0,0.0,0,0.0,49,686,14.0,0.3513
Gillam:09y46672nj,Gillam:TD:9m,data/curated/english_child_transcripts/Gillam/download_2026-06-01/TD/9m/09y46672nj.cha,Gillam,TD,TD,male,eng,Built from labeled CHAT folder structure.,112.0,71,8.648,8.296,0.4371,589,0,0.0,0,0,0.1268,0,0.0,0,0,0.0,0,0,0,0.0,0,0,9.2535,0.0,0.0,0.0,6,0.0,0.0,0,0.0,71,657,9.2535,0.3668
Gillam:09y46743nj,Gillam:TD:9m,data/curated/english_child_transcripts/Gillam/download_2026-06-01/TD/9m/09y46743nj.cha,Gillam,TD,TD,male,eng,Built from labeled CHAT folder structure.,111.0,42,8.5,8.429,0.4429,354,0,0.0,0,0,0.0,0,0.0,0,0,0.0,0,0,0,0.0,0,0,9.2143,0.0,0.0,0.0,5,0.0,0.0,0,0.0,42,387,9.2143,0.4186
Gillam:28883tx,Gillam:TD:9m,data/curated/english_child_transcripts/Gillam/download_2026-06-01/TD/9m/28883tx.cha,Gillam,TD,TD,male,eng,Built from labeled CHAT folder structure.,111.0,53,8.264,8.113,0.4543,430,0,0.0,0,1,0.0,0,0.0,0,0,0.0,0,0,0,0.0,0,0,9.0755,0.0,0.0,0.0,3,0.0,0.0,0,0.0,53,481,9.0755,0.3846
Gillam:31220tx,Gillam:TD:9m,data/curated/english_child_transcripts/Gillam/download_2026-06-01/TD/9m/31220tx.cha,Gillam,TD,TD,male,eng,Built from labeled CHAT folder structure.,111.0,35,8.629,8.457,0.4966,296,0,0.0,0,1,0.0286,0,0.0,0,0,0.0,1,0,2,0.0,0,1,9.1667,35.0,1.0,0.0,3,0.0,0.0,0,0.0571,35,326,9.3143,0.4816
Gillam:39320ks,Gillam:TD:9m,data/curated/english_child_transcripts/Gillam/download_2026-06-01/TD/9m/39320ks.cha,Gillam,TD,TD,male,eng,Built from labeled CHAT folder structure.,115.0,53,8.849,8.566,0.5114,454,0,0.0,0,0,0.0,0,0.0,0,0,0.0,6,0,11,0.0,0,6,8.6441,8.8333,1.0,0.0,1,0.0059,0.0,0,0.0189,53,499,9.4151,0.4589
Gillam:39351ks,Gillam:TD:9m,data/curated/english_child_transcripts/Gillam/download_2026-06-01/TD/9m/39351ks.cha,Gillam,TD,TD,male,eng,Built from labeled CHAT folder structure.,110.0,38,8.816,8.5,0.5139,323,0,0.0,0,0,0.0526,0,0.0,0,0,0.0,0,0,0,0.0,0,0,9.3158,0.0,0.0,0.0,2,0.0,0.0,0,0.0,38,354,9.3158,0.5
Gillam:39408ks,Gillam:TD:9m,data/curated/english_child_transcripts/Gillam/download_2026-06-01/TD/9m/39408ks.cha,Gillam,TD,TD,male,eng,Built from labeled CHAT folder structure.,112.0,32,11.438,11.188,0.4829,358,0,0.0,0,0,0.0312,0,0.0,0,0,0.0,1,0,2,0.0,0,1,11.5455,32.0,1.0,1.0,0,0.0,0.0,0,0.0,32,371,11.5938,0.4771
Gillam:41618md,Gillam:TD:9m,data/curated/english_child_transcripts/Gillam/download_2026-06-01/TD/9m/41618md.cha,Gillam,TD,TD,male,eng,Built from labeled CHAT folder structure.,108.0,58,6.362,6.241,0.4143,360,2,0.0345,0,0,0.0172,0,0.0,0,0,0.0,15,0,26,0.0,0,15,6.7534,3.8667,0.8667,0.0,3,0.0132,0.0,2,0.069,58,473,8.1552,0.3552
Gillam:41704il,Gillam:TD:9m,data/curated/english_child_transcripts/Gillam/download_2026-06-01/TD/9m/41704il.cha,Gillam,TD,TD,male,eng,Built from labeled CHAT folder structure.,114.0,48,8.104,7.854,0.4229,377,0,0.0,0,0,0.0417,0,0.0,0,0,0.0,9,0,14,0.0,0,9,8.6667,5.3333,0.7778,1.0,3,0.0143,0.0,0,0.0833,48,458,9.5417,0.393
Gillam:41753me,Gillam:TD:9m,data/curated/english_child_transcripts/Gillam/download_2026-06-01/TD/9m/41753me.cha,Gillam,TD,TD,male,eng,Built from labeled CHAT folder structure.,109.0,45,7.378,7.2,0.429,324,0,0.0,0,0,0.0222,0,0.0,0,0,0.0,4,0,8,0.0,0,4,7.4286,11.25,1.0,0.0,1,0.0232,0.0,0,0.0444,45,358,7.9556,0.419
Gillam:46164v,Gillam:TD:9m,data/curated/english_child_transcripts/Gillam/download_2026-06-01/TD/9m/46164v.cha,Gillam,TD,TD,male,eng,Built from labeled CHAT folder structure.,111.0,24,10.292,10.125,0.4979,243,0,0.0,0,0,0.0,0,0.0,0,0,0.0,0,0,0,0.0,0,0,10.9583,0.0,0.0,0.0,3,0.0,0.0,0,0.0,24,263,10.9583,0.4829
Gillam:46778ca,Gillam:TD:9m,data/curated/english_child_transcripts/Gillam/download_2026-06-01/TD/9m/46778ca.cha,Gillam,TD,TD,male,eng,Built from labeled CHAT folder structure.,118.0,104,8.38,8.16,0.4257,846,0,0.0,0,1,0.0288,0,0.0,0,0,0.0,3,0,6,0.0,0,3,8.785,34.6667,1.0,0.0,7,0.0128,0.0,0,0.0192,104,932,8.9615,0.324
Gillam:46800ca,Gillam:TD:9m,data/curated/english_child_transcripts/Gillam/download_2026-06-01/TD/9m/46800ca.cha,Gillam,TD,TD,male,eng,Built from labeled CHAT folder structure.,112.0,49,8.143,8.0,0.4114,392,0,0.0,0,0,0.0612,0,0.0,0,0,0.0,3,0,6,0.0,0,3,9.3269,16.3333,1.0,1.0,3,0.0047,0.0,0,0.0,49,463,9.449,0.3629
Gillam:46811ca,Gillam:TD:9m,data/curated/english_child_transcripts/Gillam/download_2026-06-01/TD/9m/46811ca.cha,Gillam,TD,TD,male,eng,Built from labeled CHAT folder structure.,119.0,58,7.293,7.121,0.4857,413,3,0.0517,0,0,0.0172,0,0.0,0,0,0.0,0,0,0,0.0,0,0,7.8103,0.0,0.0,0.0,3,0.0,0.0,3,0.0172,58,453,7.8103,0.4503
Gillam:46828ca,Gillam:TD:9m,data/curated/english_child_transcripts/Gillam/download_2026-06-01/TD/9m/46828ca.cha,Gillam,TD,TD,male,eng,Built from labeled CHAT folder structure.,108.0,56,6.929,6.714,0.4686,373,0,0.0,1,0,0.0536,0,0.0,0,0,0.0,6,0,10,0.0,0,6,7.4677,9.3333,0.8333,1.0,13,0.0405,0.0,0,0.0,56,454,8.1071,0.4053
Gillam:46832ca,Gillam:TD:9m,data/curated/english_child_transcripts/Gillam/download_2026-06-01/TD/9m/46832ca.cha,Gillam,TD,TD,male,eng,Built from labeled CHAT folder structure.,108.0,28,6.821,6.714,0.5213,188,1,0.0357,0,0,0.0714,0,0.0,0,0,0.0,13,0,22,0.0,0,13,5.9024,2.1538,0.8462,1.0,3,0.0304,0.0,1,0.0714,28,218,7.7857,0.4633
Gillam:54974ks,Gillam:TD:9m,data/curated/english_child_transcripts/Gillam/download_2026-06-01/TD/9m/54974ks.cha,Gillam,TD,TD,male,eng,Built from labeled CHAT folder structure.,108.0,25,8.52,8.24,0.5,206,0,0.0,0,0,0.0,0,0.0,0,0,0.0,0,0,0,0.0,0,0,8.48,0.0,0.0,0.0,0,0.0,0.0,0,0.04,25,212,8.48,0.4906
Gillam:54975ks,Gillam:TD:9m,data/curated/english_child_transcripts/Gillam/download_2026-06-01/TD/9m/54975ks.cha,Gillam,TD,TD,male,eng,Built from labeled CHAT folder structure.,109.0,40,8.35,8.175,0.5199,327,0,0.0,0,0,0.0,1,0.025,0,0,0.0,1,0,2,0.0,0,1,8.8293,40.0,1.0,0.0,4,0.0,0.0,0,0.0,40,361,9.025,0.4958
Gillam:54979ks,Gillam:TD:9m,data/curated/english_child_transcripts/Gillam/download_2026-06-01/TD/9m/54979ks.cha,Gillam,TD,TD,male,eng,Built from labeled CHAT folder structure.,119.0,29,11.345,11.207,0.4615,325,0,0.0,0,0,0.0345,0,0.0,0,0,0.0,2,0,4,0.0,0,2,11.4194,14.5,1.0,1.0,0,0.0278,0.0,0,0.0,29,336,11.5862,0.4673
Gillam:54984ks,Gillam:TD:9m,data/curated/english_child_transcripts/Gillam/download_2026-06-01/TD/9m/54984ks.cha,Gillam,TD,TD,male,eng,Built from labeled CHAT folder structure.,112.0,45,10.111,9.867,0.4971,443,0,0.0,0,0,0.0,0,0.0,0,0,0.0,3,0,6,0.0,0,3,10.5,15.0,1.0,0.0,4,0.0069,0.0222,0,0.0,45,500,11.1111,0.426
Gillam:54994ks,Gillam:TD:9m,data/curated/english_child_transcripts/Gillam/download_2026-06-01/TD/9m/54994ks.cha,Gillam,TD,TD,male,eng,Built from labeled CHAT folder structure.,108.0,57,7.632,7.421,0.4914,421,5,0.0877,0,0,0.0175,0,0.0,0,0,0.0,5,0,10,0.0,0,5,7.7097,11.4,1.0,0.0,3,0.02,0.0,9,0.0,57,473,8.2982,0.444
Nicholas:51SA_14,Nicholas:HL:13,data/curated/english_child_transcripts/Nicholas/download_2026-06-01/HL/13/51SA_14.cha,Nicholas,HL,HL,female,eng,Built from labeled CHAT folder structure.,14.0,131,0.0,1.0,0.0153,0,0,0.0,0,127,0.0,0,0.0,0,2,0.0153,0,102,71,0.011,0,102,2.5193,1.2843,0.3431,0.3,126,0.0,0.0,0,0.0,131,127,0.9695,0.0079
Nicholas:52CC_13,Nicholas:HL:13,data/curated/english_child_transcripts/Nicholas/download_2026-06-01/HL/13/52CC_13.cha,Nicholas,HL,HL,female,eng,Built from labeled CHAT folder structure.,13.0,107,0.0,1.0,0.0093,0,0,0.0,0,104,0.0,0,0.0,0,6,0.0561,0,401,174,0.007,0,401,2.6161,0.2668,0.217,0.2955,102,0.0192,0.0,0,0.0,107,104,0.972,0.0192
Nicholas:57ZK_13,Nicholas:HL:13,data/curated/english_child_transcripts/Nicholas/download_2026-06-01/HL/13/57ZK_13.cha,Nicholas,HL,HL,male,eng,Built from labeled CHAT folder structure.,13.0,78,0.0,1.0,0.0128,0,0,0.0,0,32,0.0,0,0.0,0,5,0.0641,0,315,124,0.012,0,315,2.0941,0.2476,0.1968,0.1579,31,0.0,0.0,0,0.0,78,32,0.4103,0.0312
Nicholas:58LL_13,Nicholas:HL:13,data/curated/english_child_transcripts/Nicholas/download_2026-06-01/HL/13/58LL_13.cha,Nicholas,HL,HL,female,eng,Built from labeled CHAT folder structure.,13.2,83,0.0,1.0,0.012,0,0,0.0,0,1,0.0,0,0.0,0,11,0.1325,0,551,164,0.045,0,551,2.7697,0.1506,0.1488,0.1988,0,1.0,0.0,0,0.0,83,2,0.0241,1.0
Nicholas:60CS_13,Nicholas:HL:13,data/curated/english_child_transcripts/Nicholas/download_2026-06-01/HL/13/60CS_13.cha,Nicholas,HL,HL,male,eng,Built from labeled CHAT folder structure.,13.6,37,0.054,1.0,0.0541,2,8,0.2162,0,5,0.0,0,0.0,0,3,0.0811,0,383,72,0.086,0,383,3.1452,0.0966,0.094,0.0521,5,0.0,0.0,8,0.0,37,8,0.2162,0.25
Nicholas:61MC_15,Nicholas:HL:13,data/curated/english_child_transcripts/Nicholas/download_2026-06-01/HL/13/61MC_15.cha,Nicholas,HL,HL,female,eng,Built from labeled CHAT folder structure.,13.0,166,0.0,1.0,0.006,0,0,0.0,0,159,0.0,0,0.0,0,5,0.0301,0,181,154,0.079,0,181,1.7781,0.9171,0.4254,0.3889,157,0.0,0.0,0,0.0,166,159,0.9578,0.0126
Nicholas:66JP_13,Nicholas:HL:13,data/curated/english_child_transcripts/Nicholas/download_2026-06-01/HL/13/66JP_13.cha,Nicholas,HL,HL,male,eng,Built from labeled CHAT folder structure.,13.47,7,0.0,1.0,0.1429,0,0,0.0,0,5,0.0,0,0.0,0,2,0.2857,0,358,14,0.073,0,358,4.8658,0.0196,0.0196,0.0183,3,0.0,0.0,0,0.0,7,5,0.7143,0.4
Nicholas:70JW_13,Nicholas:HL:13,data/curated/english_child_transcripts/Nicholas/download_2026-06-01/HL/13/70JW_13.cha,Nicholas,HL,HL,female,eng,Built from labeled CHAT folder structure.,13.0,82,0.012,1.0,0.0244,1,9,0.1098,0,66,0.0,0,0.0,0,2,0.0244,0,305,118,0.2,0,305,2.1499,0.2689,0.1934,0.2093,65,0.0,0.0,9,0.0,82,67,0.8171,0.0299
Nicholas:74LA_13,Nicholas:HL:13,data/curated/english_child_transcripts/Nicholas/download_2026-06-01/HL/13/74LA_13.cha,Nicholas,HL,HL,female,eng,Built from labeled CHAT folder structure.,13.0,111,0.04,1.0,0.045,4,6,0.0541,0,95,0.0,0,0.0,0,1,0.009,0,484,190,0.003,0,484,3.3866,0.2293,0.1963,0.1835,93,0.0088,0.0,6,0.0,111,100,0.9009,0.05
Nicholas:76AM_13,Nicholas:HL:13,data/curated/english_child_transcripts/Nicholas/download_2026-06-01/HL/13/76AM_13.cha,Nicholas,HL,HL,female,eng,Built from labeled CHAT folder structure.,13.0,201,0.22,1.0,0.0498,28,24,0.1194,0,145,0.0,0,0.0,0,2,0.01,0,332,222,0.001,0,332,2.3621,0.6054,0.3343,0.3516,162,0.0194,0.0,25,0.0,201,185,0.9204,0.0865
Nicholas:81QF_14,Nicholas:HL:13,data/curated/english_child_transcripts/Nicholas/download_2026-06-01/HL/13/81QF_14.cha,Nicholas,HL,HL,male,eng,Built from labeled CHAT folder structure.,14.0,10,0.0,1.0,0.1,0,1,0.1,0,3,0.0,0,0.0,0,3,0.3,0,513,20,0.0,0,513,4.3136,0.0195,0.0195,0.0235,2,0.0,0.0,1,0.0,10,3,0.3,0.3333
Nicholas:85KB_14,Nicholas:HL:13,data/curated/english_child_transcripts/Nicholas/download_2026-06-01/HL/13/85KB_14.cha,Nicholas,HL,HL,female,eng,Built from labeled CHAT folder structure.,13.0,18,0.0,1.0,0.0556,0,0,0.0,0,1,0.0,0,0.0,0,3,0.1667,0,608,36,0.0,0,608,3.0064,0.0296,0.0296,0.0249,0,0.0,0.0,0,0.0,18,1,0.0556,1.0
Nicholas:86LS_14,Nicholas:HL:13,data/curated/english_child_transcripts/Nicholas/download_2026-06-01/HL/13/86LS_14.cha,Nicholas,HL,HL,female,eng,Built from labeled CHAT folder structure.,13.0,24,0.042,1.0,0.0833,1,0,0.0,0,1,0.0,0,0.0,0,2,0.0833,0,555,48,0.0,0,555,3.7945,0.0432,0.0432,0.0409,0,0.0,0.0,0,0.0,24,3,0.125,1.0
Nicholas:87FB_14,Nicholas:HL:13,data/curated/english_child_transcripts/Nicholas/download_2026-06-01/HL/13/87FB_14.cha,Nicholas,HL,HL,male,eng,Built from labeled CHAT folder structure.,14.0,11,0.0,1.0,0.0909,0,0,0.0,0,0,0.0,0,0.0,0,6,0.5455,0,421,22,0.0,0,421,3.1528,0.0261,0.0261,0.0206,0,0.0,0.0,0,0.0,11,0,0.0,0.0
Nicholas:89CH_14,Nicholas:HL:13,data/curated/english_child_transcripts/Nicholas/download_2026-06-01/HL/13/89CH_14.cha,Nicholas,HL,HL,female,eng,Built from labeled CHAT folder structure.,14.0,14,1.0,1.071,0.2,14,0,0.0,0,0,0.0,1,0.0714,0,3,0.2143,0,321,24,0.0,0,321,3.3254,0.0436,0.0374,0.0417,10,0.4,0.0,0,0.0,14,14,1.0,0.1429
Nicholas:90BM_14,Nicholas:HL:13,data/curated/english_child_transcripts/Nicholas/download_2026-06-01/HL/13/90BM_14.cha,Nicholas,HL,HL,female,eng,Built from labeled CHAT folder structure.,13.0,34,0.147,1.0,0.1176,5,0,0.0,0,15,0.0,0,0.0,0,7,0.2059,0,523,54,0.058,0,523,2.6948,0.065,0.0516,0.0584,20,0.0548,0.0,0,0.0,34,32,0.9412,0.2812
Nicholas:CP22_14,Nicholas:HL:13,data/curated/english_child_transcripts/Nicholas/download_2026-06-01/HL/13/CP22_14.cha,Nicholas,HL,HL,female,eng,Built from labeled CHAT folder structure.,14.0,59,0.017,1.0,0.0339,1,0,0.0,0,55,0.0,0,0.0,0,3,0.0508,0,281,86,0.25,0,281,2.7353,0.21,0.153,0.1375,53,0.0357,0.0,0,0.0,59,56,0.9492,0.0536
Nicholas:JW36_14,Nicholas:HL:13,data/curated/english_child_transcripts/Nicholas/download_2026-06-01/HL/13/JW36_14.cha,Nicholas,HL,HL,female,eng,Built from labeled CHAT folder structure.,14.0,83,0.012,1.0,0.0241,1,0,0.0,1,52,0.0,0,0.0,0,12,0.1446,0,321,113,0.042,0,321,2.5965,0.2586,0.1776,0.2143,50,0.3459,0.0,0,0.0,83,54,0.6506,0.0741
Nicholas:LR24_14,Nicholas:HL:13,data/curated/english_child_transcripts/Nicholas/download_2026-06-01/HL/13/LR24_14.cha,Nicholas,HL,HL,male,eng,Built from labeled CHAT folder structure.,14.0,97,0.0,1.0,0.0103,0,0,0.0,0,91,0.0,0,0.0,0,6,0.0619,0,399,163,0.101,0,399,2.75,0.2431,0.203,0.1801,90,0.0,0.0,0,0.0,97,91,0.9381,0.011
Nicholas:51SA_18,Nicholas:HL:18,data/curated/english_child_transcripts/Nicholas/download_2026-06-01/HL/18/51SA_18.cha,Nicholas,HL,HL,female,eng,Built from labeled CHAT folder structure.,18.0,90,0.089,1.022,0.0978,8,9,0.1,0,70,0.0,0,0.0,0,2,0.0222,0,178,72,1.76,0,178,2.8769,0.5056,0.2022,0.1333,69,0.0026,0.0,10,0.0,90,78,0.8667,0.1154
Nicholas:52CC_18,Nicholas:HL:18,data/curated/english_child_transcripts/Nicholas/download_2026-06-01/HL/18/52CC_18.cha,Nicholas,HL,HL,female,eng,Built from labeled CHAT folder structure.,18.0,122,0.06,1.0,0.0492,8,4,0.0328,0,98,0.0,0,0.0,0,1,0.0082,0,317,166,0.005,0,317,2.328,0.3849,0.2618,0.2959,101,0.0425,0.0,4,0.0,122,106,0.8689,0.0472
Nicholas:57ZK_18,Nicholas:HL:18,data/curated/english_child_transcripts/Nicholas/download_2026-06-01/HL/18/57ZK_18.cha,Nicholas,HL,HL,male,eng,Built from labeled CHAT folder structure.,18.0,82,0.012,1.0,0.0244,1,0,0.0,0,71,0.0,0,0.0,0,1,0.0122,0,293,134,0.04,0,293,2.2987,0.2799,0.2287,0.2639,68,0.0141,0.0,0,0.0,82,74,0.9024,0.0541
Nicholas:58LL_18,Nicholas:HL:18,data/curated/english_child_transcripts/Nicholas/download_2026-06-01/HL/18/58LL_18.cha,Nicholas,HL,HL,female,eng,Built from labeled CHAT folder structure.,18.0,161,0.01,1.0,0.0248,1,6,0.0373,0,129,0.0,0,0.0,0,1,0.0062,0,483,268,0.002,0,483,2.4441,0.3333,0.2774,0.2675,126,0.0,0.0,6,0.0,161,136,0.8447,0.0515
Nicholas:60CS_18,Nicholas:HL:18,data/curated/english_child_transcripts/Nicholas/download_2026-06-01/HL/18/60CS_18.cha,Nicholas,HL,HL,male,eng,Built from labeled CHAT folder structure.,18.0,129,0.01,1.0,0.0233,2,16,0.124,0,110,0.0,0,0.0,0,2,0.0155,0,506,170,0.063,0,506,3.1055,0.2549,0.168,0.1579,109,0.0089,0.0,16,0.0,129,112,0.8682,0.0268
Nicholas:61MC_18,Nicholas:HL:18,data/curated/english_child_transcripts/Nicholas/download_2026-06-01/HL/18/61MC_18.cha,Nicholas,HL,HL,female,eng,Built from labeled CHAT folder structure.,18.0,112,0.0,1.0,0.0089,0,0,0.0,0,91,0.0,0,0.0,0,2,0.0179,0,236,147,0.01,0,236,2.1695,0.4746,0.3136,0.2955,90,0.0,0.0,0,0.0,112,91,0.8125,0.011
Nicholas:66JP_18,Nicholas:HL:18,data/curated/english_child_transcripts/Nicholas/download_2026-06-01/HL/18/66JP_18.cha,Nicholas,HL,HL,male,eng,Built from labeled CHAT folder structure.,18.0,68,0.0,1.0,0.0147,0,0,0.0,0,38,0.0,0,0.0,0,0,0.0,0,471,134,0.0,0,471,3.564,0.1444,0.1423,0.2535,37,0.0,0.0,0,0.0,68,38,0.5588,0.0263
Nicholas:70JW_18,Nicholas:HL:18,data/curated/english_child_transcripts/Nicholas/download_2026-06-01/HL/18/70JW_18.cha,Nicholas,HL,HL,female,eng,Built from labeled CHAT folder structure.,18.0,96,0.135,1.021,0.0612,12,13,0.1354,0,56,0.0,0,0.0,0,1,0.0104,0,336,172,0.182,0,336,2.6875,0.2857,0.256,0.3444,65,0.0485,0.0,13,0.0,96,70,0.7292,0.0714
Nicholas:74LA_18,Nicholas:HL:18,data/curated/english_child_transcripts/Nicholas/download_2026-06-01/HL/18/74LA_18.cha,Nicholas,HL,HL,female,eng,Built from labeled CHAT folder structure.,18.0,84,0.0,1.0,0.0238,0,2,0.0238,2,64,0.0,0,0.0,0,0,0.0,0,463,141,0.012,0,463,3.925,0.1814,0.1533,0.1722,63,0.0,0.0,2,0.0,84,64,0.7619,0.0156
Nicholas:76AM_18,Nicholas:HL:18,data/curated/english_child_transcripts/Nicholas/download_2026-06-01/HL/18/76AM_18.cha,Nicholas,HL,HL,female,eng,Built from labeled CHAT folder structure.,18.0,137,0.52,1.03,0.2535,75,24,0.1752,0,32,0.0,0,0.0,0,0,0.0,0,302,187,0.0,0,302,2.738,0.4536,0.3079,0.4444,71,0.1065,0.0,24,0.0,137,116,0.8467,0.319
Nicholas:81QF_18,Nicholas:HL:18,data/curated/english_child_transcripts/Nicholas/download_2026-06-01/HL/18/81QF_18.cha,Nicholas,HL,HL,male,eng,Built from labeled CHAT folder structure.,18.0,59,0.051,1.0,0.0339,3,0,0.0,0,50,0.0,0,0.0,0,5,0.0847,0,533,112,0.017,0,533,3.9155,0.1107,0.1051,0.1714,49,0.0,0.0,0,0.0,59,53,0.8983,0.0755
Nicholas:82NE_18,Nicholas:HL:18,data/curated/english_child_transcripts/Nicholas/download_2026-06-01/HL/18/82NE_18.cha,Nicholas,HL,HL,male,eng,Built from labeled CHAT folder structure.,18.0,38,0.0,1.0,0.0263,0,0,0.0,0,23,0.0,0,0.0,0,0,0.0,0,393,70,0.0,0,393,4.0,0.0967,0.0891,0.1014,22,0.0,0.0,0,0.0,38,23,0.6053,0.0435
Nicholas:83DR_18,Nicholas:HL:18,data/curated/english_child_transcripts/Nicholas/download_2026-06-01/HL/18/83DR_18.cha,Nicholas,HL,HL,male,eng,Built from labeled CHAT folder structure.,18.0,62,0.0,1.0,0.0161,0,0,0.0,0,44,0.0,0,0.0,0,3,0.0484,0,535,117,0.005,0,535,3.4188,0.1159,0.1103,0.1019,41,0.0114,0.0,0,0.0,62,44,0.7097,0.0682
Nicholas:85KB_18,Nicholas:HL:18,data/curated/english_child_transcripts/Nicholas/download_2026-06-01/HL/18/85KB_18.cha,Nicholas,HL,HL,female,eng,Built from labeled CHAT folder structure.,18.0,34,0.0,1.0,0.0294,0,0,0.0,0,0,0.0,0,0.0,0,13,0.3824,0,618,66,0.05,0,618,3.1166,0.055,0.0534,0.0495,0,0.0,0.0,0,0.0,34,0,0.0,0.0
Nicholas:86LS_18,Nicholas:HL:18,data/curated/english_child_transcripts/Nicholas/download_2026-06-01/HL/18/86LS_18.cha,Nicholas,HL,HL,female,eng,Built from labeled CHAT folder structure.,18.0,37,0.486,1.027,0.3421,18,7,0.1892,1,0,0.0,0,0.0,0,11,0.2973,0,614,71,0.015,0,614,3.4547,0.0603,0.0586,0.0636,6,0.1713,0.0,7,0.0,37,28,0.7568,0.6429
Nicholas:87FB_18,Nicholas:HL:18,data/curated/english_child_transcripts/Nicholas/download_2026-06-01/HL/18/87FB_18.cha,Nicholas,HL,HL,male,eng,Built from labeled CHAT folder structure.,18.0,24,0.0,1.0,0.0417,0,2,0.0833,0,0,0.0,0,0.0,0,4,0.1667,0,542,46,0.0,0,542,3.4064,0.0443,0.0424,0.0382,0,0.0,0.0,2,0.0,24,0,0.0,0.0
Nicholas:89CH_18,Nicholas:HL:18,data/curated/english_child_transcripts/Nicholas/download_2026-06-01/HL/18/89CH_18.cha,Nicholas,HL,HL,female,eng,Built from labeled CHAT folder structure.,18.0,35,0.657,1.0,0.2857,23,7,0.2,0,2,0.0,0,0.0,0,5,0.1429,0,340,68,0.154,0,340,3.0827,0.1029,0.1,0.1591,16,0.1667,0.0,8,0.0,35,28,0.8,0.3929
Nicholas:90BM_18,Nicholas:HL:18,data/curated/english_child_transcripts/Nicholas/download_2026-06-01/HL/18/90BM_18.cha,Nicholas,HL,HL,female,eng,Built from labeled CHAT folder structure.,18.0,37,0.703,1.135,0.1667,26,6,0.1622,0,1,0.0,1,0.027,0,8,0.2162,0,643,72,0.139,0,643,3.4279,0.0575,0.056,0.0356,14,0.2768,0.0,6,0.0,37,28,0.7568,0.2857
Nicholas:CP22_18,Nicholas:HL:18,data/curated/english_child_transcripts/Nicholas/download_2026-06-01/HL/18/CP22_18.cha,Nicholas,HL,HL,male,eng,Built from labeled CHAT folder structure.,18.0,18,0.222,1.0,0.1111,4,2,0.1111,0,3,0.0,0,0.0,0,30,1.6667,0,353,34,0.738,0,353,3.2668,0.051,0.0482,0.0917,5,0.1429,0.0,2,0.0,18,7,0.3889,0.2857
Nicholas:JW36_18,Nicholas:HL:18,data/curated/english_child_transcripts/Nicholas/download_2026-06-01/HL/18/JW36_18.cha,Nicholas,HL,HL,male,eng,Built from labeled CHAT folder structure.,18.0,25,0.0,1.0,0.04,0,0,0.0,0,1,0.0,0,0.0,0,17,0.68,0,371,50,0.398,0,371,2.4242,0.0674,0.0674,0.127,0,0.0,0.0,0,0.0,25,1,0.04,1.0
Nicholas:LR24_18,Nicholas:HL:18,data/curated/english_child_transcripts/Nicholas/download_2026-06-01/HL/18/LR24_18.cha,Nicholas,HL,HL,female,eng,Built from labeled CHAT folder structure.,18.0,16,0.062,1.0,0.125,1,4,0.25,0,0,0.0,0,0.0,0,3,0.1875,0,322,32,0.0,0,322,2.4734,0.0497,0.0497,0.0333,0,1.0,0.0,7,0.0,16,1,0.0625,1.0
Nicholas:52CC_22,Nicholas:HL:22,data/curated/english_child_transcripts/Nicholas/download_2026-06-01/HL/22/52CC_22.cha,Nicholas,HL,HL,female,eng,Built from labeled CHAT folder structure.,22.0,83,0.53,1.012,0.1786,44,32,0.3855,0,8,0.0,0,0.0,0,34,0.4096,0,408,141,0.582,0,408,2.4012,0.2034,0.1716,0.215,36,0.1791,0.0,37,0.0,83,55,0.6627,0.2909
Nicholas:57ZK_22,Nicholas:HL:22,data/curated/english_child_transcripts/Nicholas/download_2026-06-01/HL/22/57ZK_22.cha,Nicholas,HL,HL,male,eng,Built from labeled CHAT folder structure.,22.0,17,0.0,1.0,0.0588,0,0,0.0,0,0,0.0,0,0.0,0,43,2.5294,0,337,34,0.001,0,337,2.6356,0.0504,0.0504,0.038,0,0.0,0.0,0,0.0,17,0,0.0,0.0
Nicholas:58LL_22,Nicholas:HL:22,data/curated/english_child_transcripts/Nicholas/download_2026-06-01/HL/22/58LL_22.cha,Nicholas,HL,HL,female,eng,Built from labeled CHAT folder structure.,22.7,162,0.13,1.0,0.1411,29,58,0.358,1,50,0.0,0,0.0,0,0,0.0,0,597,302,0.004,0,597,2.419,0.2714,0.2529,0.2642,51,0.1516,0.0,59,0.0,162,93,0.5741,0.4409
Nicholas:60CS_22,Nicholas:HL:22,data/curated/english_child_transcripts/Nicholas/download_2026-06-01/HL/22/60CS_22.cha,Nicholas,HL,HL,male,eng,Built from labeled CHAT folder structure.,22.0,42,0.452,1.024,0.3488,19,11,0.2619,0,0,0.0,0,0.0,0,2,0.0476,0,593,78,0.0,0,593,3.5339,0.0708,0.0658,0.0776,11,0.1096,0.0,11,0.0,42,33,0.7857,0.4848
Nicholas:61MC_22,Nicholas:HL:22,data/curated/english_child_transcripts/Nicholas/download_2026-06-01/HL/22/61MC_22.cha,Nicholas,HL,HL,female,eng,Built from labeled CHAT folder structure.,22.0,56,0.0,1.0,0.0179,0,0,0.0,0,0,0.0,0,0.0,0,14,0.25,0,230,98,0.275,0,230,2.458,0.2435,0.213,0.2222,0,0.0,0.0,0,0.0,56,0,0.0,0.0
Nicholas:66JP_22,Nicholas:HL:22,data/curated/english_child_transcripts/Nicholas/download_2026-06-01/HL/22/66JP_22.cha,Nicholas,HL,HL,male,eng,Built from labeled CHAT folder structure.,22.0,26,0.0,1.0,0.0385,0,0,0.0,0,0,0.0,0,0.0,0,16,0.6154,0,382,50,0.0,0,382,3.451,0.0681,0.0654,0.0963,0,0.0,0.0,0,0.0,26,0,0.0,0.0
Nicholas:70JW_22,Nicholas:HL:22,data/curated/english_child_transcripts/Nicholas/download_2026-06-01/HL/22/70JW_22.cha,Nicholas,HL,HL,female,eng,Built from labeled CHAT folder structure.,22.0,98,0.857,1.061,0.3654,84,14,0.1429,0,2,0.0,2,0.0204,0,23,0.2347,0,424,187,0.021,0,424,2.659,0.2311,0.2217,0.2636,40,0.4218,0.0,17,0.0,98,90,0.9184,0.4444
Nicholas:74LA_22,Nicholas:HL:22,data/curated/english_child_transcripts/Nicholas/download_2026-06-01/HL/22/74LA_22.cha,Nicholas,HL,HL,female,eng,Built from labeled CHAT folder structure.,22.0,50,0.46,1.0,0.28,23,3,0.06,0,2,0.0,0,0.0,0,53,1.06,0,476,98,0.014,0,476,3.6255,0.105,0.1029,0.2156,13,0.1038,0.0,3,0.0,50,30,0.6,0.5333
Nicholas:76AM_22,Nicholas:HL:22,data/curated/english_child_transcripts/Nicholas/download_2026-06-01/HL/22/76AM_22.cha,Nicholas,HL,HL,female,eng,Built from labeled CHAT folder structure.,22.0,201,1.25,1.33,0.4059,244,48,0.2388,0,1,0.0,2,0.01,0,6,0.0299,0,482,283,0.047,0,482,3.019,0.417,0.2925,0.542,70,0.0995,0.005,51,0.01,201,278,1.3831,0.4209
Nicholas:80LA_22,Nicholas:HL:22,data/curated/english_child_transcripts/Nicholas/download_2026-06-01/HL/22/80LA_22.cha,Nicholas,HL,HL,male,eng,Built from labeled CHAT folder structure.,22.0,27,0.037,1.0,0.0741,1,0,0.0,0,4,0.0,0,0.0,0,10,0.3704,0,461,48,0.0,0,461,2.7951,0.0586,0.0521,0.0429,3,0.0,0.0,0,0.0,27,5,0.1852,0.4
Nicholas:81QF_22,Nicholas:HL:22,data/curated/english_child_transcripts/Nicholas/download_2026-06-01/HL/22/81QF_22.cha,Nicholas,HL,HL,male,eng,Built from labeled CHAT folder structure.,22.0,136,0.75,1.02,0.1857,100,35,0.2574,0,0,0.0,0,0.0,0,0,0.0,0,666,266,0.0,0,666,3.5187,0.2042,0.1997,0.4565,72,0.1238,0.0,49,0.0,136,100,0.7353,0.25
Nicholas:82NE_22,Nicholas:HL:22,data/curated/english_child_transcripts/Nicholas/download_2026-06-01/HL/22/82NE_22.cha,Nicholas,HL,HL,male,eng,Built from labeled CHAT folder structure.,22.0,8,0.125,1.0,0.25,1,0,0.0,0,0,0.0,0,0.0,0,11,1.375,0,380,16,0.0,0,380,4.1521,0.0211,0.0211,0.0468,1,0.0,0.0,0,0.0,8,3,0.375,0.6667
Nicholas:83DR_22,Nicholas:HL:22,data/curated/english_child_transcripts/Nicholas/download_2026-06-01/HL/22/83DR_22.cha,Nicholas,HL,HL,male,eng,Built from labeled CHAT folder structure.,22.0,16,0.062,1.0,0.125,1,1,0.0625,0,0,0.0,0,0.0,0,2,0.125,0,639,32,0.0,0,639,3.426,0.025,0.025,0.0163,0,0.0,0.0,1,0.0,16,1,0.0625,1.0
Nicholas:85KB_22,Nicholas:HL:22,data/curated/english_child_transcripts/Nicholas/download_2026-06-01/HL/22/85KB_22.cha,Nicholas,HL,HL,,eng,Built from labeled CHAT folder structure.,22.0,198,0.23,1.04,0.1019,51,2,0.0101,0,141,0.0,0,0.0,0,2,0.0101,1,522,381,0.011,0,523,3.0388,0.3786,0.3633,0.4011,76,0.0692,0.0,2,0.0,198,293,1.4798,0.3345
Nicholas:86LS_22,Nicholas:HL:22,data/curated/english_child_transcripts/Nicholas/download_2026-06-01/HL/22/86LS_22.cha,Nicholas,HL,HL,female,eng,Built from labeled CHAT folder structure.,22.0,184,0.95,1.19,0.2617,178,53,0.288,0,3,0.0,2,0.0109,0,1,0.0054,0,529,298,0.009,0,529,3.1683,0.3478,0.2817,0.424,93,0.1123,0.0,67,0.0,184,191,1.038,0.3037
Nicholas:87FB_22,Nicholas:HL:22,data/curated/english_child_transcripts/Nicholas/download_2026-06-01/HL/22/87FB_22.cha,Nicholas,HL,HL,male,eng,Built from labeled CHAT folder structure.,22.0,157,0.56,1.02,0.1667,90,65,0.414,0,0,0.0,1,0.0064,0,0,0.0,0,460,292,0.0,0,460,2.9271,0.3413,0.3174,0.3333,57,0.2864,0.0,95,0.0,157,123,0.7834,0.2276
Nicholas:89CH_22,Nicholas:HL:22,data/curated/english_child_transcripts/Nicholas/download_2026-06-01/HL/22/89CH_22.cha,Nicholas,HL,HL,female,eng,Built from labeled CHAT folder structure.,22.0,164,0.44,1.0,0.1515,73,87,0.5305,0,1,0.0,0,0.0,0,16,0.0976,0,438,286,0.088,0,438,2.4435,0.3744,0.3265,0.443,48,0.1906,0.0,91,0.0,164,82,0.5,0.3659
Nicholas:90BM_22,Nicholas:HL:22,data/curated/english_child_transcripts/Nicholas/download_2026-06-01/HL/22/90BM_22.cha,Nicholas,HL,HL,female,eng,Built from labeled CHAT folder structure.,22.0,33,0.273,1.0,0.1515,9,5,0.1515,0,2,0.0,0,0.0,0,0,0.0,0,566,62,0.0,0,566,3.0451,0.0583,0.0548,0.0634,6,0.3636,0.0,5,0.0,33,12,0.3636,0.5
Nicholas:CP22_22,Nicholas:HL:22,data/curated/english_child_transcripts/Nicholas/download_2026-06-01/HL/22/CP22_22.cha,Nicholas,HL,HL,male,eng,Built from labeled CHAT folder structure.,14.0,25,0.44,1.12,0.3214,11,0,0.0,1,0,0.0,1,0.04,0,6,0.24,0,451,45,0.0,0,451,2.8445,0.0554,0.051,0.0746,2,0.1667,0.0,0,0.0,25,11,0.44,0.7273
Nicholas:LR24_22,Nicholas:HL:22,data/curated/english_child_transcripts/Nicholas/download_2026-06-01/HL/22/LR24_22.cha,Nicholas,HL,HL,female,eng,Built from labeled CHAT folder structure.,22.0,35,0.257,1.0,0.2286,9,11,0.3143,0,4,0.0,0,0.0,0,4,0.1143,0,397,70,0.018,0,397,2.7917,0.0882,0.0882,0.0789,4,0.1051,0.0,11,0.0,35,14,0.4,0.7143
Nicholas:51SA_28,Nicholas:HL:27,data/curated/english_child_transcripts/Nicholas/download_2026-06-01/HL/27/51SA_28.cha,Nicholas,HL,HL,female,eng,Built from labeled CHAT folder structure.,27.0,391,1.25,1.29,0.2543,555,130,0.3325,0,13,0.0,13,0.0332,0,9,0.023,0,310,345,0.041,0,310,2.4636,1.2613,0.5581,0.7536,163,0.0788,0.0,169,0.0051,391,584,1.4936,0.2192
Nicholas:52CC_27,Nicholas:HL:27,data/curated/english_child_transcripts/Nicholas/download_2026-06-01/HL/27/52CC_27.cha,Nicholas,HL,HL,female,eng,Built from labeled CHAT folder structure.,27.0,208,0.53,1.06,0.1514,99,60,0.2885,0,61,0.0,1,0.0048,0,0,0.0,0,467,284,0.0,0,467,2.2533,0.4454,0.3041,0.3274,120,0.2234,0.0,92,0.0,208,168,0.8077,0.2143
Nicholas:57ZK_27,Nicholas:HL:27,data/curated/english_child_transcripts/Nicholas/download_2026-06-01/HL/27/57ZK_27.cha,Nicholas,HL,HL,male,eng,Built from labeled CHAT folder structure.,27.0,19,0.053,1.0,0.1053,1,0,0.0,0,0,0.0,0,0.0,0,1,0.0526,0,249,36,0.0,0,249,3.6754,0.0763,0.0723,0.0563,0,1.0,0.0,0,0.0,19,6,0.3158,0.3333
Nicholas:58LL_27,Nicholas:HL:27,data/curated/english_child_transcripts/Nicholas/download_2026-06-01/HL/27/58LL_27.cha,Nicholas,HL,HL,female,eng,Built from labeled CHAT folder structure.,27.07,243,0.74,1.14,0.2967,167,132,0.5432,0,1,0.0,3,0.0123,0,0,0.0,0,585,456,0.005,0,585,2.5918,0.4154,0.3897,0.465,62,0.3256,0.0,133,0.0,243,171,0.7037,0.462
Nicholas:60CS_27,Nicholas:HL:27,data/curated/english_child_transcripts/Nicholas/download_2026-06-01/HL/27/60CS_27.cha,Nicholas,HL,HL,male,eng,Built from labeled CHAT folder structure.,27.4,95,0.368,1.032,0.2143,35,26,0.2737,1,24,0.0,1,0.0105,0,5,0.0526,0,540,176,0.003,0,540,3.2614,0.1759,0.163,0.149,28,0.1709,0.0,26,0.0,95,68,0.7158,0.4265
Nicholas:61MC_27,Nicholas:HL:27,data/curated/english_child_transcripts/Nicholas/download_2026-06-01/HL/27/61MC_27.cha,Nicholas,HL,HL,female,eng,Built from labeled CHAT folder structure.,27.0,63,0.016,1.0,0.0317,1,1,0.0159,0,0,0.0,0,0.0,0,2,0.0317,0,391,108,0.0,0,391,2.3656,0.1611,0.1381,0.1456,0,0.0,0.0,1,0.0,63,2,0.0317,1.0
Nicholas:66JP_27,Nicholas:HL:27,data/curated/english_child_transcripts/Nicholas/download_2026-06-01/HL/27/66JP_27.cha,Nicholas,HL,HL,male,eng,Built from labeled CHAT folder structure.,27.03,168,0.36,1.0,0.1302,55,21,0.125,0,81,0.0,0,0.0,0,0,0.0,0,499,303,0.0,0,499,3.1259,0.3367,0.3046,0.4975,105,0.1117,0.0,21,0.0,168,143,0.8512,0.2168
Nicholas:70JW_27,Nicholas:HL:27,data/curated/english_child_transcripts/Nicholas/download_2026-06-01/HL/27/70JW_27.cha,Nicholas,HL,HL,female,eng,Built from labeled CHAT folder structure.,27.0,289,0.87,1.09,0.2192,244,72,0.2491,0,26,0.0,6,0.0208,0,1,0.0035,0,438,456,0.0,0,438,2.2999,0.6598,0.5205,0.7325,146,0.156,0.0,75,0.0035,289,275,0.9516,0.28
Nicholas:74LA_27,Nicholas:HL:27,data/curated/english_child_transcripts/Nicholas/download_2026-06-01/HL/27/74LA_27.cha,Nicholas,HL,HL,female,eng,Built from labeled CHAT folder structure.,27.0,295,1.96,2.02,0.2971,593,27,0.0915,0,10,0.0,8,0.0271,0,3,0.0102,0,458,497,0.008,0,458,3.502,0.6441,0.5415,0.6784,117,0.118,0.0102,28,0.0034,295,625,2.1186,0.2704
Nicholas:76AM_27,Nicholas:HL:27,data/curated/english_child_transcripts/Nicholas/download_2026-06-01/HL/27/76AM_27.cha,Nicholas,HL,HL,female,eng,Built from labeled CHAT folder structure.,27.0,250,2.76,2.62,0.3657,631,15,0.06,0,4,0.0,9,0.036,0,0,0.0,0,324,362,0.002,4,324,3.9338,0.7716,0.5586,0.6241,63,0.085,0.0,16,0.012,250,676,2.704,0.2973
Nicholas:80LA_27,Nicholas:HL:27,data/curated/english_child_transcripts/Nicholas/download_2026-06-01/HL/27/80LA_27.cha,Nicholas,HL,HL,male,eng,Built from labeled CHAT folder structure.,27.0,5,0.0,1.0,0.2,0,0,0.0,0,0,0.0,0,0.0,0,0,0.0,0,406,10,0.0,0,406,3.1509,0.0123,0.0123,0.0164,0,0.0,0.0,0,0.0,5,0,0.0,0.0
Nicholas:81QF_28,Nicholas:HL:27,data/curated/english_child_transcripts/Nicholas/download_2026-06-01/HL/27/81QF_28.cha,Nicholas,HL,HL,male,eng,Built from labeled CHAT folder structure.,27.0,380,1.23,1.35,0.2543,530,71,0.1868,0,1,0.0,16,0.0421,0,6,0.0158,0,723,638,0.025,1,723,3.0997,0.5256,0.4412,0.736,189,0.0965,0.0026,102,0.0,380,554,1.4579,0.2166
Nicholas:82NE_27,Nicholas:HL:27,data/curated/english_child_transcripts/Nicholas/download_2026-06-01/HL/27/82NE_27.cha,Nicholas,HL,HL,male,eng,Built from labeled CHAT folder structure.,27.0,76,0.539,1.026,0.2179,41,18,0.2368,0,1,0.0,0,0.0,0,0,0.0,0,471,141,0.0,0,471,3.2486,0.1614,0.1507,0.1976,26,0.2471,0.0,23,0.0,76,46,0.6053,0.3696
Nicholas:83DR_27,Nicholas:HL:27,data/curated/english_child_transcripts/Nicholas/download_2026-06-01/HL/27/83DR_27.cha,Nicholas,HL,HL,male,eng,Built from labeled CHAT folder structure.,27.0,39,0.179,1.0,0.1538,7,2,0.0513,1,1,0.0,0,0.0,0,3,0.0769,0,688,77,0.0,0,688,3.0564,0.0567,0.0567,0.0881,2,0.0139,0.0,2,0.0,39,9,0.2308,0.7778
Nicholas:86LS_28,Nicholas:HL:27,data/curated/english_child_transcripts/Nicholas/download_2026-06-01/HL/27/86LS_28.cha,Nicholas,HL,HL,female,eng,Built from labeled CHAT folder structure.,27.0,361,2.57,2.36,0.2971,818,86,0.2382,0,2,0.0,13,0.036,0,6,0.0166,0,545,497,0.028,0,545,3.2263,0.6624,0.455,0.6667,89,0.152,0.0028,96,0.0388,361,844,2.338,0.2322
Nicholas:87FB_27,Nicholas:HL:27,data/curated/english_child_transcripts/Nicholas/download_2026-06-01/HL/27/87FB_27.cha,Nicholas,HL,HL,,eng,Built from labeled CHAT folder structure.,27.0,152,0.95,1.21,0.3011,150,48,0.3158,6,1,0.0,2,0.0132,0,1,0.0066,0,482,274,0.0,0,482,3.6041,0.3154,0.2842,0.4219,77,0.0724,0.0,61,0.0,152,178,1.1711,0.3202
Nicholas:89CH_27,Nicholas:HL:27,data/curated/english_child_transcripts/Nicholas/download_2026-06-01/HL/27/89CH_27.cha,Nicholas,HL,HL,female,eng,Built from labeled CHAT folder structure.,27.0,350,0.66,1.09,0.1886,204,186,0.5314,0,1,0.0,0,0.0,0,8,0.0229,0,467,476,0.046,0,467,2.0343,0.7495,0.5096,0.6646,96,0.1131,0.0,233,0.0,350,212,0.6057,0.3585
Nicholas:90BM_28,Nicholas:HL:27,data/curated/english_child_transcripts/Nicholas/download_2026-06-01/HL/27/90BM_28.cha,Nicholas,HL,HL,female,eng,Built from labeled CHAT folder structure.,27.0,97,0.361,1.0,0.1546,35,42,0.433,0,0,0.0,0,0.0,0,1,0.0103,0,614,178,0.0,0,614,2.6807,0.158,0.145,0.2021,21,0.2667,0.0,61,0.0,97,35,0.3608,0.4
Nicholas:CP22_28,Nicholas:HL:27,data/curated/english_child_transcripts/Nicholas/download_2026-06-01/HL/27/CP22_28.cha,Nicholas,HL,HL,male,eng,Built from labeled CHAT folder structure.,26.0,38,0.368,1.0,0.3158,14,14,0.3684,0,0,0.0,0,0.0,0,6,0.1579,0,347,58,2.49,0,347,2.9948,0.1095,0.0836,0.1098,8,0.1786,0.0,14,0.0,38,24,0.6316,0.5417
Nicholas:JW36_26,Nicholas:HL:27,data/curated/english_child_transcripts/Nicholas/download_2026-06-01/HL/27/JW36_26.cha,Nicholas,HL,HL,,eng,Built from labeled CHAT folder structure.,26.0,323,1.45,1.66,0.2714,462,41,0.1269,0,63,0.0,16,0.0495,0,1,0.0031,0,475,494,0.008,0,483,2.8499,0.6687,0.5031,0.5024,88,0.1773,0.0,42,0.0062,323,729,2.257,0.3457
Nicholas:JW36_28,Nicholas:HL:27,data/curated/english_child_transcripts/Nicholas/download_2026-06-01/HL/27/JW36_28.cha,Nicholas,HL,HL,male,eng,Built from labeled CHAT folder structure.,27.0,241,1.41,1.54,0.2543,320,73,0.3029,0,1,0.0,13,0.0539,0,7,0.029,0,475,406,0.013,0,475,2.5489,0.5074,0.4274,0.4651,85,0.256,0.0,74,0.0,241,358,1.4855,0.2989
Nicholas:LR24_26,Nicholas:HL:27,data/curated/english_child_transcripts/Nicholas/download_2026-06-01/HL/27/LR24_26.cha,Nicholas,HL,HL,female,eng,Built from labeled CHAT folder structure.,27.0,217,0.7,1.15,0.2259,147,103,0.4747,0,3,0.0,2,0.0092,0,14,0.0645,0,296,232,0.092,0,296,2.0487,0.7331,0.3919,0.46,75,0.1126,0.0046,125,0.0,217,159,0.7327,0.3396
Nicholas:51SA_34,Nicholas:HL:36,data/curated/english_child_transcripts/Nicholas/download_2026-06-01/HL/36/51SA_34.cha,Nicholas,HL,HL,female,eng,Built from labeled CHAT folder structure.,34.0,236,2.48,2.46,0.2943,612,91,0.3856,0,9,0.0,17,0.072,0,4,0.0169,0,199,204,0.049,0,199,3.8368,1.1859,0.5126,0.614,49,0.0901,0.0169,111,0.0085,236,659,2.7924,0.2473
Nicholas:52CC_36,Nicholas:HL:36,data/curated/english_child_transcripts/Nicholas/download_2026-06-01/HL/36/52CC_36.cha,Nicholas,HL,HL,female,eng,Built from labeled CHAT folder structure.,36.0,137,0.28,1.02,0.1007,29,42,0.3066,0,74,0.0,0,0.0,0,0,0.0,0,166,188,0.0,0,166,1.7624,0.8253,0.4759,0.3836,82,0.0658,0.0,42,0.0,137,105,0.7664,0.1429
Nicholas:57ZK_36,Nicholas:HL:36,data/curated/english_child_transcripts/Nicholas/download_2026-06-01/HL/36/57ZK_36.cha,Nicholas,HL,HL,male,eng,Built from labeled CHAT folder structure.,36.0,25,0.16,1.0,0.2,4,6,0.24,0,1,0.0,0,0.0,0,2,0.08,0,244,48,0.02,0,244,2.6357,0.1025,0.0984,0.0645,0,0.2667,0.0,7,0.0,25,5,0.2,1.0
Nicholas:58LL_36,Nicholas:HL:36,data/curated/english_child_transcripts/Nicholas/download_2026-06-01/HL/36/58LL_36.cha,Nicholas,HL,HL,female,eng,Built from labeled CHAT folder structure.,36.0,270,1.7,1.78,0.3057,367,90,0.3333,0,9,0.0,0,0.0,0,0,0.0,0,350,453,0.0,0,350,2.6742,0.7714,0.6486,0.7667,92,0.1006,0.0074,96,0.0074,270,385,1.4259,0.3506
Nicholas:60CS_36,Nicholas:HL:36,data/curated/english_child_transcripts/Nicholas/download_2026-06-01/HL/36/60CS_36.cha,Nicholas,HL,HL,male,eng,Built from labeled CHAT folder structure.,36.0,137,0.88,1.15,0.2857,120,42,0.3066,0,1,0.0,1,0.0073,0,0,0.0,0,390,236,0.012,0,390,3.0323,0.3513,0.3026,0.4017,49,0.1493,0.0,55,0.0,137,157,1.146,0.3185
Nicholas:61MC_36,Nicholas:HL:36,data/curated/english_child_transcripts/Nicholas/download_2026-06-01/HL/36/61MC_36.cha,Nicholas,HL,HL,female,eng,Built from labeled CHAT folder structure.,36.0,41,0.0,1.0,0.0244,0,0,0.0,0,0,0.0,0,0.0,0,0,0.0,0,227,70,0.0,0,227,2.7313,0.1806,0.1542,0.1616,0,0.0,0.0,0,0.0,41,0,0.0,0.0
Nicholas:66JP_36,Nicholas:HL:36,data/curated/english_child_transcripts/Nicholas/download_2026-06-01/HL/36/66JP_36.cha,Nicholas,HL,HL,male,eng,Built from labeled CHAT folder structure.,36.0,261,0.63,1.12,0.2114,191,132,0.5057,0,2,0.0,8,0.0307,0,1,0.0038,0,432,422,0.0,0,432,2.5945,0.6042,0.4884,0.5756,74,0.1956,0.0,139,0.0038,261,219,0.8391,0.3288
Nicholas:70JW_36,Nicholas:HL:36,data/curated/english_child_transcripts/Nicholas/download_2026-06-01/HL/36/70JW_36.cha,Nicholas,HL,HL,female,eng,Built from labeled CHAT folder structure.,36.0,329,2.16,2.13,0.2486,660,49,0.1489,0,16,0.0,16,0.0486,0,0,0.0,0,264,416,0.0,0,264,2.9241,1.2462,0.7879,0.886,139,0.1174,0.0122,54,0.0122,329,692,2.1033,0.211
Nicholas:74LA_36,Nicholas:HL:36,data/curated/english_child_transcripts/Nicholas/download_2026-06-01/HL/36/74LA_36.cha,Nicholas,HL,HL,female,eng,Built from labeled CHAT folder structure.,36.0,187,3.76,3.59,0.3743,665,11,0.0588,0,0,0.0,0,0.0,0,1,0.0053,0,300,324,0.017,0,300,4.4538,0.6233,0.54,0.6759,39,0.0646,0.016,11,0.0214,187,700,3.7433,0.2729
Nicholas:76AM_36,Nicholas:HL:36,data/curated/english_child_transcripts/Nicholas/download_2026-06-01/HL/36/76AM_36.cha,Nicholas,HL,HL,female,eng,Built from labeled CHAT folder structure.,36.0,189,3.44,3.24,0.4171,554,18,0.0952,0,3,0.0,4,0.0212,1,0,0.0,0,183,221,0.0,0,183,3.4677,1.0328,0.6011,0.7681,48,0.081,0.0106,18,0.0212,189,583,3.0847,0.3448
Nicholas:80LA_36,Nicholas:HL:36,data/curated/english_child_transcripts/Nicholas/download_2026-06-01/HL/36/80LA_36.cha,Nicholas,HL,HL,male,eng,Built from labeled CHAT folder structure.,36.0,29,0.276,1.0,0.1379,8,0,0.0,2,1,0.0,0,0.0,0,2,0.069,0,328,55,0.0,0,328,2.4594,0.0884,0.0854,0.1047,5,0.3926,0.0,0,0.0,29,17,0.5862,0.4118
Nicholas:81QF_36,Nicholas:HL:36,data/curated/english_child_transcripts/Nicholas/download_2026-06-01/HL/36/81QF_36.cha,Nicholas,HL,HL,male,eng,Built from labeled CHAT folder structure.,36.0,177,1.99,1.98,0.3429,348,53,0.2994,0,5,0.0,2,0.0113,0,0,0.0,0,455,322,0.0,0,455,3.8623,0.389,0.3538,0.6121,44,0.1062,0.0056,78,0.0056,177,361,2.0395,0.3601
Nicholas:82NE_36,Nicholas:HL:36,data/curated/english_child_transcripts/Nicholas/download_2026-06-01/HL/36/82NE_36.cha,Nicholas,HL,HL,male,eng,Built from labeled CHAT folder structure.,36.0,141,0.94,1.21,0.1919,135,44,0.3121,0,4,0.0,1,0.0071,0,1,0.0071,0,359,244,0.0,0,359,3.164,0.3928,0.3398,0.4744,72,0.0597,0.0,63,0.0,141,149,1.0567,0.2416
Nicholas:83DR_36,Nicholas:HL:36,data/curated/english_child_transcripts/Nicholas/download_2026-06-01/HL/36/83DR_36.cha,Nicholas,HL,HL,male,eng,Built from labeled CHAT folder structure.,36.0,73,0.384,1.027,0.2267,28,19,0.2603,0,16,0.0,1,0.0137,0,5,0.0685,0,392,136,0.011,0,392,3.2624,0.1862,0.1735,0.2525,23,0.1151,0.0,22,0.0,73,48,0.6575,0.4375
Nicholas:85KB_36,Nicholas:HL:36,data/curated/english_child_transcripts/Nicholas/download_2026-06-01/HL/36/85KB_36.cha,Nicholas,HL,HL,,eng,Built from labeled CHAT folder structure.,36.0,187,0.89,1.19,0.3465,176,73,0.3904,2,4,0.0,2,0.0107,0,0,0.0,0,397,344,0.0,0,397,2.7329,0.471,0.4332,0.5784,62,0.1021,0.0,98,0.0,187,190,1.016,0.4158
Nicholas:86LS_36,Nicholas:HL:36,data/curated/english_child_transcripts/Nicholas/download_2026-06-01/HL/36/86LS_36.cha,Nicholas,HL,HL,female,eng,Built from labeled CHAT folder structure.,36.0,253,5.7,5.53,0.2857,1101,23,0.0909,5,0,0.004,5,0.0198,2,1,0.004,0,320,334,0.0,0,320,4.4607,0.7906,0.5219,0.6279,53,0.0838,0.0316,24,0.0949,253,1153,4.5573,0.1986
Nicholas:89CH_36,Nicholas:HL:36,data/curated/english_child_transcripts/Nicholas/download_2026-06-01/HL/36/89CH_36.cha,Nicholas,HL,HL,,eng,Built from labeled CHAT folder structure.,36.0,263,1.49,1.59,0.2114,360,67,0.2548,2,1,0.0,6,0.0228,0,2,0.0076,0,253,324,0.003,0,253,2.5814,1.0395,0.6403,0.8413,115,0.0832,0.0114,78,0.0,263,376,1.4297,0.2234
Nicholas:90BM_36,Nicholas:HL:36,data/curated/english_child_transcripts/Nicholas/download_2026-06-01/HL/36/90BM_36.cha,Nicholas,HL,HL,female,eng,Built from labeled CHAT folder structure.,36.0,49,0.571,1.0,0.3265,28,24,0.4898,0,0,0.0,0,0.0,0,1,0.0204,0,393,86,0.0,0,393,3.233,0.1247,0.1094,0.1358,13,0.1399,0.0,27,0.0,49,30,0.6122,0.5333
Nicholas:CP22_36,Nicholas:HL:36,data/curated/english_child_transcripts/Nicholas/download_2026-06-01/HL/36/CP22_36.cha,Nicholas,HL,HL,male,eng,Built from labeled CHAT folder structure.,36.0,76,0.684,1.184,0.4111,49,52,0.6842,0,0,0.0,2,0.0263,0,1,0.0132,0,229,110,0.0,0,229,3.8295,0.3319,0.2402,0.3548,8,0.1875,0.0,55,0.0,76,55,0.7237,0.6727
Nicholas:JW36_36,Nicholas:HL:36,data/curated/english_child_transcripts/Nicholas/download_2026-06-01/HL/36/JW36_36.cha,Nicholas,HL,HL,male,eng,Built from labeled CHAT folder structure.,36.0,152,2.3,2.23,0.3304,320,25,0.1645,0,0,0.0,4,0.0263,0,0,0.0,0,300,240,0.0,0,300,2.9049,0.5067,0.4,0.568,38,0.119,0.0,36,0.0066,152,329,2.1645,0.3374
Nicholas:LR24_36,Nicholas:HL:36,data/curated/english_child_transcripts/Nicholas/download_2026-06-01/HL/36/LR24_36.cha,Nicholas,HL,HL,female,eng,Built from labeled CHAT folder structure.,36.0,317,1.17,1.35,0.2514,358,119,0.3754,0,0,0.0,5,0.0158,0,10,0.0315,0,277,431,0.022,1,277,2.165,1.1444,0.7762,0.8875,118,0.1222,0.0,148,0.0,317,375,1.183,0.304
Nicholas:01DM_13,Nicholas:TD:13,data/curated/english_child_transcripts/Nicholas/download_2026-06-01/TD/13/01DM_13.cha,Nicholas,TD,TD,male,eng,Built from labeled CHAT folder structure.,13.0,95,0.053,1.011,0.0729,5,4,0.0421,0,76,0.0,0,0.0,0,3,0.0316,0,501,165,0.032,0,501,4.0252,0.1896,0.1637,0.1515,74,0.0127,0.0,4,0.0,95,81,0.8526,0.0741
Nicholas:02JW_13,Nicholas:TD:13,data/curated/english_child_transcripts/Nicholas/download_2026-06-01/TD/13/02JW_13.cha,Nicholas,TD,TD,male,eng,Built from labeled CHAT folder structure.,13.0,83,0.084,1.0,0.0964,7,18,0.2169,0,49,0.0,0,0.0,0,2,0.0241,0,413,154,0.009,0,413,3.5605,0.201,0.1864,0.2023,48,0.0521,0.0,18,0.0,83,56,0.6747,0.1429
Nicholas:03PH_13,Nicholas:TD:13,data/curated/english_child_transcripts/Nicholas/download_2026-06-01/TD/13/03PH_13.cha,Nicholas,TD,TD,male,eng,Built from labeled CHAT folder structure.,13.0,190,0.1,1.0,0.0368,16,7,0.0368,0,145,0.0,0,0.0,0,3,0.0158,0,393,298,0.02,0,393,2.4614,0.4835,0.3791,0.4234,170,0.0757,0.0,7,0.0,190,198,1.0421,0.0758
Nicholas:06BB_13,Nicholas:TD:13,data/curated/english_child_transcripts/Nicholas/download_2026-06-01/TD/13/06BB_13.cha,Nicholas,TD,TD,female,eng,Built from labeled CHAT folder structure.,13.0,157,0.0,1.0,0.0064,0,8,0.051,0,120,0.0,0,0.0,0,0,0.0,0,416,230,0.001,0,416,2.3176,0.3774,0.2764,0.2148,119,0.0163,0.0,8,0.0,157,124,0.7898,0.0403
Nicholas:07ES_13,Nicholas:TD:13,data/curated/english_child_transcripts/Nicholas/download_2026-06-01/TD/13/07ES_13.cha,Nicholas,TD,TD,male,eng,Built from labeled CHAT folder structure.,13.0,218,0.0,1.0,0.0138,1,18,0.0826,0,198,0.0,0,0.0,0,1,0.0046,0,387,312,0.012,0,387,2.4545,0.5633,0.4031,0.4111,197,0.005,0.0,21,0.0,218,199,0.9128,0.0101
Nicholas:08SE_13,Nicholas:TD:13,data/curated/english_child_transcripts/Nicholas/download_2026-06-01/TD/13/08SE_13.cha,Nicholas,TD,TD,female,eng,Built from labeled CHAT folder structure.,13.0,37,0.0,1.0,0.027,0,2,0.0541,0,35,0.0,0,0.0,0,3,0.0811,0,143,28,0.367,0,143,2.3778,0.2587,0.0979,0.1333,34,0.0,0.0,2,0.0,37,35,0.9459,0.0286
Nicholas:10MF_13,Nicholas:TD:13,data/curated/english_child_transcripts/Nicholas/download_2026-06-01/TD/13/10MF_13.cha,Nicholas,TD,TD,male,eng,Built from labeled CHAT folder structure.,13.0,59,0.085,1.0,0.0508,5,4,0.0678,0,48,0.0,0,0.0,0,4,0.0678,0,645,102,0.01,0,645,3.0455,0.0915,0.0791,0.1019,50,0.0377,0.0,4,0.0,59,53,0.8983,0.0566
Nicholas:11ES_13,Nicholas:TD:13,data/curated/english_child_transcripts/Nicholas/download_2026-06-01/TD/13/11ES_13.cha,Nicholas,TD,TD,female,eng,Built from labeled CHAT folder structure.,13.0,408,0.1,1.01,0.0257,58,57,0.1397,0,260,0.0,0,0.0,0,5,0.0123,0,417,454,0.011,0,417,1.9988,0.9784,0.5444,0.4661,316,0.0269,0.0,58,0.0,408,344,0.8431,0.0494
Nicholas:13JI_13,Nicholas:TD:13,data/curated/english_child_transcripts/Nicholas/download_2026-06-01/TD/13/13JI_13.cha,Nicholas,TD,TD,male,eng,Built from labeled CHAT folder structure.,13.0,133,0.03,1.0,0.0226,3,9,0.0677,0,119,0.0,0,0.0,0,15,0.1128,0,328,191,0.009,0,328,2.8872,0.4055,0.2927,0.3313,119,0.0027,0.0,9,0.0,133,122,0.9173,0.0246
Nicholas:14AM_13,Nicholas:TD:13,data/curated/english_child_transcripts/Nicholas/download_2026-06-01/TD/13/14AM_13.cha,Nicholas,TD,TD,female,eng,Built from labeled CHAT folder structure.,13.0,71,0.127,1.0,0.1127,9,3,0.0423,0,51,0.0,0,0.0,0,12,0.169,0,336,122,0.006,0,336,3.4668,0.2113,0.1815,0.1857,52,0.0806,0.0,3,0.0,71,61,0.8592,0.1475
Nicholas:15BG_13,Nicholas:TD:13,data/curated/english_child_transcripts/Nicholas/download_2026-06-01/TD/13/15BG_13.cha,Nicholas,TD,TD,female,eng,Built from labeled CHAT folder structure.,13.0,153,0.05,1.0,0.0523,8,19,0.1242,0,124,0.0,0,0.0,0,1,0.0065,0,422,240,0.37,0,422,2.8191,0.3626,0.2844,0.3448,123,0.0333,0.0,22,0.0,153,136,0.8889,0.0882
Nicholas:17JH_13,Nicholas:TD:13,data/curated/english_child_transcripts/Nicholas/download_2026-06-01/TD/13/17JH_13.cha,Nicholas,TD,TD,female,eng,Built from labeled CHAT folder structure.,13.0,110,0.01,1.0,0.0182,1,5,0.0455,0,79,0.0,0,0.0,0,2,0.0182,0,500,159,0.001,0,500,4.6869,0.22,0.158,0.1463,78,0.0063,0.0,5,0.0,110,80,0.7273,0.025
Nicholas:19BB_13,Nicholas:TD:13,data/curated/english_child_transcripts/Nicholas/download_2026-06-01/TD/13/19BB_13.cha,Nicholas,TD,TD,male,eng,Built from labeled CHAT folder structure.,13.0,230,0.0,1.0,0.0043,0,8,0.0348,0,201,0.0,0,0.0,0,0,0.0,0,467,317,0.0,0,467,2.6413,0.4925,0.3383,0.3529,200,0.0,0.0,9,0.0,230,202,0.8783,0.0099
Nicholas:21MB_13,Nicholas:TD:13,data/curated/english_child_transcripts/Nicholas/download_2026-06-01/TD/13/21MB_13.cha,Nicholas,TD,TD,female,eng,Built from labeled CHAT folder structure.,13.0,101,0.34,1.0,0.0792,34,9,0.0891,0,61,0.0,0,0.0,0,1,0.0099,0,449,174,0.001,0,449,2.7709,0.2249,0.1938,0.1707,87,0.0723,0.0,9,0.0,101,95,0.9406,0.0842
Nicholas:23LH_13,Nicholas:TD:13,data/curated/english_child_transcripts/Nicholas/download_2026-06-01/TD/13/23LH_13.cha,Nicholas,TD,TD,female,eng,Built from labeled CHAT folder structure.,13.0,162,0.01,1.0,0.0247,3,2,0.0123,0,150,0.0,0,0.0,0,5,0.0309,0,353,196,0.002,0,353,2.3282,0.4589,0.2776,0.256,147,0.0,0.0,2,0.0,162,155,0.9568,0.0387
Nicholas:25CC_13,Nicholas:TD:13,data/curated/english_child_transcripts/Nicholas/download_2026-06-01/TD/13/25CC_13.cha,Nicholas,TD,TD,female,eng,Built from labeled CHAT folder structure.,13.0,176,0.02,1.0,0.0284,4,18,0.1023,0,151,0.0,0,0.0,0,1,0.0057,0,372,304,0.03,0,372,2.3595,0.4731,0.4086,0.4733,151,0.0127,0.0,19,0.0,176,158,0.8977,0.0443
Nicholas:26AC_13,Nicholas:TD:13,data/curated/english_child_transcripts/Nicholas/download_2026-06-01/TD/13/26AC_13.cha,Nicholas,TD,TD,female,eng,Built from labeled CHAT folder structure.,13.0,142,0.23,1.0,0.0775,40,21,0.1479,0,81,0.0,0,0.0,0,4,0.0282,0,468,212,0.004,0,468,3.7541,0.3034,0.2265,0.2289,109,0.1238,0.0,21,0.0,142,194,1.3662,0.067
Nicholas:27MR_13,Nicholas:TD:13,data/curated/english_child_transcripts/Nicholas/download_2026-06-01/TD/13/27MR_13.cha,Nicholas,TD,TD,female,eng,Built from labeled CHAT folder structure.,13.0,111,0.05,1.0,0.036,6,1,0.009,0,77,0.0,0,0.0,0,1,0.009,0,385,186,0.012,0,385,3.1532,0.2883,0.2416,0.2395,79,0.0161,0.0,1,0.0,111,83,0.7477,0.0482
Nicholas:01DM_18,Nicholas:TD:18,data/curated/english_child_transcripts/Nicholas/download_2026-06-01/TD/18/01DM_18.cha,Nicholas,TD,TD,male,eng,Built from labeled CHAT folder structure.,18.0,203,0.11,1.01,0.0539,21,29,0.1429,0,145,0.0,0,0.0,0,6,0.0296,0,544,344,0.0,0,544,3.1995,0.3732,0.3162,0.3744,154,0.0389,0.0,29,0.0,203,183,0.9015,0.071
Nicholas:02JW_18,Nicholas:TD:18,data/curated/english_child_transcripts/Nicholas/download_2026-06-01/TD/18/02JW_18.cha,Nicholas,TD,TD,male,eng,Built from labeled CHAT folder structure.,18.0,118,0.22,1.0,0.1417,29,23,0.1949,0,60,0.0,0,0.0,0,4,0.0339,0,318,198,0.005,0,318,3.4771,0.3711,0.3113,0.3514,68,0.0522,0.0,25,0.0,118,92,0.7797,0.2065
Nicholas:03PH_18,Nicholas:TD:18,data/curated/english_child_transcripts/Nicholas/download_2026-06-01/TD/18/03PH_18.cha,Nicholas,TD,TD,male,eng,Built from labeled CHAT folder structure.,18.0,154,0.1,1.0,0.0325,16,59,0.3831,0,73,0.0,0,0.0,0,2,0.013,0,392,250,0.046,0,392,2.674,0.3929,0.3189,0.3918,86,0.0297,0.0,59,0.0,154,90,0.5844,0.0444
Nicholas:06BB_18,Nicholas:TD:18,data/curated/english_child_transcripts/Nicholas/download_2026-06-01/TD/18/06BB_18.cha,Nicholas,TD,TD,female,eng,Built from labeled CHAT folder structure.,18.0,268,0.19,1.0,0.0373,56,10,0.0373,0,185,0.0,0,0.0,0,3,0.0112,0,589,380,0.002,0,589,2.3652,0.455,0.3226,0.3463,234,0.0882,0.0,12,0.0,268,259,0.9664,0.0541
Nicholas:07ES_18,Nicholas:TD:18,data/curated/english_child_transcripts/Nicholas/download_2026-06-01/TD/18/07ES_18.cha,Nicholas,TD,TD,male,eng,Built from labeled CHAT folder structure.,18.0,153,0.07,1.01,0.0584,11,40,0.2614,0,92,0.0,0,0.0,0,6,0.0392,0,441,254,0.002,0,441,2.8131,0.3469,0.288,0.3333,93,0.0186,0.0,40,0.0,153,104,0.6797,0.1058
Nicholas:08SE_18,Nicholas:TD:18,data/curated/english_child_transcripts/Nicholas/download_2026-06-01/TD/18/08SE_18.cha,Nicholas,TD,TD,female,eng,Built from labeled CHAT folder structure.,18.0,126,0.05,1.0,0.0556,7,8,0.0635,0,102,0.0,0,0.0,0,2,0.0159,0,241,162,0.02,0,241,2.624,0.5228,0.3361,0.3763,103,0.0268,0.0,8,0.0,126,111,0.881,0.0631
Nicholas:10MF_18,Nicholas:TD:18,data/curated/english_child_transcripts/Nicholas/download_2026-06-01/TD/18/10MF_18.cha,Nicholas,TD,TD,male,eng,Built from labeled CHAT folder structure.,18.0,140,0.07,1.0,0.0429,10,5,0.0357,0,112,0.0,0,0.0,0,3,0.0214,0,581,245,0.05,0,581,3.4161,0.241,0.2117,0.2292,116,0.0115,0.0,5,0.0,140,125,0.8929,0.056
Nicholas:11ES_18,Nicholas:TD:18,data/curated/english_child_transcripts/Nicholas/download_2026-06-01/TD/18/11ES_18.cha,Nicholas,TD,TD,female,eng,Built from labeled CHAT folder structure.,18.0,142,0.4,1.03,0.2973,65,38,0.2676,0,39,0.0,1,0.007,0,5,0.0352,0,480,260,0.001,0,480,3.0611,0.2958,0.2708,0.3692,56,0.1606,0.0,38,0.0,142,105,0.7394,0.4286
Nicholas:13JI_18,Nicholas:TD:18,data/curated/english_child_transcripts/Nicholas/download_2026-06-01/TD/18/13JI_18.cha,Nicholas,TD,TD,male,eng,Built from labeled CHAT folder structure.,18.0,127,0.02,1.0,0.0236,2,4,0.0315,0,108,0.0,0,0.0,0,2,0.0157,0,323,199,0.014,0,323,2.5111,0.3932,0.3096,0.4412,106,0.0,0.0,4,0.0,127,112,0.8819,0.0446
Nicholas:14AM_18,Nicholas:TD:18,data/curated/english_child_transcripts/Nicholas/download_2026-06-01/TD/18/14AM_18.cha,Nicholas,TD,TD,female,eng,Built from labeled CHAT folder structure.,18.0,136,0.14,1.01,0.0876,17,15,0.1103,0,98,0.0,0,0.0,0,0,0.0,0,324,180,0.0,0,324,3.3935,0.4198,0.2778,0.3551,100,0.0135,0.0,15,0.0,136,118,0.8676,0.1271
Nicholas:15BG_18,Nicholas:TD:18,data/curated/english_child_transcripts/Nicholas/download_2026-06-01/TD/18/15BG_18.cha,Nicholas,TD,TD,female,eng,Built from labeled CHAT folder structure.,18.0,197,0.82,1.14,0.1721,173,19,0.0964,0,55,0.0,8,0.0406,0,4,0.0203,0,409,286,0.011,0,409,2.8894,0.4817,0.3496,0.3333,130,0.1473,0.0,20,0.0,197,231,1.1726,0.1818
Nicholas:17JH_18,Nicholas:TD:18,data/curated/english_child_transcripts/Nicholas/download_2026-06-01/TD/18/17JH_18.cha,Nicholas,TD,TD,male,eng,Built from labeled CHAT folder structure.,18.0,169,0.16,1.0,0.0651,28,1,0.0059,0,120,0.0,0,0.0,0,4,0.0237,0,553,284,0.015,0,553,4.4183,0.3056,0.2568,0.3418,138,0.0245,0.0,1,0.0,169,149,0.8817,0.0738
Nicholas:19BB_18,Nicholas:TD:18,data/curated/english_child_transcripts/Nicholas/download_2026-06-01/TD/18/19BB_18.cha,Nicholas,TD,TD,male,eng,Built from labeled CHAT folder structure.,18.0,133,0.05,1.0,0.0376,7,6,0.0451,0,103,0.0,0,0.0,0,1,0.0075,0,384,218,0.004,0,384,2.7544,0.3464,0.2839,0.2929,105,0.0386,0.0,6,0.0,133,110,0.8271,0.0455
Nicholas:21MB_18,Nicholas:TD:18,data/curated/english_child_transcripts/Nicholas/download_2026-06-01/TD/18/21MB_18.cha,Nicholas,TD,TD,female,eng,Built from labeled CHAT folder structure.,18.0,177,0.55,1.04,0.2757,102,36,0.2034,0,36,0.0,3,0.0169,0,3,0.0169,0,472,287,0.023,0,472,2.3482,0.375,0.3051,0.4255,80,0.1799,0.0,38,0.0,177,150,0.8475,0.3733
Nicholas:23LH_18,Nicholas:TD:18,data/curated/english_child_transcripts/Nicholas/download_2026-06-01/TD/18/23LH_18.cha,Nicholas,TD,TD,female,eng,Built from labeled CHAT folder structure.,18.0,105,0.09,1.02,0.0748,9,6,0.0571,0,79,0.0,0,0.0,0,0,0.0,0,401,156,0.006,0,401,2.7036,0.2618,0.1945,0.3038,80,0.0417,0.0,6,0.0,105,88,0.8381,0.0909
Nicholas:25CC_18,Nicholas:TD:18,data/curated/english_child_transcripts/Nicholas/download_2026-06-01/TD/18/25CC_18.cha,Nicholas,TD,TD,female,eng,Built from labeled CHAT folder structure.,18.0,195,0.75,1.07,0.1154,133,21,0.1077,0,47,0.0,6,0.0308,0,1,0.0051,0,340,294,0.001,0,340,2.8748,0.5735,0.4324,0.6299,148,0.1118,0.0,21,0.0,195,189,0.9692,0.127
Nicholas:26AC_18,Nicholas:TD:18,data/curated/english_child_transcripts/Nicholas/download_2026-06-01/TD/18/26AC_18.cha,Nicholas,TD,TD,female,eng,Built from labeled CHAT folder structure.,18.0,140,0.65,1.16,0.2934,100,38,0.2714,0,24,0.0,0,0.0,0,3,0.0214,0,414,231,0.023,0,414,4.3466,0.3382,0.2802,0.268,57,0.1278,0.0,38,0.0,140,131,0.9357,0.3664
Nicholas:27MR_18,Nicholas:TD:18,data/curated/english_child_transcripts/Nicholas/download_2026-06-01/TD/18/27MR_18.cha,Nicholas,TD,TD,female,eng,Built from labeled CHAT folder structure.,18.0,151,0.45,1.05,0.1346,56,50,0.3311,0,62,0.0,1,0.0066,0,5,0.0331,0,435,222,0.003,0,435,3.1468,0.3471,0.2552,0.2622,89,0.0308,0.0,52,0.0,151,119,0.7881,0.1765
Nicholas:01DM_22,Nicholas:TD:22,data/curated/english_child_transcripts/Nicholas/download_2026-06-01/TD/22/01DM_22.cha,Nicholas,TD,TD,male,eng,Built from labeled CHAT folder structure.,22.0,125,0.94,1.13,0.3681,124,26,0.208,0,5,0.0,0,0.0,0,26,0.208,0,559,230,0.103,0,559,3.2705,0.2236,0.2057,0.1867,49,0.1679,0.0,29,0.0,125,150,1.2,0.3667
Nicholas:02JW_22,Nicholas:TD:22,data/curated/english_child_transcripts/Nicholas/download_2026-06-01/TD/22/02JW_22.cha,Nicholas,TD,TD,male,eng,Built from labeled CHAT folder structure.,22.0,265,1.57,1.63,0.3057,519,80,0.3019,0,0,0.0,13,0.0491,0,2,0.0075,0,404,423,0.019,0,404,3.2242,0.6559,0.5248,0.7063,98,0.1023,0.0075,96,0.0038,265,539,2.034,0.2597
Nicholas:03PH_22,Nicholas:TD:22,data/curated/english_child_transcripts/Nicholas/download_2026-06-01/TD/22/03PH_22.cha,Nicholas,TD,TD,male,eng,Built from labeled CHAT folder structure.,22.0,54,0.389,1.0,0.2037,21,11,0.2037,0,2,0.0,0,0.0,0,48,0.8889,0,441,106,0.002,0,441,3.3879,0.1224,0.1202,0.1167,11,0.1987,0.0,11,0.0,54,42,0.7778,0.3571
Nicholas:06BB_22,Nicholas:TD:22,data/curated/english_child_transcripts/Nicholas/download_2026-06-01/TD/22/06BB_22.cha,Nicholas,TD,TD,female,eng,Built from labeled CHAT folder structure.,22.0,117,0.76,1.07,0.2581,83,15,0.1282,1,16,0.0,0,0.0,0,10,0.0855,0,637,211,0.094,0,637,3.2944,0.1837,0.1664,0.1909,73,0.2268,0.0,17,0.0,117,113,0.9658,0.2832
Nicholas:07ES_22,Nicholas:TD:22,data/curated/english_child_transcripts/Nicholas/download_2026-06-01/TD/22/07ES_22.cha,Nicholas,TD,TD,male,eng,Built from labeled CHAT folder structure.,22.0,253,0.74,1.03,0.1931,183,69,0.2727,0,0,0.0,2,0.0079,0,12,0.0474,0,492,414,0.066,0,492,2.6899,0.5142,0.4207,0.52,153,0.0894,0.0,84,0.0,253,228,0.9012,0.2193
Nicholas:08SE_22,Nicholas:TD:22,data/curated/english_child_transcripts/Nicholas/download_2026-06-01/TD/22/08SE_22.cha,Nicholas,TD,TD,female,eng,Built from labeled CHAT folder structure.,22.0,153,0.63,1.06,0.3168,91,39,0.2549,0,7,0.0,2,0.0131,0,5,0.0327,0,356,224,0.151,0,356,2.3065,0.4298,0.3146,0.4833,41,0.2117,0.0,41,0.0,153,110,0.719,0.5364
Nicholas:10MF_22,Nicholas:TD:22,data/curated/english_child_transcripts/Nicholas/download_2026-06-01/TD/22/10MF_22.cha,Nicholas,TD,TD,male,eng,Built from labeled CHAT folder structure.,22.0,49,0.49,1.0,0.3265,24,7,0.1429,0,2,0.0,0,0.0,0,32,0.6531,0,599,90,0.394,0,599,3.9043,0.0818,0.0751,0.1036,10,0.1506,0.0,7,0.0,49,35,0.7143,0.4857
Nicholas:11ES_22,Nicholas:TD:22,data/curated/english_child_transcripts/Nicholas/download_2026-06-01/TD/22/11ES_22.cha,Nicholas,TD,TD,female,eng,Built from labeled CHAT folder structure.,22.0,223,0.95,1.1,0.3074,210,25,0.1121,0,6,0.0,3,0.0135,0,15,0.0673,0,452,358,0.047,0,452,2.7052,0.4934,0.396,0.5308,124,0.0661,0.0,29,0.0,223,220,0.9865,0.3545
Nicholas:14AM_22,Nicholas:TD:22,data/curated/english_child_transcripts/Nicholas/download_2026-06-01/TD/22/14AM_22.cha,Nicholas,TD,TD,female,eng,Built from labeled CHAT folder structure.,22.0,171,1.31,1.38,0.3853,195,23,0.1345,0,3,0.0,4,0.0234,0,4,0.0234,0,305,283,0.008,0,305,3.8004,0.5607,0.4656,0.6449,69,0.1319,0.0,24,0.0,171,213,1.2456,0.4178
Nicholas:15BG_22,Nicholas:TD:22,data/curated/english_child_transcripts/Nicholas/download_2026-06-01/TD/22/15BG_22.cha,Nicholas,TD,TD,female,eng,Built from labeled CHAT folder structure.,22.0,233,1.33,1.39,0.3033,312,39,0.1674,0,2,0.0,7,0.03,0,1,0.0043,0,388,328,0.0,0,388,3.0435,0.6005,0.4227,0.5,104,0.057,0.0,43,0.0,233,332,1.4249,0.3223
Nicholas:17JH_22,Nicholas:TD:22,data/curated/english_child_transcripts/Nicholas/download_2026-06-01/TD/22/17JH_22.cha,Nicholas,TD,TD,male,eng,Built from labeled CHAT folder structure.,22.0,234,1.19,1.37,0.2177,260,43,0.1838,1,2,0.0,17,0.0726,0,6,0.0256,0,523,345,0.056,0,523,3.9828,0.4474,0.3308,0.4973,131,0.0564,0.0,51,0.0,234,273,1.1667,0.2418
Nicholas:19BB_22,Nicholas:TD:22,data/curated/english_child_transcripts/Nicholas/download_2026-06-01/TD/22/19BB_22.cha,Nicholas,TD,TD,male,eng,Built from labeled CHAT folder structure.,22.0,167,0.88,1.2,0.1739,155,46,0.2754,4,2,0.0,12,0.0719,0,12,0.0719,0,552,261,0.005,0,552,3.0445,0.3025,0.2373,0.3312,77,0.2656,0.0,57,0.0,167,167,1.0,0.2275
Nicholas:21MB_22,Nicholas:TD:22,data/curated/english_child_transcripts/Nicholas/download_2026-06-01/TD/22/21MB_22.cha,Nicholas,TD,TD,female,eng,Built from labeled CHAT folder structure.,22.0,280,2.13,1.96,0.2943,503,26,0.0929,0,6,0.0,20,0.0714,0,3,0.0107,0,491,386,0.028,0,491,3.0415,0.5703,0.3931,0.5789,108,0.1502,0.0179,26,0.05,280,546,1.95,0.2747
Nicholas:23LH_22,Nicholas:TD:22,data/curated/english_child_transcripts/Nicholas/download_2026-06-01/TD/22/23LH_22.cha,Nicholas,TD,TD,female,eng,Built from labeled CHAT folder structure.,22.0,139,1.15,1.32,0.289,145,44,0.3165,0,1,0.0,9,0.0647,0,1,0.0072,0,423,188,0.003,0,423,3.4431,0.3286,0.2222,0.3561,66,0.1435,0.0,56,0.0,139,173,1.2446,0.3121
Nicholas:25CC_22,Nicholas:TD:22,data/curated/english_child_transcripts/Nicholas/download_2026-06-01/TD/22/25CC_22.cha,Nicholas,TD,TD,female,eng,Built from labeled CHAT folder structure.,22.0,287,1.39,1.51,0.3229,390,39,0.1359,0,1,0.0,18,0.0627,0,2,0.007,0,430,484,0.004,0,430,3.1032,0.6674,0.5628,0.698,135,0.1745,0.0,44,0.0,287,422,1.4704,0.3199
Nicholas:26AC_22,Nicholas:TD:22,data/curated/english_child_transcripts/Nicholas/download_2026-06-01/TD/22/26AC_22.cha,Nicholas,TD,TD,female,eng,Built from labeled CHAT folder structure.,22.0,168,2.05,2.08,0.3133,320,13,0.0774,0,0,0.0,2,0.0119,0,6,0.0357,0,464,310,0.005,0,464,4.8734,0.3621,0.3341,0.5096,82,0.115,0.0,15,0.0179,168,339,2.0179,0.3186
Nicholas:27MR_22,Nicholas:TD:22,data/curated/english_child_transcripts/Nicholas/download_2026-06-01/TD/22/27MR_22.cha,Nicholas,TD,TD,female,eng,Built from labeled CHAT folder structure.,22.0,260,1.43,1.5,0.2029,351,71,0.2731,0,2,0.0,16,0.0615,0,6,0.0231,0,486,390,0.028,0,486,3.0496,0.535,0.4012,0.6154,123,0.0941,0.0,74,0.0038,260,370,1.4231,0.2351
Nicholas:01DM_27,Nicholas:TD:27,data/curated/english_child_transcripts/Nicholas/download_2026-06-01/TD/27/01DM_27.cha,Nicholas,TD,TD,male,eng,Built from labeled CHAT folder structure.,27.0,276,1.35,1.45,0.3143,301,83,0.3007,0,0,0.0,8,0.029,0,9,0.0326,0,507,421,0.003,0,507,2.9106,0.5444,0.4142,0.6597,90,0.1144,0.0,88,0.0,276,320,1.1594,0.3781
Nicholas:02JW_27,Nicholas:TD:27,data/curated/english_child_transcripts/Nicholas/download_2026-06-01/TD/27/02JW_27.cha,Nicholas,TD,TD,male,eng,Built from labeled CHAT folder structure.,27.0,333,3.29,3.13,0.3629,979,26,0.0781,0,5,0.0,14,0.042,1,0,0.0,0,294,395,0.0,1,294,3.9984,1.1327,0.6701,0.814,118,0.0786,0.012,28,0.036,333,1146,3.4414,0.2565
Nicholas:03PH_27,Nicholas:TD:27,data/curated/english_child_transcripts/Nicholas/download_2026-06-01/TD/27/03PH_27.cha,Nicholas,TD,TD,male,eng,Built from labeled CHAT folder structure.,27.0,336,0.43,1.03,0.1714,187,85,0.253,0,50,0.0,4,0.0119,0,1,0.003,0,462,515,0.0,0,462,2.4085,0.7273,0.5584,0.6329,167,0.1055,0.0,86,0.0,336,309,0.9196,0.2039
Nicholas:06BB_27,Nicholas:TD:27,data/curated/english_child_transcripts/Nicholas/download_2026-06-01/TD/27/06BB_27.cha,Nicholas,TD,TD,female,eng,Built from labeled CHAT folder structure.,27.0,509,0.7,1.15,0.2229,419,153,0.3006,0,99,0.0,16,0.0314,0,1,0.002,0,746,838,0.0,0,746,2.5554,0.6823,0.5617,0.6421,211,0.1819,0.0,153,0.0039,509,562,1.1041,0.2402
Nicholas:07ES_27,Nicholas:TD:27,data/curated/english_child_transcripts/Nicholas/download_2026-06-01/TD/27/07ES_27.cha,Nicholas,TD,TD,male,eng,Built from labeled CHAT folder structure.,27.0,365,1.43,1.63,0.24,451,66,0.1808,0,35,0.0,10,0.0274,0,1,0.0027,0,482,560,0.006,0,482,3.0083,0.7573,0.5809,0.7029,176,0.0569,0.0,68,0.0027,365,553,1.5151,0.2405
Nicholas:08SE_27,Nicholas:TD:27,data/curated/english_child_transcripts/Nicholas/download_2026-06-01/TD/27/08SE_27.cha,Nicholas,TD,TD,female,eng,Built from labeled CHAT folder structure.,27.0,292,1.28,1.46,0.2686,378,67,0.2295,0,42,0.0,9,0.0308,0,4,0.0137,0,177,207,0.026,0,177,2.0384,1.6497,0.5876,0.6842,109,0.1671,0.0068,68,0.0103,292,445,1.524,0.2719
Nicholas:10MF_27,Nicholas:TD:27,data/curated/english_child_transcripts/Nicholas/download_2026-06-01/TD/27/10MF_27.cha,Nicholas,TD,TD,male,eng,Built from labeled CHAT folder structure.,27.0,156,0.63,1.2,0.2826,107,44,0.2821,1,19,0.0,4,0.0256,0,2,0.0128,0,558,261,0.007,0,558,3.3543,0.2796,0.2348,0.2672,53,0.1288,0.0,44,0.0,156,160,1.0256,0.3312
Nicholas:11ES_27,Nicholas:TD:27,data/curated/english_child_transcripts/Nicholas/download_2026-06-01/TD/27/11ES_27.cha,Nicholas,TD,TD,female,eng,Built from labeled CHAT folder structure.,27.0,230,2.72,2.57,0.3571,565,9,0.0391,0,9,0.0,4,0.0174,0,4,0.0174,0,374,356,0.06,0,374,3.5232,0.615,0.4759,0.6292,69,0.0542,0.0043,10,0.0174,230,619,2.6913,0.3118
Nicholas:13JI_27,Nicholas:TD:27,data/curated/english_child_transcripts/Nicholas/download_2026-06-01/TD/27/13JI_27.cha,Nicholas,TD,TD,male,eng,Built from labeled CHAT folder structure.,27.0,39,0.205,1.0,0.1538,8,4,0.1026,0,0,0.0,0,0.0,0,0,0.0,0,433,76,0.0,0,433,3.6356,0.0901,0.0878,0.1,3,0.3333,0.0,4,0.0,39,9,0.2308,0.6667
Nicholas:15BG_27,Nicholas:TD:27,data/curated/english_child_transcripts/Nicholas/download_2026-06-01/TD/27/15BG_27.cha,Nicholas,TD,TD,female,eng,Built from labeled CHAT folder structure.,27.0,321,2.34,2.25,0.36,661,41,0.1277,0,19,0.0,13,0.0405,0,5,0.0156,0,410,432,0.002,0,410,3.301,0.7829,0.5268,0.7656,98,0.0729,0.0093,44,0.0561,321,715,2.2274,0.3077
Nicholas:17JH_27,Nicholas:TD:27,data/curated/english_child_transcripts/Nicholas/download_2026-06-01/TD/27/17JH_27.cha,Nicholas,TD,TD,male,eng,Built from labeled CHAT folder structure.,27.0,249,2.14,2.33,0.36,515,24,0.0964,0,29,0.0,13,0.0522,0,6,0.0241,0,456,395,0.079,0,456,4.0199,0.5461,0.4342,0.5327,66,0.0602,0.008,25,0.0241,249,616,2.4739,0.3247
Nicholas:19BB_27,Nicholas:TD:27,data/curated/english_child_transcripts/Nicholas/download_2026-06-01/TD/27/19BB_27.cha,Nicholas,TD,TD,male,eng,Built from labeled CHAT folder structure.,27.0,321,0.68,1.21,0.2257,210,112,0.3489,0,147,0.0,1,0.0031,0,7,0.0218,0,593,523,0.012,0,593,2.9923,0.5413,0.4418,0.6064,196,0.0495,0.0,114,0.0,321,382,1.19,0.2435
Nicholas:21MB_27,Nicholas:TD:27,data/curated/english_child_transcripts/Nicholas/download_2026-06-01/TD/27/21MB_27.cha,Nicholas,TD,TD,female,eng,Built from labeled CHAT folder structure.,27.0,325,3.39,2.97,0.3429,974,9,0.0277,0,11,0.0,5,0.0154,0,0,0.0,0,355,426,0.0,0,355,3.4471,0.9155,0.6,0.6842,88,0.0703,0.0215,9,0.0615,325,1037,3.1908,0.2266
Nicholas:23LH_27,Nicholas:TD:27,data/curated/english_child_transcripts/Nicholas/download_2026-06-01/TD/27/23LH_27.cha,Nicholas,TD,TD,female,eng,Built from labeled CHAT folder structure.,27.0,254,1.25,1.46,0.1886,313,55,0.2165,0,36,0.0,17,0.0669,0,1,0.0039,0,391,340,0.0,0,391,3.1969,0.6496,0.4348,0.5282,139,0.0579,0.0,56,0.0276,254,382,1.5039,0.2251
Nicholas:25CC_27,Nicholas:TD:27,data/curated/english_child_transcripts/Nicholas/download_2026-06-01/TD/27/25CC_27.cha,Nicholas,TD,TD,female,eng,Built from labeled CHAT folder structure.,27.0,335,3.8,3.65,0.2771,1061,57,0.1701,0,6,0.0,14,0.0418,6,1,0.003,0,262,406,0.012,1,262,3.8727,1.2786,0.7748,0.8478,80,0.0614,0.0418,59,0.006,335,1112,3.3194,0.1897
Nicholas:26AC_27,Nicholas:TD:27,data/curated/english_child_transcripts/Nicholas/download_2026-06-01/TD/27/26AC_27.cha,Nicholas,TD,TD,female,eng,Built from labeled CHAT folder structure.,27.0,178,2.33,2.34,0.3886,427,6,0.0337,0,13,0.0,6,0.0337,1,3,0.0169,0,430,296,0.012,0,430,4.1349,0.414,0.3442,0.4744,41,0.0996,0.0112,6,0.0337,178,452,2.5393,0.3673
Nicholas:27MR_27,Nicholas:TD:27,data/curated/english_child_transcripts/Nicholas/download_2026-06-01/TD/27/27MR_27.cha,Nicholas,TD,TD,female,eng,Built from labeled CHAT folder structure.,27.0,281,2.94,2.74,0.3143,690,59,0.21,0,6,0.0,9,0.032,0,2,0.0071,0,435,394,0.011,0,435,3.4665,0.646,0.4529,0.6715,88,0.0741,0.0071,64,0.0427,281,836,2.9751,0.2584
Nicholas:01DM_36,Nicholas:TD:36,data/curated/english_child_transcripts/Nicholas/download_2026-06-01/TD/36/01DM_36.cha,Nicholas,TD,TD,male,eng,Built from labeled CHAT folder structure.,36.0,164,2.08,2.11,0.4571,379,11,0.0671,0,0,0.0,1,0.0061,0,0,0.0,0,352,281,0.001,0,352,3.9496,0.4659,0.3977,0.5727,36,0.1218,0.0,11,0.0305,164,410,2.5,0.4195
Nicholas:02JW_36,Nicholas:TD:36,data/curated/english_child_transcripts/Nicholas/download_2026-06-01/TD/36/02JW_36.cha,Nicholas,TD,TD,male,eng,Built from labeled CHAT folder structure.,36.0,262,2.91,2.83,0.4029,805,8,0.0305,0,25,0.0,5,0.0191,0,0,0.0,0,244,315,0.0,10,244,4.1344,1.0738,0.6475,0.8696,74,0.0628,0.0191,8,0.0954,262,883,3.3702,0.282
Nicholas:03PH_36,Nicholas:TD:36,data/curated/english_child_transcripts/Nicholas/download_2026-06-01/TD/36/03PH_36.cha,Nicholas,TD,TD,male,eng,Built from labeled CHAT folder structure.,36.0,171,1.99,2.06,0.3371,341,30,0.1754,0,0,0.0,0,0.0,0,0,0.0,0,283,298,0.0,1,283,3.4295,0.6042,0.5265,0.7561,69,0.0531,0.0117,31,0.0468,171,371,2.1696,0.3315
Nicholas:06BB_36,Nicholas:TD:36,data/curated/english_child_transcripts/Nicholas/download_2026-06-01/TD/36/06BB_36.cha,Nicholas,TD,TD,female,eng,Built from labeled CHAT folder structure.,36.0,296,2.08,2.0,0.3,521,46,0.1554,0,2,0.0,16,0.0541,0,0,0.0,0,450,469,0.0,0,450,3.1783,0.6578,0.5222,0.6788,130,0.1,0.0135,47,0.0304,296,561,1.8953,0.2602
Nicholas:07ES_36,Nicholas:TD:36,data/curated/english_child_transcripts/Nicholas/download_2026-06-01/TD/36/07ES_36.cha,Nicholas,TD,TD,male,eng,Built from labeled CHAT folder structure.,36.0,210,3.09,2.95,0.2886,509,39,0.1857,0,1,0.0,3,0.0143,0,0,0.0,0,328,316,0.0,3,328,3.658,0.6402,0.4817,0.6875,64,0.0631,0.0048,40,0.0619,210,535,2.5476,0.2804
Nicholas:08SE_36,Nicholas:TD:36,data/curated/english_child_transcripts/Nicholas/download_2026-06-01/TD/36/08SE_36.cha,Nicholas,TD,TD,female,eng,Built from labeled CHAT folder structure.,36.0,114,3.01,2.79,0.3313,321,5,0.0439,0,0,0.0,3,0.0263,0,0,0.0,0,120,136,0.001,0,120,3.735,0.95,0.5667,0.678,21,0.1132,0.0,9,0.0263,114,392,3.4386,0.2781
Nicholas:10MF_36,Nicholas:TD:36,data/curated/english_child_transcripts/Nicholas/download_2026-06-01/TD/36/10MF_36.cha,Nicholas,TD,TD,male,eng,Built from labeled CHAT folder structure.,36.0,86,2.837,2.837,0.3525,218,8,0.093,0,4,0.0,2,0.0233,0,1,0.0116,0,412,138,0.0,0,412,4.008,0.2087,0.1675,0.257,32,0.1056,0.0116,8,0.1512,86,258,3.0,0.3527
Nicholas:11ES_36,Nicholas:TD:36,data/curated/english_child_transcripts/Nicholas/download_2026-06-01/TD/36/11ES_36.cha,Nicholas,TD,TD,female,eng,Built from labeled CHAT folder structure.,36.0,210,3.4,3.29,0.3429,810,7,0.0333,0,1,0.0,3,0.0143,0,0,0.0,0,229,266,0.0,0,229,4.3645,0.917,0.5808,0.8068,54,0.0686,0.0143,7,0.0714,210,927,4.4143,0.2201
Nicholas:13JI_36,Nicholas:TD:36,data/curated/english_child_transcripts/Nicholas/download_2026-06-01/TD/36/13JI_36.cha,Nicholas,TD,TD,male,eng,Built from labeled CHAT folder structure.,36.0,247,1.37,1.51,0.2829,344,79,0.3198,0,0,0.0,3,0.0121,0,2,0.0081,0,296,405,0.001,8,296,3.1602,0.8345,0.6824,0.8485,82,0.1001,0.004,86,0.0,247,372,1.5061,0.3199
Nicholas:14AM_36,Nicholas:TD:36,data/curated/english_child_transcripts/Nicholas/download_2026-06-01/TD/36/14AM_36.cha,Nicholas,TD,TD,female,eng,Built from labeled CHAT folder structure.,36.0,133,2.14,2.04,0.3723,252,8,0.0602,0,8,0.0,3,0.0226,0,0,0.0,0,204,209,0.0,0,204,3.8635,0.652,0.5147,0.7937,47,0.0834,0.0,8,0.0,133,269,2.0226,0.3903
Nicholas:15BG_36,Nicholas:TD:36,data/curated/english_child_transcripts/Nicholas/download_2026-06-01/TD/36/15BG_36.cha,Nicholas,TD,TD,female,eng,Built from labeled CHAT folder structure.,36.0,192,2.91,2.78,0.4257,542,4,0.0208,0,4,0.0,2,0.0104,1,0,0.0,0,297,282,0.001,0,297,4.0204,0.6465,0.4747,0.6379,45,0.0795,0.0156,4,0.0521,192,595,3.099,0.358
Nicholas:17JH_36,Nicholas:TD:36,data/curated/english_child_transcripts/Nicholas/download_2026-06-01/TD/36/17JH_36.cha,Nicholas,TD,TD,male,eng,Built from labeled CHAT folder structure.,36.0,147,2.94,2.83,0.3914,387,4,0.0272,0,10,0.0,0,0.0,1,1,0.0068,0,310,258,0.0,2,310,4.4902,0.4742,0.4161,0.626,60,0.0425,0.0204,5,0.0272,147,413,2.8095,0.3608
Nicholas:19BB_36,Nicholas:TD:36,data/curated/english_child_transcripts/Nicholas/download_2026-06-01/TD/36/19BB_36.cha,Nicholas,TD,TD,male,eng,Built from labeled CHAT folder structure.,36.0,64,4.375,3.984,0.3922,247,5,0.0781,0,2,0.0,0,0.0,0,1,0.0156,0,166,107,0.01,1,166,3.9696,0.3855,0.3253,0.4697,15,0.0695,0.0,5,0.0625,64,271,4.2344,0.4022
Nicholas:21MB_36,Nicholas:TD:36,data/curated/english_child_transcripts/Nicholas/download_2026-06-01/TD/36/21MB_36.cha,Nicholas,TD,TD,female,eng,Built from labeled CHAT folder structure.,36.0,267,2.52,2.42,0.4086,712,8,0.03,1,4,0.0,5,0.0187,0,0,0.0,0,307,372,0.0,0,307,3.6533,0.8697,0.6059,0.8316,82,0.0943,0.015,8,0.0637,267,748,2.8015,0.2968
Nicholas:23LH_36,Nicholas:TD:36,data/curated/english_child_transcripts/Nicholas/download_2026-06-01/TD/36/23LH_36.cha,Nicholas,TD,TD,female,eng,Built from labeled CHAT folder structure.,36.0,194,2.29,2.3,0.2943,437,32,0.1649,0,5,0.0,8,0.0412,0,1,0.0052,0,206,248,0.009,0,206,3.745,0.9417,0.6019,0.7671,65,0.0861,0.0052,33,0.0515,194,464,2.3918,0.347
Nicholas:25CC_36,Nicholas:TD:36,data/curated/english_child_transcripts/Nicholas/download_2026-06-01/TD/36/25CC_36.cha,Nicholas,TD,TD,female,eng,Built from labeled CHAT folder structure.,36.0,222,3.35,3.19,0.38,642,13,0.0586,0,1,0.0,3,0.0135,0,0,0.0,0,226,282,0.0,0,226,3.6652,0.9823,0.6239,0.7778,32,0.0611,0.0315,13,0.0225,222,666,3.0,0.3153
Nicholas:26AC_36,Nicholas:TD:36,data/curated/english_child_transcripts/Nicholas/download_2026-06-01/TD/36/26AC_36.cha,Nicholas,TD,TD,female,eng,Built from labeled CHAT folder structure.,36.0,133,4.11,3.9,0.4114,455,9,0.0677,0,0,0.0,1,0.0075,0,0,0.0,0,227,206,0.0,1,227,4.7222,0.5859,0.4537,0.7126,25,0.1195,0.0075,9,0.0602,133,470,3.5338,0.3872
Nicholas:27MR_36,Nicholas:TD:36,data/curated/english_child_transcripts/Nicholas/download_2026-06-01/TD/36/27MR_36.cha,Nicholas,TD,TD,female,eng,Built from labeled CHAT folder structure.,36.0,252,2.83,2.64,0.3457,805,38,0.1508,0,2,0.0,7,0.0278,0,2,0.0079,0,296,385,0.0,0,296,3.8376,0.8514,0.652,0.7234,54,0.0986,0.004,40,0.0397,252,852,3.381,0.243
QuigleyMcNally:001119,QuigleyMcNally:ASD:Sai,data/curated/english_child_transcripts/QuigleyMcNally/HR/Sai/001119.cha,QuigleyMcNally,ASD,ASD,female,eng,Built from labeled CHAT folder structure.,11.3,5,1.2,1.2,0.6667,6,0,0.0,0,0,0.0,0,0.0,0,0,0.0,0,69,8,0.0,0,69,2.9189,0.0725,0.058,0.0,1,0.0,0.0,0,0.0,5,8,1.6,0.75
QuigleyMcNally:000901,QuigleyMcNally:TD:Nia,data/curated/english_child_transcripts/QuigleyMcNally/LR/Nia/000901.cha,QuigleyMcNally,TD,TD,male,eng,Built from labeled CHAT folder structure.,9.03,1,1.0,1.0,1.0,1,0,0.0,0,0,0.0,0,0.0,0,0,0.0,0,105,2,0.0,0,105,4.0283,0.0095,0.0095,0.0,0,0.25,0.0,0,0.0,1,1,1.0,1.0
Rescorla:kra108,Rescorla:LT:108/0nomedia,data/curated/english_child_transcripts/Rescorla/download_2026-06-01/LT/108/0nomedia/kra108.cha,Rescorla,LT,LT,male,eng,Built from labeled CHAT folder structure.,108.0,69,6.971,6.594,0.3171,455,0,0.0,0,0,0.0145,0,0.0,0,0,0.0,0,0,16,0.0,0,9,6.8462,7.6667,0.8889,1.0,11,0.0336,0.0,0,0.0435,69,479,6.942,0.3006
Rescorla:ly2108,Rescorla:LT:108/0nomedia,data/curated/english_child_transcripts/Rescorla/download_2026-06-01/LT/108/0nomedia/ly2108.cha,Rescorla,LT,LT,male,eng,Built from labeled CHAT folder structure.,108.0,126,9.93,9.66,0.4,1187,1,0.0079,0,0,0.0159,0,0.0,0,0,0.0,0,0,18,0.0,0,10,9.3897,12.6,0.9,1.0,5,0.0494,0.0,1,0.0317,126,1225,9.7222,0.2457
Rescorla:pew108,Rescorla:LT:108/0nomedia,data/curated/english_child_transcripts/Rescorla/download_2026-06-01/LT/108/0nomedia/pew108.cha,Rescorla,LT,LT,male,eng,Built from labeled CHAT folder structure.,108.0,97,5.856,5.732,0.3457,555,4,0.0412,0,0,0.0412,0,0.0,0,0,0.0,0,0,30,0.0,0,16,5.9381,6.0625,0.9375,1.0,3,0.1429,0.0,5,0.0,97,583,6.0103,0.2744
Rescorla:sny108,Rescorla:LT:108/0nomedia,data/curated/english_child_transcripts/Rescorla/download_2026-06-01/LT/108/0nomedia/sny108.cha,Rescorla,LT,LT,male,eng,Built from labeled CHAT folder structure.,108.0,85,9.447,9.153,0.3829,777,0,0.0,0,0,0.0471,0,0.0,0,0,0.0,0,0,14,0.0,0,9,10.2447,9.4444,0.7778,1.0,25,0.0257,0.0,1,0.0118,85,913,10.7412,0.2169
Rescorla:wei108,Rescorla:LT:108/0nomedia,data/curated/english_child_transcripts/Rescorla/download_2026-06-01/LT/108/0nomedia/wei108.cha,Rescorla,LT,LT,male,eng,Built from labeled CHAT folder structure.,108.0,111,8.66,8.53,0.3114,930,0,0.0,0,0,0.0541,0,0.0,1,0,0.0,0,0,38,0.0,0,25,8.1691,4.44,0.76,0.8889,2,0.0771,0.009,0,0.0,111,949,8.5495,0.2023
Rescorla:ale108,Rescorla:LT:108,data/curated/english_child_transcripts/Rescorla/download_2026-06-01/LT/108/ale108.cha,Rescorla,LT,LT,female,eng,Built from labeled CHAT folder structure.,108.0,77,7.753,7.649,0.3029,591,0,0.0,0,0,0.0,0,0.0,0,31,0.4026,0,0,25,2.768,0,19,7.5,4.0526,0.6316,0.625,6,0.0475,0.0,0,0.026,77,620,8.0519,0.229
Rescorla:ban108,Rescorla:LT:108,data/curated/english_child_transcripts/Rescorla/download_2026-06-01/LT/108/ban108.cha,Rescorla,LT,LT,male,eng,Built from labeled CHAT folder structure.,108.0,72,5.736,5.542,0.3171,400,0,0.0,0,0,0.0278,0,0.0,0,27,0.375,0,0,27,16.758,0,30,5.3137,2.4,0.4333,0.3333,9,0.0562,0.0,0,0.0,72,417,5.7917,0.2878
Rescorla:bel108,Rescorla:LT:108,data/curated/english_child_transcripts/Rescorla/download_2026-06-01/LT/108/bel108.cha,Rescorla,LT,LT,male,eng,Built from labeled CHAT folder structure.,108.0,112,6.51,6.37,0.3543,698,0,0.0,0,0,0.0,0,0.0,0,40,0.3571,0,0,35,2.237,0,27,5.9928,4.1481,0.6296,0.8182,13,0.0544,0.0,0,0.0179,112,711,6.3482,0.2447
Rescorla:ben108,Rescorla:LT:108,data/curated/english_child_transcripts/Rescorla/download_2026-06-01/LT/108/ben108.cha,Rescorla,LT,LT,male,eng,Built from labeled CHAT folder structure.,108.0,115,6.71,6.2,0.3743,727,0,0.0,0,0,0.0,0,0.0,0,36,0.313,0,0,18,2.288,0,9,6.4758,12.7778,1.0,1.0,14,0.0553,0.0,0,0.0348,115,738,6.4174,0.2602
Rescorla:bic108,Rescorla:LT:108,data/curated/english_child_transcripts/Rescorla/download_2026-06-01/LT/108/bic108.cha,Rescorla,LT,LT,male,eng,Built from labeled CHAT folder structure.,108.0,110,7.93,7.47,0.44,836,1,0.0091,0,0,0.0091,1,0.0091,0,18,0.1636,0,0,46,1.326,0,28,7.5072,3.9286,0.8214,0.9,18,0.0509,0.0091,1,0.0818,110,901,8.1909,0.2708
Rescorla:bre108,Rescorla:LT:108,data/curated/english_child_transcripts/Rescorla/download_2026-06-01/LT/108/bre108.cha,Rescorla,LT,LT,male,eng,Built from labeled CHAT folder structure.,108.0,94,6.181,6.011,0.3314,566,0,0.0,0,0,0.0,0,0.0,0,28,0.2979,0,0,48,1.79,0,54,5.3649,1.7407,0.4444,0.4615,2,0.0804,0.0,0,0.0106,94,595,6.3298,0.2723
Rescorla:chi108,Rescorla:LT:108,data/curated/english_child_transcripts/Rescorla/download_2026-06-01/LT/108/chi108.cha,Rescorla,LT,LT,male,eng,Built from labeled CHAT folder structure.,108.0,92,7.109,7.022,0.3286,646,0,0.0,0,0,0.0,0,0.0,0,33,0.3587,0,0,20,3.627,0,21,6.8584,4.381,0.4762,0.5714,9,0.0323,0.0,0,0.0217,92,672,7.3043,0.2396
Rescorla:dou108,Rescorla:LT:108,data/curated/english_child_transcripts/Rescorla/download_2026-06-01/LT/108/dou108.cha,Rescorla,LT,LT,male,eng,Built from labeled CHAT folder structure.,108.0,116,7.23,6.84,0.3714,784,0,0.0,0,0,0.0,0,0.0,0,15,0.1293,0,0,17,0.739,0,12,6.5391,9.6667,0.6667,1.0,2,0.0411,0.0,0,0.0345,116,793,6.8362,0.2421
Rescorla:fag108,Rescorla:LT:108,data/curated/english_child_transcripts/Rescorla/download_2026-06-01/LT/108/fag108.cha,Rescorla,LT,LT,male,eng,Built from labeled CHAT folder structure.,108.0,82,6.707,6.463,0.38,530,0,0.0,0,0,0.0,0,0.0,0,25,0.3049,0,0,30,25.814,1,22,6.2981,3.7273,0.6818,0.7333,1,0.0444,0.0488,0,0.0488,82,538,6.561,0.3457
Rescorla:gra108,Rescorla:LT:108,data/curated/english_child_transcripts/Rescorla/download_2026-06-01/LT/108/gra108.cha,Rescorla,LT,LT,male,eng,Built from labeled CHAT folder structure.,108.0,74,5.514,5.392,0.3543,398,0,0.0,0,0,0.0,0,0.0,0,26,0.3514,0,0,38,3.129,0,32,5.3396,2.3125,0.5938,0.8182,2,0.086,0.0,1,0.0,74,420,5.6757,0.3143
Rescorla:ken108,Rescorla:LT:108,data/curated/english_child_transcripts/Rescorla/download_2026-06-01/LT/108/ken108.cha,Rescorla,LT,LT,male,eng,Built from labeled CHAT folder structure.,108.0,115,7.75,7.23,0.3829,815,0,0.0,0,0,0.0,0,0.0,0,40,0.3478,0,0,33,27.228,0,27,6.6831,4.2593,0.5926,0.8571,10,0.0698,0.0,0,0.0087,115,852,7.4087,0.2535
Rescorla:kil108,Rescorla:LT:108,data/curated/english_child_transcripts/Rescorla/download_2026-06-01/LT/108/kil108.cha,Rescorla,LT,LT,male,eng,Built from labeled CHAT folder structure.,108.0,109,8.51,8.22,0.3514,885,0,0.0,0,0,0.0092,0,0.0,0,22,0.2018,0,0,14,3.335,0,7,8.6897,15.5714,1.0,1.0,9,0.0464,0.0,0,0.0,109,954,8.7523,0.2075
Rescorla:kol108,Rescorla:LT:108,data/curated/english_child_transcripts/Rescorla/download_2026-06-01/LT/108/kol108.cha,Rescorla,LT,LT,male,eng,Built from labeled CHAT folder structure.,108.0,125,9.05,8.84,0.3257,1059,1,0.008,0,0,0.0,0,0.0,0,56,0.448,0,0,29,22.605,0,17,8.3451,7.3529,0.8235,0.75,8,0.0439,0.0,1,0.0,125,1112,8.896,0.2266
Rescorla:lew108,Rescorla:LT:108,data/curated/english_child_transcripts/Rescorla/download_2026-06-01/LT/108/lew108.cha,Rescorla,LT,LT,male,eng,Built from labeled CHAT folder structure.,108.0,104,7.07,6.86,0.3229,708,0,0.0,0,0,0.0,0,0.0,0,26,0.25,0,0,51,22.518,0,41,6.5862,2.5366,0.6098,0.5714,10,0.0655,0.0,1,0.0192,104,744,7.1538,0.2608
Rescorla:ly1108,Rescorla:LT:108,data/curated/english_child_transcripts/Rescorla/download_2026-06-01/LT/108/ly1108.cha,Rescorla,LT,LT,male,eng,Built from labeled CHAT folder structure.,108.0,112,8.65,8.18,0.3743,890,1,0.0089,0,0,0.0,0,0.0,0,25,0.2232,0,0,10,0.448,0,6,8.4322,18.6667,0.8333,1.0,13,0.044,0.0,1,0.0268,112,951,8.4911,0.2282
Rescorla:mar108,Rescorla:LT:108,data/curated/english_child_transcripts/Rescorla/download_2026-06-01/LT/108/mar108.cha,Rescorla,LT,LT,male,eng,Built from labeled CHAT folder structure.,108.0,107,9.85,9.62,0.3657,1036,1,0.0093,0,0,0.0,0,0.0,0,27,0.2523,0,0,13,1.734,0,8,9.8609,13.375,0.75,1.0,5,0.0303,0.0,1,0.0,107,1078,10.0748,0.2421
Rescorla:mcb108,Rescorla:LT:108,data/curated/english_child_transcripts/Rescorla/download_2026-06-01/LT/108/mcb108.cha,Rescorla,LT,LT,male,eng,Built from labeled CHAT folder structure.,108.0,92,9.902,9.728,0.3543,895,0,0.0,0,0,0.0,0,0.0,0,32,0.3478,0,0,8,1.85,0,4,10.0521,23.0,1.0,1.0,5,0.0638,0.0,0,0.0109,92,939,10.2065,0.229
Rescorla:mcg108,Rescorla:LT:108,data/curated/english_child_transcripts/Rescorla/download_2026-06-01/LT/108/mcg108.cha,Rescorla,LT,LT,male,eng,Built from labeled CHAT folder structure.,108.0,94,7.755,7.628,0.3114,717,0,0.0,0,0,0.0,0,0.0,0,65,0.6915,0,0,18,57.713,0,11,7.9143,8.5455,0.8182,0.8889,15,0.0671,0.0,0,0.0,94,755,8.0319,0.2344
Rescorla:mel108,Rescorla:LT:108,data/curated/english_child_transcripts/Rescorla/download_2026-06-01/LT/108/mel108.cha,Rescorla,LT,LT,male,eng,Built from labeled CHAT folder structure.,108.0,41,7.098,6.878,0.3582,282,0,0.0,0,0,0.0,0,0.0,0,8,0.1951,0,0,3,0.0,0,2,7.7907,20.5,0.5,0.0,5,0.01,0.0,0,0.0,41,326,7.9512,0.316
Rescorla:pao108,Rescorla:LT:108,data/curated/english_child_transcripts/Rescorla/download_2026-06-01/LT/108/pao108.cha,Rescorla,LT,LT,male,eng,Built from labeled CHAT folder structure.,108.0,102,7.19,6.98,0.3486,708,5,0.049,0,0,0.0,0,0.0,0,39,0.3824,0,0,28,2.248,0,17,7.1429,6.0,0.8235,1.0,5,0.0386,0.0,5,0.0882,102,742,7.2745,0.2588
Rescorla:peq108,Rescorla:LT:108,data/curated/english_child_transcripts/Rescorla/download_2026-06-01/LT/108/peq108.cha,Rescorla,LT,LT,male,eng,Built from labeled CHAT folder structure.,108.0,87,7.759,7.586,0.38,660,3,0.0345,0,0,0.0,0,0.0,0,38,0.4368,0,0,30,8.685,0,16,7.4563,5.4375,0.9375,1.0,3,0.0575,0.0,3,0.0,87,679,7.8046,0.2666
Rescorla:phi108,Rescorla:LT:108,data/curated/english_child_transcripts/Rescorla/download_2026-06-01/LT/108/phi108.cha,Rescorla,LT,LT,male,eng,Built from labeled CHAT folder structure.,108.0,79,7.253,7.025,0.3029,555,0,0.0,0,0,0.0,0,0.0,0,37,0.4684,0,0,13,1.083,0,8,7.2989,9.875,0.75,0.75,5,0.0382,0.0,0,0.0,79,578,7.3165,0.2509
Rescorla:rob108,Rescorla:LT:108,data/curated/english_child_transcripts/Rescorla/download_2026-06-01/LT/108/rob108.cha,Rescorla,LT,LT,male,eng,Built from labeled CHAT folder structure.,108.0,82,7.122,6.915,0.3743,567,3,0.0366,0,0,0.0,0,0.0,0,28,0.3415,0,0,25,0.776,0,20,6.7353,4.1,0.6,0.75,1,0.0214,0.0,3,0.0122,82,584,7.122,0.2962
Rescorla:ros108,Rescorla:LT:108,data/curated/english_child_transcripts/Rescorla/download_2026-06-01/LT/108/ros108.cha,Rescorla,LT,LT,male,eng,Built from labeled CHAT folder structure.,108.0,117,8.66,8.29,0.3743,949,0,0.0,0,0,0.0,0,0.0,0,43,0.3675,0,0,16,2.493,0,9,8.6111,13.0,0.8889,1.0,12,0.0559,0.0,0,0.0256,117,1029,8.7949,0.2138
Rescorla:son108,Rescorla:LT:108,data/curated/english_child_transcripts/Rescorla/download_2026-06-01/LT/108/son108.cha,Rescorla,LT,LT,male,eng,Built from labeled CHAT folder structure.,108.0,38,4.395,4.263,0.4012,162,0,0.0,0,0,0.0263,0,0.0,0,17,0.4474,0,0,34,4.898,0,29,4.6418,1.3103,0.5862,0.7143,1,0.0566,0.0,0,0.0,38,171,4.5,0.3801
Rescorla:spi108,Rescorla:LT:108,data/curated/english_child_transcripts/Rescorla/download_2026-06-01/LT/108/spi108.cha,Rescorla,LT,LT,male,eng,Built from labeled CHAT folder structure.,108.0,119,9.42,9.27,0.32,1080,0,0.0,0,0,0.0,0,0.0,0,36,0.3025,0,0,15,2.686,0,8,9.1811,14.875,0.875,1.0,14,0.0646,0.0,0,0.0504,119,1114,9.3613,0.1831
Rescorla:sul108,Rescorla:LT:108,data/curated/english_child_transcripts/Rescorla/download_2026-06-01/LT/108/sul108.cha,Rescorla,LT,LT,male,eng,Built from labeled CHAT folder structure.,108.0,65,7.338,7.323,0.2686,475,0,0.0,0,0,0.0,0,0.0,0,30,0.4615,0,0,11,1.013,0,8,8.2055,8.125,0.625,0.8,11,0.0064,0.0,1,0.0154,65,564,8.6769,0.2145
Rescorla:ale156,Rescorla:LT:156,data/curated/english_child_transcripts/Rescorla/download_2026-06-01/LT/156/ale156.cha,Rescorla,LT,LT,,eng,Built from labeled CHAT folder structure.,,729,3.22,3.02,0.4829,3002,0,0.0,0,0,0.0,5,0.0069,1,390,0.535,1477,0,763,2.509,4,1477,4.1296,0.4936,0.258,0.0,245,0.1913,0.0082,0,0.0,729,3039,4.1687,0.3001
Rescorla:ban156,Rescorla:LT:156,data/curated/english_child_transcripts/Rescorla/download_2026-06-01/LT/156/ban156.cha,Rescorla,LT,LT,,eng,Built from labeled CHAT folder structure.,,668,4.37,4.22,0.5286,2969,0,0.0,0,0,0.0,13,0.0195,0,386,0.5778,1133,0,759,5.107,6,1133,4.628,0.5896,0.3354,0.0,236,0.1855,0.012,0,0.0,668,3015,4.5135,0.3201
Rescorla:ben156,Rescorla:LT:156,data/curated/english_child_transcripts/Rescorla/download_2026-06-01/LT/156/ben156.cha,Rescorla,LT,LT,,eng,Built from labeled CHAT folder structure.,,748,3.28,3.1,0.4829,3225,0,0.0,0,0,0.0,23,0.0307,0,325,0.4345,1047,0,617,6.241,3,1047,4.7097,0.7144,0.2942,0.0,248,0.2044,0.004,0,0.0,748,3285,4.3917,0.3008
Rescorla:bic156,Rescorla:LT:156,data/curated/english_child_transcripts/Rescorla/download_2026-06-01/LT/156/bic156.cha,Rescorla,LT,LT,,eng,Built from labeled CHAT folder structure.,,1628,6.42,6.08,0.4086,8942,0,0.0,0,0,0.0,29,0.0178,1,267,0.164,1554,0,1054,1.863,7,1554,4.9629,1.0476,0.3391,0.0,587,0.1621,0.0203,0,0.0,1628,9209,5.6566,0.162
Rescorla:bil156,Rescorla:LT:156,data/curated/english_child_transcripts/Rescorla/download_2026-06-01/LT/156/bil156.cha,Rescorla,LT,LT,,eng,Built from labeled CHAT folder structure.,,404,2.4,2.36,0.4114,1994,0,0.0,0,0,0.0,8,0.0198,2,234,0.5792,804,0,391,4.293,3,804,5.4793,0.5025,0.2438,0.0,124,0.2265,0.0124,0,0.0,404,2029,5.0223,0.3401
Rescorla:bre156,Rescorla:LT:156,data/curated/english_child_transcripts/Rescorla/download_2026-06-01/LT/156/bre156.cha,Rescorla,LT,LT,,eng,Built from labeled CHAT folder structure.,,893,4.34,4.18,0.4286,3954,0,0.0,0,0,0.0,15,0.0168,0,393,0.4401,1529,0,855,3.141,4,1529,4.4979,0.584,0.2799,0.0,285,0.2181,0.0067,0,0.0,893,4056,4.542,0.2589
Rescorla:chi156,Rescorla:LT:156,data/curated/english_child_transcripts/Rescorla/download_2026-06-01/LT/156/chi156.cha,Rescorla,LT,LT,,eng,Built from labeled CHAT folder structure.,,1198,3.86,3.71,0.5086,5494,0,0.0,0,0,0.0,16,0.0134,3,459,0.3831,1816,0,1004,1.504,4,1816,4.419,0.6597,0.2764,0.0,380,0.1798,0.0083,0,0.0,1198,5642,4.7095,0.221
Rescorla:gra156,Rescorla:LT:156,data/curated/english_child_transcripts/Rescorla/download_2026-06-01/LT/156/gra156.cha,Rescorla,LT,LT,,eng,Built from labeled CHAT folder structure.,,416,2.52,2.5,0.52,1981,0,0.0,0,0,0.0,18,0.0433,0,380,0.9135,1308,0,500,4.991,4,1308,4.8202,0.318,0.1911,0.0,85,0.2508,0.0024,0,0.0,416,2031,4.8822,0.3939
Rescorla:ken156,Rescorla:LT:156,data/curated/english_child_transcripts/Rescorla/download_2026-06-01/LT/156/ken156.cha,Rescorla,LT,LT,,eng,Built from labeled CHAT folder structure.,,637,2.2,2.1,0.5257,2358,0,0.0,0,0,0.0,10,0.0157,1,406,0.6374,1279,0,594,5.22,2,1279,4.3356,0.498,0.2322,0.0,225,0.2393,0.0047,0,0.0,637,2420,3.7991,0.2946
Rescorla:kol156,Rescorla:LT:156,data/curated/english_child_transcripts/Rescorla/download_2026-06-01/LT/156/kol156.cha,Rescorla,LT,LT,,eng,Built from labeled CHAT folder structure.,,526,3.56,3.49,0.5429,2378,0,0.0,0,0,0.0,6,0.0114,0,330,0.6274,1045,0,537,5.381,5,1045,4.571,0.5033,0.2574,0.0,168,0.1662,0.0019,0,0.0,526,2409,4.5798,0.3474
Rescorla:kra156,Rescorla:LT:156,data/curated/english_child_transcripts/Rescorla/download_2026-06-01/LT/156/kra156.cha,Rescorla,LT,LT,,eng,Built from labeled CHAT folder structure.,,966,3.04,2.89,0.4971,4210,0,0.0,0,0,0.0,14,0.0145,0,347,0.3592,1483,0,752,3.882,6,1483,4.4581,0.6514,0.2535,0.0,340,0.2125,0.0031,0,0.0,966,4309,4.4607,0.2639
Rescorla:lew156,Rescorla:LT:156,data/curated/english_child_transcripts/Rescorla/download_2026-06-01/LT/156/lew156.cha,Rescorla,LT,LT,,eng,Built from labeled CHAT folder structure.,,683,2.83,2.7,0.4486,2894,0,0.0,0,0,0.0,10,0.0146,1,338,0.4949,1422,0,702,3.923,9,1422,4.3648,0.4803,0.2468,0.0,211,0.1769,0.0205,0,0.0,683,2965,4.3411,0.3241
Rescorla:mar156,Rescorla:LT:156,data/curated/english_child_transcripts/Rescorla/download_2026-06-01/LT/156/mar156.cha,Rescorla,LT,LT,,eng,Built from labeled CHAT folder structure.,,1071,4.11,3.92,0.5257,4691,0,0.0,0,0,0.0,18,0.0168,0,480,0.4482,1688,0,810,1.392,9,1688,4.3802,0.6345,0.2399,0.0,373,0.161,0.0056,0,0.0,1071,4752,4.437,0.2633
Rescorla:mcg156,Rescorla:LT:156,data/curated/english_child_transcripts/Rescorla/download_2026-06-01/LT/156/mcg156.cha,Rescorla,LT,LT,,eng,Built from labeled CHAT folder structure.,,554,2.32,2.22,0.4457,2328,0,0.0,0,0,0.0,15,0.0271,0,285,0.5144,1281,0,543,9.464,3,1281,4.4267,0.4325,0.2123,0.0,161,0.2706,0.0036,0,0.0,554,2366,4.2708,0.347
Rescorla:pao156,Rescorla:LT:156,data/curated/english_child_transcripts/Rescorla/download_2026-06-01/LT/156/pao156.cha,Rescorla,LT,LT,,eng,Built from labeled CHAT folder structure.,,635,3.38,3.2,0.58,3176,0,0.0,0,0,0.0,5,0.0079,1,347,0.5465,1234,0,699,2.75,3,1234,4.6726,0.5146,0.2828,0.0,147,0.2129,0.0094,0,0.0,635,3219,5.0693,0.3265
Rescorla:peq156,Rescorla:LT:156,data/curated/english_child_transcripts/Rescorla/download_2026-06-01/LT/156/peq156.cha,Rescorla,LT,LT,,eng,Built from labeled CHAT folder structure.,,657,3.26,3.11,0.52,2263,0,0.0,0,0,0.0,4,0.0061,0,348,0.5297,1118,0,656,6.26,8,1118,4.5234,0.5877,0.2934,0.0,283,0.2289,0.003,0,0.0,657,2302,3.5038,0.3206
Rescorla:phi156,Rescorla:LT:156,data/curated/english_child_transcripts/Rescorla/download_2026-06-01/LT/156/phi156.cha,Rescorla,LT,LT,,eng,Built from labeled CHAT folder structure.,,594,2.86,2.73,0.5171,2357,0,0.0,0,0,0.0,11,0.0185,0,527,0.8872,1179,0,671,3.063,3,1179,4.4602,0.5038,0.285,0.0,242,0.1384,0.0017,0,0.0,594,2423,4.0791,0.3347
Rescorla:rob156,Rescorla:LT:156,data/curated/english_child_transcripts/Rescorla/download_2026-06-01/LT/156/rob156.cha,Rescorla,LT,LT,,eng,Built from labeled CHAT folder structure.,,730,4.36,4.16,0.5171,3206,0,0.0,0,0,0.0,13,0.0178,1,402,0.5507,1688,0,768,2.164,4,1688,4.8242,0.4325,0.2275,0.0,233,0.1879,0.0068,0,0.0,730,3239,4.437,0.3168
Rescorla:ros156,Rescorla:LT:156,data/curated/english_child_transcripts/Rescorla/download_2026-06-01/LT/156/ros156.cha,Rescorla,LT,LT,,eng,Built from labeled CHAT folder structure.,,627,3.99,3.85,0.4857,3138,0,0.0,0,0,0.0,10,0.0159,1,476,0.7592,1488,0,615,2.702,4,1488,4.6288,0.4214,0.207,0.0,207,0.1527,0.0032,0,0.0,627,3207,5.1148,0.3162
Rescorla:son156,Rescorla:LT:156,data/curated/english_child_transcripts/Rescorla/download_2026-06-01/LT/156/son156.cha,Rescorla,LT,LT,,eng,Built from labeled CHAT folder structure.,,1034,3.3,3.13,0.3486,3694,0,0.0,0,0,0.0,31,0.03,0,431,0.4168,2282,0,1029,1.738,10,2282,3.9714,0.4531,0.2252,0.0,380,0.1795,0.0029,0,0.0,1034,3751,3.6277,0.2597
Rescorla:spi156,Rescorla:LT:156,data/curated/english_child_transcripts/Rescorla/download_2026-06-01/LT/156/spi156.cha,Rescorla,LT,LT,,eng,Built from labeled CHAT folder structure.,,667,3.73,3.49,0.4629,2727,0,0.0,0,0,0.0,26,0.039,0,388,0.5817,1362,0,759,3.579,2,1362,4.5481,0.4897,0.279,0.0,258,0.2538,0.0075,0,0.0,667,2772,4.1559,0.329
Rescorla:ly236,Rescorla:LT:36/0nomedia,data/curated/english_child_transcripts/Rescorla/download_2026-06-01/LT/36/0nomedia/ly236.cha,Rescorla,LT,LT,,eng,Built from labeled CHAT folder structure.,,187,0.64,1.06,0.3251,131,32,0.1711,39,0,0.0107,0,0.0,0,0,0.0,5,267,346,0.0,1,272,2.6972,0.6875,0.625,0.8322,56,0.0668,0.0,32,0.0,187,137,0.7326,0.4745
Rescorla:peq36,Rescorla:LT:36/0nomedia,data/curated/english_child_transcripts/Rescorla/download_2026-06-01/LT/36/0nomedia/peq36.cha,Rescorla,LT,LT,male,eng,Built from labeled CHAT folder structure.,,150,1.87,2.07,0.3478,288,0,0.0,34,0,0.0467,1,0.0067,1,0,0.0,0,240,277,0.0,0,242,3.8495,0.6198,0.5661,0.8145,40,0.0698,0.0067,0,0.0,150,341,2.2733,0.3519
Rescorla:pew36,Rescorla:LT:36/0nomedia,data/curated/english_child_transcripts/Rescorla/download_2026-06-01/LT/36/0nomedia/pew36.cha,Rescorla,LT,LT,,eng,Built from labeled CHAT folder structure.,,148,1.65,1.77,0.3491,262,4,0.027,9,0,0.0946,7,0.0473,0,0,0.0,2,144,194,0.0,1,146,3.119,1.0137,0.6575,0.8537,41,0.0918,0.0,4,0.0,148,289,1.9527,0.3564
Rescorla:ros36,Rescorla:LT:36/0nomedia,data/curated/english_child_transcripts/Rescorla/download_2026-06-01/LT/36/0nomedia/ros36.cha,Rescorla,LT,LT,male,eng,Built from labeled CHAT folder structure.,36.0,175,2.04,2.13,0.3743,336,15,0.0857,3,0,0.1029,5,0.0286,4,0,0.0,10,203,252,0.0,3,213,3.6804,0.8216,0.5587,0.8119,46,0.0616,0.0229,15,0.0171,175,368,2.1029,0.3995
Rescorla:ale36,Rescorla:LT:36,data/curated/english_child_transcripts/Rescorla/download_2026-06-01/LT/36/ale36.cha,Rescorla,LT,LT,female,eng,Built from labeled CHAT folder structure.,36.0,166,2.19,2.2,0.3914,344,1,0.006,4,0,0.0241,8,0.0482,0,52,0.3133,0,187,173,1.541,0,187,3.6091,0.8877,0.4652,0.5513,58,0.0713,0.0,1,0.0,166,393,2.3675,0.3893
Rescorla:ban36,Rescorla:LT:36,data/curated/english_child_transcripts/Rescorla/download_2026-06-01/LT/36/ban36.cha,Rescorla,LT,LT,male,eng,Built from labeled CHAT folder structure.,36.0,195,2.97,2.96,0.2886,590,18,0.0923,17,0,0.0256,4,0.0205,0,15,0.0769,9,245,226,2.901,0,254,4.4232,0.7677,0.4252,0.5612,57,0.055,0.0256,19,0.0,195,773,3.9641,0.2303
Rescorla:bel36,Rescorla:LT:36,data/curated/english_child_transcripts/Rescorla/download_2026-06-01/LT/36/bel36.cha,Rescorla,LT,LT,male,eng,Built from labeled CHAT folder structure.,36.0,183,1.8,1.97,0.28,343,10,0.0546,22,0,0.0546,5,0.0273,0,80,0.4372,6,322,219,1.706,0,328,3.546,0.5579,0.3232,0.3365,76,0.1169,0.0055,10,0.0,183,371,2.0273,0.3235
Rescorla:ben36,Rescorla:LT:36,data/curated/english_child_transcripts/Rescorla/download_2026-06-01/LT/36/ben36.cha,Rescorla,LT,LT,male,eng,Built from labeled CHAT folder structure.,36.0,324,1.11,1.44,0.2686,330,4,0.0123,146,0,0.0062,13,0.0401,0,33,0.1019,23,587,493,1.012,0,610,3.439,0.5311,0.3836,0.5243,62,0.0991,0.0,4,0.0,324,361,1.1142,0.3546
Rescorla:bil36,Rescorla:LT:36,data/curated/english_child_transcripts/Rescorla/download_2026-06-01/LT/36/bil36.cha,Rescorla,LT,LT,male,eng,Built from labeled CHAT folder structure.,36.0,198,1.86,2.16,0.3,307,5,0.0253,71,0,0.0455,4,0.0202,2,32,0.1616,2,377,303,4.488,0,379,3.4645,0.5224,0.3984,0.5912,35,0.1254,0.0101,5,0.0,198,360,1.8182,0.3694
Rescorla:bry36,Rescorla:LT:36,data/curated/english_child_transcripts/Rescorla/download_2026-06-01/LT/36/bry36.cha,Rescorla,LT,LT,male,eng,Built from labeled CHAT folder structure.,36.0,169,1.87,1.89,0.3723,311,5,0.0296,7,0,0.0178,7,0.0414,0,81,0.4793,1,198,167,4.835,1,199,2.6685,0.8492,0.4171,0.3095,73,0.1984,0.0,5,0.0,169,336,1.9882,0.3869
Rescorla:car36,Rescorla:LT:36,data/curated/english_child_transcripts/Rescorla/download_2026-06-01/LT/36/car36.cha,Rescorla,LT,LT,male,eng,Built from labeled CHAT folder structure.,36.0,156,2.11,2.15,0.3374,307,8,0.0513,10,0,0.0064,6,0.0385,0,45,0.2885,0,202,210,8.341,0,216,3.1532,0.7222,0.4537,0.4959,40,0.152,0.0192,8,0.0,156,381,2.4423,0.3255
Rescorla:chi36,Rescorla:LT:36,data/curated/english_child_transcripts/Rescorla/download_2026-06-01/LT/36/chi36.cha,Rescorla,LT,LT,male,eng,Built from labeled CHAT folder structure.,36.0,328,1.0,1.31,0.2714,341,31,0.0945,74,1,0.0488,8,0.0244,0,137,0.4177,0,521,294,2.107,0,521,2.6879,0.6296,0.2821,0.3,124,0.1119,0.0,31,0.0,328,352,1.0732,0.3551
Rescorla:dou36,Rescorla:LT:36,data/curated/english_child_transcripts/Rescorla/download_2026-06-01/LT/36/dou36.cha,Rescorla,LT,LT,male,eng,Built from labeled CHAT folder structure.,36.0,211,1.18,1.47,0.2515,281,8,0.0379,47,0,0.0,16,0.0758,2,59,0.2796,19,255,285,1.16,0,274,2.7691,0.7701,0.4818,0.5741,82,0.1115,0.0095,8,0.0,211,306,1.4502,0.3072
Rescorla:fag36,Rescorla:LT:36,data/curated/english_child_transcripts/Rescorla/download_2026-06-01/LT/36/fag36.cha,Rescorla,LT,LT,male,eng,Built from labeled CHAT folder structure.,36.0,165,1.25,1.45,0.3004,214,2,0.0121,36,0,0.0545,1,0.0061,0,39,0.2364,9,272,244,6.096,0,281,3.2085,0.5872,0.4164,0.5714,58,0.0614,0.0061,2,0.0,165,232,1.4061,0.3448
Rescorla:kil36,Rescorla:LT:36,data/curated/english_child_transcripts/Rescorla/download_2026-06-01/LT/36/kil36.cha,Rescorla,LT,LT,,eng,Built from labeled CHAT folder structure.,,211,1.0,1.23,0.3571,215,14,0.0664,38,0,0.0,3,0.0142,0,43,0.2038,0,279,191,3.904,0,279,2.7265,0.7563,0.3441,0.4286,78,0.0624,0.0,14,0.0,211,222,1.0521,0.4505
Rescorla:kin36,Rescorla:LT:36,data/curated/english_child_transcripts/Rescorla/download_2026-06-01/LT/36/kin36.cha,Rescorla,LT,LT,female,eng,Built from labeled CHAT folder structure.,36.0,150,2.35,2.22,0.3425,319,6,0.04,2,0,0.0333,5,0.0333,0,42,0.28,0,181,189,2.93,0,181,2.9637,0.8287,0.5249,0.5851,55,0.0682,0.0,6,0.0,150,341,2.2733,0.349
Rescorla:kol36,Rescorla:LT:36,data/curated/english_child_transcripts/Rescorla/download_2026-06-01/LT/36/kol36.cha,Rescorla,LT,LT,,eng,Built from labeled CHAT folder structure.,,255,1.43,1.57,0.2171,383,17,0.0667,10,0,0.0078,3,0.0118,0,89,0.349,5,238,285,2.788,0,243,2.3153,1.0494,0.5802,0.6286,122,0.1104,0.0,17,0.0,255,412,1.6157,0.2209
Rescorla:kra36,Rescorla:LT:36,data/curated/english_child_transcripts/Rescorla/download_2026-06-01/LT/36/kra36.cha,Rescorla,LT,LT,male,eng,Built from labeled CHAT folder structure.,36.0,154,1.53,1.66,0.3684,248,14,0.0909,6,0,0.013,9,0.0584,0,21,0.1364,0,235,171,0.769,0,235,3.0463,0.6553,0.366,0.396,36,0.1064,0.0,14,0.0,154,267,1.7338,0.3933
Rescorla:ly136,Rescorla:LT:36,data/curated/english_child_transcripts/Rescorla/download_2026-06-01/LT/36/ly136.cha,Rescorla,LT,LT,,eng,Built from labeled CHAT folder structure.,,201,0.71,1.07,0.2545,164,5,0.0249,56,0,0.005,0,0.0,2,97,0.4826,5,344,229,12.097,0,349,2.8636,0.5759,0.3209,0.3591,81,0.1004,0.01,5,0.0,201,166,0.8259,0.3434
Rescorla:mcb36,Rescorla:LT:36,data/curated/english_child_transcripts/Rescorla/download_2026-06-01/LT/36/mcb36.cha,Rescorla,LT,LT,male,eng,Built from labeled CHAT folder structure.,36.0,140,2.99,2.66,0.3686,363,3,0.0214,8,0,0.1357,2,0.0143,0,12,0.0857,6,177,188,2.576,4,183,3.6563,0.765,0.5027,0.6098,37,0.0808,0.0071,3,0.0,140,397,2.8357,0.3854
Rescorla:mcg36,Rescorla:LT:36,data/curated/english_child_transcripts/Rescorla/download_2026-06-01/LT/36/mcg36.cha,Rescorla,LT,LT,male,eng,Built from labeled CHAT folder structure.,36.0,216,1.32,1.51,0.2667,304,31,0.1435,12,0,0.0231,14,0.0648,0,33,0.1528,6,283,264,4.946,0,289,3.1149,0.7474,0.4464,0.5981,90,0.0593,0.0046,31,0.0,216,318,1.4722,0.2987
Rescorla:mel36,Rescorla:LT:36,data/curated/english_child_transcripts/Rescorla/download_2026-06-01/LT/36/mel36.cha,Rescorla,LT,LT,male,eng,Built from labeled CHAT folder structure.,36.0,242,1.74,1.96,0.3486,527,13,0.0537,47,0,0.0289,3,0.0124,0,50,0.2066,12,481,375,4.052,0,493,3.2585,0.4909,0.3732,0.4897,46,0.1242,0.0,13,0.0455,242,576,2.3802,0.2969
Rescorla:pao36,Rescorla:LT:36,data/curated/english_child_transcripts/Rescorla/download_2026-06-01/LT/36/pao36.cha,Rescorla,LT,LT,male,eng,Built from labeled CHAT folder structure.,36.0,209,0.89,1.06,0.2807,191,14,0.067,23,0,0.0048,0,0.0,0,133,0.6364,13,540,233,4.666,2,553,2.6588,0.3779,0.2025,0.2933,110,0.2205,0.0,14,0.0,209,198,0.9474,0.3384
Rescorla:pat36,Rescorla:LT:36,data/curated/english_child_transcripts/Rescorla/download_2026-06-01/LT/36/pat36.cha,Rescorla,LT,LT,male,eng,Built from labeled CHAT folder structure.,36.0,153,1.42,1.51,0.3402,223,3,0.0196,17,0,0.0065,1,0.0065,0,66,0.4314,0,255,120,6.729,0,255,3.9755,0.6,0.2353,0.3434,78,0.0359,0.0,3,0.0,153,241,1.5752,0.3693
Rescorla:phi36,Rescorla:LT:36,data/curated/english_child_transcripts/Rescorla/download_2026-06-01/LT/36/phi36.cha,Rescorla,LT,LT,male,eng,Built from labeled CHAT folder structure.,36.0,124,2.98,2.85,0.3314,339,3,0.0242,6,0,0.0323,2,0.0161,0,61,0.4919,1,182,146,2.807,0,183,4.0945,0.6776,0.3934,0.4578,23,0.0738,0.0,3,0.0484,124,374,3.0161,0.3342
Rescorla:rob36,Rescorla:LT:36,data/curated/english_child_transcripts/Rescorla/download_2026-06-01/LT/36/rob36.cha,Rescorla,LT,LT,male,eng,Built from labeled CHAT folder structure.,36.0,83,2.976,2.988,0.2782,244,1,0.012,4,0,0.0241,7,0.0843,0,41,0.494,11,82,95,4.61,0,93,4.6307,0.8925,0.4516,0.6279,27,0.0876,0.0,1,0.0,83,264,3.1807,0.2917
Rescorla:shi36,Rescorla:LT:36,data/curated/english_child_transcripts/Rescorla/download_2026-06-01/LT/36/shi36.cha,Rescorla,LT,LT,male,eng,Built from labeled CHAT folder structure.,36.0,171,2.94,2.98,0.3457,466,10,0.0585,9,0,0.0117,2,0.0117,0,42,0.2456,4,191,215,2.374,0,195,4.2077,0.8769,0.5385,0.6742,47,0.0919,0.0,10,0.0,171,545,3.1871,0.3064
Rescorla:sny36,Rescorla:LT:36,data/curated/english_child_transcripts/Rescorla/download_2026-06-01/LT/36/sny36.cha,Rescorla,LT,LT,male,eng,Built from labeled CHAT folder structure.,36.0,152,1.25,1.34,0.2562,191,2,0.0132,8,0,0.0197,4,0.0263,0,32,0.2105,3,181,179,4.807,0,198,2.3286,0.7677,0.4293,0.4783,95,0.0778,0.0,2,0.0,152,206,1.3553,0.2476
Rescorla:son36,Rescorla:LT:36,data/curated/english_child_transcripts/Rescorla/download_2026-06-01/LT/36/son36.cha,Rescorla,LT,LT,male,eng,Built from labeled CHAT folder structure.,36.0,238,1.77,1.8,0.3057,485,9,0.0378,3,0,0.0336,10,0.042,0,98,0.4118,5,276,261,9.7,0,281,2.8227,0.847,0.4555,0.5444,97,0.1121,0.0042,9,0.0,238,517,2.1723,0.2901
Rescorla:spi36,Rescorla:LT:36,data/curated/english_child_transcripts/Rescorla/download_2026-06-01/LT/36/spi36.cha,Rescorla,LT,LT,male,eng,Built from labeled CHAT folder structure.,36.0,236,1.14,1.44,0.3229,326,5,0.0212,56,0,0.0424,4,0.0169,0,36,0.1525,16,497,337,1.08,0,513,3.713,0.46,0.3119,0.5217,94,0.106,0.0042,5,0.0,236,347,1.4703,0.366
Rescorla:sul36,Rescorla:LT:36,data/curated/english_child_transcripts/Rescorla/download_2026-06-01/LT/36/sul36.cha,Rescorla,LT,LT,male,eng,Built from labeled CHAT folder structure.,36.0,207,1.17,1.24,0.2222,230,10,0.0483,12,0,0.0048,4,0.0193,0,42,0.2029,4,345,292,3.876,0,349,1.9802,0.5931,0.4097,0.4107,130,0.1021,0.0,10,0.0,207,230,1.1111,0.2348
Rescorla:ben48,Rescorla:LT:48/0nomedia,data/curated/english_child_transcripts/Rescorla/download_2026-06-01/LT/48/0nomedia/ben48.cha,Rescorla,LT,LT,male,eng,Built from labeled CHAT folder structure.,48.0,231,1.92,1.9,0.34,414,6,0.026,22,0,0.0346,10,0.0433,0,0,0.0,8,403,367,0.0,0,411,3.514,0.562,0.4404,0.6862,119,0.0951,0.0,6,0.0,231,420,1.8182,0.3333
Rescorla:bic48,Rescorla:LT:48/0nomedia,data/curated/english_child_transcripts/Rescorla/download_2026-06-01/LT/48/0nomedia/bic48.cha,Rescorla,LT,LT,male,eng,Built from labeled CHAT folder structure.,48.0,180,3.02,2.84,0.3543,540,3,0.0167,12,0,0.0833,4,0.0222,0,0,0.0,5,169,262,0.0,0,179,3.8217,1.0056,0.7151,0.85,42,0.0746,0.0,3,0.0,180,604,3.3556,0.298
Rescorla:bre48,Rescorla:LT:48/0nomedia,data/curated/english_child_transcripts/Rescorla/download_2026-06-01/LT/48/0nomedia/bre48.cha,Rescorla,LT,LT,male,eng,Built from labeled CHAT folder structure.,48.0,150,2.75,2.74,0.3429,436,10,0.0667,7,0,0.0,2,0.0133,0,0,0.0,0,242,254,0.0,0,251,4.1646,0.5976,0.4741,0.6632,40,0.0849,0.0,10,0.0,150,489,3.26,0.3047
Rescorla:ken48,Rescorla:LT:48/0nomedia,data/curated/english_child_transcripts/Rescorla/download_2026-06-01/LT/48/0nomedia/ken48.cha,Rescorla,LT,LT,male,eng,Built from labeled CHAT folder structure.,48.0,338,0.88,1.29,0.24,436,28,0.0828,49,0,0.0355,9,0.0266,7,0,0.0,9,495,458,0.0,0,515,3.2591,0.6563,0.435,0.6346,159,0.0865,0.0207,28,0.003,338,511,1.5118,0.2329
Rescorla:wei48,Rescorla:LT:48/0nomedia,data/curated/english_child_transcripts/Rescorla/download_2026-06-01/LT/48/0nomedia/wei48.cha,Rescorla,LT,LT,male,eng,Built from labeled CHAT folder structure.,48.0,228,2.15,2.19,0.3029,497,48,0.2105,7,0,0.1535,5,0.0219,0,0,0.0,3,324,378,0.0,1,330,3.6774,0.6909,0.5576,0.7197,61,0.092,0.0044,51,0.0,228,544,2.386,0.2665
Rescorla:ale48,Rescorla:LT:48,data/curated/english_child_transcripts/Rescorla/download_2026-06-01/LT/48/ale48.cha,Rescorla,LT,LT,female,eng,Built from labeled CHAT folder structure.,48.0,138,3.01,2.9,0.3743,427,6,0.0435,1,0,0.0072,2,0.0145,0,54,0.3913,0,135,160,2.068,0,135,3.7033,1.0222,0.5926,0.6863,28,0.0608,0.029,7,0.0,138,461,3.3406,0.3514
Rescorla:ban48,Rescorla:LT:48,data/curated/english_child_transcripts/Rescorla/download_2026-06-01/LT/48/ban48.cha,Rescorla,LT,LT,male,eng,Built from labeled CHAT folder structure.,48.0,154,3.25,3.08,0.3629,461,4,0.026,9,0,0.0195,5,0.0325,0,37,0.2403,0,184,172,2.043,7,191,4.0203,0.8063,0.4346,0.5823,28,0.1016,0.0065,4,0.0,154,503,3.2662,0.3201
Rescorla:bel48,Rescorla:LT:48,data/curated/english_child_transcripts/Rescorla/download_2026-06-01/LT/48/bel48.cha,Rescorla,LT,LT,male,eng,Built from labeled CHAT folder structure.,48.0,213,2.92,2.83,0.4,664,19,0.0892,6,0,0.0,0,0.0,0,97,0.4554,0,320,276,1.834,0,320,4.531,0.6656,0.4313,0.5089,54,0.0745,0.0094,19,0.0,213,734,3.446,0.3065
Rescorla:bil48,Rescorla:LT:48,data/curated/english_child_transcripts/Rescorla/download_2026-06-01/LT/48/bil48.cha,Rescorla,LT,LT,male,eng,Built from labeled CHAT folder structure.,48.0,148,3.96,3.82,0.4086,544,12,0.0811,1,0,0.0338,3,0.0203,0,72,0.4865,0,179,103,20.239,0,186,4.6497,0.7957,0.2527,0.3425,24,0.1113,0.0068,12,0.0,148,564,3.8108,0.3351
Rescorla:bry48,Rescorla:LT:48,data/curated/english_child_transcripts/Rescorla/download_2026-06-01/LT/48/bry48.cha,Rescorla,LT,LT,male,eng,Built from labeled CHAT folder structure.,48.0,159,2.44,2.34,0.4114,391,3,0.0189,3,0,0.0126,3,0.0189,0,71,0.4465,0,236,207,1.935,0,236,3.7038,0.6737,0.4407,0.5663,58,0.0678,0.0189,3,0.0,159,420,2.6415,0.3714
Rescorla:car48,Rescorla:LT:48,data/curated/english_child_transcripts/Rescorla/download_2026-06-01/LT/48/car48.cha,Rescorla,LT,LT,male,eng,Built from labeled CHAT folder structure.,48.0,143,2.95,2.75,0.3857,392,3,0.021,0,0,0.021,5,0.035,0,71,0.4965,7,226,216,36.156,0,233,3.8005,0.6137,0.4034,0.4384,50,0.1042,0.028,3,0.0,143,408,2.8531,0.3529
Rescorla:chi48,Rescorla:LT:48,data/curated/english_child_transcripts/Rescorla/download_2026-06-01/LT/48/chi48.cha,Rescorla,LT,LT,male,eng,Built from labeled CHAT folder structure.,49.0,210,2.53,2.45,0.36,545,2,0.0095,18,0,0.0048,3,0.0143,0,84,0.4,0,192,183,3.052,11,194,4.0941,1.0825,0.4691,0.5392,72,0.0524,0.0,2,0.0,210,579,2.7571,0.2919
Rescorla:dou48,Rescorla:LT:48,data/curated/english_child_transcripts/Rescorla/download_2026-06-01/LT/48/dou48.cha,Rescorla,LT,LT,male,eng,Built from labeled CHAT folder structure.,48.0,162,3.12,2.95,0.3371,497,1,0.0062,9,0,0.0494,3,0.0185,0,82,0.5062,21,168,220,1.754,0,189,4.0627,0.8571,0.5291,0.6458,43,0.0719,0.0,1,0.0,162,553,3.4136,0.2749
Rescorla:fag48,Rescorla:LT:48,data/curated/english_child_transcripts/Rescorla/download_2026-06-01/LT/48/fag48.cha,Rescorla,LT,LT,male,eng,Built from labeled CHAT folder structure.,49.0,140,2.97,2.75,0.4057,351,11,0.0786,8,0,0.0357,2,0.0143,0,48,0.3429,2,237,208,2.965,0,268,3.5245,0.5224,0.3246,0.3491,24,0.0818,0.0,11,0.0,140,365,2.6071,0.4082
Rescorla:kil48,Rescorla:LT:48,data/curated/english_child_transcripts/Rescorla/download_2026-06-01/LT/48/kil48.cha,Rescorla,LT,LT,male,eng,Built from labeled CHAT folder structure.,48.0,234,2.43,2.3,0.4257,548,13,0.0556,11,0,0.0085,4,0.0171,1,111,0.4744,0,352,244,2.214,0,359,4.231,0.6518,0.3343,0.4286,57,0.0616,0.0171,13,0.0,234,596,2.547,0.3406
Rescorla:kin48,Rescorla:LT:48,data/curated/english_child_transcripts/Rescorla/download_2026-06-01/LT/48/kin48.cha,Rescorla,LT,LT,female,eng,Built from labeled CHAT folder structure.,48.0,170,3.19,2.98,0.3971,503,5,0.0294,5,0,0.0353,4,0.0235,0,34,0.2,0,132,171,5.834,0,132,3.649,1.2879,0.6515,0.7159,42,0.0846,0.0,5,0.0,170,541,3.1824,0.353
Rescorla:lew48,Rescorla:LT:48,data/curated/english_child_transcripts/Rescorla/download_2026-06-01/LT/48/lew48.cha,Rescorla,LT,LT,male,eng,Built from labeled CHAT folder structure.,48.0,159,1.8,1.83,0.4123,315,7,0.044,6,0,0.1006,1,0.0063,0,93,0.5849,0,319,190,48.137,0,329,3.6537,0.4833,0.2675,0.3767,54,0.047,0.0126,7,0.0,159,330,2.0755,0.4061
Rescorla:ly148,Rescorla:LT:48,data/curated/english_child_transcripts/Rescorla/download_2026-06-01/LT/48/ly148.cha,Rescorla,LT,LT,male,eng,Built from labeled CHAT folder structure.,48.0,158,3.54,3.41,0.3714,516,6,0.038,1,0,0.038,2,0.0127,1,47,0.2975,5,208,204,2.878,0,213,4.4178,0.7418,0.4648,0.5593,26,0.0915,0.0063,6,0.0,158,551,3.4873,0.3267
Rescorla:ly248,Rescorla:LT:48,data/curated/english_child_transcripts/Rescorla/download_2026-06-01/LT/48/ly248.cha,Rescorla,LT,LT,male,eng,Built from labeled CHAT folder structure.,48.0,189,2.34,2.42,0.3686,441,14,0.0741,17,0,0.0423,1,0.0053,0,91,0.4815,0,348,252,3.368,1,358,4.3108,0.5279,0.3408,0.4662,42,0.0613,0.0053,14,0.0,189,468,2.4762,0.3462
Rescorla:mar48,Rescorla:LT:48,data/curated/english_child_transcripts/Rescorla/download_2026-06-01/LT/48/mar48.cha,Rescorla,LT,LT,male,eng,Built from labeled CHAT folder structure.,,177,4.7,4.34,0.42,664,6,0.0339,0,0,0.0226,5,0.0282,0,50,0.2825,184,24,205,15.578,10,208,4.2494,0.851,0.4808,0.5,21,0.1441,0.0,6,0.0,177,699,3.9492,0.3104
Rescorla:mcb48,Rescorla:LT:48,data/curated/english_child_transcripts/Rescorla/download_2026-06-01/LT/48/mcb48.cha,Rescorla,LT,LT,male,eng,Built from labeled CHAT folder structure.,48.0,141,3.55,3.31,0.3743,429,7,0.0496,5,0,0.0213,2,0.0142,0,54,0.383,0,167,149,3.797,3,167,3.5942,0.8443,0.4491,0.5156,37,0.0718,0.0213,8,0.0,141,455,3.227,0.3341
Rescorla:mcg48,Rescorla:LT:48,data/curated/english_child_transcripts/Rescorla/download_2026-06-01/LT/48/mcg48.cha,Rescorla,LT,LT,male,eng,Built from labeled CHAT folder structure.,49.0,163,3.16,3.1,0.3743,518,6,0.0368,0,0,0.0061,1,0.0061,0,50,0.3067,8,115,147,2.97,0,127,4.0517,1.2835,0.5591,0.7619,37,0.0968,0.0,6,0.0061,163,562,3.4479,0.3007
Rescorla:mel48,Rescorla:LT:48,data/curated/english_child_transcripts/Rescorla/download_2026-06-01/LT/48/mel48.cha,Rescorla,LT,LT,male,eng,Built from labeled CHAT folder structure.,,137,2.64,2.69,0.3686,401,10,0.073,11,0,0.0219,1,0.0073,0,93,0.6788,0,278,165,2.432,0,278,4.3855,0.4928,0.2986,0.3805,39,0.1514,0.0,10,0.0,137,442,3.2263,0.3235
Rescorla:pao48,Rescorla:LT:48,data/curated/english_child_transcripts/Rescorla/download_2026-06-01/LT/48/pao48.cha,Rescorla,LT,LT,male,eng,Built from labeled CHAT folder structure.,48.0,202,2.43,2.34,0.3286,527,6,0.0297,3,0,0.005,5,0.0248,0,60,0.297,0,203,226,1.316,0,204,3.2734,0.9902,0.5539,0.5556,79,0.1348,0.0149,6,0.0,202,585,2.896,0.2684
Rescorla:pat48,Rescorla:LT:48,data/curated/english_child_transcripts/Rescorla/download_2026-06-01/LT/48/pat48.cha,Rescorla,LT,LT,male,eng,Built from labeled CHAT folder structure.,48.0,205,2.78,2.68,0.42,574,2,0.0098,2,0,0.0195,3,0.0146,0,78,0.3805,7,437,275,2.115,0,444,4.5162,0.4617,0.3018,0.4571,86,0.1364,0.0439,2,0.0,205,606,2.9561,0.3234
Rescorla:peq48,Rescorla:LT:48,data/curated/english_child_transcripts/Rescorla/download_2026-06-01/LT/48/peq48.cha,Rescorla,LT,LT,male,eng,Built from labeled CHAT folder structure.,48.0,241,2.44,2.51,0.3686,662,30,0.1245,13,0,0.0041,3,0.0124,0,110,0.4564,0,340,255,2.246,0,340,4.1893,0.7088,0.3765,0.4188,74,0.1537,0.0041,34,0.0,241,744,3.0871,0.2944
Rescorla:phi48,Rescorla:LT:48,data/curated/english_child_transcripts/Rescorla/download_2026-06-01/LT/48/phi48.cha,Rescorla,LT,LT,male,eng,Built from labeled CHAT folder structure.,48.0,172,2.53,2.53,0.4029,435,7,0.0407,8,0,0.0291,4,0.0233,0,69,0.4012,0,205,181,2.094,0,205,3.809,0.839,0.4439,0.5484,39,0.0696,0.0,7,0.0,172,456,2.6512,0.364
Rescorla:rob48,Rescorla:LT:48,data/curated/english_child_transcripts/Rescorla/download_2026-06-01/LT/48/rob48.cha,Rescorla,LT,LT,male,eng,Built from labeled CHAT folder structure.,48.0,179,3.35,3.22,0.4429,614,9,0.0503,12,0,0.0056,2,0.0112,0,86,0.4804,2,225,206,6.603,0,229,4.326,0.7817,0.441,0.4756,38,0.0764,0.0112,9,0.0,179,640,3.5754,0.3625
Rescorla:ros48,Rescorla:LT:48,data/curated/english_child_transcripts/Rescorla/download_2026-06-01/LT/48/ros48.cha,Rescorla,LT,LT,male,eng,Built from labeled CHAT folder structure.,48.0,181,2.69,2.81,0.3943,500,23,0.1271,12,0,0.0884,2,0.011,2,80,0.442,0,248,190,3.499,0,255,4.3716,0.7098,0.3647,0.375,25,0.0697,0.0166,23,0.0,181,545,3.011,0.3743
Rescorla:shi48,Rescorla:LT:48,data/curated/english_child_transcripts/Rescorla/download_2026-06-01/LT/48/shi48.cha,Rescorla,LT,LT,male,eng,Built from labeled CHAT folder structure.,48.0,135,4.08,3.91,0.3543,496,7,0.0519,2,0,0.0296,6,0.0444,0,48,0.3556,0,102,99,3.493,0,105,4.6583,1.2857,0.4476,0.6364,29,0.078,0.0148,7,0.0,135,504,3.7333,0.3452
Rescorla:sny48,Rescorla:LT:48,data/curated/english_child_transcripts/Rescorla/download_2026-06-01/LT/48/sny48.cha,Rescorla,LT,LT,male,eng,Built from labeled CHAT folder structure.,48.0,287,2.48,2.47,0.2714,648,53,0.1847,4,0,0.0105,15,0.0523,0,105,0.3659,0,220,250,5.018,1,221,3.3268,1.2986,0.5656,0.7143,130,0.1018,0.0,55,0.0,287,694,2.4181,0.2334
Rescorla:son48,Rescorla:LT:48,data/curated/english_child_transcripts/Rescorla/download_2026-06-01/LT/48/son48.cha,Rescorla,LT,LT,male,eng,Built from labeled CHAT folder structure.,48.0,121,2.77,2.62,0.3918,339,6,0.0496,1,0,0.0496,2,0.0165,1,49,0.405,10,143,129,3.163,0,153,3.646,0.7908,0.3922,0.5227,19,0.0819,0.0165,6,0.0,121,351,2.9008,0.3903
Rescorla:spi48,Rescorla:LT:48,data/curated/english_child_transcripts/Rescorla/download_2026-06-01/LT/48/spi48.cha,Rescorla,LT,LT,male,eng,Built from labeled CHAT folder structure.,48.0,269,2.82,2.79,0.3771,635,13,0.0483,15,0,0.0037,0,0.0,0,86,0.3197,0,482,353,1.127,0,482,3.9281,0.5581,0.3672,0.542,101,0.2166,0.0112,13,0.0037,269,693,2.5762,0.3016
Rescorla:sul48,Rescorla:LT:48,data/curated/english_child_transcripts/Rescorla/download_2026-06-01/LT/48/sul48.cha,Rescorla,LT,LT,male,eng,Built from labeled CHAT folder structure.,48.0,339,1.79,2.02,0.2886,556,95,0.2802,4,0,0.0029,2,0.0059,2,137,0.4041,0,468,379,1.362,1,474,3.4932,0.7152,0.3924,0.4265,127,0.0523,0.0059,96,0.0,339,586,1.7286,0.2594
Rescorla:ale60,Rescorla:LT:60,data/curated/english_child_transcripts/Rescorla/download_2026-06-01/LT/60/ale60.cha,Rescorla,LT,LT,female,eng,Built from labeled CHAT folder structure.,60.0,154,3.08,2.95,0.44,474,7,0.0455,2,0,0.026,0,0.0,0,37,0.2403,1,100,146,2.228,2,104,3.5814,1.4808,0.6923,0.7188,26,0.0731,0.0195,7,0.0,154,490,3.1818,0.3653
Rescorla:ban60,Rescorla:LT:60,data/curated/english_child_transcripts/Rescorla/download_2026-06-01/LT/60/ban60.cha,Rescorla,LT,LT,male,eng,Built from labeled CHAT folder structure.,60.0,145,3.8,3.52,0.4257,476,4,0.0276,1,0,0.0069,1,0.0069,0,26,0.1793,13,183,180,1.179,9,196,4.3812,0.7398,0.4337,0.5946,31,0.0701,0.0,4,0.0,145,522,3.6,0.3448
Rescorla:bel60,Rescorla:LT:60,data/curated/english_child_transcripts/Rescorla/download_2026-06-01/LT/60/bel60.cha,Rescorla,LT,LT,male,eng,Built from labeled CHAT folder structure.,60.0,147,2.88,2.81,0.3714,412,7,0.0476,2,0,0.034,3,0.0204,0,54,0.3673,7,178,184,1.911,1,185,3.7741,0.7946,0.4757,0.5714,44,0.0909,0.0,7,0.0,147,430,2.9252,0.3442
Rescorla:bre60,Rescorla:LT:60,data/curated/english_child_transcripts/Rescorla/download_2026-06-01/LT/60/bre60.cha,Rescorla,LT,LT,male,eng,Built from labeled CHAT folder structure.,60.0,152,3.26,3.16,0.3571,464,6,0.0395,14,0,0.0,5,0.0329,0,78,0.5132,20,268,226,5.49,1,290,3.9027,0.5241,0.3552,0.4571,26,0.0708,0.0263,6,0.0,152,475,3.125,0.3158
Rescorla:car60,Rescorla:LT:60,data/curated/english_child_transcripts/Rescorla/download_2026-06-01/LT/60/car60.cha,Rescorla,LT,LT,male,eng,Built from labeled CHAT folder structure.,60.0,131,3.9,3.68,0.4,461,11,0.084,1,0,0.0534,6,0.0458,1,123,0.9389,3,191,209,37.487,0,194,3.8738,0.6753,0.4227,0.5185,16,0.1033,0.0229,12,0.0,131,480,3.6641,0.3604
Rescorla:chi60,Rescorla:LT:60,data/curated/english_child_transcripts/Rescorla/download_2026-06-01/LT/60/chi60.cha,Rescorla,LT,LT,male,eng,Built from labeled CHAT folder structure.,60.0,170,2.94,2.71,0.3829,468,1,0.0059,0,0,0.0235,4,0.0235,0,53,0.3118,5,194,188,2.05,0,199,3.8564,0.8543,0.4623,0.52,52,0.0826,0.0059,1,0.0,170,476,2.8,0.3319
Rescorla:dou60,Rescorla:LT:60,data/curated/english_child_transcripts/Rescorla/download_2026-06-01/LT/60/dou60.cha,Rescorla,LT,LT,male,eng,Built from labeled CHAT folder structure.,60.0,141,3.81,3.58,0.3743,476,5,0.0355,5,0,0.0567,2,0.0142,0,51,0.3617,17,158,164,3.006,0,175,4.3671,0.8057,0.4343,0.6607,23,0.049,0.0071,5,0.0,141,486,3.4468,0.3374
Rescorla:fag60,Rescorla:LT:60,data/curated/english_child_transcripts/Rescorla/download_2026-06-01/LT/60/fag60.cha,Rescorla,LT,LT,male,eng,Built from labeled CHAT folder structure.,60.0,178,3.25,3.04,0.3971,520,5,0.0281,3,0,0.0674,4,0.0225,1,26,0.1461,0,180,226,1.262,0,183,3.385,0.9727,0.5792,0.6744,29,0.1182,0.0225,5,0.0,178,549,3.0843,0.3388
Rescorla:gra60,Rescorla:LT:60,data/curated/english_child_transcripts/Rescorla/download_2026-06-01/LT/60/gra60.cha,Rescorla,LT,LT,male,eng,Built from labeled CHAT folder structure.,60.0,210,3.62,3.39,0.34,755,6,0.0286,10,0,0.0143,3,0.0143,0,67,0.319,19,314,285,1.552,0,333,4.221,0.6306,0.4114,0.5204,34,0.092,0.019,6,0.0,210,793,3.7762,0.2812
Rescorla:ken60,Rescorla:LT:60,data/curated/english_child_transcripts/Rescorla/download_2026-06-01/LT/60/ken60.cha,Rescorla,LT,LT,male,eng,Built from labeled CHAT folder structure.,60.0,150,2.8,2.73,0.3686,369,3,0.02,6,0,0.0267,1,0.0067,0,84,0.56,2,227,185,3.071,0,229,3.723,0.655,0.4017,0.566,47,0.0626,0.02,3,0.0,150,374,2.4933,0.361
Rescorla:kra60,Rescorla:LT:60,data/curated/english_child_transcripts/Rescorla/download_2026-06-01/LT/60/kra60.cha,Rescorla,LT,LT,male,eng,Built from labeled CHAT folder structure.,60.0,144,3.34,3.14,0.36,471,11,0.0764,2,0,0.1042,0,0.0,0,53,0.3681,12,173,136,3.131,0,185,4.6261,0.7784,0.3459,0.4474,32,0.0486,0.0278,13,0.0,144,480,3.3333,0.3438
Rescorla:lew60,Rescorla:LT:60,data/curated/english_child_transcripts/Rescorla/download_2026-06-01/LT/60/lew60.cha,Rescorla,LT,LT,male,eng,Built from labeled CHAT folder structure.,60.0,165,2.68,2.66,0.3943,427,11,0.0667,6,0,0.0485,0,0.0,3,64,0.3879,2,243,185,3.862,0,245,3.939,0.6735,0.3714,0.4299,41,0.0603,0.0242,11,0.0,165,445,2.697,0.373
Rescorla:ly160,Rescorla:LT:60,data/curated/english_child_transcripts/Rescorla/download_2026-06-01/LT/60/ly160.cha,Rescorla,LT,LT,male,eng,Built from labeled CHAT folder structure.,60.0,144,3.85,3.72,0.3914,511,5,0.0347,2,0,0.1042,2,0.0139,0,25,0.1736,0,181,158,2.106,0,181,4.3692,0.7956,0.4365,0.5493,23,0.0653,0.0139,5,0.0,144,544,3.7778,0.3327
Rescorla:mar60,Rescorla:LT:60,data/curated/english_child_transcripts/Rescorla/download_2026-06-01/LT/60/mar60.cha,Rescorla,LT,LT,male,eng,Built from labeled CHAT folder structure.,60.0,140,3.58,3.33,0.4,463,5,0.0357,4,0,0.0143,4,0.0286,1,37,0.2643,4,179,147,1.557,4,183,3.8204,0.765,0.3934,0.3846,22,0.1065,0.0071,5,0.0,140,475,3.3929,0.3579
Rescorla:mcb60,Rescorla:LT:60,data/curated/english_child_transcripts/Rescorla/download_2026-06-01/LT/60/mcb60.cha,Rescorla,LT,LT,male,eng,Built from labeled CHAT folder structure.,60.0,148,3.44,3.23,0.4371,495,11,0.0743,1,0,0.0743,2,0.0135,0,37,0.25,7,74,115,4.691,1,81,3.6594,1.8272,0.7037,0.7895,31,0.055,0.0135,11,0.0,148,560,3.7838,0.3214
Rescorla:mel60,Rescorla:LT:60,data/curated/english_child_transcripts/Rescorla/download_2026-06-01/LT/60/mel60.cha,Rescorla,LT,LT,male,eng,Built from labeled CHAT folder structure.,60.0,107,2.89,2.94,0.3827,298,22,0.2056,13,0,0.0654,1,0.0093,0,37,0.3458,15,205,148,14.58,3,220,4.0031,0.4864,0.3227,0.3425,8,0.0873,0.0,24,0.0,107,320,2.9907,0.3906
Rescorla:pao60,Rescorla:LT:60,data/curated/english_child_transcripts/Rescorla/download_2026-06-01/LT/60/pao60.cha,Rescorla,LT,LT,male,eng,Built from labeled CHAT folder structure.,60.0,157,2.5,2.43,0.3229,363,19,0.121,4,0,0.0127,4,0.0255,0,47,0.2994,9,173,156,2.028,0,182,3.295,0.8626,0.4121,0.5738,38,0.0648,0.0,19,0.0,157,367,2.3376,0.3297
Rescorla:pat60,Rescorla:LT:60,data/curated/english_child_transcripts/Rescorla/download_2026-06-01/LT/60/pat60.cha,Rescorla,LT,LT,male,eng,Built from labeled CHAT folder structure.,60.0,192,2.74,2.63,0.3771,473,6,0.0312,2,0,0.0,2,0.0104,0,55,0.2865,0,248,176,1.497,1,248,3.9818,0.7742,0.3548,0.4848,90,0.0461,0.0,6,0.0,192,504,2.625,0.3472
Rescorla:peq60,Rescorla:LT:60,data/curated/english_child_transcripts/Rescorla/download_2026-06-01/LT/60/peq60.cha,Rescorla,LT,LT,male,eng,Built from labeled CHAT folder structure.,60.0,149,2.83,2.73,0.38,425,3,0.0201,4,0,0.0,1,0.0067,0,59,0.396,1,174,157,42.856,0,175,3.8796,0.8514,0.4457,0.4937,42,0.0745,0.0134,3,0.0,149,433,2.906,0.3487
Rescorla:phi60,Rescorla:LT:60,data/curated/english_child_transcripts/Rescorla/download_2026-06-01/LT/60/phi60.cha,Rescorla,LT,LT,male,eng,Built from labeled CHAT folder structure.,60.0,155,2.99,2.78,0.4057,446,4,0.0258,4,0,0.0387,0,0.0,0,42,0.271,4,175,158,1.411,1,179,3.9581,0.8659,0.4246,0.5323,27,0.0857,0.0,4,0.0,155,457,2.9484,0.3611
Rescorla:rob60,Rescorla:LT:60,data/curated/english_child_transcripts/Rescorla/download_2026-06-01/LT/60/rob60.cha,Rescorla,LT,LT,male,eng,Built from labeled CHAT folder structure.,60.0,144,3.98,3.7,0.4543,541,0,0.0,2,0,0.0208,2,0.0139,1,35,0.2431,0,152,155,1.761,1,152,4.3615,0.9474,0.5066,0.619,24,0.0784,0.0278,0,0.0,144,577,4.0069,0.3588
Rescorla:ros60,Rescorla:LT:60,data/curated/english_child_transcripts/Rescorla/download_2026-06-01/LT/60/ros60.cha,Rescorla,LT,LT,male,eng,Built from labeled CHAT folder structure.,60.0,144,3.64,3.55,0.4286,506,11,0.0764,8,0,0.0556,2,0.0139,0,63,0.4375,2,188,171,2.16,2,190,4.8892,0.7579,0.4421,0.6049,22,0.081,0.0069,11,0.0,144,514,3.5694,0.3852
Rescorla:sny60,Rescorla:LT:60,data/curated/english_child_transcripts/Rescorla/download_2026-06-01/LT/60/sny60.cha,Rescorla,LT,LT,male,eng,Built from labeled CHAT folder structure.,60.0,141,3.84,3.67,0.4286,508,4,0.0284,1,0,0.0,3,0.0213,0,67,0.4752,4,184,148,3.241,0,188,4.6383,0.75,0.3936,0.6136,44,0.1174,0.0071,4,0.0,141,586,4.156,0.3242
Rescorla:son60,Rescorla:LT:60,data/curated/english_child_transcripts/Rescorla/download_2026-06-01/LT/60/son60.cha,Rescorla,LT,LT,male,eng,Built from labeled CHAT folder structure.,60.0,148,2.87,2.77,0.4143,417,7,0.0473,3,0,0.027,12,0.0811,0,57,0.3851,9,152,168,2.654,0,161,3.4045,0.9193,0.5155,0.6957,36,0.0921,0.0,9,0.0,148,428,2.8919,0.3995
Rescorla:spi60,Rescorla:LT:60,data/curated/english_child_transcripts/Rescorla/download_2026-06-01/LT/60/spi60.cha,Rescorla,LT,LT,male,eng,Built from labeled CHAT folder structure.,60.0,130,3.14,2.98,0.4286,398,1,0.0077,2,0,0.0154,4,0.0308,0,68,0.5231,0,275,165,3.093,0,275,4.0741,0.4727,0.3018,0.3196,40,0.0969,0.0154,1,0.0,130,426,3.2769,0.3756
Rescorla:sul60,Rescorla:LT:60,data/curated/english_child_transcripts/Rescorla/download_2026-06-01/LT/60/sul60.cha,Rescorla,LT,LT,male,eng,Built from labeled CHAT folder structure.,60.0,132,2.3,2.28,0.4241,305,5,0.0379,5,0,0.0152,2,0.0152,0,80,0.6061,5,208,164,4.558,0,213,3.4551,0.6197,0.3709,0.4697,40,0.0321,0.0076,5,0.0,132,318,2.4091,0.4371
Rescorla:ant108,Rescorla:TD:108/0nomedia,data/curated/english_child_transcripts/Rescorla/download_2026-06-01/TD/108/0nomedia/ant108.cha,Rescorla,TD,TD,male,eng,Built from labeled CHAT folder structure.,108.0,63,7.0,6.857,0.3371,432,0,0.0,0,0,0.0,0,0.0,0,0,0.0,0,0,20,0.0,0,12,7.0667,5.25,0.8333,0.875,5,0.0419,0.0,0,0.0159,63,463,7.3492,0.2937
Rescorla:bro108,Rescorla:TD:108/0nomedia,data/curated/english_child_transcripts/Rescorla/download_2026-06-01/TD/108/0nomedia/bro108.cha,Rescorla,TD,TD,male,eng,Built from labeled CHAT folder structure.,108.0,82,6.244,5.939,0.3429,487,0,0.0,0,0,0.061,0,0.0,0,0,0.0,0,0,47,0.0,0,27,6.2294,3.037,0.8519,1.0,8,0.0553,0.0,0,0.0732,82,522,6.3659,0.3065
Rescorla:dra108,Rescorla:TD:108/0nomedia,data/curated/english_child_transcripts/Rescorla/download_2026-06-01/TD/108/0nomedia/dra108.cha,Rescorla,TD,TD,male,eng,Built from labeled CHAT folder structure.,108.0,95,8.453,8.295,0.3686,787,0,0.0,0,0,0.0842,0,0.0,0,0,0.0,0,0,49,0.0,0,38,7.5188,2.5,0.6579,0.8,6,0.0313,0.0,2,0.0211,95,850,8.9474,0.2447
Rescorla:gil108,Rescorla:TD:108/0nomedia,data/curated/english_child_transcripts/Rescorla/download_2026-06-01/TD/108/0nomedia/gil108.cha,Rescorla,TD,TD,male,eng,Built from labeled CHAT folder structure.,108.0,79,5.203,4.987,0.4543,392,2,0.0253,0,0,0.0506,0,0.0,0,0,0.0,0,0,37,0.0,0,26,5.1524,3.0385,0.6923,0.7333,8,0.0319,0.0,2,0.0,79,400,5.0633,0.4425
Rescorla:gr1108,Rescorla:TD:108/0nomedia,data/curated/english_child_transcripts/Rescorla/download_2026-06-01/TD/108/0nomedia/gr1108.cha,Rescorla,TD,TD,male,eng,Built from labeled CHAT folder structure.,108.0,41,8.268,8.024,0.3951,328,0,0.0,0,0,0.0,0,0.0,0,0,0.0,0,0,2,0.0,0,1,8.2381,41.0,1.0,0.0,3,0.0,0.0,1,0.0,41,346,8.439,0.3757
Rescorla:gru108,Rescorla:TD:108/0nomedia,data/curated/english_child_transcripts/Rescorla/download_2026-06-01/TD/108/0nomedia/gru108.cha,Rescorla,TD,TD,male,eng,Built from labeled CHAT folder structure.,108.0,108,7.76,7.71,0.3171,841,0,0.0,0,0,0.0463,0,0.0,0,0,0.0,0,0,30,0.0,0,17,7.44,6.3529,0.8824,0.7778,3,0.0202,0.0,0,0.0093,108,867,8.0278,0.2295
Rescorla:hir108,Rescorla:TD:108/0nomedia,data/curated/english_child_transcripts/Rescorla/download_2026-06-01/TD/108/0nomedia/hir108.cha,Rescorla,TD,TD,male,eng,Built from labeled CHAT folder structure.,108.0,92,8.163,7.87,0.34,724,6,0.0652,0,0,0.0217,0,0.0,0,0,0.0,0,0,5,0.0,0,3,8.0,30.6667,1.0,1.0,8,0.008,0.0,6,0.0109,92,741,8.0543,0.2524
Rescorla:kai108,Rescorla:TD:108/0nomedia,data/curated/english_child_transcripts/Rescorla/download_2026-06-01/TD/108/0nomedia/kai108.cha,Rescorla,TD,TD,male,eng,Built from labeled CHAT folder structure.,108.0,120,9.53,9.2,0.3629,1079,0,0.0,0,0,0.125,0,0.0,0,0,0.0,0,0,8,0.0,0,4,9.121,30.0,1.0,1.0,10,0.0011,0.0,0,0.0,120,1117,9.3083,0.222
Rescorla:lad108,Rescorla:TD:108/0nomedia,data/curated/english_child_transcripts/Rescorla/download_2026-06-01/TD/108/0nomedia/lad108.cha,Rescorla,TD,TD,male,eng,Built from labeled CHAT folder structure.,108.0,113,8.67,8.46,0.4114,943,1,0.0088,0,0,0.0354,0,0.0,1,0,0.0,0,0,48,0.0,0,39,8.2566,2.8974,0.6154,0.6364,22,0.045,0.0088,1,0.0619,113,1076,9.5221,0.2454
Rescorla:lan108,Rescorla:TD:108/0nomedia,data/curated/english_child_transcripts/Rescorla/download_2026-06-01/TD/108/0nomedia/lan108.cha,Rescorla,TD,TD,male,eng,Built from labeled CHAT folder structure.,108.0,75,7.613,7.4,0.3514,555,0,0.0,0,0,0.0,0,0.0,0,0,0.0,0,0,14,0.0,0,10,7.6471,7.5,0.7,0.8571,9,0.0592,0.0,0,0.0,75,586,7.8133,0.2799
Rescorla:per108,Rescorla:TD:108/0nomedia,data/curated/english_child_transcripts/Rescorla/download_2026-06-01/TD/108/0nomedia/per108.cha,Rescorla,TD,TD,male,eng,Built from labeled CHAT folder structure.,108.0,81,10.185,10.025,0.4114,812,4,0.0494,0,0,0.0,0,0.0,0,0,0.0,0,0,22,0.0,0,13,9.7766,6.2308,0.8462,1.0,3,0.0695,0.0,4,0.0,81,847,10.4568,0.3034
Rescorla:aik108,Rescorla:TD:108,data/curated/english_child_transcripts/Rescorla/download_2026-06-01/TD/108/aik108.cha,Rescorla,TD,TD,male,eng,Built from labeled CHAT folder structure.,108.0,38,9.053,8.842,0.3571,335,0,0.0,0,0,0.0,0,0.0,0,15,0.3947,0,0,2,0.0,0,1,8.7949,38.0,1.0,0.0,1,0.0,0.0,1,0.0263,38,341,8.9737,0.349
Rescorla:axl108,Rescorla:TD:108,data/curated/english_child_transcripts/Rescorla/download_2026-06-01/TD/108/axl108.cha,Rescorla,TD,TD,male,eng,Built from labeled CHAT folder structure.,108.0,154,6.82,6.48,0.3543,1008,0,0.0,0,0,0.0,0,0.0,0,19,0.1234,0,0,22,0.824,0,17,6.655,9.0588,0.6471,1.0,11,0.0558,0.0,0,0.0649,154,1057,6.8636,0.2289
Rescorla:cla108,Rescorla:TD:108,data/curated/english_child_transcripts/Rescorla/download_2026-06-01/TD/108/cla108.cha,Rescorla,TD,TD,male,eng,Built from labeled CHAT folder structure.,108.0,82,8.122,8.024,0.3686,658,0,0.0,0,0,0.0,1,0.0122,0,28,0.3415,0,0,25,0.91,0,17,7.8788,4.8235,0.7059,0.7,6,0.0697,0.0,0,0.0,82,687,8.378,0.2533
Rescorla:gr2108,Rescorla:TD:108,data/curated/english_child_transcripts/Rescorla/download_2026-06-01/TD/108/gr2108.cha,Rescorla,TD,TD,male,eng,Built from labeled CHAT folder structure.,108.0,71,6.296,6.07,0.3343,431,0,0.0,0,0,0.0,0,0.0,0,25,0.3521,0,0,30,2.383,0,17,5.7727,4.1765,0.8824,0.8571,4,0.0501,0.0,0,0.0,71,436,6.1408,0.2913
Rescorla:ham108,Rescorla:TD:108,data/curated/english_child_transcripts/Rescorla/download_2026-06-01/TD/108/ham108.cha,Rescorla,TD,TD,male,eng,Built from labeled CHAT folder structure.,108.0,113,9.24,9.12,0.3829,1038,1,0.0088,0,0,0.0,0,0.0,0,30,0.2655,0,0,14,0.63,0,9,9.2705,12.5556,0.7778,1.0,9,0.0761,0.0,1,0.0088,113,1072,9.4867,0.2509
Rescorla:ker108,Rescorla:TD:108,data/curated/english_child_transcripts/Rescorla/download_2026-06-01/TD/108/ker108.cha,Rescorla,TD,TD,male,eng,Built from labeled CHAT folder structure.,108.0,151,8.31,8.03,0.4029,1159,2,0.0132,0,0,0.0662,1,0.0066,0,6,0.0397,0,0,52,0.0,0,29,7.3222,5.2069,0.8966,0.9375,12,0.0426,0.0132,4,0.0132,151,1195,7.9139,0.2477
Rescorla:lav108,Rescorla:TD:108,data/curated/english_child_transcripts/Rescorla/download_2026-06-01/TD/108/lav108.cha,Rescorla,TD,TD,male,eng,Built from labeled CHAT folder structure.,108.0,91,6.945,6.714,0.4057,611,0,0.0,0,0,0.022,1,0.011,1,9,0.0989,0,0,18,0.0,0,12,6.8738,7.5833,0.75,1.0,3,0.0301,0.022,0,0.011,91,641,7.044,0.3042
Rescorla:mah108,Rescorla:TD:108,data/curated/english_child_transcripts/Rescorla/download_2026-06-01/TD/108/mah108.cha,Rescorla,TD,TD,male,eng,Built from labeled CHAT folder structure.,108.0,83,7.964,7.747,0.3629,643,0,0.0,0,0,0.0,0,0.0,0,35,0.4217,0,0,11,1.531,0,6,8.1461,13.8333,0.8333,1.0,3,0.0538,0.0,0,0.0241,83,683,8.2289,0.2474
Rescorla:pem108,Rescorla:TD:108,data/curated/english_child_transcripts/Rescorla/download_2026-06-01/TD/108/pem108.cha,Rescorla,TD,TD,male,eng,Built from labeled CHAT folder structure.,108.0,134,9.65,9.46,0.3371,1260,1,0.0075,0,0,0.0,2,0.0149,0,55,0.4104,0,0,25,3.665,0,13,9.3537,10.3077,0.9231,1.0,13,0.0639,0.0,1,0.0299,134,1320,9.8507,0.1735
Rescorla:pia108,Rescorla:TD:108,data/curated/english_child_transcripts/Rescorla/download_2026-06-01/TD/108/pia108.cha,Rescorla,TD,TD,female,eng,Built from labeled CHAT folder structure.,108.0,92,7.196,7.076,0.3286,650,1,0.0109,0,0,0.0,3,0.0326,0,24,0.2609,0,0,18,2.929,0,9,7.5248,10.2222,1.0,1.0,7,0.095,0.0109,1,0.0109,92,700,7.6087,0.2643
Rescorla:ro2108,Rescorla:TD:108,data/curated/english_child_transcripts/Rescorla/download_2026-06-01/TD/108/ro2108.cha,Rescorla,TD,TD,male,eng,Built from labeled CHAT folder structure.,108.0,123,7.49,7.24,0.3314,872,1,0.0081,0,0,0.0,0,0.0,0,12,0.0976,0,0,14,0.748,0,8,7.3359,15.375,0.875,1.0,7,0.0482,0.0,1,0.0,123,915,7.439,0.2109
Rescorla:ser108,Rescorla:TD:108,data/curated/english_child_transcripts/Rescorla/download_2026-06-01/TD/108/ser108.cha,Rescorla,TD,TD,male,eng,Built from labeled CHAT folder structure.,108.0,197,9.58,9.39,0.3343,1723,0,0.0,0,0,0.0,0,0.0,0,59,0.2995,0,0,14,5.979,0,7,8.9216,28.1429,1.0,1.0,13,0.0384,0.0,0,0.0102,197,1783,9.0508,0.2047
Rescorla:spo108,Rescorla:TD:108,data/curated/english_child_transcripts/Rescorla/download_2026-06-01/TD/108/spo108.cha,Rescorla,TD,TD,male,eng,Built from labeled CHAT folder structure.,108.0,110,10.06,9.6,0.3086,1058,2,0.0182,0,0,0.0,0,0.0,0,21,0.1909,0,0,12,1.078,0,6,9.6379,18.3333,1.0,1.0,1,0.0451,0.0091,2,0.0,110,1074,9.7636,0.2114
Rescorla:ste108,Rescorla:TD:108,data/curated/english_child_transcripts/Rescorla/download_2026-06-01/TD/108/ste108.cha,Rescorla,TD,TD,male,eng,Built from labeled CHAT folder structure.,108.0,85,6.824,6.718,0.3514,571,0,0.0,0,0,0.0,0,0.0,0,28,0.3294,0,0,16,18.974,0,8,7.2903,10.625,1.0,1.0,8,0.0479,0.0,0,0.0,85,620,7.2941,0.2726
Rescorla:tan108,Rescorla:TD:108,data/curated/english_child_transcripts/Rescorla/download_2026-06-01/TD/108/tan108.cha,Rescorla,TD,TD,male,eng,Built from labeled CHAT folder structure.,108.0,114,7.62,7.31,0.3457,815,0,0.0,0,0,0.0,2,0.0175,0,37,0.3246,0,0,16,1.05,0,8,7.4262,14.25,1.0,1.0,5,0.076,0.0,0,0.0,114,844,7.4035,0.2382
Rescorla:tro108,Rescorla:TD:108,data/curated/english_child_transcripts/Rescorla/download_2026-06-01/TD/108/tro108.cha,Rescorla,TD,TD,male,eng,Built from labeled CHAT folder structure.,108.0,80,7.838,7.787,0.3343,623,0,0.0,0,0,0.0,0,0.0,0,29,0.3625,0,0,16,1.683,0,9,7.5506,8.8889,0.8889,1.0,4,0.0406,0.0,0,0.0,80,626,7.825,0.2588
Rescorla:cla156,Rescorla:TD:156,data/curated/english_child_transcripts/Rescorla/download_2026-06-01/TD/156/cla156.cha,Rescorla,TD,TD,,eng,Built from labeled CHAT folder structure.,,880,4.36,4.12,0.5114,3999,0,0.0,0,0,0.0,16,0.0182,0,373,0.4239,1701,0,877,1.204,3,1701,4.3909,0.5173,0.2575,0.0,274,0.204,0.0045,0,0.0,880,4033,4.583,0.2879
Rescorla:lav156,Rescorla:TD:156,data/curated/english_child_transcripts/Rescorla/download_2026-06-01/TD/156/lav156.cha,Rescorla,TD,TD,,eng,Built from labeled CHAT folder structure.,,445,3.91,3.77,0.46,2534,0,0.0,0,0,0.0,12,0.027,1,344,0.773,1389,0,422,2.362,2,1389,4.855,0.3204,0.1519,0.0,112,0.1977,0.0022,0,0.0,445,2583,5.8045,0.3473
Rescorla:pia156,Rescorla:TD:156,data/curated/english_child_transcripts/Rescorla/download_2026-06-01/TD/156/pia156.cha,Rescorla,TD,TD,,eng,Built from labeled CHAT folder structure.,,516,4.14,3.9,0.4543,2606,0,0.0,0,0,0.0,18,0.0349,0,178,0.345,695,0,459,3.222,5,695,4.6268,0.7424,0.3309,0.0,124,0.2132,0.0039,0,0.0,516,2662,5.1589,0.3302
Rescorla:spo156,Rescorla:TD:156,data/curated/english_child_transcripts/Rescorla/download_2026-06-01/TD/156/spo156.cha,Rescorla,TD,TD,,eng,Built from labeled CHAT folder structure.,,540,2.65,2.57,0.4943,2152,0,0.0,0,0,0.0,10,0.0185,0,393,0.7278,1318,0,701,5.248,5,1318,4.415,0.4097,0.2663,0.0,180,0.2344,0.0,0,0.0,540,2182,4.0407,0.3712
Rescorla:ste156,Rescorla:TD:156,data/curated/english_child_transcripts/Rescorla/download_2026-06-01/TD/156/ste156.cha,Rescorla,TD,TD,,eng,Built from labeled CHAT folder structure.,,537,2.87,2.75,0.56,2495,0,0.0,0,0,0.0,20,0.0372,0,252,0.4693,824,0,552,2.626,2,824,4.5077,0.6517,0.335,0.0,210,0.2002,0.0019,0,0.0,537,2527,4.7058,0.3494
Rescorla:tan156,Rescorla:TD:156,data/curated/english_child_transcripts/Rescorla/download_2026-06-01/TD/156/tan156.cha,Rescorla,TD,TD,,eng,Built from labeled CHAT folder structure.,,1010,5.8,5.59,0.4371,5217,0,0.0,0,0,0.0,18,0.0178,0,347,0.3436,1629,0,761,1.395,3,1629,4.7135,0.62,0.2339,0.0,324,0.1865,0.0168,0,0.0,1010,5311,5.2584,0.2655
Rescorla:tro156,Rescorla:TD:156,data/curated/english_child_transcripts/Rescorla/download_2026-06-01/TD/156/tro156.cha,Rescorla,TD,TD,,eng,Built from labeled CHAT folder structure.,,595,4.57,4.45,0.52,2828,0,0.0,0,0,0.0,9,0.0151,0,344,0.5782,1122,0,593,4.176,3,1122,5.0745,0.5303,0.2647,0.0,197,0.2327,0.0017,0,0.0,595,2867,4.8185,0.3101
Rescorla:bar36,Rescorla:TD:36/0nomedia,data/curated/english_child_transcripts/Rescorla/download_2026-06-01/TD/36/0nomedia/bar36.cha,Rescorla,TD,TD,male,eng,Built from labeled CHAT folder structure.,36.0,170,2.89,2.74,0.3143,442,6,0.0353,4,0,0.0353,3,0.0176,0,0,0.0,1,174,221,0.0,0,175,4.4522,0.9714,0.6286,0.8644,102,0.0872,0.0,6,0.0059,170,519,3.0529,0.264
Rescorla:big36,Rescorla:TD:36/0nomedia,data/curated/english_child_transcripts/Rescorla/download_2026-06-01/TD/36/0nomedia/big36.cha,Rescorla,TD,TD,male,eng,Built from labeled CHAT folder structure.,36.0,147,3.97,3.55,0.3114,511,1,0.0068,0,0,0.1701,7,0.0476,0,0,0.0,0,118,183,0.0,0,118,4.2717,1.2458,0.7797,0.766,29,0.0673,0.0136,1,0.0,147,599,4.0748,0.2838
Rescorla:cla36,Rescorla:TD:36/0nomedia,data/curated/english_child_transcripts/Rescorla/download_2026-06-01/TD/36/0nomedia/cla36.cha,Rescorla,TD,TD,male,eng,Built from labeled CHAT folder structure.,36.0,164,2.38,2.5,0.3914,386,8,0.0488,36,0,0.122,2,0.0122,0,0,0.0,10,399,291,0.0,1,409,4.1675,0.401,0.3472,0.6639,28,0.0986,0.0183,8,0.0,164,408,2.4878,0.4118
Rescorla:lav36,Rescorla:TD:36/0nomedia,data/curated/english_child_transcripts/Rescorla/download_2026-06-01/TD/36/0nomedia/lav36.cha,Rescorla,TD,TD,male,eng,Built from labeled CHAT folder structure.,36.0,125,3.57,3.46,0.34,431,2,0.016,6,0,0.264,2,0.016,0,0,0.0,9,133,184,0.0,0,164,4.2388,0.7622,0.5061,0.8276,19,0.062,0.0,2,0.0,125,500,4.0,0.33
Rescorla:aik36,Rescorla:TD:36,data/curated/english_child_transcripts/Rescorla/download_2026-06-01/TD/36/aik36.cha,Rescorla,TD,TD,male,eng,Built from labeled CHAT folder structure.,36.0,129,4.1,3.6,0.3943,437,3,0.0233,2,0,0.0,8,0.062,0,55,0.4264,17,98,123,2.635,0,115,3.8238,1.1217,0.513,0.5405,15,0.1078,0.0,3,0.0,129,469,3.6357,0.3667
Rescorla:ant36,Rescorla:TD:36,data/curated/english_child_transcripts/Rescorla/download_2026-06-01/TD/36/ant36.cha,Rescorla,TD,TD,male,eng,Built from labeled CHAT folder structure.,36.0,137,3.12,2.92,0.3429,376,6,0.0438,15,0,0.0657,0,0.0,0,62,0.4526,1,164,188,2.593,0,165,3.096,0.8303,0.5697,0.6508,20,0.1225,0.0146,6,0.0657,137,396,2.8905,0.3586
Rescorla:axl36,Rescorla:TD:36,data/curated/english_child_transcripts/Rescorla/download_2026-06-01/TD/36/axl36.cha,Rescorla,TD,TD,male,eng,Built from labeled CHAT folder structure.,36.0,168,3.53,3.29,0.3657,480,10,0.0595,9,0,0.0476,3,0.0179,0,51,0.3036,34,239,246,1.606,1,273,4.22,0.6154,0.3919,0.5778,45,0.1332,0.0,10,0.0,168,539,3.2083,0.308
Rescorla:des36,Rescorla:TD:36,data/curated/english_child_transcripts/Rescorla/download_2026-06-01/TD/36/des36.cha,Rescorla,TD,TD,male,eng,Built from labeled CHAT folder structure.,36.0,166,2.52,2.56,0.3486,418,6,0.0361,18,0,0.0542,3,0.0181,0,67,0.4036,1,220,169,3.908,1,221,3.2351,0.7511,0.3801,0.4857,22,0.1012,0.012,6,0.0,166,449,2.7048,0.3742
Rescorla:det36,Rescorla:TD:36,data/curated/english_child_transcripts/Rescorla/download_2026-06-01/TD/36/det36.cha,Rescorla,TD,TD,male,eng,Built from labeled CHAT folder structure.,36.0,138,4.78,4.43,0.4057,603,3,0.0217,2,0,0.0362,3,0.0217,0,37,0.2681,8,146,156,2.923,3,154,4.8767,0.8961,0.487,0.6,34,0.1345,0.0145,3,0.0,138,677,4.9058,0.3146
Rescorla:gr36a,Rescorla:TD:36,data/curated/english_child_transcripts/Rescorla/download_2026-06-01/TD/36/gr36a.cha,Rescorla,TD,TD,male,eng,Built from labeled CHAT folder structure.,36.0,114,4.03,3.69,0.3629,403,4,0.0351,2,0,0.0526,4,0.0351,0,28,0.2456,9,83,120,3.537,3,92,3.9466,1.2391,0.6087,0.6452,19,0.1172,0.0175,4,0.0,114,423,3.7105,0.357
Rescorla:gr36b,Rescorla:TD:36,data/curated/english_child_transcripts/Rescorla/download_2026-06-01/TD/36/gr36b.cha,Rescorla,TD,TD,male,eng,Built from labeled CHAT folder structure.,36.0,143,3.03,2.95,0.3429,421,9,0.0629,6,0,0.035,3,0.021,0,49,0.3427,1,130,128,4.084,0,131,3.8467,1.0916,0.4885,0.62,22,0.0883,0.0,9,0.0,143,452,3.1608,0.3407
Rescorla:ham36,Rescorla:TD:36,data/curated/english_child_transcripts/Rescorla/download_2026-06-01/TD/36/ham36.cha,Rescorla,TD,TD,male,eng,Built from labeled CHAT folder structure.,36.0,127,3.87,3.7,0.3943,478,5,0.0394,2,0,0.0866,1,0.0079,0,59,0.4646,22,129,157,4.535,0,151,4.518,0.8411,0.4901,0.5714,15,0.0796,0.0,5,0.0,127,498,3.9213,0.3755
Rescorla:ker36,Rescorla:TD:36,data/curated/english_child_transcripts/Rescorla/download_2026-06-01/TD/36/ker36.cha,Rescorla,TD,TD,male,eng,Built from labeled CHAT folder structure.,36.0,177,2.31,2.3,0.3029,363,5,0.0282,31,0,0.0226,1,0.0056,0,69,0.3898,20,280,218,2.203,0,300,3.3941,0.59,0.3333,0.3669,47,0.1,0.0,5,0.0,177,404,2.2825,0.3069
Rescorla:mah36,Rescorla:TD:36,data/curated/english_child_transcripts/Rescorla/download_2026-06-01/TD/36/mah36.cha,Rescorla,TD,TD,male,eng,Built from labeled CHAT folder structure.,36.0,218,1.47,1.75,0.3486,290,3,0.0138,85,0,0.0413,7,0.0321,0,114,0.5229,17,430,253,4.017,0,447,4.0947,0.4877,0.2707,0.3034,31,0.0717,0.0,3,0.0,218,312,1.4312,0.4679
Rescorla:mce36,Rescorla:TD:36,data/curated/english_child_transcripts/Rescorla/download_2026-06-01/TD/36/mce36.cha,Rescorla,TD,TD,,eng,Built from labeled CHAT folder structure.,36.0,100,3.37,2.96,0.402,296,0,0.0,0,0,0.0,0,0.0,0,61,0.61,0,0,0,0.0,0,0,3.13,0.0,0.0,0.0,30,0.0,0.0,0,0.0,100,313,3.13,0.3898
Rescorla:pem36,Rescorla:TD:36,data/curated/english_child_transcripts/Rescorla/download_2026-06-01/TD/36/pem36.cha,Rescorla,TD,TD,male,eng,Built from labeled CHAT folder structure.,36.0,164,3.36,3.3,0.3886,462,2,0.0122,31,0,0.0488,2,0.0122,0,59,0.3598,9,275,209,7.098,0,284,4.1987,0.5775,0.3486,0.5766,30,0.0886,0.0,2,0.0,164,475,2.8963,0.3453
Rescorla:ser36,Rescorla:TD:36,data/curated/english_child_transcripts/Rescorla/download_2026-06-01/TD/36/ser36.cha,Rescorla,TD,TD,male,eng,Built from labeled CHAT folder structure.,36.0,156,2.59,2.44,0.3514,406,1,0.0064,15,0,0.0641,9,0.0577,0,55,0.3526,3,197,173,3.181,0,200,3.7725,0.78,0.43,0.5169,46,0.0725,0.0064,1,0.0,156,443,2.8397,0.3341
Rescorla:spo36,Rescorla:TD:36,data/curated/english_child_transcripts/Rescorla/download_2026-06-01/TD/36/spo36.cha,Rescorla,TD,TD,male,eng,Built from labeled CHAT folder structure.,36.0,117,3.06,2.88,0.3761,330,2,0.0171,3,0,0.0256,3,0.0256,0,31,0.265,2,129,136,2.035,0,131,3.2621,0.8931,0.5115,0.6949,21,0.0697,0.0,2,0.0,117,352,3.0085,0.3722
Rescorla:spo48,Rescorla:TD:48/0nomedia,data/curated/english_child_transcripts/Rescorla/download_2026-06-01/TD/48/0nomedia/spo48.cha,Rescorla,TD,TD,male,eng,Built from labeled CHAT folder structure.,48.0,138,3.52,3.37,0.36,434,9,0.0652,5,0,0.2391,1,0.0072,0,0,0.0,0,125,158,0.0,2,131,3.4833,1.0534,0.5954,0.75,20,0.092,0.0217,9,0.0,138,453,3.2826,0.3355
Rescorla:aik48,Rescorla:TD:48,data/curated/english_child_transcripts/Rescorla/download_2026-06-01/TD/48/aik48.cha,Rescorla,TD,TD,male,eng,Built from labeled CHAT folder structure.,48.0,154,4.0,3.73,0.4057,609,1,0.0065,2,0,0.0195,5,0.0325,0,52,0.3377,0,107,129,3.054,0,107,4.3103,1.4393,0.5981,0.7297,34,0.0816,0.013,1,0.0,154,624,4.0519,0.3189
Rescorla:ant48,Rescorla:TD:48,data/curated/english_child_transcripts/Rescorla/download_2026-06-01/TD/48/ant48.cha,Rescorla,TD,TD,male,eng,Built from labeled CHAT folder structure.,48.0,188,3.65,3.43,0.4114,649,20,0.1064,6,0,0.0372,4,0.0213,1,76,0.4043,0,146,208,23.472,0,146,3.497,1.2877,0.7123,0.7,26,0.0976,0.0266,20,0.0,188,693,3.6862,0.3102
Rescorla:bar48,Rescorla:TD:48,data/curated/english_child_transcripts/Rescorla/download_2026-06-01/TD/48/bar48.cha,Rescorla,TD,TD,male,eng,Built from labeled CHAT folder structure.,48.0,152,2.95,2.77,0.4114,418,3,0.0197,0,0,0.0132,1,0.0066,0,19,0.125,14,177,181,0.891,0,191,4.2624,0.7958,0.4503,0.6098,42,0.0666,0.0132,3,0.0,152,439,2.8882,0.3713
Rescorla:bre48,Rescorla:TD:48,data/curated/english_child_transcripts/Rescorla/download_2026-06-01/TD/48/bre48.cha,Rescorla,TD,TD,,eng,Built from labeled CHAT folder structure.,,84,4.464,4.357,0.3857,366,0,0.0,0,0,0.0,0,0.0,0,65,0.7738,10,159,169,3.049,0,169,6.1225,0.497,0.4675,0.2222,16,0.1081,0.0,0,0.0,84,389,4.631,0.3548
Rescorla:cla48,Rescorla:TD:48,data/curated/english_child_transcripts/Rescorla/download_2026-06-01/TD/48/cla48.cha,Rescorla,TD,TD,male,eng,Built from labeled CHAT folder structure.,48.0,169,3.94,3.63,0.3943,656,8,0.0473,0,0,0.0,2,0.0118,0,99,0.5858,0,220,211,2.817,0,231,4.7525,0.7316,0.4416,0.5385,44,0.0829,0.0,9,0.0,169,688,4.071,0.2892
Rescorla:det48,Rescorla:TD:48,data/curated/english_child_transcripts/Rescorla/download_2026-06-01/TD/48/det48.cha,Rescorla,TD,TD,male,eng,Built from labeled CHAT folder structure.,48.0,193,4.96,4.53,0.3829,821,20,0.1036,1,0,0.0,1,0.0052,0,99,0.513,0,262,249,2.312,1,271,5.3707,0.7122,0.4391,0.5435,81,0.0979,0.0155,20,0.0,193,939,4.8653,0.2609
Rescorla:gr148,Rescorla:TD:48,data/curated/english_child_transcripts/Rescorla/download_2026-06-01/TD/48/gr148.cha,Rescorla,TD,TD,male,eng,Built from labeled CHAT folder structure.,48.0,238,3.75,3.69,0.4229,882,46,0.1933,0,0,0.0672,5,0.021,0,49,0.2059,25,213,267,12.22,0,238,4.1176,1.0,0.5336,0.4769,46,0.1026,0.0042,49,0.0042,238,905,3.8025,0.2829
Rescorla:gr248,Rescorla:TD:48,data/curated/english_child_transcripts/Rescorla/download_2026-06-01/TD/48/gr248.cha,Rescorla,TD,TD,male,eng,Built from labeled CHAT folder structure.,48.0,165,4.07,3.69,0.3914,613,11,0.0667,0,0,0.0545,6,0.0364,0,57,0.3455,0,161,192,18.309,0,161,3.6319,1.0248,0.5963,0.6207,37,0.0889,0.0,11,0.0,165,627,3.8,0.3158
Rescorla:ham48,Rescorla:TD:48,data/curated/english_child_transcripts/Rescorla/download_2026-06-01/TD/48/ham48.cha,Rescorla,TD,TD,male,eng,Built from labeled CHAT folder structure.,48.0,150,3.17,3.02,0.4286,451,6,0.04,4,0,0.0133,2,0.0133,0,69,0.46,0,145,133,3.154,0,145,4.1593,1.0345,0.4621,0.5682,12,0.0722,0.0,6,0.0,150,463,3.0867,0.4039
Rescorla:ker48,Rescorla:TD:48,data/curated/english_child_transcripts/Rescorla/download_2026-06-01/TD/48/ker48.cha,Rescorla,TD,TD,male,eng,Built from labeled CHAT folder structure.,48.0,241,2.28,2.24,0.3714,628,43,0.1784,9,0,0.0041,3,0.0124,0,84,0.3485,2,385,291,1.705,0,387,4.078,0.6227,0.3747,0.4286,83,0.1318,0.0041,47,0.0,241,698,2.8963,0.288
Rescorla:lav48,Rescorla:TD:48,data/curated/english_child_transcripts/Rescorla/download_2026-06-01/TD/48/lav48.cha,Rescorla,TD,TD,male,eng,Built from labeled CHAT folder structure.,49.0,194,4.26,4.11,0.4257,790,16,0.0825,3,0,0.0103,1,0.0052,1,64,0.3299,0,194,191,2.812,0,194,4.0928,1.0,0.4897,0.6522,23,0.0646,0.0155,16,0.0,194,834,4.299,0.2794
Rescorla:mar48,Rescorla:TD:48,data/curated/english_child_transcripts/Rescorla/download_2026-06-01/TD/48/mar48.cha,Rescorla,TD,TD,,eng,Built from labeled CHAT folder structure.,,103,5.84,5.47,0.4371,566,1,0.0097,0,0,0.0,1,0.0097,0,34,0.3301,8,127,168,1.774,7,135,6.1555,0.763,0.6222,0.1429,12,0.1329,0.0194,1,0.0,103,592,5.7476,0.3294
Rescorla:pem48,Rescorla:TD:48,data/curated/english_child_transcripts/Rescorla/download_2026-06-01/TD/48/pem48.cha,Rescorla,TD,TD,male,eng,Built from labeled CHAT folder structure.,48.0,242,4.34,4.03,0.3829,916,10,0.0413,2,0,0.0124,4,0.0165,1,93,0.3843,0,159,176,4.269,0,159,4.3641,1.522,0.5535,0.5455,78,0.0553,0.0083,10,0.0579,242,959,3.9628,0.2565
Rescorla:pia48,Rescorla:TD:48,data/curated/english_child_transcripts/Rescorla/download_2026-06-01/TD/48/pia48.cha,Rescorla,TD,TD,female,eng,Built from labeled CHAT folder structure.,48.0,216,3.08,3.03,0.4057,622,16,0.0741,4,0,0.0046,4,0.0185,1,84,0.3889,0,237,204,2.959,2,243,3.5599,0.8889,0.4115,0.5342,61,0.0687,0.0139,16,0.0,216,638,2.9537,0.3182
Rescorla:ser48,Rescorla:TD:48,data/curated/english_child_transcripts/Rescorla/download_2026-06-01/TD/48/ser48.cha,Rescorla,TD,TD,male,eng,Built from labeled CHAT folder structure.,48.0,194,2.63,2.43,0.4057,453,31,0.1598,1,0,0.0103,1,0.0052,1,77,0.3969,19,176,187,6.608,0,195,3.4602,0.9949,0.4718,0.5957,69,0.0715,0.0052,32,0.0,194,469,2.4175,0.3646
Rescorla:tan48,Rescorla:TD:48,data/curated/english_child_transcripts/Rescorla/download_2026-06-01/TD/48/tan48.cha,Rescorla,TD,TD,male,eng,Built from labeled CHAT folder structure.,48.0,167,2.78,2.62,0.4143,416,16,0.0958,4,0,0.024,7,0.0419,0,45,0.2695,0,91,112,8.559,2,92,3.2625,1.8152,0.5978,0.6818,34,0.0707,0.0,16,0.0,167,427,2.5569,0.3958
Rescorla:gr260,Rescorla:TD:60/0nomedia,data/curated/english_child_transcripts/Rescorla/download_2026-06-01/TD/60/0nomedia/gr260.cha,Rescorla,TD,TD,male,eng,Built from labeled CHAT folder structure.,60.0,138,3.47,3.27,0.4171,439,12,0.087,0,0,0.1594,2,0.0145,0,0,0.0,0,186,181,0.0,0,186,3.8889,0.7419,0.4839,0.5833,20,0.0947,0.0072,12,0.0,138,444,3.2174,0.3941
Rescorla:pia60,Rescorla:TD:60/0nomedia,data/curated/english_child_transcripts/Rescorla/download_2026-06-01/TD/60/0nomedia/pia60.cha,Rescorla,TD,TD,female,eng,Built from labeled CHAT folder structure.,60.0,129,3.64,3.41,0.4543,400,8,0.062,1,0,0.0465,3,0.0233,1,0,0.0,3,246,199,0.0,0,249,4.4365,0.5181,0.3936,0.5352,30,0.06,0.0078,8,0.0,129,426,3.3023,0.4131
Rescorla:aik60,Rescorla:TD:60,data/curated/english_child_transcripts/Rescorla/download_2026-06-01/TD/60/aik60.cha,Rescorla,TD,TD,male,eng,Built from labeled CHAT folder structure.,60.0,131,4.05,3.9,0.4257,493,7,0.0534,1,0,0.084,0,0.0,0,43,0.3282,0,108,128,4.481,0,108,4.2385,1.213,0.5926,0.75,26,0.0598,0.0,7,0.0,131,504,3.8473,0.3651
Rescorla:axl60,Rescorla:TD:60,data/curated/english_child_transcripts/Rescorla/download_2026-06-01/TD/60/axl60.cha,Rescorla,TD,TD,male,eng,Built from labeled CHAT folder structure.,60.0,160,3.09,2.89,0.42,464,7,0.0437,2,0,0.0187,2,0.0125,0,39,0.2437,0,219,187,1.421,0,219,4.4459,0.7306,0.4247,0.5641,54,0.0951,0.0125,7,0.0063,160,490,3.0625,0.3592
Rescorla:big60,Rescorla:TD:60,data/curated/english_child_transcripts/Rescorla/download_2026-06-01/TD/60/big60.cha,Rescorla,TD,TD,,eng,Built from labeled CHAT folder structure.,60.0,148,2.94,2.72,0.4314,392,10,0.0676,4,0,0.0203,2,0.0135,0,58,0.3919,0,189,147,2.341,1,189,4.1335,0.7831,0.3862,0.4848,32,0.1022,0.0338,10,0.0,148,415,2.8041,0.4048
Rescorla:bri60,Rescorla:TD:60,data/curated/english_child_transcripts/Rescorla/download_2026-06-01/TD/60/bri60.cha,Rescorla,TD,TD,male,eng,Built from labeled CHAT folder structure.,61.0,139,3.13,2.96,0.3714,411,4,0.0288,0,0,0.0144,4,0.0288,0,38,0.2734,0,92,99,3.967,0,92,3.1688,1.5109,0.5326,0.625,34,0.0462,0.0072,4,0.0,139,426,3.0647,0.331
Rescorla:cla60,Rescorla:TD:60,data/curated/english_child_transcripts/Rescorla/download_2026-06-01/TD/60/cla60.cha,Rescorla,TD,TD,male,eng,Built from labeled CHAT folder structure.,60.0,131,4.81,4.45,0.3629,593,3,0.0229,1,0,0.0763,2,0.0153,0,34,0.2595,0,112,113,1.703,0,112,4.8354,1.1696,0.5089,0.6296,35,0.0911,0.0,3,0.0,131,649,4.9542,0.302
Rescorla:det60,Rescorla:TD:60,data/curated/english_child_transcripts/Rescorla/download_2026-06-01/TD/60/det60.cha,Rescorla,TD,TD,male,eng,Built from labeled CHAT folder structure.,60.0,129,4.35,3.99,0.42,530,2,0.0155,4,0,0.0543,1,0.0078,0,60,0.4651,0,179,126,3.022,0,179,4.8604,0.7207,0.352,0.3617,17,0.0912,0.0078,2,0.0,129,572,4.4341,0.3514
Rescorla:gr160,Rescorla:TD:60,data/curated/english_child_transcripts/Rescorla/download_2026-06-01/TD/60/gr160.cha,Rescorla,TD,TD,male,eng,Built from labeled CHAT folder structure.,60.0,139,3.85,3.74,0.4171,512,7,0.0504,1,0,0.0144,1,0.0072,1,49,0.3525,4,139,162,2.217,0,143,4.422,0.972,0.5594,0.725,25,0.089,0.0216,7,0.0,139,521,3.7482,0.3608
Rescorla:ham60,Rescorla:TD:60,data/curated/english_child_transcripts/Rescorla/download_2026-06-01/TD/60/ham60.cha,Rescorla,TD,TD,male,eng,Built from labeled CHAT folder structure.,60.0,123,3.62,3.43,0.3914,426,4,0.0325,2,0,0.0244,0,0.0,1,52,0.4228,10,110,130,2.721,0,120,4.2305,1.025,0.5167,0.6765,15,0.0735,0.0081,4,0.0,123,446,3.626,0.37
Rescorla:ker60,Rescorla:TD:60,data/curated/english_child_transcripts/Rescorla/download_2026-06-01/TD/60/ker60.cha,Rescorla,TD,TD,male,eng,Built from labeled CHAT folder structure.,60.0,148,2.93,2.77,0.4114,394,2,0.0135,5,0,0.0135,4,0.027,0,44,0.2973,0,134,166,1.748,0,154,3.5166,0.961,0.5065,0.5714,38,0.1027,0.0068,2,0.0,148,416,2.8108,0.3894
Rescorla:lav60,Rescorla:TD:60,data/curated/english_child_transcripts/Rescorla/download_2026-06-01/TD/60/lav60.cha,Rescorla,TD,TD,male,eng,Built from labeled CHAT folder structure.,60.0,128,3.93,3.77,0.4286,472,6,0.0469,6,0,0.0391,0,0.0,0,52,0.4062,0,171,153,3.081,1,177,4.0393,0.7232,0.4294,0.5208,17,0.0533,0.0078,6,0.0,128,493,3.8516,0.3976
Rescorla:mah60,Rescorla:TD:60,data/curated/english_child_transcripts/Rescorla/download_2026-06-01/TD/60/mah60.cha,Rescorla,TD,TD,male,eng,Built from labeled CHAT folder structure.,60.0,158,3.1,2.89,0.3857,458,4,0.0253,0,0,0.057,2,0.0127,1,71,0.4494,0,292,172,2.061,0,292,4.1067,0.5411,0.2945,0.4505,60,0.0959,0.019,4,0.0,158,491,3.1076,0.3462
Rescorla:pem60,Rescorla:TD:60,data/curated/english_child_transcripts/Rescorla/download_2026-06-01/TD/60/pem60.cha,Rescorla,TD,TD,male,eng,Built from labeled CHAT folder structure.,60.0,131,3.9,3.71,0.4286,484,4,0.0305,5,0,0.0153,1,0.0076,1,45,0.3435,0,99,99,6.026,0,99,4.0783,1.3232,0.4949,0.4524,19,0.0556,0.0076,4,0.0,131,495,3.7786,0.3859
Rescorla:per60,Rescorla:TD:60,data/curated/english_child_transcripts/Rescorla/download_2026-06-01/TD/60/per60.cha,Rescorla,TD,TD,male,eng,Built from labeled CHAT folder structure.,60.0,128,4.79,4.28,0.4,573,3,0.0234,0,0,0.0,3,0.0234,0,45,0.3516,1,210,175,1.551,0,211,5.174,0.6066,0.4123,0.5641,17,0.0666,0.0156,3,0.0,128,591,4.6172,0.3096
Rescorla:ser60,Rescorla:TD:60,data/curated/english_child_transcripts/Rescorla/download_2026-06-01/TD/60/ser60.cha,Rescorla,TD,TD,male,eng,Built from labeled CHAT folder structure.,60.0,106,2.71,2.7,0.4393,262,6,0.0566,14,0,0.0849,2,0.0189,1,54,0.5094,10,152,152,5.083,0,180,3.6399,0.5889,0.4,0.54,27,0.1029,0.0094,6,0.0,106,265,2.5,0.4528
Rescorla:spo60,Rescorla:TD:60,data/curated/english_child_transcripts/Rescorla/download_2026-06-01/TD/60/spo60.cha,Rescorla,TD,TD,male,eng,Built from labeled CHAT folder structure.,60.0,151,3.94,3.85,0.4057,537,7,0.0464,6,0,0.0199,0,0.0,0,57,0.3775,202,39,205,1.357,1,241,4.1173,0.6266,0.4066,0.4559,37,0.0668,0.0,7,0.0,151,588,3.894,0.3197
Rescorla:ste60,Rescorla:TD:60,data/curated/english_child_transcripts/Rescorla/download_2026-06-01/TD/60/ste60.cha,Rescorla,TD,TD,male,eng,Built from labeled CHAT folder structure.,60.0,129,3.37,3.27,0.3829,430,2,0.0155,6,0,0.0,2,0.0155,0,41,0.3178,0,191,166,6.114,0,193,4.2236,0.6684,0.4197,0.5606,18,0.0809,0.0078,2,0.0,129,453,3.5116,0.3532
Rescorla:tan60,Rescorla:TD:60,data/curated/english_child_transcripts/Rescorla/download_2026-06-01/TD/60/tan60.cha,Rescorla,TD,TD,male,eng,Built from labeled CHAT folder structure.,60.0,152,3.43,3.42,0.42,476,22,0.1447,0,0,0.0592,1,0.0066,0,43,0.2829,4,72,102,5.478,5,76,3.5965,2.0,0.6579,0.6522,22,0.0383,0.0066,22,0.0,152,485,3.1908,0.3918
Rescorla:wal60,Rescorla:TD:60,data/curated/english_child_transcripts/Rescorla/download_2026-06-01/TD/60/wal60.cha,Rescorla,TD,TD,male,eng,Built from labeled CHAT folder structure.,60.0,141,3.52,3.28,0.4457,480,9,0.0638,0,0,0.0142,8,0.0567,0,61,0.4326,8,128,168,2.275,0,136,4.0181,1.0368,0.5956,0.7442,31,0.1179,0.0,9,0.0,141,501,3.5532,0.3892
