bank,corpus,source_status,download_date,source_path,raw_mirror_path,file_role,file_extension,file_size_bytes,sha256,copied_to_raw_mirror,parse_status,qc_status,qc_notes,languages_raw,participants_raw,id_count,has_begin,has_end,has_participants,has_id,has_chi_id,has_chi_tier,child_utterance_count,child_token_count
CHILDES,Ambrose,raw_download,2026-05-31,/private/tmp/talkbank_intake_20260531/AmbroseSplit/HL/0metadata.cdc,data/raw/talkbank/CHILDES/Ambrose/download_2026-05-31/HL/0metadata.cdc,sidecar,.cdc,223,452abb58326ef214de80c98cb35d311be9edc9a62435468b0b59d4cad74a47e8,True,not_applicable,not_applicable,,,,0,False,False,False,False,False,False,0,0
CHILDES,Ambrose,raw_download,2026-05-31,/private/tmp/talkbank_intake_20260531/AmbroseSplit/HL/0types.txt,data/raw/talkbank/CHILDES/Ambrose/download_2026-05-31/HL/0types.txt,sidecar,.txt,26,29a717ce8b6369cdbc95f771ce200cc75557c8039abae78e608d5e3c08afcebd,True,not_applicable,not_applicable,,,,0,False,False,False,False,False,False,0,0
CHILDES,Ambrose,raw_download,2026-05-31,/private/tmp/talkbank_intake_20260531/AmbroseSplit/HL/13/51SA_14.cha,data/raw/talkbank/CHILDES/Ambrose/download_2026-05-31/HL/13/51SA_14.cha,transcript,.cha,27219,0efea3e437907e70df87a67638af1b02f441419a9466151a03d9cb2e8cac323e,True,pass,pass,,eng,"CHI Target_Child, MOT Mother",2,True,True,True,True,True,True,131,8
CHILDES,Ambrose,raw_download,2026-05-31,/private/tmp/talkbank_intake_20260531/AmbroseSplit/HL/13/52CC_13.cha,data/raw/talkbank/CHILDES/Ambrose/download_2026-05-31/HL/13/52CC_13.cha,transcript,.cha,63125,46a87c5f0f3c6eff495d7c7b8ae8d2928620bf03ccc757dc3502cb3033dfdfb3,True,pass,pass,,eng,"MOT Mother, CHI Target_Child",2,True,True,True,True,True,True,107,3
CHILDES,Ambrose,raw_download,2026-05-31,/private/tmp/talkbank_intake_20260531/AmbroseSplit/HL/13/57ZK_13.cha,data/raw/talkbank/CHILDES/Ambrose/download_2026-05-31/HL/13/57ZK_13.cha,transcript,.cha,43685,b449f6209011106610d12d9ea470c26753f43205e8a289d654a5befe03907b05,True,pass,pass,,eng,"MOT Mother, CHI Target_Child",2,True,True,True,True,True,True,78,46
CHILDES,Ambrose,raw_download,2026-05-31,/private/tmp/talkbank_intake_20260531/AmbroseSplit/HL/13/58LL_13.cha,data/raw/talkbank/CHILDES/Ambrose/download_2026-05-31/HL/13/58LL_13.cha,transcript,.cha,87755,91da0097949eeb11a49efee31e08ec63eea75324d510a429afb7987d35accbbf,True,pass,pass,,eng,"MOT Mother, CHI Target_Child",2,True,True,True,True,True,True,83,86
CHILDES,Ambrose,raw_download,2026-05-31,/private/tmp/talkbank_intake_20260531/AmbroseSplit/HL/13/60CS_13.cha,data/raw/talkbank/CHILDES/Ambrose/download_2026-05-31/HL/13/60CS_13.cha,transcript,.cha,66654,456a42e99be15c866b17caee11524314d062e5b2a518710d0f8916c17f92be2c,True,pass,pass,,eng,"MOT Mother, CHI Target_Child",2,True,True,True,True,True,True,37,40
CHILDES,Ambrose,raw_download,2026-05-31,/private/tmp/talkbank_intake_20260531/AmbroseSplit/HL/13/61MC_15.cha,data/raw/talkbank/CHILDES/Ambrose/download_2026-05-31/HL/13/61MC_15.cha,transcript,.cha,30975,ae504125711f78b8e545a907b96d827fbc391a46896b4145fa169e1f88edf2b7,True,pass,pass,,eng,"MOT Mother, CHI Target_Child",2,True,True,True,True,True,True,166,7
CHILDES,Ambrose,raw_download,2026-05-31,/private/tmp/talkbank_intake_20260531/AmbroseSplit/HL/13/66JP_13.cha,data/raw/talkbank/CHILDES/Ambrose/download_2026-05-31/HL/13/66JP_13.cha,transcript,.cha,72604,ca840abf27343ed621f06af2ba7da9782bb015ec6e6ee1cf821e4973fe643ab0,True,pass,pass,,eng,"MOT Mother, CHI Target_Child",2,True,True,True,True,True,True,7,2
CHILDES,Ambrose,raw_download,2026-05-31,/private/tmp/talkbank_intake_20260531/AmbroseSplit/HL/13/70JW_13.cha,data/raw/talkbank/CHILDES/Ambrose/download_2026-05-31/HL/13/70JW_13.cha,transcript,.cha,44367,72e6af89f3d674eecb170a5bc70778c2b77d113594aa66110e266c56c79dfa36,True,pass,pass,,eng,"MOT Mother, CHI Target_Child",2,True,True,True,True,True,True,82,18
CHILDES,Ambrose,raw_download,2026-05-31,/private/tmp/talkbank_intake_20260531/AmbroseSplit/HL/13/74LA_13.cha,data/raw/talkbank/CHILDES/Ambrose/download_2026-05-31/HL/13/74LA_13.cha,transcript,.cha,90485,eae5d3010962ba5c0ee9fa6f2f96453db396d7074033ce8a382117e6fa818e5c,True,pass,pass,,eng,"MOT Mother, CHI Target_Child",2,True,True,True,True,True,True,111,19
CHILDES,Ambrose,raw_download,2026-05-31,/private/tmp/talkbank_intake_20260531/AmbroseSplit/HL/13/76AM_13.cha,data/raw/talkbank/CHILDES/Ambrose/download_2026-05-31/HL/13/76AM_13.cha,transcript,.cha,61818,555a508d4abdf095855ef151cc9bbe4aad339cdb852de89225ff370050442ec3,True,pass,pass,,eng,"MOT Mother, CHI Target_Child",2,True,True,True,True,True,True,201,50
CHILDES,Ambrose,raw_download,2026-05-31,/private/tmp/talkbank_intake_20260531/AmbroseSplit/HL/13/80LA_14.cha,data/raw/talkbank/CHILDES/Ambrose/download_2026-05-31/HL/13/80LA_14.cha,transcript,.cha,65661,a636d023e9bb23c8db0805790fb9b402113d64401fbeeb691aca9be7c7c9255b,True,pass,pass,,"eng, spa","MOT Mother, CHI Target_Child",2,True,True,True,True,True,True,8,3
CHILDES,Ambrose,raw_download,2026-05-31,/private/tmp/talkbank_intake_20260531/AmbroseSplit/HL/13/81QF_14.cha,data/raw/talkbank/CHILDES/Ambrose/download_2026-05-31/HL/13/81QF_14.cha,transcript,.cha,95028,12d0e8340e12d245ff6e7afb8b7c2c52c00447e5c4b586c5c2c5822ec3cc6b85,True,pass,pass,,eng,"MOT Mother, CHI Target_Child",2,True,True,True,True,True,True,10,6
CHILDES,Ambrose,raw_download,2026-05-31,/private/tmp/talkbank_intake_20260531/AmbroseSplit/HL/13/83DR_13.cha,data/raw/talkbank/CHILDES/Ambrose/download_2026-05-31/HL/13/83DR_13.cha,transcript,.cha,92757,9024d76ce1e299986d84252e9b9192cac2b5b583d87ebae635c6acafb444232a,True,pass,pass,,"eng, spa","MOT Mother, CHI Target_Child",2,True,True,True,True,True,True,9,7
CHILDES,Ambrose,raw_download,2026-05-31,/private/tmp/talkbank_intake_20260531/AmbroseSplit/HL/13/85KB_14.cha,data/raw/talkbank/CHILDES/Ambrose/download_2026-05-31/HL/13/85KB_14.cha,transcript,.cha,92033,33948607adee96dc5a49ff5e1742ca80a6fa2e567b309c093e33a9dd3565ad92,True,pass,pass,,eng,"MOT Mother, CHI Target_Child",2,True,True,True,True,True,True,18,17
CHILDES,Ambrose,raw_download,2026-05-31,/private/tmp/talkbank_intake_20260531/AmbroseSplit/HL/13/86LS_14.cha,data/raw/talkbank/CHILDES/Ambrose/download_2026-05-31/HL/13/86LS_14.cha,transcript,.cha,96601,9a0fb76991f2d41d0f226d4de7469416bedfffeb83205e956893fc6ea9bdcfc3,True,pass,pass,,eng,"MOT Mother, CHI Target_Child",2,True,True,True,True,True,True,24,23
CHILDES,Ambrose,raw_download,2026-05-31,/private/tmp/talkbank_intake_20260531/AmbroseSplit/HL/13/87FB_14.cha,data/raw/talkbank/CHILDES/Ambrose/download_2026-05-31/HL/13/87FB_14.cha,transcript,.cha,60760,346b44e30b4e054c548e34720444a0b6227e1da87fabfe900adbd17a829b54ef,True,pass,pass,,eng,"MOT Mother, CHI Target_Child",2,True,True,True,True,True,True,11,11
CHILDES,Ambrose,raw_download,2026-05-31,/private/tmp/talkbank_intake_20260531/AmbroseSplit/HL/13/89CH_14.cha,data/raw/talkbank/CHILDES/Ambrose/download_2026-05-31/HL/13/89CH_14.cha,transcript,.cha,51003,a52a71aac0b593aa4d408fad1804db2b5717567f5ea3924901eca0881284fcde,True,pass,pass,,eng,"MOT Mother, CHI Target_Child",2,True,True,True,True,True,True,14,15
CHILDES,Ambrose,raw_download,2026-05-31,/private/tmp/talkbank_intake_20260531/AmbroseSplit/HL/13/90BM_14.cha,data/raw/talkbank/CHILDES/Ambrose/download_2026-05-31/HL/13/90BM_14.cha,transcript,.cha,72340,c72af7761a2f45693d0eba0d3559d1caad113e7ec5c03a9bd9e42c8718fd10af,True,pass,pass,,eng,"MOT Mother, CHI Target_Child",2,True,True,True,True,True,True,34,23
CHILDES,Ambrose,raw_download,2026-05-31,/private/tmp/talkbank_intake_20260531/AmbroseSplit/HL/13/CP22_14.cha,data/raw/talkbank/CHILDES/Ambrose/download_2026-05-31/HL/13/CP22_14.cha,transcript,.cha,44141,5dfdb388f8990fc4c0e4a54823fbf2a7a5284eca93d55589b10dd4edfde632b6,True,pass,pass,,eng,"MOT Mother, CHI Target_Child",2,True,True,True,True,True,True,59,4
CHILDES,Ambrose,raw_download,2026-05-31,/private/tmp/talkbank_intake_20260531/AmbroseSplit/HL/13/JW36_14.cha,data/raw/talkbank/CHILDES/Ambrose/download_2026-05-31/HL/13/JW36_14.cha,transcript,.cha,47257,362dd2b2af797d36e91e381a9c0b841cb9d25e6a82cb2a7b558eadf4c7777c65,True,pass,pass,,eng,"MOT Mother, CHI Target_Child",2,True,True,True,True,True,True,83,33
CHILDES,Ambrose,raw_download,2026-05-31,/private/tmp/talkbank_intake_20260531/AmbroseSplit/HL/13/LR24_14.cha,data/raw/talkbank/CHILDES/Ambrose/download_2026-05-31/HL/13/LR24_14.cha,transcript,.cha,64299,8dca2897eb14f5ce5101e00f273b77d0d74776338fb34fe54682678c50df8162,True,pass,pass,,eng,"CHI Target_Child, MOT Mother",2,True,True,True,True,True,True,97,6
CHILDES,Ambrose,raw_download,2026-05-31,/private/tmp/talkbank_intake_20260531/AmbroseSplit/HL/18/51SA_18.cha,data/raw/talkbank/CHILDES/Ambrose/download_2026-05-31/HL/18/51SA_18.cha,transcript,.cha,36178,adea398ceed1f8708d93f2a8f78db0d868e317108eba9c335ab896218ca3c193,True,pass,pass,,eng,"MOT Mother, CHI Target_Child",2,True,True,True,True,True,True,90,16
CHILDES,Ambrose,raw_download,2026-05-31,/private/tmp/talkbank_intake_20260531/AmbroseSplit/HL/18/52CC_18.cha,data/raw/talkbank/CHILDES/Ambrose/download_2026-05-31/HL/18/52CC_18.cha,transcript,.cha,49513,493a489e29d67f30d614617d231e81a5db1143dd4d900f39721a2b6f57b28d15,True,pass,pass,,eng,"MOT Mother, CHI Target_Child",2,True,True,True,True,True,True,122,22
CHILDES,Ambrose,raw_download,2026-05-31,/private/tmp/talkbank_intake_20260531/AmbroseSplit/HL/18/57ZK_18.cha,data/raw/talkbank/CHILDES/Ambrose/download_2026-05-31/HL/18/57ZK_18.cha,transcript,.cha,41733,49c45e7e21af30e7b0126d0ac4005a3bd7e3b485238901c7a534618c11b1fb20,True,pass,pass,,eng,"MOT Mother, CHI Target_Child",2,True,True,True,True,True,True,82,16
CHILDES,Ambrose,raw_download,2026-05-31,/private/tmp/talkbank_intake_20260531/AmbroseSplit/HL/18/58LL_18.cha,data/raw/talkbank/CHILDES/Ambrose/download_2026-05-31/HL/18/58LL_18.cha,transcript,.cha,77740,1f9c34347d1fd5b49e7692793110fd42a307f89a6cb65742d3e0894a533276f1,True,pass,pass,,eng,"MOT Mother, CHI Target_Child",2,True,True,True,True,True,True,161,38
CHILDES,Ambrose,raw_download,2026-05-31,/private/tmp/talkbank_intake_20260531/AmbroseSplit/HL/18/60CS_18.cha,data/raw/talkbank/CHILDES/Ambrose/download_2026-05-31/HL/18/60CS_18.cha,transcript,.cha,87285,37146eb40bf14fe4120c53b090cde9631accbf01e83e4bcf3359956bd7c5570c,True,pass,pass,,eng,"MOT Mother, CHI Target_Child",2,True,True,True,True,True,True,129,3
CHILDES,Ambrose,raw_download,2026-05-31,/private/tmp/talkbank_intake_20260531/AmbroseSplit/HL/18/61MC_18.cha,data/raw/talkbank/CHILDES/Ambrose/download_2026-05-31/HL/18/61MC_18.cha,transcript,.cha,37688,7f7eaaa4c843cb01e0e777b21d87c9989e1b2e02ffe8bcc4435c050285089b7e,True,pass,pass,,eng,"MOT Mother, CHI Target_Child",2,True,True,True,True,True,True,112,21
CHILDES,Ambrose,raw_download,2026-05-31,/private/tmp/talkbank_intake_20260531/AmbroseSplit/HL/18/66JP_18.cha,data/raw/talkbank/CHILDES/Ambrose/download_2026-05-31/HL/18/66JP_18.cha,transcript,.cha,85168,64fb981f3f223568bba10d6e50b33de7c7774d4d7d5112dc341041d6ab89da77,True,pass,pass,,eng,"MOT Mother, CHI Target_Child",2,True,True,True,True,True,True,68,32
CHILDES,Ambrose,raw_download,2026-05-31,/private/tmp/talkbank_intake_20260531/AmbroseSplit/HL/18/70JW_18.cha,data/raw/talkbank/CHILDES/Ambrose/download_2026-05-31/HL/18/70JW_18.cha,transcript,.cha,54644,97612af35ef5cd427c906d4b1206fc4e7c5b61cd4e6b30bcfd4e62a149562bdd,True,pass,pass,,eng,"MOT Mother, CHI Target_Child",2,True,True,True,True,True,True,96,31
CHILDES,Ambrose,raw_download,2026-05-31,/private/tmp/talkbank_intake_20260531/AmbroseSplit/HL/18/74LA_18.cha,data/raw/talkbank/CHILDES/Ambrose/download_2026-05-31/HL/18/74LA_18.cha,transcript,.cha,93061,f98ce2a572248afdc1ef249909c7ac11dc319e6169189a7bdd9e158d6acf3e01,True,pass,pass,,eng,"MOT Mother, CHI Target_Child",2,True,True,True,True,True,True,84,21
CHILDES,Ambrose,raw_download,2026-05-31,/private/tmp/talkbank_intake_20260531/AmbroseSplit/HL/18/76AM_18.cha,data/raw/talkbank/CHILDES/Ambrose/download_2026-05-31/HL/18/76AM_18.cha,transcript,.cha,59542,2828b51bd0720dd6b53f4702205166d1c37b1e04fd37e06daf38cfa6ad364a26,True,pass,pass,,eng,"CHI Target_Child, MOT Mother",2,True,True,True,True,True,True,137,109
CHILDES,Ambrose,raw_download,2026-05-31,/private/tmp/talkbank_intake_20260531/AmbroseSplit/HL/18/80LA_18.cha,data/raw/talkbank/CHILDES/Ambrose/download_2026-05-31/HL/18/80LA_18.cha,transcript,.cha,47135,dcba317cce9065a8d16eeb32e3a75c259df0d7dea0bb4831cce1866423bd56c8,True,pass,pass,,"eng, spa","MOT Mother, CHI Target_Child",2,True,True,True,True,True,True,4,1
CHILDES,Ambrose,raw_download,2026-05-31,/private/tmp/talkbank_intake_20260531/AmbroseSplit/HL/18/81QF_18.cha,data/raw/talkbank/CHILDES/Ambrose/download_2026-05-31/HL/18/81QF_18.cha,transcript,.cha,100865,42afe7145e8d24fd661161f6ca4c213a7105efc487f8a801f866d75ab13869f2,True,pass,pass,,eng,"MOT Mother, CHI Target_Child",2,True,True,True,True,True,True,59,9
CHILDES,Ambrose,raw_download,2026-05-31,/private/tmp/talkbank_intake_20260531/AmbroseSplit/HL/18/82NE_18.cha,data/raw/talkbank/CHILDES/Ambrose/download_2026-05-31/HL/18/82NE_18.cha,transcript,.cha,77296,8eb0dedbd2b42d0aafe4440eff5b64b619f5bcd6e54df0f074fac02169ee7338,True,pass,pass,,eng,"MOT Mother, CHI Target_Child",2,True,True,True,True,True,True,38,15
CHILDES,Ambrose,raw_download,2026-05-31,/private/tmp/talkbank_intake_20260531/AmbroseSplit/HL/18/83DR_18.cha,data/raw/talkbank/CHILDES/Ambrose/download_2026-05-31/HL/18/83DR_18.cha,transcript,.cha,87419,f4e328b67f358cf354c3c13338d83268879b7361bd0fd8075853b1b5f080a321,True,pass,pass,,eng,"MOT Mother, CHI Target_Child",2,True,True,True,True,True,True,62,18
CHILDES,Ambrose,raw_download,2026-05-31,/private/tmp/talkbank_intake_20260531/AmbroseSplit/HL/18/85KB_18.cha,data/raw/talkbank/CHILDES/Ambrose/download_2026-05-31/HL/18/85KB_18.cha,transcript,.cha,95283,b4b5b1a70ed62e28565a3351cb600a9a28e4fc01bec810ed93f13a8d79117ead,True,pass,pass,,eng,"MOT Mother, CHI Target_Child",2,True,True,True,True,True,True,34,34
CHILDES,Ambrose,raw_download,2026-05-31,/private/tmp/talkbank_intake_20260531/AmbroseSplit/HL/18/86LS_18.cha,data/raw/talkbank/CHILDES/Ambrose/download_2026-05-31/HL/18/86LS_18.cha,transcript,.cha,100688,2773eaed53a9a7a68c3717c662de34e9c1a01125635d088468a8f098fc46b02e,True,pass,pass,,eng,"MOT Mother, CHI Target_Child",2,True,True,True,True,True,True,37,45
CHILDES,Ambrose,raw_download,2026-05-31,/private/tmp/talkbank_intake_20260531/AmbroseSplit/HL/18/87FB_18.cha,data/raw/talkbank/CHILDES/Ambrose/download_2026-05-31/HL/18/87FB_18.cha,transcript,.cha,80493,dd21c8f777b8138694ebc3ed086457f7ba9d8463639043354cb61cf80e2f896f,True,pass,pass,,eng,"MOT Mother, CHI Target_Child",2,True,True,True,True,True,True,24,22
CHILDES,Ambrose,raw_download,2026-05-31,/private/tmp/talkbank_intake_20260531/AmbroseSplit/HL/18/89CH_18.cha,data/raw/talkbank/CHILDES/Ambrose/download_2026-05-31/HL/18/89CH_18.cha,transcript,.cha,52655,8b01cf75023921fb0ead6f67fc5bccc06c8e6fd3680cd0d41195526b00a8a8a8,True,pass,pass,,eng,"MOT Mother, CHI Target_Child",2,True,True,True,True,True,True,35,34
CHILDES,Ambrose,raw_download,2026-05-31,/private/tmp/talkbank_intake_20260531/AmbroseSplit/HL/18/90BM_18.cha,data/raw/talkbank/CHILDES/Ambrose/download_2026-05-31/HL/18/90BM_18.cha,transcript,.cha,104573,ba9965ba386400b6e953050d788920779dd27facb7964a23431dcd841cd58162,True,pass,pass,,eng,"MOT Mother, CHI Target_Child",2,True,True,True,True,True,True,37,35
CHILDES,Ambrose,raw_download,2026-05-31,/private/tmp/talkbank_intake_20260531/AmbroseSplit/HL/18/CP22_18.cha,data/raw/talkbank/CHILDES/Ambrose/download_2026-05-31/HL/18/CP22_18.cha,transcript,.cha,57014,c19ebe149ed45841b3aa800f142c3147ecc1b9846bc63affe510bff4f7cf52b4,True,pass,pass,,eng,"MOT Mother, CHI Target_Child",2,True,True,True,True,True,True,18,14
CHILDES,Ambrose,raw_download,2026-05-31,/private/tmp/talkbank_intake_20260531/AmbroseSplit/HL/18/JW36_18.cha,data/raw/talkbank/CHILDES/Ambrose/download_2026-05-31/HL/18/JW36_18.cha,transcript,.cha,49196,581bc19f46de77e5d962d2231ba5aaafa1035ea9cbc017bedb4e611614cae28e,True,pass,pass,,eng,"MOT Mother, CHI Target_Child",2,True,True,True,True,True,True,25,24
CHILDES,Ambrose,raw_download,2026-05-31,/private/tmp/talkbank_intake_20260531/AmbroseSplit/HL/18/LR24_18.cha,data/raw/talkbank/CHILDES/Ambrose/download_2026-05-31/HL/18/LR24_18.cha,transcript,.cha,42697,ef9eacd90d49a93b7508170fb5af1a8019664fd7ca4cfcd10ad4f9b53fc0bbea,True,pass,pass,,eng,"MOT Mother, CHI Target_Child",2,True,True,True,True,True,True,16,13
CHILDES,Ambrose,raw_download,2026-05-31,/private/tmp/talkbank_intake_20260531/AmbroseSplit/HL/22/52CC_22.cha,data/raw/talkbank/CHILDES/Ambrose/download_2026-05-31/HL/22/52CC_22.cha,transcript,.cha,59515,133a52fd53841ca1323f5cacf6ed77a2844fea27e5a4cfad2aa6943f217d2e26,True,pass,pass,,eng,"CHI Target_Child, MOT Mother",2,True,True,True,True,True,True,83,61
CHILDES,Ambrose,raw_download,2026-05-31,/private/tmp/talkbank_intake_20260531/AmbroseSplit/HL/22/57ZK_22.cha,data/raw/talkbank/CHILDES/Ambrose/download_2026-05-31/HL/22/57ZK_22.cha,transcript,.cha,46753,c42c331e31607d2e339ed69c18605b8bdbd07a8b15aa6fd10e72da26c92511cc,True,pass,pass,,eng,"MOT Mother, CHI Target_Child",2,True,True,True,True,True,True,17,22
CHILDES,Ambrose,raw_download,2026-05-31,/private/tmp/talkbank_intake_20260531/AmbroseSplit/HL/22/58LL_22.cha,data/raw/talkbank/CHILDES/Ambrose/download_2026-05-31/HL/22/58LL_22.cha,transcript,.cha,93874,26a9e549020c40b22440dcb8a4b75875072201eca7df2261da76d9b50a65e05b,True,pass,pass,,eng,"MOT Mother, CHI Target_Child",2,True,True,True,True,True,True,162,76
CHILDES,Ambrose,raw_download,2026-05-31,/private/tmp/talkbank_intake_20260531/AmbroseSplit/HL/22/60CS_22.cha,data/raw/talkbank/CHILDES/Ambrose/download_2026-05-31/HL/22/60CS_22.cha,transcript,.cha,98125,8b1ad77092aa49ab79e2fd0ebc9fba986c96035dd9e594ddb17d4382362f2ae8,True,pass,pass,,eng,"MOT Mother, CHI Target_Child",2,True,True,True,True,True,True,42,47
CHILDES,Ambrose,raw_download,2026-05-31,/private/tmp/talkbank_intake_20260531/AmbroseSplit/HL/22/61MC_22.cha,data/raw/talkbank/CHILDES/Ambrose/download_2026-05-31/HL/22/61MC_22.cha,transcript,.cha,34979,a0e315072d14cc0c7bb1fecff9843a1274792736a57f6098a905587ad3b3772c,True,pass,pass,,eng,"MOT Mother, CHI Target_Child",2,True,True,True,True,True,True,56,57
CHILDES,Ambrose,raw_download,2026-05-31,/private/tmp/talkbank_intake_20260531/AmbroseSplit/HL/22/66JP_22.cha,data/raw/talkbank/CHILDES/Ambrose/download_2026-05-31/HL/22/66JP_22.cha,transcript,.cha,67617,405dcd9b967b53cc71910efddce434048f86618db6b50d4fc935d52742b12faf,True,pass,pass,,eng,"MOT Mother, CHI Target_Child",2,True,True,True,True,True,True,26,28
CHILDES,Ambrose,raw_download,2026-05-31,/private/tmp/talkbank_intake_20260531/AmbroseSplit/HL/22/70JW_22.cha,data/raw/talkbank/CHILDES/Ambrose/download_2026-05-31/HL/22/70JW_22.cha,transcript,.cha,69356,b422ca1eb82b4293bdfd99faafd5f05dd0d2d3af0f58121fbd3fe60323a1b0e8,True,pass,pass,,eng,"MOT Mother, CHI Target_Child",2,True,True,True,True,True,True,98,111
CHILDES,Ambrose,raw_download,2026-05-31,/private/tmp/talkbank_intake_20260531/AmbroseSplit/HL/22/74LA_22.cha,data/raw/talkbank/CHILDES/Ambrose/download_2026-05-31/HL/22/74LA_22.cha,transcript,.cha,86612,36c905a338741f0d62c3d838c37b88d3c5e0c579a977cf62c68cb9c54108770e,True,pass,pass,,eng,"MOT Mother, CHI Target_Child",2,True,True,True,True,True,True,50,53
CHILDES,Ambrose,raw_download,2026-05-31,/private/tmp/talkbank_intake_20260531/AmbroseSplit/HL/22/76AM_22.cha,data/raw/talkbank/CHILDES/Ambrose/download_2026-05-31/HL/22/76AM_22.cha,transcript,.cha,95933,bc175cfee7c8d917644575f5e3cefb0c530ae15efbf246e6352319256bdcb3c8,True,pass,pass,,eng,"CHI Target_Child, MOT Mother",2,True,True,True,True,True,True,201,294
CHILDES,Ambrose,raw_download,2026-05-31,/private/tmp/talkbank_intake_20260531/AmbroseSplit/HL/22/80LA_22.cha,data/raw/talkbank/CHILDES/Ambrose/download_2026-05-31/HL/22/80LA_22.cha,transcript,.cha,64357,fc1c10146a8a8e3ac3a6e2e6873e087698f1363fb9207d0612a452e8a9775e3f,True,pass,pass,,eng,"MOT Mother, CHI Target_Child",2,True,True,True,True,True,True,27,23
CHILDES,Ambrose,raw_download,2026-05-31,/private/tmp/talkbank_intake_20260531/AmbroseSplit/HL/22/81QF_22.cha,data/raw/talkbank/CHILDES/Ambrose/download_2026-05-31/HL/22/81QF_22.cha,transcript,.cha,125291,b116f9d80016193c2a6b19e58f6fcb20dbbdea1eebda62595632879d2b6ace67,True,pass,pass,,eng,"MOT Mother, CHI Target_Child",2,True,True,True,True,True,True,136,123
CHILDES,Ambrose,raw_download,2026-05-31,/private/tmp/talkbank_intake_20260531/AmbroseSplit/HL/22/82NE_22.cha,data/raw/talkbank/CHILDES/Ambrose/download_2026-05-31/HL/22/82NE_22.cha,transcript,.cha,69630,fb6374f41623945d5a2f811850834afeee0ec66e0408d4291778094513a4833c,True,pass,pass,,eng,"MOT Mother, CHI Target_Child",2,True,True,True,True,True,True,8,9
CHILDES,Ambrose,raw_download,2026-05-31,/private/tmp/talkbank_intake_20260531/AmbroseSplit/HL/22/83DR_22.cha,data/raw/talkbank/CHILDES/Ambrose/download_2026-05-31/HL/22/83DR_22.cha,transcript,.cha,99532,9cd9ffba979b151ec8dbb8c95bf1fb13c8681d60a8c62094fe2558614c4aab07,True,pass,pass,,eng,"MOT Mother, CHI Target_Child",2,True,True,True,True,True,True,16,15
CHILDES,Ambrose,raw_download,2026-05-31,/private/tmp/talkbank_intake_20260531/AmbroseSplit/HL/22/85KB_22.cha,data/raw/talkbank/CHILDES/Ambrose/download_2026-05-31/HL/22/85KB_22.cha,transcript,.cha,96787,d6fa68259d5559dc6b8e5e72d8d10741948f799d1ae1dbf4dad4b07c23688eba,True,pass,pass,,eng,"DAD Father, CHI Target_Child, INV Investigator",3,True,True,True,True,True,True,198,113
CHILDES,Ambrose,raw_download,2026-05-31,/private/tmp/talkbank_intake_20260531/AmbroseSplit/HL/22/86LS_22.cha,data/raw/talkbank/CHILDES/Ambrose/download_2026-05-31/HL/22/86LS_22.cha,transcript,.cha,104298,05dddd53a28b3c8594d28610b552804e4dddcec0674b10629f98f275a01e4d03,True,pass,pass,,eng,"MOT Mother, CHI Target_Child",2,True,True,True,True,True,True,184,225
CHILDES,Ambrose,raw_download,2026-05-31,/private/tmp/talkbank_intake_20260531/AmbroseSplit/HL/22/87FB_22.cha,data/raw/talkbank/CHILDES/Ambrose/download_2026-05-31/HL/22/87FB_22.cha,transcript,.cha,78656,ab82aa0348066c1349b9400a4e87808d07c8158178f3fa3ef92bb902add4514f,True,pass,pass,,eng,"MOT Mother, CHI Target_Child",2,True,True,True,True,True,True,157,142
CHILDES,Ambrose,raw_download,2026-05-31,/private/tmp/talkbank_intake_20260531/AmbroseSplit/HL/22/89CH_22.cha,data/raw/talkbank/CHILDES/Ambrose/download_2026-05-31/HL/22/89CH_22.cha,transcript,.cha,71020,da962fac39f6f13f91103a819df5038218ab6eeccc46295be788c278b4b60cc9,True,pass,pass,,eng,"MOT Mother, CHI Target_Child",2,True,True,True,True,True,True,164,99
CHILDES,Ambrose,raw_download,2026-05-31,/private/tmp/talkbank_intake_20260531/AmbroseSplit/HL/22/90BM_22.cha,data/raw/talkbank/CHILDES/Ambrose/download_2026-05-31/HL/22/90BM_22.cha,transcript,.cha,82264,ff7dc4c9ceeb299eb7a557f3c070dbad47982bf64087ea77b62893733bea5761,True,pass,pass,,eng,"MOT Mother, CHI Target_Child",2,True,True,True,True,True,True,33,28
CHILDES,Ambrose,raw_download,2026-05-31,/private/tmp/talkbank_intake_20260531/AmbroseSplit/HL/22/CP22_22.cha,data/raw/talkbank/CHILDES/Ambrose/download_2026-05-31/HL/22/CP22_22.cha,transcript,.cha,64811,df66bc5cc533440b1fb8eec17c71e7d4e6a71808f4d8f2a5028b253fa07477ef,True,pass,pass,,eng,"MOT Mother, CHI Target_Child",2,True,True,True,True,True,True,25,29
CHILDES,Ambrose,raw_download,2026-05-31,/private/tmp/talkbank_intake_20260531/AmbroseSplit/HL/22/LR24_22.cha,data/raw/talkbank/CHILDES/Ambrose/download_2026-05-31/HL/22/LR24_22.cha,transcript,.cha,58028,1c6d11ba3932d398ff28b3f0a60f1ab9d06365510840b4518c49a25346683bfd,True,pass,pass,,eng,"MOT Mother, CHI Target_Child",2,True,True,True,True,True,True,35,22
CHILDES,Ambrose,raw_download,2026-05-31,/private/tmp/talkbank_intake_20260531/AmbroseSplit/HL/27/51SA_28.cha,data/raw/talkbank/CHILDES/Ambrose/download_2026-05-31/HL/27/51SA_28.cha,transcript,.cha,86176,859841d2b9c1e9f329ea4ee5020cbedc80c6000fe211f811dd622465a1cc1922,True,pass,pass,,eng,"MOT Mother, CHI Target_Child",2,True,True,True,True,True,True,391,616
CHILDES,Ambrose,raw_download,2026-05-31,/private/tmp/talkbank_intake_20260531/AmbroseSplit/HL/27/52CC_27.cha,data/raw/talkbank/CHILDES/Ambrose/download_2026-05-31/HL/27/52CC_27.cha,transcript,.cha,74507,4b6ea1a9564dd67975312a99c7e5dac0ef84f11d1b10dc6e6d342095ef8e8c27,True,pass,pass,,eng,"MOT Mother, CHI Target_Child",2,True,True,True,True,True,True,208,122
CHILDES,Ambrose,raw_download,2026-05-31,/private/tmp/talkbank_intake_20260531/AmbroseSplit/HL/27/57ZK_27.cha,data/raw/talkbank/CHILDES/Ambrose/download_2026-05-31/HL/27/57ZK_27.cha,transcript,.cha,45397,d9df2b460c718c0f88789ced2a88de1bd657d9854063b068d5d266d1b4ce2d95,True,pass,pass,,eng,"MOT Mother, CHI Target_Child",2,True,True,True,True,True,True,19,24
CHILDES,Ambrose,raw_download,2026-05-31,/private/tmp/talkbank_intake_20260531/AmbroseSplit/HL/27/58LL_27.cha,data/raw/talkbank/CHILDES/Ambrose/download_2026-05-31/HL/27/58LL_27.cha,transcript,.cha,109425,d8a2ddd796b1b454588dfa6791523e534069d210b8c64c638f80e7ecdd0aa506,True,pass,pass,,eng,"MOT Mother, CHI Target_Child",2,True,True,True,True,True,True,243,221
CHILDES,Ambrose,raw_download,2026-05-31,/private/tmp/talkbank_intake_20260531/AmbroseSplit/HL/27/60CS_27.cha,data/raw/talkbank/CHILDES/Ambrose/download_2026-05-31/HL/27/60CS_27.cha,transcript,.cha,94175,190c2b64ee24ff463d556eda953be3c082131021bde35926b20ce0d1fed21539,True,pass,pass,,eng,"CHI Target_Child, MOT Mother",2,True,True,True,True,True,True,95,69
CHILDES,Ambrose,raw_download,2026-05-31,/private/tmp/talkbank_intake_20260531/AmbroseSplit/HL/27/61MC_27.cha,data/raw/talkbank/CHILDES/Ambrose/download_2026-05-31/HL/27/61MC_27.cha,transcript,.cha,52588,b61439532148973fc1ce5c1fad0683802d5fffaef8bfb2b583d9d4d49113b0e7,True,pass,pass,,eng,"MOT Mother, CHI Target_Child",2,True,True,True,True,True,True,63,64
CHILDES,Ambrose,raw_download,2026-05-31,/private/tmp/talkbank_intake_20260531/AmbroseSplit/HL/27/66JP_27.cha,data/raw/talkbank/CHILDES/Ambrose/download_2026-05-31/HL/27/66JP_27.cha,transcript,.cha,95962,b88637b31915a1123f68cd15e87f2965c6a97d3d34f281a93d1dc91a15646126,True,pass,pass,,eng,"MOT Mother, CHI Target_Child",2,True,True,True,True,True,True,168,98
CHILDES,Ambrose,raw_download,2026-05-31,/private/tmp/talkbank_intake_20260531/AmbroseSplit/HL/27/70JW_27.cha,data/raw/talkbank/CHILDES/Ambrose/download_2026-05-31/HL/27/70JW_27.cha,transcript,.cha,87610,8086c31c56e986f4f1d8464826dc716d5d2cea644616b98e291dbaceed4d9199,True,pass,pass,,eng,"CHI Target_Child, MOT Mother",2,True,True,True,True,True,True,289,325
CHILDES,Ambrose,raw_download,2026-05-31,/private/tmp/talkbank_intake_20260531/AmbroseSplit/HL/27/74LA_27.cha,data/raw/talkbank/CHILDES/Ambrose/download_2026-05-31/HL/27/74LA_27.cha,transcript,.cha,119086,87cf3e67c9ed852a85f402c83ea904a52ab15b4e7add1a65716d4fef57e1df2e,True,pass,pass,,eng,"CHI Target_Child, MOT Mother",2,True,True,True,True,True,True,295,626
CHILDES,Ambrose,raw_download,2026-05-31,/private/tmp/talkbank_intake_20260531/AmbroseSplit/HL/27/76AM_27.cha,data/raw/talkbank/CHILDES/Ambrose/download_2026-05-31/HL/27/76AM_27.cha,transcript,.cha,100547,0c7589aac2b9aaf0d4ac9e39b7ea589ef696ac58c5d7a1afca91eaa20e3d9a2d,True,pass,pass,,eng,"MOT Mother, CHI Target_Child",2,True,True,True,True,True,True,250,712
CHILDES,Ambrose,raw_download,2026-05-31,/private/tmp/talkbank_intake_20260531/AmbroseSplit/HL/27/80LA_27.cha,data/raw/talkbank/CHILDES/Ambrose/download_2026-05-31/HL/27/80LA_27.cha,transcript,.cha,59521,47d72fa2a38c9980ac2d1819cce7732c3dd31584b4d7327345e10dae2e060137,True,pass,pass,,eng,"MOT Mother, CHI Target_Child",2,True,True,True,True,True,True,5,5
CHILDES,Ambrose,raw_download,2026-05-31,/private/tmp/talkbank_intake_20260531/AmbroseSplit/HL/27/81QF_28.cha,data/raw/talkbank/CHILDES/Ambrose/download_2026-05-31/HL/27/81QF_28.cha,transcript,.cha,155833,3b4c4c281a510f24f13ba7a19e4c2237f22c8bf2ce043b40ac59e27ee65eaa08,True,pass,pass,,eng,"MOT Mother, CHI Target_Child",2,True,True,True,True,True,True,380,563
CHILDES,Ambrose,raw_download,2026-05-31,/private/tmp/talkbank_intake_20260531/AmbroseSplit/HL/27/82NE_27.cha,data/raw/talkbank/CHILDES/Ambrose/download_2026-05-31/HL/27/82NE_27.cha,transcript,.cha,82534,31b1269d8eb8374d7f02c225be1f6ae50de67f6e726917b3fdeec4ffa0fca4ea,True,pass,pass,,eng,"MOT Mother, CHI Target_Child",2,True,True,True,True,True,True,76,70
CHILDES,Ambrose,raw_download,2026-05-31,/private/tmp/talkbank_intake_20260531/AmbroseSplit/HL/27/83DR_27.cha,data/raw/talkbank/CHILDES/Ambrose/download_2026-05-31/HL/27/83DR_27.cha,transcript,.cha,101701,c76e14bdcfc86d799eface49f5f7a43b0122cca56d4d5d20de40751508e184f4,True,pass,pass,,eng,"MOT Mother, CHI Target_Child",2,True,True,True,True,True,True,39,36
CHILDES,Ambrose,raw_download,2026-05-31,/private/tmp/talkbank_intake_20260531/AmbroseSplit/HL/27/86LS_28.cha,data/raw/talkbank/CHILDES/Ambrose/download_2026-05-31/HL/27/86LS_28.cha,transcript,.cha,135720,b9851eed3d4bb70b7b55561ac5d435636921951a2d545af23acdaebb2a4c732f,True,pass,pass,,eng,"CHI Target_Child, MOT Mother",2,True,True,True,True,True,True,361,874
CHILDES,Ambrose,raw_download,2026-05-31,/private/tmp/talkbank_intake_20260531/AmbroseSplit/HL/27/87FB_27.cha,data/raw/talkbank/CHILDES/Ambrose/download_2026-05-31/HL/27/87FB_27.cha,transcript,.cha,98449,8d252c66ad7b6bfa8ae1e8efee2ecfde26ac8ffef3baefd50f9a1a8dfa74e344,True,pass,pass,,eng,"MOT Mother, CHI Target_Child",2,True,True,True,True,True,True,152,201
CHILDES,Ambrose,raw_download,2026-05-31,/private/tmp/talkbank_intake_20260531/AmbroseSplit/HL/27/89CH_27.cha,data/raw/talkbank/CHILDES/Ambrose/download_2026-05-31/HL/27/89CH_27.cha,transcript,.cha,86872,f87fac83628e22fe21418a673eff9dfcaf1d740980b0acd5e9a4a5fea4809446,True,pass,pass,,eng,"MOT Mother, CHI Target_Child",2,True,True,True,True,True,True,350,249
CHILDES,Ambrose,raw_download,2026-05-31,/private/tmp/talkbank_intake_20260531/AmbroseSplit/HL/27/90BM_28.cha,data/raw/talkbank/CHILDES/Ambrose/download_2026-05-31/HL/27/90BM_28.cha,transcript,.cha,90345,141590f89b23df80afd60c337a19680020242987399824e2eb58c3819638ae16,True,pass,pass,,eng,"MOT Mother, CHI Target_Child",2,True,True,True,True,True,True,97,61
CHILDES,Ambrose,raw_download,2026-05-31,/private/tmp/talkbank_intake_20260531/AmbroseSplit/HL/27/CP22_28.cha,data/raw/talkbank/CHILDES/Ambrose/download_2026-05-31/HL/27/CP22_28.cha,transcript,.cha,55731,9d5bd8c5d9220704153f7252bc6a7e9501f12bfa55f55dbcc35cde54384b2d87,True,pass,pass,,eng,"MOT Mother, CHI Target_Child",2,True,True,True,True,True,True,38,37
CHILDES,Ambrose,raw_download,2026-05-31,/private/tmp/talkbank_intake_20260531/AmbroseSplit/HL/27/JW36_26.cha,data/raw/talkbank/CHILDES/Ambrose/download_2026-05-31/HL/27/JW36_26.cha,transcript,.cha,104517,8e85959454ea0c12673c6b4b4733ff05087b03a4f3f2181bb2a5ab0bfab13bd2,True,pass,pass,,eng,"MOT Mother, CHI Target_Child, TOY Media",3,True,True,True,True,True,True,323,1065
CHILDES,Ambrose,raw_download,2026-05-31,/private/tmp/talkbank_intake_20260531/AmbroseSplit/HL/27/JW36_28.cha,data/raw/talkbank/CHILDES/Ambrose/download_2026-05-31/HL/27/JW36_28.cha,transcript,.cha,89370,2f73b304d9a38972164fe64bd8e7f7239085ef3d0116d567afc3ca4ffbb9d4a0,True,pass,pass,,eng,"MOT Mother, CHI Target_Child",2,True,True,True,True,True,True,241,438
CHILDES,Ambrose,raw_download,2026-05-31,/private/tmp/talkbank_intake_20260531/AmbroseSplit/HL/27/LR24_26.cha,data/raw/talkbank/CHILDES/Ambrose/download_2026-05-31/HL/27/LR24_26.cha,transcript,.cha,57157,98ae9321478b6112f45af7301b0eca6affdb347f8c571f4a02a5f1df504fdaab,True,pass,pass,,eng,"MOT Mother, CHI Target_Child",2,True,True,True,True,True,True,217,176
CHILDES,Ambrose,raw_download,2026-05-31,/private/tmp/talkbank_intake_20260531/AmbroseSplit/HL/36/51SA_34.cha,data/raw/talkbank/CHILDES/Ambrose/download_2026-05-31/HL/36/51SA_34.cha,transcript,.cha,73667,4f673cdb8d2a9b8475a405de1d30cbf0ca1e7bca7729ef1f5f5d2f4bbd451172,True,pass,pass,,eng,"MOT Mother, CHI Target_Child",2,True,True,True,True,True,True,236,679
CHILDES,Ambrose,raw_download,2026-05-31,/private/tmp/talkbank_intake_20260531/AmbroseSplit/HL/36/52CC_36.cha,data/raw/talkbank/CHILDES/Ambrose/download_2026-05-31/HL/36/52CC_36.cha,transcript,.cha,28372,8dd76abd419f4bc2e1530e63549d2fa821dc7d48ea3afa26889e058b8ed6096f,True,pass,pass,,eng,"SIS Sister, CHI Target_Child, MOT Mother",3,True,True,True,True,True,True,137,37
CHILDES,Ambrose,raw_download,2026-05-31,/private/tmp/talkbank_intake_20260531/AmbroseSplit/HL/36/57ZK_36.cha,data/raw/talkbank/CHILDES/Ambrose/download_2026-05-31/HL/36/57ZK_36.cha,transcript,.cha,34489,3711e116d0c4303b20cb431dc9467a8c5d3915596cc93b94087da30483a6b738,True,pass,pass,,eng,"MOT Mother, CHI Target_Child",2,True,True,True,True,True,True,25,20
CHILDES,Ambrose,raw_download,2026-05-31,/private/tmp/talkbank_intake_20260531/AmbroseSplit/HL/36/58LL_36.cha,data/raw/talkbank/CHILDES/Ambrose/download_2026-05-31/HL/36/58LL_36.cha,transcript,.cha,82621,86afbece014afc7c4a248a3b12989740e6eb5edaf9d8b3263978aa2a9396f56d,True,pass,pass,,eng,"MOT Mother, CHI Target_Child",2,True,True,True,True,True,True,270,393
CHILDES,Ambrose,raw_download,2026-05-31,/private/tmp/talkbank_intake_20260531/AmbroseSplit/HL/36/60CS_36.cha,data/raw/talkbank/CHILDES/Ambrose/download_2026-05-31/HL/36/60CS_36.cha,transcript,.cha,72538,173182774c2fcc1edd485b67c06d49d5eb3423c322cdf053b8cff30d6e83be02,True,pass,pass,,eng,"MOT Mother, CHI Target_Child",2,True,True,True,True,True,True,137,178
CHILDES,Ambrose,raw_download,2026-05-31,/private/tmp/talkbank_intake_20260531/AmbroseSplit/HL/36/61MC_36.cha,data/raw/talkbank/CHILDES/Ambrose/download_2026-05-31/HL/36/61MC_36.cha,transcript,.cha,34218,1ddd687e034b88d03767d46d832ddee3d84f61de9acbe4dfe5258edd2d59874f,True,pass,pass,,eng,"MOT Mother, CHI Target_Child",2,True,True,True,True,True,True,41,42
CHILDES,Ambrose,raw_download,2026-05-31,/private/tmp/talkbank_intake_20260531/AmbroseSplit/HL/36/66JP_36.cha,data/raw/talkbank/CHILDES/Ambrose/download_2026-05-31/HL/36/66JP_36.cha,transcript,.cha,89299,d45e0d91470b5045362e321583674f97bef4a9c6d3297b3397a0bb1412a95679,True,pass,pass,,eng,"CHI Target_Child, MOT Mother",2,True,True,True,True,True,True,261,272
CHILDES,Ambrose,raw_download,2026-05-31,/private/tmp/talkbank_intake_20260531/AmbroseSplit/HL/36/70JW_36.cha,data/raw/talkbank/CHILDES/Ambrose/download_2026-05-31/HL/36/70JW_36.cha,transcript,.cha,83913,9a98a6b480af1384f5bb286ca058c3a00f4388b1ba8ede4ffd2fd9e8eaca744f,True,pass,pass,,eng,"MOT Mother, CHI Target_Child",2,True,True,True,True,True,True,329,704
CHILDES,Ambrose,raw_download,2026-05-31,/private/tmp/talkbank_intake_20260531/AmbroseSplit/HL/36/74LA_36.cha,data/raw/talkbank/CHILDES/Ambrose/download_2026-05-31/HL/36/74LA_36.cha,transcript,.cha,92117,aa091c00c1cd2c419fe8456b6e7306e0754eac1ea418d25e0debc4c028aeef62,True,pass,pass,,eng,"MOT Mother, CHI Target_Child",2,True,True,True,True,True,True,187,719
CHILDES,Ambrose,raw_download,2026-05-31,/private/tmp/talkbank_intake_20260531/AmbroseSplit/HL/36/76AM_36.cha,data/raw/talkbank/CHILDES/Ambrose/download_2026-05-31/HL/36/76AM_36.cha,transcript,.cha,58514,4fe6ffd049a46e2badb4dec618a3623fa302dd8ee9bb53bf4c111d19c87191a4,True,pass,pass,,eng,"CHI Target_Child, MOT Mother",2,True,True,True,True,True,True,189,594
CHILDES,Ambrose,raw_download,2026-05-31,/private/tmp/talkbank_intake_20260531/AmbroseSplit/HL/36/80LA_36.cha,data/raw/talkbank/CHILDES/Ambrose/download_2026-05-31/HL/36/80LA_36.cha,transcript,.cha,43182,38710649af41b3ac622256dee6b455ce18d45c74d1995d70a1a1bcc2d1568977,True,pass,pass,,eng,"MOT Mother, CHI Target_Child",2,True,True,True,True,True,True,29,35
CHILDES,Ambrose,raw_download,2026-05-31,/private/tmp/talkbank_intake_20260531/AmbroseSplit/HL/36/81QF_36.cha,data/raw/talkbank/CHILDES/Ambrose/download_2026-05-31/HL/36/81QF_36.cha,transcript,.cha,106061,e09739f55241052e417fd0f8c0ec8ac629515a04ee797afbafbbaa441fcff4e2,True,pass,pass,,eng,"MOT Mother, CHI Target_Child",2,True,True,True,True,True,True,177,361
CHILDES,Ambrose,raw_download,2026-05-31,/private/tmp/talkbank_intake_20260531/AmbroseSplit/HL/36/82NE_36.cha,data/raw/talkbank/CHILDES/Ambrose/download_2026-05-31/HL/36/82NE_36.cha,transcript,.cha,73371,ac23264ca2cda2c6797540779bf4a39343d42737c49f861986cf6c1137e0b92d,True,pass,pass,,eng,"MOT Mother, CHI Target_Child",2,True,True,True,True,True,True,141,150
CHILDES,Ambrose,raw_download,2026-05-31,/private/tmp/talkbank_intake_20260531/AmbroseSplit/HL/36/83DR_36.cha,data/raw/talkbank/CHILDES/Ambrose/download_2026-05-31/HL/36/83DR_36.cha,transcript,.cha,66860,7b3ca75bf65959351b052771172c19efaff2e01a45c87a8581387886d677b382,True,pass,pass,,eng,"MOT Mother, CHI Target_Child",2,True,True,True,True,True,True,73,53
CHILDES,Ambrose,raw_download,2026-05-31,/private/tmp/talkbank_intake_20260531/AmbroseSplit/HL/36/85KB_36.cha,data/raw/talkbank/CHILDES/Ambrose/download_2026-05-31/HL/36/85KB_36.cha,transcript,.cha,76829,5be8122bb1f2e66455a2dd025f681b9f9c676b5ea68bf0cacdac02e61d58d8af,True,pass,pass,,eng,"CHI Target_Child, MOT Mother",2,True,True,True,True,True,True,187,193
CHILDES,Ambrose,raw_download,2026-05-31,/private/tmp/talkbank_intake_20260531/AmbroseSplit/HL/36/86LS_36.cha,data/raw/talkbank/CHILDES/Ambrose/download_2026-05-31/HL/36/86LS_36.cha,transcript,.cha,105834,36274d8113f77ce51b86908fe4136e375fb1460bcb1d92b092aeccf3e9bfc2e0,True,pass,pass,,eng,"CHI Target_Child, MOT Mother",2,True,True,True,True,True,True,253,1179
CHILDES,Ambrose,raw_download,2026-05-31,/private/tmp/talkbank_intake_20260531/AmbroseSplit/HL/36/89CH_36.cha,data/raw/talkbank/CHILDES/Ambrose/download_2026-05-31/HL/36/89CH_36.cha,transcript,.cha,62440,127df885e77cb7c065422789819b62687a43293d1e9430154d816d7465efc401,True,pass,pass,,eng,"CHI Target_Child, MOT Mother",2,True,True,True,True,True,True,263,398
CHILDES,Ambrose,raw_download,2026-05-31,/private/tmp/talkbank_intake_20260531/AmbroseSplit/HL/36/90BM_36.cha,data/raw/talkbank/CHILDES/Ambrose/download_2026-05-31/HL/36/90BM_36.cha,transcript,.cha,63844,c3addfc94908755825e618f9a114f8da7ee55496be779bc2b28c7215f8342133,True,pass,pass,,eng,"MOT Mother, CHI Target_Child",2,True,True,True,True,True,True,49,32
CHILDES,Ambrose,raw_download,2026-05-31,/private/tmp/talkbank_intake_20260531/AmbroseSplit/HL/36/CP22_36.cha,data/raw/talkbank/CHILDES/Ambrose/download_2026-05-31/HL/36/CP22_36.cha,transcript,.cha,53243,7a5eacd537cf8b00c105adc3ef95c8af503cd13b66e07eb274526ef49ec548d1,True,pass,pass,,eng,"CHI Target_Child, MOT Mother",2,True,True,True,True,True,True,76,64
CHILDES,Ambrose,raw_download,2026-05-31,/private/tmp/talkbank_intake_20260531/AmbroseSplit/HL/36/JW36_36.cha,data/raw/talkbank/CHILDES/Ambrose/download_2026-05-31/HL/36/JW36_36.cha,transcript,.cha,62709,ef2231d7905e85ba1b2a8f46f53fcb22788830adf0419ae45b67e335a8dd111a,True,pass,pass,,eng,"MOT Mother, CHI Target_Child",2,True,True,True,True,True,True,152,341
CHILDES,Ambrose,raw_download,2026-05-31,/private/tmp/talkbank_intake_20260531/AmbroseSplit/HL/36/LR24_36.cha,data/raw/talkbank/CHILDES/Ambrose/download_2026-05-31/HL/36/LR24_36.cha,transcript,.cha,68823,f984daad978ea624fccde5cddaf4133b8c857a5e0539ad25775828fbe74c4c91,True,pass,pass,,eng,"CHI Target_Child, MOT Mother",2,True,True,True,True,True,True,317,461
CHILDES,Ambrose,raw_download,2026-05-31,/private/tmp/talkbank_intake_20260531/AmbroseSplit/HL/Ambrose_HL.zip,data/raw/talkbank/CHILDES/Ambrose/download_2026-05-31/HL/Ambrose_HL.zip,archive,.zip,1684232,e2f8196bbd2eb05418915b0d981e9e19161fd1b979215f743b1c9e06496a05af,True,not_applicable,not_applicable,,,,0,False,False,False,False,False,False,0,0
CHILDES,Ambrose,raw_download,2026-05-31,/private/tmp/talkbank_intake_20260531/AmbroseSplit/TD/0metadata.cdc,data/raw/talkbank/CHILDES/Ambrose/download_2026-05-31/TD/0metadata.cdc,sidecar,.cdc,207,e242660ae572802245edba6ebb45d92fc4d5a6b4324adbe4aeba3380a0b599e7,True,not_applicable,not_applicable,,,,0,False,False,False,False,False,False,0,0
CHILDES,Ambrose,raw_download,2026-05-31,/private/tmp/talkbank_intake_20260531/AmbroseSplit/TD/0types.txt,data/raw/talkbank/CHILDES/Ambrose/download_2026-05-31/TD/0types.txt,sidecar,.txt,26,918f4c4db374cd02de27d1a1fa161b93229cc22f04513485f0b80f5c4efce9d1,True,not_applicable,not_applicable,,,,0,False,False,False,False,False,False,0,0
CHILDES,Ambrose,raw_download,2026-05-31,/private/tmp/talkbank_intake_20260531/AmbroseSplit/TD/13/01DM_13.cha,data/raw/talkbank/CHILDES/Ambrose/download_2026-05-31/TD/13/01DM_13.cha,transcript,.cha,104934,92f7c83ca973f6bc079bf98b3f269710dacdba15e1fd4d677631d6c16eda4fa8,True,pass,pass,,eng,"CHI Target_Child, MOT Mother",2,True,True,True,True,True,True,95,18
CHILDES,Ambrose,raw_download,2026-05-31,/private/tmp/talkbank_intake_20260531/AmbroseSplit/TD/13/02JW_13.cha,data/raw/talkbank/CHILDES/Ambrose/download_2026-05-31/TD/13/02JW_13.cha,transcript,.cha,80689,75e54009a1fc8b672b420913faac0d2d81649f9f863625a12d434395e28fde47,True,pass,pass,,eng,"MOT Mother, CHI Target_Child",2,True,True,True,True,True,True,83,23
CHILDES,Ambrose,raw_download,2026-05-31,/private/tmp/talkbank_intake_20260531/AmbroseSplit/TD/13/03PH_13.cha,data/raw/talkbank/CHILDES/Ambrose/download_2026-05-31/TD/13/03PH_13.cha,transcript,.cha,67527,ce574d58f2a0a21f5b5e37f499e50c3190788610ea687f048f85c3ed4b069ca1,True,pass,pass,,eng,"MOT Mother, CHI Target_Child",2,True,True,True,True,True,True,190,66
CHILDES,Ambrose,raw_download,2026-05-31,/private/tmp/talkbank_intake_20260531/AmbroseSplit/TD/13/06BB_13.cha,data/raw/talkbank/CHILDES/Ambrose/download_2026-05-31/TD/13/06BB_13.cha,transcript,.cha,67423,1f5d7155d1b35a05d3f487c1fd5be59e8ecae333a274057f76467ab08264e705,True,pass,pass,,eng,"MOT Mother, CHI Target_Child",2,True,True,True,True,True,True,157,34
CHILDES,Ambrose,raw_download,2026-05-31,/private/tmp/talkbank_intake_20260531/AmbroseSplit/TD/13/07ES_13.cha,data/raw/talkbank/CHILDES/Ambrose/download_2026-05-31/TD/13/07ES_13.cha,transcript,.cha,71462,a60c7c793b960a0e6dd301ccab63764899862a30354e76f1b125311bb01e4f69,True,pass,pass,,eng,"MOT Mother, CHI Target_Child",2,True,True,True,True,True,True,218,20
CHILDES,Ambrose,raw_download,2026-05-31,/private/tmp/talkbank_intake_20260531/AmbroseSplit/TD/13/08SE_13.cha,data/raw/talkbank/CHILDES/Ambrose/download_2026-05-31/TD/13/08SE_13.cha,transcript,.cha,22406,26016fd515ed4e317056b4b0bded27ac1ff21aad8551a1ac22417ef502b4bca7,True,pass,pass,,eng,"MOT Mother, CHI Target_Child",2,True,True,True,True,True,True,37,1
CHILDES,Ambrose,raw_download,2026-05-31,/private/tmp/talkbank_intake_20260531/AmbroseSplit/TD/13/10MF_13.cha,data/raw/talkbank/CHILDES/Ambrose/download_2026-05-31/TD/13/10MF_13.cha,transcript,.cha,104836,61a9625feb556f7707c0c33a6df23169034640cabf4917b7c63062620873ebba,True,pass,pass,,eng,"MOT Mother, CHI Target_Child",2,True,True,True,True,True,True,59,12
CHILDES,Ambrose,raw_download,2026-05-31,/private/tmp/talkbank_intake_20260531/AmbroseSplit/TD/13/11ES_13.cha,data/raw/talkbank/CHILDES/Ambrose/download_2026-05-31/TD/13/11ES_13.cha,transcript,.cha,81295,830449a7aacc61868594c35fa733d5c0da5e4c928617d29c2d5ebf8badd68541,True,pass,pass,,eng,"MOT Mother, CHI Target_Child",2,True,True,True,True,True,True,408,126
CHILDES,Ambrose,raw_download,2026-05-31,/private/tmp/talkbank_intake_20260531/AmbroseSplit/TD/13/13JI_13.cha,data/raw/talkbank/CHILDES/Ambrose/download_2026-05-31/TD/13/13JI_13.cha,transcript,.cha,62429,8195cb5f26b59b84476799e116715b090ab8f762c44e784a0ecedb29716ce765,True,pass,pass,,eng,"MOT Mother, CHI Target_Child",2,True,True,True,True,True,True,133,14
CHILDES,Ambrose,raw_download,2026-05-31,/private/tmp/talkbank_intake_20260531/AmbroseSplit/TD/13/14AM_13.cha,data/raw/talkbank/CHILDES/Ambrose/download_2026-05-31/TD/13/14AM_13.cha,transcript,.cha,63978,09dc41354b145c38596458f19b5cf2eeae065aecaaee86a0681f21268d60503d,True,pass,pass,,eng,"MOT Mother, CHI Target_Child",2,True,True,True,True,True,True,71,21
CHILDES,Ambrose,raw_download,2026-05-31,/private/tmp/talkbank_intake_20260531/AmbroseSplit/TD/13/15BG_13.cha,data/raw/talkbank/CHILDES/Ambrose/download_2026-05-31/TD/13/15BG_13.cha,transcript,.cha,76685,34dc0a8a2bb1cf846cab7ea81bdf2d7249f041dbd910d8360f98ff78f84438d8,True,pass,pass,,eng,"MOT Mother, CHI Target_Child",2,True,True,True,True,True,True,153,26
CHILDES,Ambrose,raw_download,2026-05-31,/private/tmp/talkbank_intake_20260531/AmbroseSplit/TD/13/17JH_13.cha,data/raw/talkbank/CHILDES/Ambrose/download_2026-05-31/TD/13/17JH_13.cha,transcript,.cha,118966,acc6f5053eb6aec5eafe61677741053ea2eeb94cc628554cb31ab75bbb5afbe8,True,pass,pass,,eng,"CHI Target_Child, MOT Mother",2,True,True,True,True,True,True,110,42
CHILDES,Ambrose,raw_download,2026-05-31,/private/tmp/talkbank_intake_20260531/AmbroseSplit/TD/13/19BB_13.cha,data/raw/talkbank/CHILDES/Ambrose/download_2026-05-31/TD/13/19BB_13.cha,transcript,.cha,85463,4b659434bfadb6054dbee91141ccf822547f948bb75d02fb44613841d35aadde,True,pass,pass,,eng,"CHI Target_Child, MOT Mother",2,True,True,True,True,True,True,230,24
CHILDES,Ambrose,raw_download,2026-05-31,/private/tmp/talkbank_intake_20260531/AmbroseSplit/TD/13/21MB_13.cha,data/raw/talkbank/CHILDES/Ambrose/download_2026-05-31/TD/13/21MB_13.cha,transcript,.cha,76849,3a6db61a7d61ef67246bd3c5f2ecf7ad0ece6fb51c9183c12cc7ba9bf4dc5751,True,pass,pass,,eng,"MOT Mother, CHI Target_Child",2,True,True,True,True,True,True,101,41
CHILDES,Ambrose,raw_download,2026-05-31,/private/tmp/talkbank_intake_20260531/AmbroseSplit/TD/13/23LH_13.cha,data/raw/talkbank/CHILDES/Ambrose/download_2026-05-31/TD/13/23LH_13.cha,transcript,.cha,59265,e95d398f252aa0205bfeb8cead6d67e0c6027e14c317eed242de8b867037d9d7,True,pass,pass,,eng,"MOT Mother, CHI Target_Child",2,True,True,True,True,True,True,162,12
CHILDES,Ambrose,raw_download,2026-05-31,/private/tmp/talkbank_intake_20260531/AmbroseSplit/TD/13/25CC_13.cha,data/raw/talkbank/CHILDES/Ambrose/download_2026-05-31/TD/13/25CC_13.cha,transcript,.cha,64023,1fe1ed3f5a8098924ae09d74bdaf9c5a55507fabb4c4ac75a158eb26928f1a10,True,pass,pass,,eng,"CHI Target_Child, MOT Mother",2,True,True,True,True,True,True,176,22
CHILDES,Ambrose,raw_download,2026-05-31,/private/tmp/talkbank_intake_20260531/AmbroseSplit/TD/13/26AC_13.cha,data/raw/talkbank/CHILDES/Ambrose/download_2026-05-31/TD/13/26AC_13.cha,transcript,.cha,94927,ef119db7f226dfeee58bb4e7d70294fb8c43058773e5ece98793d7357a8c3498,True,pass,pass,,eng,"MOT Mother, CHI Target_Child",2,True,True,True,True,True,True,142,128
CHILDES,Ambrose,raw_download,2026-05-31,/private/tmp/talkbank_intake_20260531/AmbroseSplit/TD/13/27MR_13.cha,data/raw/talkbank/CHILDES/Ambrose/download_2026-05-31/TD/13/27MR_13.cha,transcript,.cha,70874,8004666c7227516552c4152b9cada5f673ca2afa2fb8cf0911ef49f69c4c221e,True,pass,pass,,eng,"MOT Mother, CHI Target_Child",2,True,True,True,True,True,True,111,49
CHILDES,Ambrose,raw_download,2026-05-31,/private/tmp/talkbank_intake_20260531/AmbroseSplit/TD/18/01DM_18.cha,data/raw/talkbank/CHILDES/Ambrose/download_2026-05-31/TD/18/01DM_18.cha,transcript,.cha,106225,6ab352ebce121a9c1efcbe872bd64d3c6ae486c378c41bf594f5aed37531e660,True,pass,pass,,eng,"MOT Mother, CHI Target_Child",2,True,True,True,True,True,True,203,47
CHILDES,Ambrose,raw_download,2026-05-31,/private/tmp/talkbank_intake_20260531/AmbroseSplit/TD/18/02JW_18.cha,data/raw/talkbank/CHILDES/Ambrose/download_2026-05-31/TD/18/02JW_18.cha,transcript,.cha,69351,54f7ed5c7914657cf0a821fa6edc5efdb0ec3690718f42929027011980a9e2a9,True,pass,pass,,eng,"MOT Mother, CHI Target_Child",2,True,True,True,True,True,True,118,46
CHILDES,Ambrose,raw_download,2026-05-31,/private/tmp/talkbank_intake_20260531/AmbroseSplit/TD/18/03PH_18.cha,data/raw/talkbank/CHILDES/Ambrose/download_2026-05-31/TD/18/03PH_18.cha,transcript,.cha,68859,a01f765d13c6463ba48b8755ffe13e509800cae651d08090fde380bd20a97ae7,True,pass,pass,,eng,"MOT Mother, CHI Target_Child",2,True,True,True,True,True,True,154,23
CHILDES,Ambrose,raw_download,2026-05-31,/private/tmp/talkbank_intake_20260531/AmbroseSplit/TD/18/06BB_18.cha,data/raw/talkbank/CHILDES/Ambrose/download_2026-05-31/TD/18/06BB_18.cha,transcript,.cha,97902,80cc122d93ece1cf5363422c90dac999c47342e54c564c7535bee154aa658c3a,True,pass,pass,,eng,"MOT Mother, CHI Target_Child",2,True,True,True,True,True,True,268,96
CHILDES,Ambrose,raw_download,2026-05-31,/private/tmp/talkbank_intake_20260531/AmbroseSplit/TD/18/07ES_18.cha,data/raw/talkbank/CHILDES/Ambrose/download_2026-05-31/TD/18/07ES_18.cha,transcript,.cha,76453,86255bd2ae533d12c14387afa0308f31a8e54a132d3443533c962a233bb38c3a,True,pass,pass,,eng,"MOT Mother, CHI Target_Child",2,True,True,True,True,True,True,153,27
CHILDES,Ambrose,raw_download,2026-05-31,/private/tmp/talkbank_intake_20260531/AmbroseSplit/TD/18/08SE_18.cha,data/raw/talkbank/CHILDES/Ambrose/download_2026-05-31/TD/18/08SE_18.cha,transcript,.cha,44732,c32eb50e7e49f0e2180e81169df5902e30801784fb3c06e82fb86cc7da4d0fbd,True,pass,pass,,eng,"MOT Mother, CHI Target_Child",2,True,True,True,True,True,True,126,20
CHILDES,Ambrose,raw_download,2026-05-31,/private/tmp/talkbank_intake_20260531/AmbroseSplit/TD/18/10MF_18.cha,data/raw/talkbank/CHILDES/Ambrose/download_2026-05-31/TD/18/10MF_18.cha,transcript,.cha,110452,62318c7ac66dbd115e028984d4496804dd9bdb4f38d1263b91f3cb26bcf6849e,True,pass,pass,,eng,"MOT Mother, CHI Target_Child",2,True,True,True,True,True,True,140,30
CHILDES,Ambrose,raw_download,2026-05-31,/private/tmp/talkbank_intake_20260531/AmbroseSplit/TD/18/11ES_18.cha,data/raw/talkbank/CHILDES/Ambrose/download_2026-05-31/TD/18/11ES_18.cha,transcript,.cha,92996,368ce1d09414bfce692e29c7c7be61dea53c26d1a96126f6bf04fd568ddcc03f,True,pass,pass,,eng,"MOT Mother, CHI Target_Child",2,True,True,True,True,True,True,142,85
CHILDES,Ambrose,raw_download,2026-05-31,/private/tmp/talkbank_intake_20260531/AmbroseSplit/TD/18/13JI_18.cha,data/raw/talkbank/CHILDES/Ambrose/download_2026-05-31/TD/18/13JI_18.cha,transcript,.cha,55409,a65037ca7c70dd99b5430cb63c68f6987cc691349241d37fa547a08a2be06165,True,pass,pass,,eng,"MOT Mother, CHI Target_Child",2,True,True,True,True,True,True,127,16
CHILDES,Ambrose,raw_download,2026-05-31,/private/tmp/talkbank_intake_20260531/AmbroseSplit/TD/18/14AM_18.cha,data/raw/talkbank/CHILDES/Ambrose/download_2026-05-31/TD/18/14AM_18.cha,transcript,.cha,71176,51ce9f9c0d2b4006ae5d9dc0d641268f85e2afe3a2ab3e094cc1443941a406f4,True,pass,pass,,eng,"MOT Mother, CHI Target_Child",2,True,True,True,True,True,True,136,28
CHILDES,Ambrose,raw_download,2026-05-31,/private/tmp/talkbank_intake_20260531/AmbroseSplit/TD/18/15BG_18.cha,data/raw/talkbank/CHILDES/Ambrose/download_2026-05-31/TD/18/15BG_18.cha,transcript,.cha,83236,3953635eb011049fac703ecf66bdd3751de2cf5aaee956b7e336e4200dfd712f,True,pass,pass,,eng,"MOT Mother, CHI Target_Child",2,True,True,True,True,True,True,197,195
CHILDES,Ambrose,raw_download,2026-05-31,/private/tmp/talkbank_intake_20260531/AmbroseSplit/TD/18/17JH_18.cha,data/raw/talkbank/CHILDES/Ambrose/download_2026-05-31/TD/18/17JH_18.cha,transcript,.cha,133242,98973726fc73c2374567783f693a080d250910d3bbaaa96a7cb3fd79004bf6d1,True,pass,pass,,eng,"MOT Mother, CHI Target_Child",2,True,True,True,True,True,True,169,51
CHILDES,Ambrose,raw_download,2026-05-31,/private/tmp/talkbank_intake_20260531/AmbroseSplit/TD/18/19BB_18.cha,data/raw/talkbank/CHILDES/Ambrose/download_2026-05-31/TD/18/19BB_18.cha,transcript,.cha,67566,55763f4f88ba9e599afeddb85f257ab456de2197557c6d81cf3c9e5adfca155a,True,pass,pass,,eng,"MOT Mother, CHI Target_Child",2,True,True,True,True,True,True,133,27
CHILDES,Ambrose,raw_download,2026-05-31,/private/tmp/talkbank_intake_20260531/AmbroseSplit/TD/18/21MB_18.cha,data/raw/talkbank/CHILDES/Ambrose/download_2026-05-31/TD/18/21MB_18.cha,transcript,.cha,77906,e4b93921a20a8263cb823e040d13da01af36ee1d512f07b2f386ff5eee4a545d,True,pass,pass,,eng,"MOT Mother, CHI Target_Child",2,True,True,True,True,True,True,177,163
CHILDES,Ambrose,raw_download,2026-05-31,/private/tmp/talkbank_intake_20260531/AmbroseSplit/TD/18/23LH_18.cha,data/raw/talkbank/CHILDES/Ambrose/download_2026-05-31/TD/18/23LH_18.cha,transcript,.cha,67234,66122eed9fe4aecfaa5c9056d79548a7ce128fc068210061d6153b37b5fae99e,True,pass,pass,,eng,"MOT Mother, CHI Target_Child",2,True,True,True,True,True,True,105,22
CHILDES,Ambrose,raw_download,2026-05-31,/private/tmp/talkbank_intake_20260531/AmbroseSplit/TD/18/25CC_18.cha,data/raw/talkbank/CHILDES/Ambrose/download_2026-05-31/TD/18/25CC_18.cha,transcript,.cha,73833,88e361d6e26a127c589a1490ab91ebbeccde7f25b796b4d473519af313bb69ea,True,pass,pass,,eng,"MOT Mother, CHI Target_Child",2,True,True,True,True,True,True,195,166
CHILDES,Ambrose,raw_download,2026-05-31,/private/tmp/talkbank_intake_20260531/AmbroseSplit/TD/18/26AC_18.cha,data/raw/talkbank/CHILDES/Ambrose/download_2026-05-31/TD/18/26AC_18.cha,transcript,.cha,103467,3231c4752a5dc3469d42028e991fe5ffb47531e92beae6e73a363c6ac40a93af,True,pass,pass,,eng,"MOT Mother, CHI Target_Child",2,True,True,True,True,True,True,140,129
CHILDES,Ambrose,raw_download,2026-05-31,/private/tmp/talkbank_intake_20260531/AmbroseSplit/TD/18/27MR_18.cha,data/raw/talkbank/CHILDES/Ambrose/download_2026-05-31/TD/18/27MR_18.cha,transcript,.cha,84127,20fd838265aed5aece9fdddf6e6074c9536251634b88f4acc4b0e87c9850f620,True,pass,pass,,eng,"MOT Mother, CHI Target_Child",2,True,True,True,True,True,True,151,79
CHILDES,Ambrose,raw_download,2026-05-31,/private/tmp/talkbank_intake_20260531/AmbroseSplit/TD/22/01DM_22.cha,data/raw/talkbank/CHILDES/Ambrose/download_2026-05-31/TD/22/01DM_22.cha,transcript,.cha,103209,77ebc7b6490240ef9e1abf2d8f51374565b6804d82c3922a78eef1f6018ffe09,True,pass,pass,,eng,"MOT Mother, CHI Target_Child",2,True,True,True,True,True,True,125,151
CHILDES,Ambrose,raw_download,2026-05-31,/private/tmp/talkbank_intake_20260531/AmbroseSplit/TD/22/02JW_22.cha,data/raw/talkbank/CHILDES/Ambrose/download_2026-05-31/TD/22/02JW_22.cha,transcript,.cha,100248,9821c0a3c265a1cc1bf3b569b9b2920d9b522c0996ae96be57c202582b47e782,True,pass,pass,,eng,"MOT Mother, CHI Target_Child",2,True,True,True,True,True,True,265,573
CHILDES,Ambrose,raw_download,2026-05-31,/private/tmp/talkbank_intake_20260531/AmbroseSplit/TD/22/03PH_22.cha,data/raw/talkbank/CHILDES/Ambrose/download_2026-05-31/TD/22/03PH_22.cha,transcript,.cha,74067,f0775502738400c1e123439e2c012c0c09e2c9e6b5c79332fa975cb3e1308f8f,True,pass,pass,,eng,"MOT Mother, CHI Target_Child",2,True,True,True,True,True,True,54,58
CHILDES,Ambrose,raw_download,2026-05-31,/private/tmp/talkbank_intake_20260531/AmbroseSplit/TD/22/06BB_22.cha,data/raw/talkbank/CHILDES/Ambrose/download_2026-05-31/TD/22/06BB_22.cha,transcript,.cha,112091,f0889527ca89e7f3894e6df2f87b4365f9b54d7f9f8ed5f51c8f285ad98a5967,True,pass,pass,,eng,"MOT Mother, CHI Target_Child",2,True,True,True,True,True,True,117,110
CHILDES,Ambrose,raw_download,2026-05-31,/private/tmp/talkbank_intake_20260531/AmbroseSplit/TD/22/07ES_22.cha,data/raw/talkbank/CHILDES/Ambrose/download_2026-05-31/TD/22/07ES_22.cha,transcript,.cha,96601,5de6a83b4605879770ceba349936677b26da42a97b8028fc3d7ecbf05a496c5a,True,pass,pass,,eng,"MOT Mother, CHI Target_Child",2,True,True,True,True,True,True,253,293
CHILDES,Ambrose,raw_download,2026-05-31,/private/tmp/talkbank_intake_20260531/AmbroseSplit/TD/22/08SE_22.cha,data/raw/talkbank/CHILDES/Ambrose/download_2026-05-31/TD/22/08SE_22.cha,transcript,.cha,59969,68869860465c402fb1b5d50ce9315d0d26e5ea61eb607aa8ab6340ff36ca6897,True,pass,pass,,eng,"MOT Mother, CHI Target_Child",2,True,True,True,True,True,True,153,133
CHILDES,Ambrose,raw_download,2026-05-31,/private/tmp/talkbank_intake_20260531/AmbroseSplit/TD/22/10MF_22.cha,data/raw/talkbank/CHILDES/Ambrose/download_2026-05-31/TD/22/10MF_22.cha,transcript,.cha,112891,610258e2181abacba6498dbc7f770d0aef5eec6f38faf35716e0760932fd4e72,True,pass,pass,,eng,"MOT Mother, CHI Target_Child",2,True,True,True,True,True,True,49,55
CHILDES,Ambrose,raw_download,2026-05-31,/private/tmp/talkbank_intake_20260531/AmbroseSplit/TD/22/11ES_22.cha,data/raw/talkbank/CHILDES/Ambrose/download_2026-05-31/TD/22/11ES_22.cha,transcript,.cha,89354,63dd63d80c7a6b63262fed40a843801c229282b9948a588849439daf8a4f3632,True,pass,pass,,eng,"CHI Target_Child, MOT Mother",2,True,True,True,True,True,True,223,240
CHILDES,Ambrose,raw_download,2026-05-31,/private/tmp/talkbank_intake_20260531/AmbroseSplit/TD/22/13JI_22.cha,data/raw/talkbank/CHILDES/Ambrose/download_2026-05-31/TD/22/13JI_22.cha,transcript,.cha,87848,73adfd44ad001b173124e2a4d4fac5e9a18442bc62e98784ef2c54c495a68fd9,True,pass,pass,,"eng, spa","MOT Mother, CHI Target_Child",2,True,True,True,True,True,True,65,37
CHILDES,Ambrose,raw_download,2026-05-31,/private/tmp/talkbank_intake_20260531/AmbroseSplit/TD/22/14AM_22.cha,data/raw/talkbank/CHILDES/Ambrose/download_2026-05-31/TD/22/14AM_22.cha,transcript,.cha,78959,0ef4428d1282a2e3c77584490afbe624607cd93876fa3e71daf1fcf4018a521e,True,pass,pass,,eng,"MOT Mother, CHI Target_Child",2,True,True,True,True,True,True,171,221
CHILDES,Ambrose,raw_download,2026-05-31,/private/tmp/talkbank_intake_20260531/AmbroseSplit/TD/22/15BG_22.cha,data/raw/talkbank/CHILDES/Ambrose/download_2026-05-31/TD/22/15BG_22.cha,transcript,.cha,90791,5ff26ddf414e18fb103ae03fb1d3b5825c96549c3bec54b79edaaeb28d55aa6c,True,pass,pass,,eng,"MOT Mother, CHI Target_Child",2,True,True,True,True,True,True,233,350
CHILDES,Ambrose,raw_download,2026-05-31,/private/tmp/talkbank_intake_20260531/AmbroseSplit/TD/22/17JH_22.cha,data/raw/talkbank/CHILDES/Ambrose/download_2026-05-31/TD/22/17JH_22.cha,transcript,.cha,130471,f65dd076ff6876521e615bb009769b524824d16a9de8c9ced87d6febd6b23fc3,True,pass,pass,,eng,"MOT Mother, CHI Target_Child",2,True,True,True,True,True,True,234,341
CHILDES,Ambrose,raw_download,2026-05-31,/private/tmp/talkbank_intake_20260531/AmbroseSplit/TD/22/19BB_22.cha,data/raw/talkbank/CHILDES/Ambrose/download_2026-05-31/TD/22/19BB_22.cha,transcript,.cha,103480,aefe6e88d91a500184b89d4ffe68fde89ed7f83b9f861c037b9d7cf93de08a3a,True,pass,pass,,eng,"MOT Mother, CHI Target_Child",2,True,True,True,True,True,True,167,213
CHILDES,Ambrose,raw_download,2026-05-31,/private/tmp/talkbank_intake_20260531/AmbroseSplit/TD/22/21MB_22.cha,data/raw/talkbank/CHILDES/Ambrose/download_2026-05-31/TD/22/21MB_22.cha,transcript,.cha,111245,232f2839ee5921e8212b1a36bf52cc660dccd5158f605e4c74bf6495c7c863a9,True,pass,pass,,eng,"MOT Mother, CHI Target_Child",2,True,True,True,True,True,True,280,563
CHILDES,Ambrose,raw_download,2026-05-31,/private/tmp/talkbank_intake_20260531/AmbroseSplit/TD/22/23LH_22.cha,data/raw/talkbank/CHILDES/Ambrose/download_2026-05-31/TD/22/23LH_22.cha,transcript,.cha,87248,3cb3c67b0445395836823107b173fe68cdf237b08a7aecefddab6503041140c5,True,pass,pass,,eng,"MOT Mother, CHI Target_Child",2,True,True,True,True,True,True,139,184
CHILDES,Ambrose,raw_download,2026-05-31,/private/tmp/talkbank_intake_20260531/AmbroseSplit/TD/22/25CC_22.cha,data/raw/talkbank/CHILDES/Ambrose/download_2026-05-31/TD/22/25CC_22.cha,transcript,.cha,105638,8121d987f7d382850a5da8206fb7034e9b2b4ab01d16d5bc825c1eb4dbc636f1,True,pass,pass,,eng,"CHI Target_Child, MOT Mother",2,True,True,True,True,True,True,287,467
CHILDES,Ambrose,raw_download,2026-05-31,/private/tmp/talkbank_intake_20260531/AmbroseSplit/TD/22/26AC_22.cha,data/raw/talkbank/CHILDES/Ambrose/download_2026-05-31/TD/22/26AC_22.cha,transcript,.cha,126286,07bcced76fee5adb95aa5a012b10cd3bbc737bff5236b78cf7e5b61a68e29a09,True,pass,pass,,eng,"MOT Mother, CHI Target_Child",2,True,True,True,True,True,True,168,355
CHILDES,Ambrose,raw_download,2026-05-31,/private/tmp/talkbank_intake_20260531/AmbroseSplit/TD/22/27MR_22.cha,data/raw/talkbank/CHILDES/Ambrose/download_2026-05-31/TD/22/27MR_22.cha,transcript,.cha,104630,9ffb1e3a03dae17d48f6dbcb3477aaa7a023747a4a7a9c9a831ef35fa9da31f5,True,pass,pass,,eng,"MOT Mother, CHI Target_Child",2,True,True,True,True,True,True,260,382
CHILDES,Ambrose,raw_download,2026-05-31,/private/tmp/talkbank_intake_20260531/AmbroseSplit/TD/27/01DM_27.cha,data/raw/talkbank/CHILDES/Ambrose/download_2026-05-31/TD/27/01DM_27.cha,transcript,.cha,106887,4adf54d41276481da967110df44de17537e9c64c590cbf9eff64c26affdcd04e,True,pass,pass,,eng,"CHI Target_Child, MOT Mother",2,True,True,True,True,True,True,276,364
CHILDES,Ambrose,raw_download,2026-05-31,/private/tmp/talkbank_intake_20260531/AmbroseSplit/TD/27/02JW_27.cha,data/raw/talkbank/CHILDES/Ambrose/download_2026-05-31/TD/27/02JW_27.cha,transcript,.cha,109204,98e136b28ca231ae9bb900a793c5ba3a1e4705296b6a5531a662c475378ef393,True,pass,pass,,eng,"CHI Target_Child, MOT Mother",2,True,True,True,True,True,True,333,1200
CHILDES,Ambrose,raw_download,2026-05-31,/private/tmp/talkbank_intake_20260531/AmbroseSplit/TD/27/03PH_27.cha,data/raw/talkbank/CHILDES/Ambrose/download_2026-05-31/TD/27/03PH_27.cha,transcript,.cha,95239,02430f505656795027ef83f178d85f198d9639159e21e22ef1af9c8f00e17cd1,True,pass,pass,,eng,"MOT Mother, CHI Target_Child",2,True,True,True,True,True,True,336,290
CHILDES,Ambrose,raw_download,2026-05-31,/private/tmp/talkbank_intake_20260531/AmbroseSplit/TD/27/06BB_27.cha,data/raw/talkbank/CHILDES/Ambrose/download_2026-05-31/TD/27/06BB_27.cha,transcript,.cha,157581,e0cd71aa0e7a7b08a4f99a15abdd4fdf60b9639eab22db2118cf922eff5711c2,True,pass,pass,,eng,"MOT Mother, CHI Target_Child",2,True,True,True,True,True,True,509,486
CHILDES,Ambrose,raw_download,2026-05-31,/private/tmp/talkbank_intake_20260531/AmbroseSplit/TD/27/07ES_27.cha,data/raw/talkbank/CHILDES/Ambrose/download_2026-05-31/TD/27/07ES_27.cha,transcript,.cha,120183,726692976b27f46a6af2a43796541cbb669fcca88285e32537579b2c83f6de03,True,pass,pass,,eng,"CHI Target_Child, MOT Mother",2,True,True,True,True,True,True,365,564
CHILDES,Ambrose,raw_download,2026-05-31,/private/tmp/talkbank_intake_20260531/AmbroseSplit/TD/27/08SE_27.cha,data/raw/talkbank/CHILDES/Ambrose/download_2026-05-31/TD/27/08SE_27.cha,transcript,.cha,50738,1010d265a31517e8a3e9dd0f1cbdf9992b818de98826661032aa464b630fe32c,True,pass,pass,,eng,"MOT Mother, CHI Target_Child",2,True,True,True,True,True,True,292,424
CHILDES,Ambrose,raw_download,2026-05-31,/private/tmp/talkbank_intake_20260531/AmbroseSplit/TD/27/10MF_27.cha,data/raw/talkbank/CHILDES/Ambrose/download_2026-05-31/TD/27/10MF_27.cha,transcript,.cha,109328,59d4fc9d6f5cdbae4285dce3268f7c6ac2f5364885f62968212c5ed4bb528986,True,pass,pass,,eng,"MOT Mother, CHI Target_Child",2,True,True,True,True,True,True,156,174
CHILDES,Ambrose,raw_download,2026-05-31,/private/tmp/talkbank_intake_20260531/AmbroseSplit/TD/27/11ES_27.cha,data/raw/talkbank/CHILDES/Ambrose/download_2026-05-31/TD/27/11ES_27.cha,transcript,.cha,98685,b8142f5c5c6e40a3707586dd17fd6a28494710bd17ea5cd97e4d0e1124936c9e,True,pass,pass,,eng,"MOT Mother, CHI Target_Child",2,True,True,True,True,True,True,230,650
CHILDES,Ambrose,raw_download,2026-05-31,/private/tmp/talkbank_intake_20260531/AmbroseSplit/TD/27/13JI_27.cha,data/raw/talkbank/CHILDES/Ambrose/download_2026-05-31/TD/27/13JI_27.cha,transcript,.cha,77070,85c60aca4c37eccf44985592c1094a1d1733f08347ba2f4a831dbbb00f401694,True,pass,pass,,eng,"MOT Mother, CHI Target_Child",2,True,True,True,True,True,True,39,37
CHILDES,Ambrose,raw_download,2026-05-31,/private/tmp/talkbank_intake_20260531/AmbroseSplit/TD/27/14AM_27.cha,data/raw/talkbank/CHILDES/Ambrose/download_2026-05-31/TD/27/14AM_27.cha,transcript,.cha,95439,6fd6d6f4bbf11be753843426dc72f0c0911745bb08b877e82f3b9bfecae8337c,True,pass,pass,,"eng, spa","MOT Mother, CHI Target_Child",2,True,True,True,True,True,True,274,672
CHILDES,Ambrose,raw_download,2026-05-31,/private/tmp/talkbank_intake_20260531/AmbroseSplit/TD/27/15BG_27.cha,data/raw/talkbank/CHILDES/Ambrose/download_2026-05-31/TD/27/15BG_27.cha,transcript,.cha,115003,c44301c2cd7f8bd1410fab3c9b741c99fa790bc622c446f36f92d39d38e30a72,True,pass,pass,,eng,"MOT Mother, CHI Target_Child",2,True,True,True,True,True,True,321,719
CHILDES,Ambrose,raw_download,2026-05-31,/private/tmp/talkbank_intake_20260531/AmbroseSplit/TD/27/17JH_27.cha,data/raw/talkbank/CHILDES/Ambrose/download_2026-05-31/TD/27/17JH_27.cha,transcript,.cha,123263,1004bf918a38b443c55552fba63f84263aa88c464bc9bf26a7dce99ea61dc4b3,True,pass,pass,,eng,"MOT Mother, CHI Target_Child",2,True,True,True,True,True,True,249,614
CHILDES,Ambrose,raw_download,2026-05-31,/private/tmp/talkbank_intake_20260531/AmbroseSplit/TD/27/19BB_27.cha,data/raw/talkbank/CHILDES/Ambrose/download_2026-05-31/TD/27/19BB_27.cha,transcript,.cha,129662,c1a72c36f29882413803149ba3eb4077050d17055a4e5d33676e46d00a75ecac,True,pass,pass,,eng,"MOT Mother, CHI Target_Child",2,True,True,True,True,True,True,321,247
CHILDES,Ambrose,raw_download,2026-05-31,/private/tmp/talkbank_intake_20260531/AmbroseSplit/TD/27/21MB_27.cha,data/raw/talkbank/CHILDES/Ambrose/download_2026-05-31/TD/27/21MB_27.cha,transcript,.cha,112242,2420b032a8b074bf4c7fe64aaa9a6a02f79cf42599cc887b447cc9a77c941b4e,True,pass,pass,,eng,"CHI Target_Child, MOT Mother",2,True,True,True,True,True,True,325,1047
CHILDES,Ambrose,raw_download,2026-05-31,/private/tmp/talkbank_intake_20260531/AmbroseSplit/TD/27/23LH_27.cha,data/raw/talkbank/CHILDES/Ambrose/download_2026-05-31/TD/27/23LH_27.cha,transcript,.cha,96499,6aa9941cfaa4044c1d3a3915dc1a05185322eece5d5a3b264f03deab0936cbb9,True,pass,pass,,eng,"MOT Mother, CHI Target_Child",2,True,True,True,True,True,True,254,363
CHILDES,Ambrose,raw_download,2026-05-31,/private/tmp/talkbank_intake_20260531/AmbroseSplit/TD/27/25CC_27.cha,data/raw/talkbank/CHILDES/Ambrose/download_2026-05-31/TD/27/25CC_27.cha,transcript,.cha,105548,843ad52d0384e6255458780085a8b5a7ce553f8da9920337ea75cf481df31345,True,pass,pass,,eng,"MOT Mother, CHI Target_Child",2,True,True,True,True,True,True,335,1120
CHILDES,Ambrose,raw_download,2026-05-31,/private/tmp/talkbank_intake_20260531/AmbroseSplit/TD/27/26AC_27.cha,data/raw/talkbank/CHILDES/Ambrose/download_2026-05-31/TD/27/26AC_27.cha,transcript,.cha,111144,6cee8d374f0e770f4dc546ff52dc9d74cd04e9aa4d27f95d3b773000fb0681aa,True,pass,pass,,eng,"MOT Mother, CHI Target_Child",2,True,True,True,True,True,True,178,461
CHILDES,Ambrose,raw_download,2026-05-31,/private/tmp/talkbank_intake_20260531/AmbroseSplit/TD/27/27MR_27.cha,data/raw/talkbank/CHILDES/Ambrose/download_2026-05-31/TD/27/27MR_27.cha,transcript,.cha,113389,b61dc43e2b63669b9a50c3b0feef85b7bc93c76a99d1d1deca4f5f50ef3ced1a,True,pass,pass,,eng,"MOT Mother, CHI Target_Child",2,True,True,True,True,True,True,281,857
CHILDES,Ambrose,raw_download,2026-05-31,/private/tmp/talkbank_intake_20260531/AmbroseSplit/TD/36/01DM_36.cha,data/raw/talkbank/CHILDES/Ambrose/download_2026-05-31/TD/36/01DM_36.cha,transcript,.cha,89201,ab2ac8d5df49008f2f568f8c95349fcbf41ad2cab5979ac1e976b4e03670cebf,True,pass,pass,,eng,"CHI Target_Child, MOT Mother",2,True,True,True,True,True,True,164,440
CHILDES,Ambrose,raw_download,2026-05-31,/private/tmp/talkbank_intake_20260531/AmbroseSplit/TD/36/02JW_36.cha,data/raw/talkbank/CHILDES/Ambrose/download_2026-05-31/TD/36/02JW_36.cha,transcript,.cha,91166,240e1971a761b7d72590f6afaaa2a238cc7ae53a2688aa604709a87cc781954f,True,pass,pass,,eng,"MOT Mother, CHI Target_Child",2,True,True,True,True,True,True,262,878
CHILDES,Ambrose,raw_download,2026-05-31,/private/tmp/talkbank_intake_20260531/AmbroseSplit/TD/36/03PH_36.cha,data/raw/talkbank/CHILDES/Ambrose/download_2026-05-31/TD/36/03PH_36.cha,transcript,.cha,72417,487b8979768dd5fe96fff26a4176ae95f78e2a45f4b493579ccf88e060d10798,True,pass,pass,,eng,"CHI Target_Child, MOT Mother",2,True,True,True,True,True,True,171,411
CHILDES,Ambrose,raw_download,2026-05-31,/private/tmp/talkbank_intake_20260531/AmbroseSplit/TD/36/06BB_36.cha,data/raw/talkbank/CHILDES/Ambrose/download_2026-05-31/TD/36/06BB_36.cha,transcript,.cha,110687,8d3c6a132989bc026ba57916c96829adee36ee05180831c8bdd1a20d86b0d9c4,True,pass,pass,,eng,"MOT Mother, CHI Target_Child",2,True,True,True,True,True,True,296,576
CHILDES,Ambrose,raw_download,2026-05-31,/private/tmp/talkbank_intake_20260531/AmbroseSplit/TD/36/07ES_36.cha,data/raw/talkbank/CHILDES/Ambrose/download_2026-05-31/TD/36/07ES_36.cha,transcript,.cha,88436,1fd09bdc7b6e4ec676bd524d4ba4dafdcc27adc142767da5af8aa7697e05debc,True,pass,pass,,eng,"CHI Target_Child, MOT Mother",2,True,True,True,True,True,True,210,551
CHILDES,Ambrose,raw_download,2026-05-31,/private/tmp/talkbank_intake_20260531/AmbroseSplit/TD/36/08SE_36.cha,data/raw/talkbank/CHILDES/Ambrose/download_2026-05-31/TD/36/08SE_36.cha,transcript,.cha,36289,e574c3d50a47662003fe8a7234e5ade246899e4d6a12650ee4f8749e1af3e209,True,pass,pass,,eng,"MOT Mother, CHI Target_Child",2,True,True,True,True,True,True,114,405
CHILDES,Ambrose,raw_download,2026-05-31,/private/tmp/talkbank_intake_20260531/AmbroseSplit/TD/36/10MF_36.cha,data/raw/talkbank/CHILDES/Ambrose/download_2026-05-31/TD/36/10MF_36.cha,transcript,.cha,89282,77b1833a1b33ab3c7740983665acb0e219c0a627537add0a2821408c5b8d46a3,True,pass,pass,,eng,"MOT Mother, CHI Target_Child",2,True,True,True,True,True,True,86,270
CHILDES,Ambrose,raw_download,2026-05-31,/private/tmp/talkbank_intake_20260531/AmbroseSplit/TD/36/11ES_36.cha,data/raw/talkbank/CHILDES/Ambrose/download_2026-05-31/TD/36/11ES_36.cha,transcript,.cha,79453,eb876069721870ae305f35aded88c9e10b49d01008ee5ab2b6c20511385f5e0c,True,pass,pass,,eng,"MOT Mother, CHI Target_Child",2,True,True,True,True,True,True,210,938
CHILDES,Ambrose,raw_download,2026-05-31,/private/tmp/talkbank_intake_20260531/AmbroseSplit/TD/36/13JI_36.cha,data/raw/talkbank/CHILDES/Ambrose/download_2026-05-31/TD/36/13JI_36.cha,transcript,.cha,77596,0e9914b74d6bfae22e90d8f0c9a64ede5283bf23f41c1d18e5f3db53c4fdbe03,True,pass,pass,,eng,"CHI Target_Child, MOT Mother",2,True,True,True,True,True,True,247,379
CHILDES,Ambrose,raw_download,2026-05-31,/private/tmp/talkbank_intake_20260531/AmbroseSplit/TD/36/14AM_36.cha,data/raw/talkbank/CHILDES/Ambrose/download_2026-05-31/TD/36/14AM_36.cha,transcript,.cha,57977,3335e8e50539dd084961bdbd2de788ff1ee6a64b859da3402531c84e0a8f8f5c,True,pass,pass,,eng,"MOT Mother, CHI Target_Child",2,True,True,True,True,True,True,133,278
CHILDES,Ambrose,raw_download,2026-05-31,/private/tmp/talkbank_intake_20260531/AmbroseSplit/TD/36/15BG_36.cha,data/raw/talkbank/CHILDES/Ambrose/download_2026-05-31/TD/36/15BG_36.cha,transcript,.cha,85911,ca1df51ac41a4202c2e0830a96a9a8679714c4961b5d335ee5b4a6e319009708,True,pass,pass,,eng,"CHI Target_Child, MOT Mother",2,True,True,True,True,True,True,192,607
CHILDES,Ambrose,raw_download,2026-05-31,/private/tmp/talkbank_intake_20260531/AmbroseSplit/TD/36/17JH_36.cha,data/raw/talkbank/CHILDES/Ambrose/download_2026-05-31/TD/36/17JH_36.cha,transcript,.cha,87879,4d54ea9e88ec3e8e1725e8166022fecd66731cd9592fa3936c353fe8820a6e4a,True,pass,pass,,eng,"MOT Mother, CHI Target_Child",2,True,True,True,True,True,True,147,414
CHILDES,Ambrose,raw_download,2026-05-31,/private/tmp/talkbank_intake_20260531/AmbroseSplit/TD/36/19BB_36.cha,data/raw/talkbank/CHILDES/Ambrose/download_2026-05-31/TD/36/19BB_36.cha,transcript,.cha,41549,2d2204a9ad5e1245fbdee1417f7a881847b5123606eaccad33852eed5039fd1b,True,pass,pass,,eng,"MOT Mother, CHI Target_Child",2,True,True,True,True,True,True,64,287
CHILDES,Ambrose,raw_download,2026-05-31,/private/tmp/talkbank_intake_20260531/AmbroseSplit/TD/36/21MB_36.cha,data/raw/talkbank/CHILDES/Ambrose/download_2026-05-31/TD/36/21MB_36.cha,transcript,.cha,96462,1a5d343163bea253de97cafd6f4c46620cdb4c8b049d39f970c906f54a4191a9,True,pass,pass,,eng,"CHI Target_Child, MOT Mother",2,True,True,True,True,True,True,267,770
CHILDES,Ambrose,raw_download,2026-05-31,/private/tmp/talkbank_intake_20260531/AmbroseSplit/TD/36/23LH_36.cha,data/raw/talkbank/CHILDES/Ambrose/download_2026-05-31/TD/36/23LH_36.cha,transcript,.cha,68050,b15fd5739795236265bf4db108b09bafd09dc023e90d184ac612fcc60859e36b,True,pass,pass,,eng,"MOT Mother, CHI Target_Child",2,True,True,True,True,True,True,194,503
CHILDES,Ambrose,raw_download,2026-05-31,/private/tmp/talkbank_intake_20260531/AmbroseSplit/TD/36/25CC_36.cha,data/raw/talkbank/CHILDES/Ambrose/download_2026-05-31/TD/36/25CC_36.cha,transcript,.cha,73803,e5be06bfcab13fdd16d6013f1484b58ade6fb530742a85bc066cab0358e149e1,True,pass,pass,,eng,"MOT Mother, CHI Target_Child",2,True,True,True,True,True,True,222,696
CHILDES,Ambrose,raw_download,2026-05-31,/private/tmp/talkbank_intake_20260531/AmbroseSplit/TD/36/26AC_36.cha,data/raw/talkbank/CHILDES/Ambrose/download_2026-05-31/TD/36/26AC_36.cha,transcript,.cha,72116,8a2b6e3d29112dc9a0d5d74ebf8d13e6528fb17d0e4a0b0dab0af2eb8b4a5b00,True,pass,pass,,eng,"MOT Mother, CHI Target_Child",2,True,True,True,True,True,True,133,481
CHILDES,Ambrose,raw_download,2026-05-31,/private/tmp/talkbank_intake_20260531/AmbroseSplit/TD/36/27MR_36.cha,data/raw/talkbank/CHILDES/Ambrose/download_2026-05-31/TD/36/27MR_36.cha,transcript,.cha,94568,52721956b148e5d01012cbc2ea456014a9be252d6119223741878481809b7fa3,True,pass,pass,,eng,"MOT Mother, CHI Target_Child",2,True,True,True,True,True,True,252,879
CHILDES,Ambrose,raw_download,2026-05-31,/private/tmp/talkbank_intake_20260531/AmbroseSplit/TD/Ambrose_TD.zip,data/raw/talkbank/CHILDES/Ambrose/download_2026-05-31/TD/Ambrose_TD.zip,archive,.zip,1755822,b674fcfa9095d41e366e013c9ec63dc71dea06beacd3d8310c342bf1e8c68494,True,not_applicable,not_applicable,,,,0,False,False,False,False,False,False,0,0
CHILDES,ENNI,raw_download,2026-05-31,/private/tmp/talkbank_intake_20260531/ENNI/0demo.xls,data/raw/talkbank/CHILDES/ENNI/download_2026-05-31/0demo.xls,sidecar,.xls,51712,8bf0c33e2c924eaede8c9fc1ad6d558d4092caefcdd054e41a54f97d5710075a,True,not_applicable,not_applicable,,,,0,False,False,False,False,False,False,0,0
CHILDES,ENNI,raw_download,2026-05-31,/private/tmp/talkbank_intake_20260531/ENNI/0metadata.cdc,data/raw/talkbank/CHILDES/ENNI/download_2026-05-31/0metadata.cdc,sidecar,.cdc,200,8dda588762e40e9db731aba4c0d9cc3416b2e5158e9109bc3adcdafc350a93c1,True,not_applicable,not_applicable,,,,0,False,False,False,False,False,False,0,0
CHILDES,ENNI,raw_download,2026-05-31,/private/tmp/talkbank_intake_20260531/ENNI/ENNI.zip,data/raw/talkbank/CHILDES/ENNI/download_2026-05-31/ENNI.zip,archive,.zip,2367514,747026db06d8597338dfd7c43483327e63c318d307ac0a83cddddac52ae0ea85,True,not_applicable,not_applicable,,,,0,False,False,False,False,False,False,0,0
CHILDES,ENNI,raw_download,2026-05-31,/private/tmp/talkbank_intake_20260531/ENNI/SLI/0types.txt,data/raw/talkbank/CHILDES/ENNI/download_2026-05-31/SLI/0types.txt,sidecar,.txt,30,5c8001c80d60f75bbf65612eb58bda476b6e3995f891d879e58d5b6babc4ed08,True,not_applicable,not_applicable,,,,0,False,False,False,False,False,False,0,0
CHILDES,ENNI,raw_download,2026-05-31,/private/tmp/talkbank_intake_20260531/ENNI/SLI/A/0noaudio/474.cha,data/raw/talkbank/CHILDES/ENNI/download_2026-05-31/SLI/A/0noaudio/474.cha,transcript,.cha,27913,9c54a8757b7bf46b2f0521cd936de51ce88de4e9c62898a2c5d6977f96014c2b,True,pass,pass,,eng,"CHI Target_Child, EXA Investigator",2,True,True,True,True,True,True,100,664
CHILDES,ENNI,raw_download,2026-05-31,/private/tmp/talkbank_intake_20260531/ENNI/SLI/A/0noaudio/475.cha,data/raw/talkbank/CHILDES/ENNI/download_2026-05-31/SLI/A/0noaudio/475.cha,transcript,.cha,13039,5d605e25af8fdd28704e99da05022fefb86e9814c2979022541e32b3f48f25e9,True,pass,pass,,eng,"CHI Target_Child, EXA Investigator",2,True,True,True,True,True,True,64,342
CHILDES,ENNI,raw_download,2026-05-31,/private/tmp/talkbank_intake_20260531/ENNI/SLI/A/0noaudio/476.cha,data/raw/talkbank/CHILDES/ENNI/download_2026-05-31/SLI/A/0noaudio/476.cha,transcript,.cha,30998,bf819747ae25e6c183ccb3e063b4c9ffec1261de08a67f47df8ad43d94fd6a80,True,pass,pass,,eng,"CHI Target_Child, EXA Investigator",2,True,True,True,True,True,True,97,724
CHILDES,ENNI,raw_download,2026-05-31,/private/tmp/talkbank_intake_20260531/ENNI/SLI/A/0noaudio/477.cha,data/raw/talkbank/CHILDES/ENNI/download_2026-05-31/SLI/A/0noaudio/477.cha,transcript,.cha,11194,330c285335773eacb8f98787d1acfa3bc953614e872a7d9bd7a519a5c752fa41,True,pass,pass,,eng,"CHI Target_Child, EXA Investigator",2,True,True,True,True,True,True,62,291
CHILDES,ENNI,raw_download,2026-05-31,/private/tmp/talkbank_intake_20260531/ENNI/SLI/A/0noaudio/478.cha,data/raw/talkbank/CHILDES/ENNI/download_2026-05-31/SLI/A/0noaudio/478.cha,transcript,.cha,12449,448d36c57be25e7088311b5167ceb3148dae7d40d0ca5cb8e129ee909720ee45,True,pass,pass,,eng,"EXA Investigator, CHI Target_Child",2,True,True,True,True,True,True,58,263
CHILDES,ENNI,raw_download,2026-05-31,/private/tmp/talkbank_intake_20260531/ENNI/SLI/A/0noaudio/482.cha,data/raw/talkbank/CHILDES/ENNI/download_2026-05-31/SLI/A/0noaudio/482.cha,transcript,.cha,11388,4a5ddb7c54c7279b297c38846410c18d4766291d9e6861cb6b2ded8b5aed57fd,True,pass,pass,,eng,"CHI Target_Child, EXA Investigator",2,True,True,True,True,True,True,62,333
CHILDES,ENNI,raw_download,2026-05-31,/private/tmp/talkbank_intake_20260531/ENNI/SLI/A/0noaudio/523.cha,data/raw/talkbank/CHILDES/ENNI/download_2026-05-31/SLI/A/0noaudio/523.cha,transcript,.cha,17149,0d597cfc130ea57b2799adbf2f55bd0c93c88eab0a8814e808856dcd5f27d08c,True,pass,pass,,eng,"CHI Target_Child, EXA Investigator",2,True,True,True,True,True,True,106,517
CHILDES,ENNI,raw_download,2026-05-31,/private/tmp/talkbank_intake_20260531/ENNI/SLI/A/0noaudio/575.cha,data/raw/talkbank/CHILDES/ENNI/download_2026-05-31/SLI/A/0noaudio/575.cha,transcript,.cha,22449,3faa8c068407e788a7c2d9145da2744df2c27cf081fd52368a51de965e80f91c,True,pass,pass,,eng,"CHI Target_Child, EXA Investigator",2,True,True,True,True,True,True,91,747
CHILDES,ENNI,raw_download,2026-05-31,/private/tmp/talkbank_intake_20260531/ENNI/SLI/A/0noaudio/613.cha,data/raw/talkbank/CHILDES/ENNI/download_2026-05-31/SLI/A/0noaudio/613.cha,transcript,.cha,11937,fb486085f46742f564427ecf898a44e93aff7939b2d42846882d18c577d4656e,True,pass,pass,,eng,"CHI Target_Child, EXA Investigator",2,True,True,True,True,True,True,61,344
CHILDES,ENNI,raw_download,2026-05-31,/private/tmp/talkbank_intake_20260531/ENNI/SLI/A/413.cha,data/raw/talkbank/CHILDES/ENNI/download_2026-05-31/SLI/A/413.cha,transcript,.cha,13892,0acc321f3f70cdf026941cf83eda177a51dacdd907368288f762a15a2f9ae645,True,pass,pass,,eng,"EXA Investigator, CHI Target_Child",2,True,True,True,True,True,True,73,249
CHILDES,ENNI,raw_download,2026-05-31,/private/tmp/talkbank_intake_20260531/ENNI/SLI/A/444.cha,data/raw/talkbank/CHILDES/ENNI/download_2026-05-31/SLI/A/444.cha,transcript,.cha,16145,b2b63bc8fafa245075ec771260e2a8cde27596b1bf6999553466dbd683dc5e4e,True,pass,pass,,eng,"EXA Investigator, CHI Target_Child, UNI Unidentified",3,True,True,True,True,True,True,100,334
CHILDES,ENNI,raw_download,2026-05-31,/private/tmp/talkbank_intake_20260531/ENNI/SLI/A/479.cha,data/raw/talkbank/CHILDES/ENNI/download_2026-05-31/SLI/A/479.cha,transcript,.cha,18288,4af1c7291d9b2d588bd6299430404e4a0eb1713a29ed36e9d5b2fb962484208a,True,pass,pass,,eng,"EXA Investigator, CHI Target_Child",2,True,True,True,True,True,True,72,457
CHILDES,ENNI,raw_download,2026-05-31,/private/tmp/talkbank_intake_20260531/ENNI/SLI/A/529.cha,data/raw/talkbank/CHILDES/ENNI/download_2026-05-31/SLI/A/529.cha,transcript,.cha,25244,c18f08130331f7ca49e8e0a146b0937fbff8c630cb8974d678fbc11a7f18a83a,True,pass,pass,,eng,"EXA Investigator, CHI Target_Child",2,True,True,True,True,True,True,83,835
CHILDES,ENNI,raw_download,2026-05-31,/private/tmp/talkbank_intake_20260531/ENNI/SLI/A/568.cha,data/raw/talkbank/CHILDES/ENNI/download_2026-05-31/SLI/A/568.cha,transcript,.cha,19134,2c0048dfa499a72d84f70cf1f38f8439d9aed14b231ee27d88764f695b52b809,True,pass,pass,,eng,"EXA Investigator, CHI Target_Child",2,True,True,True,True,True,True,69,299
CHILDES,ENNI,raw_download,2026-05-31,/private/tmp/talkbank_intake_20260531/ENNI/SLI/A/570.cha,data/raw/talkbank/CHILDES/ENNI/download_2026-05-31/SLI/A/570.cha,transcript,.cha,26937,cc52e6b0f67ca2a0a328bc86efdf677726d3d28956f799bf46a17c29702cbb60,True,pass,pass,,eng,"EXA Investigator, CHI Target_Child",2,True,True,True,True,True,True,88,727
CHILDES,ENNI,raw_download,2026-05-31,/private/tmp/talkbank_intake_20260531/ENNI/SLI/A/572.cha,data/raw/talkbank/CHILDES/ENNI/download_2026-05-31/SLI/A/572.cha,transcript,.cha,53136,10d01d0769313aeb3e8cdd501635396f4601e72fde26c2026ed893d9493dd86f,True,pass,pass,,eng,"EXA Investigator, CHI Target_Child",2,True,True,True,True,True,True,178,1038
CHILDES,ENNI,raw_download,2026-05-31,/private/tmp/talkbank_intake_20260531/ENNI/SLI/A/574.cha,data/raw/talkbank/CHILDES/ENNI/download_2026-05-31/SLI/A/574.cha,transcript,.cha,31954,3040d465fcbfdd9a50ca2811dd8e671ad5bd5889a0ad50db82e1602d0ac601c8,True,pass,pass,,eng,"EXA Investigator, CHI Target_Child",2,True,True,True,True,True,True,86,644
CHILDES,ENNI,raw_download,2026-05-31,/private/tmp/talkbank_intake_20260531/ENNI/SLI/A/607.cha,data/raw/talkbank/CHILDES/ENNI/download_2026-05-31/SLI/A/607.cha,transcript,.cha,29767,f5e20a43a93eb0c4c5b88baf7f184fd53213983abf2c69ac5911c04639d36b49,True,pass,pass,,eng,"EXA Investigator, CHI Target_Child",2,True,True,True,True,True,True,90,772
CHILDES,ENNI,raw_download,2026-05-31,/private/tmp/talkbank_intake_20260531/ENNI/SLI/A/609.cha,data/raw/talkbank/CHILDES/ENNI/download_2026-05-31/SLI/A/609.cha,transcript,.cha,35716,07e90f5be9985d579ce41e1f762ae237c7e3821dc89ee77971595814ab0da23a,True,pass,pass,,eng,"CHI Target_Child, EXA Investigator",2,True,True,True,True,True,True,142,908
CHILDES,ENNI,raw_download,2026-05-31,/private/tmp/talkbank_intake_20260531/ENNI/SLI/A/617.cha,data/raw/talkbank/CHILDES/ENNI/download_2026-05-31/SLI/A/617.cha,transcript,.cha,26579,78bdf56244af5aa0f20c30da3113ba26ad0f585882f1f25a7a99a2a48ca99e35,True,pass,pass,,eng,"EXA Investigator, CHI Target_Child",2,True,True,True,True,True,True,86,724
CHILDES,ENNI,raw_download,2026-05-31,/private/tmp/talkbank_intake_20260531/ENNI/SLI/A/625.cha,data/raw/talkbank/CHILDES/ENNI/download_2026-05-31/SLI/A/625.cha,transcript,.cha,21827,dea56e07b987b79716506e05b679275f742965bc0fa848f0f9586fedfa718125,True,pass,pass,,eng,"EXA Investigator, CHI Target_Child, SIB Sibling",3,True,True,True,True,True,True,82,451
CHILDES,ENNI,raw_download,2026-05-31,/private/tmp/talkbank_intake_20260531/ENNI/SLI/A/678.cha,data/raw/talkbank/CHILDES/ENNI/download_2026-05-31/SLI/A/678.cha,transcript,.cha,26677,3eb436349c6faee030a3921f4b8707ff527d22d5e045acf6c88ef12daf46ba34,True,pass,pass,,eng,"EXA Investigator, CHI Target_Child",2,True,True,True,True,True,True,81,618
CHILDES,ENNI,raw_download,2026-05-31,/private/tmp/talkbank_intake_20260531/ENNI/SLI/A/717.cha,data/raw/talkbank/CHILDES/ENNI/download_2026-05-31/SLI/A/717.cha,transcript,.cha,22802,030a35d17d2115416c428027a2a7782752ff6a3ecf7343e9c095fc1150868446,True,pass,pass,,eng,"EXA Investigator, CHI Target_Child",2,True,True,True,True,True,True,83,537
CHILDES,ENNI,raw_download,2026-05-31,/private/tmp/talkbank_intake_20260531/ENNI/SLI/A/721.cha,data/raw/talkbank/CHILDES/ENNI/download_2026-05-31/SLI/A/721.cha,transcript,.cha,24525,e3373408eb069082fd111b8bee39334624c6451e81aa1612e2b1a9cea55bf65b,True,pass,pass,,eng,"EXA Investigator, CHI Target_Child",2,True,True,True,True,True,True,88,612
CHILDES,ENNI,raw_download,2026-05-31,/private/tmp/talkbank_intake_20260531/ENNI/SLI/A/725.cha,data/raw/talkbank/CHILDES/ENNI/download_2026-05-31/SLI/A/725.cha,transcript,.cha,63504,87280fd13b1652063a69ef126ea224fc2e40f38124cd25668b214f5ad0eecd17,True,pass,pass,,eng,"EXA Investigator, CHI Target_Child",2,True,True,True,True,True,True,207,1717
CHILDES,ENNI,raw_download,2026-05-31,/private/tmp/talkbank_intake_20260531/ENNI/SLI/A/729.cha,data/raw/talkbank/CHILDES/ENNI/download_2026-05-31/SLI/A/729.cha,transcript,.cha,34485,c47d328c79f4fe7b1122aaca1a573e5d5a81d9bd312e8543ce1262f5cd00ff62,True,pass,pass,,eng,"EXA Investigator, CHI Target_Child",2,True,True,True,True,True,True,159,725
CHILDES,ENNI,raw_download,2026-05-31,/private/tmp/talkbank_intake_20260531/ENNI/SLI/A/733.cha,data/raw/talkbank/CHILDES/ENNI/download_2026-05-31/SLI/A/733.cha,transcript,.cha,21226,b3ee20b7cdaa12f9cac2612d1d03f1337e3c7f73eced3819ff9ad69f9c7341af,True,pass,pass,,eng,"EXA Investigator, CHI Target_Child",2,True,True,True,True,True,True,68,522
CHILDES,ENNI,raw_download,2026-05-31,/private/tmp/talkbank_intake_20260531/ENNI/SLI/A/777.cha,data/raw/talkbank/CHILDES/ENNI/download_2026-05-31/SLI/A/777.cha,transcript,.cha,18857,54831c6394c7fa56d70310402b91766618d64f4138fb84581cf4023baa0f2ff6,True,pass,pass,,eng,"EXA Investigator, CHI Target_Child",2,True,True,True,True,True,True,58,411
CHILDES,ENNI,raw_download,2026-05-31,/private/tmp/talkbank_intake_20260531/ENNI/SLI/A/817.cha,data/raw/talkbank/CHILDES/ENNI/download_2026-05-31/SLI/A/817.cha,transcript,.cha,19224,0c531e6acaf97ffe4f773d2578d3c161ba0302b8ef3920a23a3143be9e08fcee,True,pass,pass,,eng,"CHI Target_Child, EXA Investigator",2,True,True,True,True,True,True,71,425
CHILDES,ENNI,raw_download,2026-05-31,/private/tmp/talkbank_intake_20260531/ENNI/SLI/A/821.cha,data/raw/talkbank/CHILDES/ENNI/download_2026-05-31/SLI/A/821.cha,transcript,.cha,23128,cc9789e4cd75b8f154d0c249b053ce76fa91d3607732c558e96707a46677e8aa,True,pass,pass,,eng,"EXA Investigator, CHI Target_Child",2,True,True,True,True,True,True,74,571
CHILDES,ENNI,raw_download,2026-05-31,/private/tmp/talkbank_intake_20260531/ENNI/SLI/A/825.cha,data/raw/talkbank/CHILDES/ENNI/download_2026-05-31/SLI/A/825.cha,transcript,.cha,20035,b73f7610043e3ebca88d895aa8326e4a9ed34a94dfc84d8539466faf795a8476,True,pass,pass,,eng,"EXA Investigator, CHI Target_Child",2,True,True,True,True,True,True,81,444
CHILDES,ENNI,raw_download,2026-05-31,/private/tmp/talkbank_intake_20260531/ENNI/SLI/A/829.cha,data/raw/talkbank/CHILDES/ENNI/download_2026-05-31/SLI/A/829.cha,transcript,.cha,19407,84bcebae615b1985f7a0424563c97f7948ef3a06ceada733615e8ae2e87df1d9,True,pass,pass,,eng,"EXA Investigator, CHI Target_Child",2,True,True,True,True,True,True,69,484
CHILDES,ENNI,raw_download,2026-05-31,/private/tmp/talkbank_intake_20260531/ENNI/SLI/A/871.cha,data/raw/talkbank/CHILDES/ENNI/download_2026-05-31/SLI/A/871.cha,transcript,.cha,22490,e1f16f7c59d96201d488a278fcd31616303146e3137b4dab35d14c1603bde590,True,pass,pass,,eng,"EXA Investigator, CHI Target_Child",2,True,True,True,True,True,True,74,537
CHILDES,ENNI,raw_download,2026-05-31,/private/tmp/talkbank_intake_20260531/ENNI/SLI/A/878.cha,data/raw/talkbank/CHILDES/ENNI/download_2026-05-31/SLI/A/878.cha,transcript,.cha,24214,7946d01f0e11b9d6f279896f94dbfa7c58c20e872475f75d9a1e71613b579ea8,True,pass,pass,,eng,"EXA Investigator, CHI Target_Child",2,True,True,True,True,True,True,72,533
CHILDES,ENNI,raw_download,2026-05-31,/private/tmp/talkbank_intake_20260531/ENNI/SLI/A/880.cha,data/raw/talkbank/CHILDES/ENNI/download_2026-05-31/SLI/A/880.cha,transcript,.cha,37644,99a373079ad917980b6e4b926836c403462da2564b53677eb6fc2be70c5ee89b,True,pass,pass,,eng,"EXA Investigator, CHI Target_Child",2,True,True,True,True,True,True,114,947
CHILDES,ENNI,raw_download,2026-05-31,/private/tmp/talkbank_intake_20260531/ENNI/SLI/A/922.cha,data/raw/talkbank/CHILDES/ENNI/download_2026-05-31/SLI/A/922.cha,transcript,.cha,55791,a5efea93705e23f96f12b19e33b2d46dc1ffa6decf77b65bdfbd9d8a4cd4744f,True,pass,pass,,eng,"EXA Investigator, CHI Target_Child",2,True,True,True,True,True,True,207,1487
CHILDES,ENNI,raw_download,2026-05-31,/private/tmp/talkbank_intake_20260531/ENNI/SLI/A/926.cha,data/raw/talkbank/CHILDES/ENNI/download_2026-05-31/SLI/A/926.cha,transcript,.cha,29618,6cf62baa293a6fad68c8ae1fe0a27cf69b2d5819810cb7883ff5f77dcbedd428,True,pass,pass,,eng,"EXA Investigator, CHI Target_Child",2,True,True,True,True,True,True,87,780
CHILDES,ENNI,raw_download,2026-05-31,/private/tmp/talkbank_intake_20260531/ENNI/SLI/A/973.cha,data/raw/talkbank/CHILDES/ENNI/download_2026-05-31/SLI/A/973.cha,transcript,.cha,17700,077ab9dc3d2331fd2dcff439593f6480236fefc0abfee50c813b6e80249af067,True,pass,pass,,eng,"EXA Investigator, CHI Target_Child",2,True,True,True,True,True,True,66,493
CHILDES,ENNI,raw_download,2026-05-31,/private/tmp/talkbank_intake_20260531/ENNI/SLI/B/427.cha,data/raw/talkbank/CHILDES/ENNI/download_2026-05-31/SLI/B/427.cha,transcript,.cha,21577,decb78d8d5afdb15fab07070c95a3cc3d04674c1d95323e3fce126266c849e51,True,pass,pass,,eng,"EXA Investigator, CHI Target_Child",2,True,True,True,True,True,True,79,259
CHILDES,ENNI,raw_download,2026-05-31,/private/tmp/talkbank_intake_20260531/ENNI/SLI/B/480.cha,data/raw/talkbank/CHILDES/ENNI/download_2026-05-31/SLI/B/480.cha,transcript,.cha,42987,e0f04149c97edb4479d98cb357aeff466ec2af10595015e2bf3412e6f077f4bc,True,pass,pass,,eng,"EXA Investigator, CHI Target_Child",2,True,True,True,True,True,True,168,968
CHILDES,ENNI,raw_download,2026-05-31,/private/tmp/talkbank_intake_20260531/ENNI/SLI/B/527.cha,data/raw/talkbank/CHILDES/ENNI/download_2026-05-31/SLI/B/527.cha,transcript,.cha,35286,ff3c325beae620aafc7c24dc49d0367e757bb9bcbf2f581fe81124296b2e9616,True,pass,pass,,eng,"EXA Investigator, CHI Target_Child",2,True,True,True,True,True,True,141,769
CHILDES,ENNI,raw_download,2026-05-31,/private/tmp/talkbank_intake_20260531/ENNI/SLI/B/531.cha,data/raw/talkbank/CHILDES/ENNI/download_2026-05-31/SLI/B/531.cha,transcript,.cha,14960,983b711d1a00c693d98f1b9cf0331aca0a02f64d397712c1bbca32a558de2e37,True,pass,pass,,eng,"EXA Investigator, CHI Target_Child",2,True,True,True,True,True,True,73,252
CHILDES,ENNI,raw_download,2026-05-31,/private/tmp/talkbank_intake_20260531/ENNI/SLI/B/535.cha,data/raw/talkbank/CHILDES/ENNI/download_2026-05-31/SLI/B/535.cha,transcript,.cha,20002,9ec4a0e4f694c736795f962b4ace57e1147910ddca9b3c244cdf23fccb65f3cf,True,pass,pass,,eng,"EXA Investigator, CHI Target_Child",2,True,True,True,True,True,True,84,511
CHILDES,ENNI,raw_download,2026-05-31,/private/tmp/talkbank_intake_20260531/ENNI/SLI/B/567.cha,data/raw/talkbank/CHILDES/ENNI/download_2026-05-31/SLI/B/567.cha,transcript,.cha,30367,efb4e92f7542e67cb9f5fd7a1e73e83602a377b1f9b72d1d5c4ccd7a56d61024,True,pass,pass,,eng,"CHI Target_Child, EXA Investigator",2,True,True,True,True,True,True,91,598
CHILDES,ENNI,raw_download,2026-05-31,/private/tmp/talkbank_intake_20260531/ENNI/SLI/B/569.cha,data/raw/talkbank/CHILDES/ENNI/download_2026-05-31/SLI/B/569.cha,transcript,.cha,24519,444191cc9471fb191fddcc57a8140cd50cedfdbb58cf703ca63e04688da63930,True,pass,pass,,eng,"EXA Investigator, CHI Target_Child",2,True,True,True,True,True,True,97,471
CHILDES,ENNI,raw_download,2026-05-31,/private/tmp/talkbank_intake_20260531/ENNI/SLI/B/576.cha,data/raw/talkbank/CHILDES/ENNI/download_2026-05-31/SLI/B/576.cha,transcript,.cha,25648,3778c8b7b9aae3c0da485bb46b79d749d1339bd9d9b49b98d367e4094b19121c,True,pass,pass,,eng,"EXA Investigator, CHI Target_Child",2,True,True,True,True,True,True,93,486
CHILDES,ENNI,raw_download,2026-05-31,/private/tmp/talkbank_intake_20260531/ENNI/SLI/B/611.cha,data/raw/talkbank/CHILDES/ENNI/download_2026-05-31/SLI/B/611.cha,transcript,.cha,25486,2814f7f7b0a33f0c433b994471c4f750d497d149db8f1404d370e573971f70d6,True,pass,pass,,eng,"EXA Investigator, CHI Target_Child",2,True,True,True,True,True,True,86,598
CHILDES,ENNI,raw_download,2026-05-31,/private/tmp/talkbank_intake_20260531/ENNI/SLI/B/667.cha,data/raw/talkbank/CHILDES/ENNI/download_2026-05-31/SLI/B/667.cha,transcript,.cha,27616,bf9cd4f04dc5880b39ecdeb608025cded43652ba57481882d7f602e9081fa593,True,pass,pass,,eng,"EXA Investigator, CHI Target_Child",2,True,True,True,True,True,True,95,590
CHILDES,ENNI,raw_download,2026-05-31,/private/tmp/talkbank_intake_20260531/ENNI/SLI/B/673.cha,data/raw/talkbank/CHILDES/ENNI/download_2026-05-31/SLI/B/673.cha,transcript,.cha,47780,a3d6279a9c9ec9e9e97fd61eb1d41286d43e87c1dd4b73d9df23405c5fc4ebbe,True,pass,pass,,eng,"EXA Investigator, CHI Target_Child",2,True,True,True,True,True,True,166,1273
CHILDES,ENNI,raw_download,2026-05-31,/private/tmp/talkbank_intake_20260531/ENNI/SLI/B/679.cha,data/raw/talkbank/CHILDES/ENNI/download_2026-05-31/SLI/B/679.cha,transcript,.cha,23069,6dbb818658c12b25f215084354053cadc739cd06886c191574a342d10b59397a,True,pass,pass,,eng,"EXA Investigator, CHI Target_Child",2,True,True,True,True,True,True,68,553
CHILDES,ENNI,raw_download,2026-05-31,/private/tmp/talkbank_intake_20260531/ENNI/SLI/B/680.cha,data/raw/talkbank/CHILDES/ENNI/download_2026-05-31/SLI/B/680.cha,transcript,.cha,19511,95fb0d66e895e691daeb1c0be3f273dc6740c63306a24939042277e817228d2d,True,pass,pass,,eng,"EXA Investigator, CHI Target_Child",2,True,True,True,True,True,True,68,297
CHILDES,ENNI,raw_download,2026-05-31,/private/tmp/talkbank_intake_20260531/ENNI/SLI/B/723.cha,data/raw/talkbank/CHILDES/ENNI/download_2026-05-31/SLI/B/723.cha,transcript,.cha,19167,1e9c87f275e58efd3b80f2dec8e2cf644d2740605badfbf887d5f29a7aa63a03,True,pass,pass,,eng,"EXA Investigator, CHI Target_Child",2,True,True,True,True,True,True,67,473
CHILDES,ENNI,raw_download,2026-05-31,/private/tmp/talkbank_intake_20260531/ENNI/SLI/B/727.cha,data/raw/talkbank/CHILDES/ENNI/download_2026-05-31/SLI/B/727.cha,transcript,.cha,20520,3d3161e783afb13b8c3cd6efc93fc61209dc33cd9433cbca510b39b528630ace,True,pass,pass,,eng,"EXA Investigator, CHI Target_Child",2,True,True,True,True,True,True,80,539
CHILDES,ENNI,raw_download,2026-05-31,/private/tmp/talkbank_intake_20260531/ENNI/SLI/B/731.cha,data/raw/talkbank/CHILDES/ENNI/download_2026-05-31/SLI/B/731.cha,transcript,.cha,16708,01efdb7f34e12df81464037fe3fddd3a45ef8f284099ae2f5c1e9cd743c2a27e,True,pass,pass,,eng,"EXA Investigator, CHI Target_Child",2,True,True,True,True,True,True,62,411
CHILDES,ENNI,raw_download,2026-05-31,/private/tmp/talkbank_intake_20260531/ENNI/SLI/B/735.cha,data/raw/talkbank/CHILDES/ENNI/download_2026-05-31/SLI/B/735.cha,transcript,.cha,40702,29543b096c111569ce6f24e3c2f54165ab76170a4625b83f5dfec5d45f69b5a1,True,pass,pass,,eng,"EXA Investigator, CHI Target_Child",2,True,True,True,True,True,True,196,1016
CHILDES,ENNI,raw_download,2026-05-31,/private/tmp/talkbank_intake_20260531/ENNI/SLI/B/739.cha,data/raw/talkbank/CHILDES/ENNI/download_2026-05-31/SLI/B/739.cha,transcript,.cha,18037,aa5d78506d4749b3dad9a32be32674580d3d548fee33e3b8b58295441994be70,True,pass,pass,,eng,"EXA Investigator, CHI Target_Child",2,True,True,True,True,True,True,51,438
CHILDES,ENNI,raw_download,2026-05-31,/private/tmp/talkbank_intake_20260531/ENNI/SLI/B/774.cha,data/raw/talkbank/CHILDES/ENNI/download_2026-05-31/SLI/B/774.cha,transcript,.cha,29952,89967cc881fcb9113493f76ac3099b4d9f6c18ad5b7526b45b3e8df338dd06d7,True,pass,pass,,eng,"EXA Investigator, CHI Target_Child",2,True,True,True,True,True,True,94,781
CHILDES,ENNI,raw_download,2026-05-31,/private/tmp/talkbank_intake_20260531/ENNI/SLI/B/778.cha,data/raw/talkbank/CHILDES/ENNI/download_2026-05-31/SLI/B/778.cha,transcript,.cha,19750,4f6f86592fb0b6989b942096e85c2129b6235986a8d1f9dbce4935ce5cadb13e,True,pass,pass,,eng,"EXA Investigator, CHI Target_Child",2,True,True,True,True,True,True,63,395
CHILDES,ENNI,raw_download,2026-05-31,/private/tmp/talkbank_intake_20260531/ENNI/SLI/B/819.cha,data/raw/talkbank/CHILDES/ENNI/download_2026-05-31/SLI/B/819.cha,transcript,.cha,38562,7a22b9d76627b7da93ac5db060c60599a5c2edb7052313dcefee49ca5b7cb614,True,pass,pass,,eng,"EXA Investigator, CHI Target_Child",2,True,True,True,True,True,True,144,1010
CHILDES,ENNI,raw_download,2026-05-31,/private/tmp/talkbank_intake_20260531/ENNI/SLI/B/823.cha,data/raw/talkbank/CHILDES/ENNI/download_2026-05-31/SLI/B/823.cha,transcript,.cha,28640,bb292b503e7af56bca741cc00c415e53a7967f6be7c236a3378ce8e5d4022b0c,True,pass,pass,,eng,"EXA Investigator, CHI Target_Child",2,True,True,True,True,True,True,110,696
CHILDES,ENNI,raw_download,2026-05-31,/private/tmp/talkbank_intake_20260531/ENNI/SLI/B/827.cha,data/raw/talkbank/CHILDES/ENNI/download_2026-05-31/SLI/B/827.cha,transcript,.cha,32391,71ba4c1918aeb9995adea1899fa52676810a388ed8dd50b5cb4be783d65fc65d,True,pass,pass,,eng,"EXA Investigator, CHI Target_Child",2,True,True,True,True,True,True,123,857
CHILDES,ENNI,raw_download,2026-05-31,/private/tmp/talkbank_intake_20260531/ENNI/SLI/B/831.cha,data/raw/talkbank/CHILDES/ENNI/download_2026-05-31/SLI/B/831.cha,transcript,.cha,31097,25f0a22e13537ffa7e62ad2a029f2d70277412e6d99b839a411174ed30d36753,True,pass,pass,,eng,"EXA Investigator, CHI Target_Child",2,True,True,True,True,True,True,110,789
CHILDES,ENNI,raw_download,2026-05-31,/private/tmp/talkbank_intake_20260531/ENNI/SLI/B/870.cha,data/raw/talkbank/CHILDES/ENNI/download_2026-05-31/SLI/B/870.cha,transcript,.cha,17636,2d4b299d5a0dfd69a156c7de9f0ffe039fcbca561135b787c09ee10b96447d2b,True,pass,pass,,eng,"EXA Investigator, CHI Target_Child",2,True,True,True,True,True,True,67,412
CHILDES,ENNI,raw_download,2026-05-31,/private/tmp/talkbank_intake_20260531/ENNI/SLI/B/872.cha,data/raw/talkbank/CHILDES/ENNI/download_2026-05-31/SLI/B/872.cha,transcript,.cha,19059,358ac96f77cbc992b29e4a908875ce7f4436cd7217d9a4bbe2d1721070aba42c,True,pass,pass,,eng,"EXA Investigator, CHI Target_Child",2,True,True,True,True,True,True,66,476
CHILDES,ENNI,raw_download,2026-05-31,/private/tmp/talkbank_intake_20260531/ENNI/SLI/B/874.cha,data/raw/talkbank/CHILDES/ENNI/download_2026-05-31/SLI/B/874.cha,transcript,.cha,25051,da47f1cd919a57a553a0f3be408811e76d24954564571e1324078541df16af17,True,pass,pass,,eng,"EXA Investigator, CHI Target_Child",2,True,True,True,True,True,True,86,718
CHILDES,ENNI,raw_download,2026-05-31,/private/tmp/talkbank_intake_20260531/ENNI/SLI/B/875.cha,data/raw/talkbank/CHILDES/ENNI/download_2026-05-31/SLI/B/875.cha,transcript,.cha,25801,6124be64d3099af19f03071aa7228da01cf17a315c99c35a525ad9b314552860,True,pass,pass,,eng,"EXA Investigator, CHI Target_Child",2,True,True,True,True,True,True,90,636
CHILDES,ENNI,raw_download,2026-05-31,/private/tmp/talkbank_intake_20260531/ENNI/SLI/B/877.cha,data/raw/talkbank/CHILDES/ENNI/download_2026-05-31/SLI/B/877.cha,transcript,.cha,20671,54a91fcb6d69aba7ce474e7cffdbc7c311048259484874fa202c2f0882d5eaac,True,pass,pass,,eng,"EXA Investigator, CHI Target_Child",2,True,True,True,True,True,True,66,418
CHILDES,ENNI,raw_download,2026-05-31,/private/tmp/talkbank_intake_20260531/ENNI/SLI/B/879.cha,data/raw/talkbank/CHILDES/ENNI/download_2026-05-31/SLI/B/879.cha,transcript,.cha,28885,bc5a90707cc429bd3067e0f06aa6e7b0278e5e427ed977f65122b865790e8043,True,pass,pass,,eng,"EXA Investigator, CHI Target_Child",2,True,True,True,True,True,True,104,736
CHILDES,ENNI,raw_download,2026-05-31,/private/tmp/talkbank_intake_20260531/ENNI/SLI/B/903.cha,data/raw/talkbank/CHILDES/ENNI/download_2026-05-31/SLI/B/903.cha,transcript,.cha,15930,f4a93558dfdfa893892e30a26a5e7405756ca145bf0d9ab4908dea4a4660f403,True,pass,pass,,eng,"EXA Investigator, CHI Target_Child",2,True,True,True,True,True,True,58,356
CHILDES,ENNI,raw_download,2026-05-31,/private/tmp/talkbank_intake_20260531/ENNI/SLI/B/920.cha,data/raw/talkbank/CHILDES/ENNI/download_2026-05-31/SLI/B/920.cha,transcript,.cha,26627,5ba56648301b53101bae36dc77f31f2a0769f0ca0e87426efaf02ad5bb3d6a23,True,pass,pass,,eng,"EXA Investigator, CHI Target_Child",2,True,True,True,True,True,True,88,718
CHILDES,ENNI,raw_download,2026-05-31,/private/tmp/talkbank_intake_20260531/ENNI/SLI/B/924.cha,data/raw/talkbank/CHILDES/ENNI/download_2026-05-31/SLI/B/924.cha,transcript,.cha,43827,0325f3e558932b8cd03e4daee38bc3b81a0a17bb7f46baa628d2e974fe58d949,True,pass,pass,,eng,"EXA Investigator, CHI Target_Child",2,True,True,True,True,True,True,164,1253
CHILDES,ENNI,raw_download,2026-05-31,/private/tmp/talkbank_intake_20260531/ENNI/SLI/B/928.cha,data/raw/talkbank/CHILDES/ENNI/download_2026-05-31/SLI/B/928.cha,transcript,.cha,23053,2ae4d529b0a5dbab0f6c22a4a79e4d9656f370b3b57302d454dd992d5597a299,True,pass,pass,,eng,"EXA Investigator, CHI Target_Child",2,True,True,True,True,True,True,73,648
CHILDES,ENNI,raw_download,2026-05-31,/private/tmp/talkbank_intake_20260531/ENNI/SLI/B/932.cha,data/raw/talkbank/CHILDES/ENNI/download_2026-05-31/SLI/B/932.cha,transcript,.cha,32856,a6e6cbd266077301e744e051b69c8a75ccec06123846542772b8fa2b1d38d4c5,True,pass,pass,,eng,"EXA Investigator, CHI Target_Child",2,True,True,True,True,True,True,106,956
CHILDES,ENNI,raw_download,2026-05-31,/private/tmp/talkbank_intake_20260531/ENNI/SLI/B/934.cha,data/raw/talkbank/CHILDES/ENNI/download_2026-05-31/SLI/B/934.cha,transcript,.cha,21834,28aaf7c526dcae899e19cd1f17635cce60e45f270ce378c15f7bbdb3496be517,True,pass,pass,,eng,"EXA Investigator, CHI Target_Child",2,True,True,True,True,True,True,72,596
CHILDES,ENNI,raw_download,2026-05-31,/private/tmp/talkbank_intake_20260531/ENNI/SLI/B/935.cha,data/raw/talkbank/CHILDES/ENNI/download_2026-05-31/SLI/B/935.cha,transcript,.cha,20455,a1b3b2c5632a75ecfb210f722e8a1c31328dfbfc58cbbce19da0bb6ca582b275,True,pass,pass,,eng,"EXA Investigator, CHI Target_Child",2,True,True,True,True,True,True,64,501
CHILDES,ENNI,raw_download,2026-05-31,/private/tmp/talkbank_intake_20260531/ENNI/TD/0types.txt,data/raw/talkbank/CHILDES/ENNI/download_2026-05-31/TD/0types.txt,sidecar,.txt,29,076f4a61f0c2250a86d19e7fdad0e6f51409f435e2233f539e60ffd6c7e1233a,True,not_applicable,not_applicable,,,,0,False,False,False,False,False,False,0,0
CHILDES,ENNI,raw_download,2026-05-31,/private/tmp/talkbank_intake_20260531/ENNI/TD/A/401.cha,data/raw/talkbank/CHILDES/ENNI/download_2026-05-31/TD/A/401.cha,transcript,.cha,39478,172a9fc3270e9f1e0fa5628d0e7479eb8278e836e0c77f93218ad62193b575e4,True,pass,pass,,eng,"EXA Investigator, CHI Target_Child",2,True,True,True,True,True,True,139,1019
CHILDES,ENNI,raw_download,2026-05-31,/private/tmp/talkbank_intake_20260531/ENNI/TD/A/402.cha,data/raw/talkbank/CHILDES/ENNI/download_2026-05-31/TD/A/402.cha,transcript,.cha,34178,c616dec68affe3a793bebb149236296bcd0a84f24b6154752d747c6a6c68cdcd,True,pass,pass,,eng,"EXA Investigator, CHI Target_Child",2,True,True,True,True,True,True,107,608
CHILDES,ENNI,raw_download,2026-05-31,/private/tmp/talkbank_intake_20260531/ENNI/TD/A/405.cha,data/raw/talkbank/CHILDES/ENNI/download_2026-05-31/TD/A/405.cha,transcript,.cha,32045,01135f8c20c50c5a996e3fba3723c5a5c731ca7d3bb1d452d512c279e7962334,True,pass,pass,,eng,"EXA Investigator, CHI Target_Child",2,True,True,True,True,True,True,97,677
CHILDES,ENNI,raw_download,2026-05-31,/private/tmp/talkbank_intake_20260531/ENNI/TD/A/406.cha,data/raw/talkbank/CHILDES/ENNI/download_2026-05-31/TD/A/406.cha,transcript,.cha,34042,a66a3acf80425684e2d85ec18cca1163b549c0602ae573463eacf2d081e84880,True,pass,pass,,eng,"EXA Investigator, CHI Target_Child",2,True,True,True,True,True,True,111,832
CHILDES,ENNI,raw_download,2026-05-31,/private/tmp/talkbank_intake_20260531/ENNI/TD/A/409.cha,data/raw/talkbank/CHILDES/ENNI/download_2026-05-31/TD/A/409.cha,transcript,.cha,23824,17f717a003cdb19c5a40bfa66f9ca33c546f9d1174de4913d6200fc024512f28,True,pass,pass,,eng,"EXA Investigator, CHI Target_Child",2,True,True,True,True,True,True,68,465
CHILDES,ENNI,raw_download,2026-05-31,/private/tmp/talkbank_intake_20260531/ENNI/TD/A/410.cha,data/raw/talkbank/CHILDES/ENNI/download_2026-05-31/TD/A/410.cha,transcript,.cha,20595,ed8a87a324e0ad43ca8d7233bb02c604f5dfbd658266275c9f3b632063027d13,True,pass,pass,,eng,"EXA Investigator, CHI Target_Child",2,True,True,True,True,True,True,64,433
CHILDES,ENNI,raw_download,2026-05-31,/private/tmp/talkbank_intake_20260531/ENNI/TD/A/414.cha,data/raw/talkbank/CHILDES/ENNI/download_2026-05-31/TD/A/414.cha,transcript,.cha,26635,f870ae04e618d58748a6e56c3a8f77dd48fb0ae0442134a98ee978cf920dd894,True,pass,pass,,eng,"EXA Investigator, CHI Target_Child",2,True,True,True,True,True,True,87,551
CHILDES,ENNI,raw_download,2026-05-31,/private/tmp/talkbank_intake_20260531/ENNI/TD/A/417.cha,data/raw/talkbank/CHILDES/ENNI/download_2026-05-31/TD/A/417.cha,transcript,.cha,41906,20ff2c4c3513849b94a04d9c78c17fee585168b8f7552476952927983d3e9eb8,True,pass,pass,,eng,"CHI Target_Child, EXA Investigator",2,True,True,True,True,True,True,140,1135
CHILDES,ENNI,raw_download,2026-05-31,/private/tmp/talkbank_intake_20260531/ENNI/TD/A/418.cha,data/raw/talkbank/CHILDES/ENNI/download_2026-05-31/TD/A/418.cha,transcript,.cha,29810,18e30d65a32cb9e7144e013dfa0404daa0e7b199d452b6e4a7d94d4eaa71ffcd,True,pass,pass,,eng,"CHI Target_Child, EXA Investigator",2,True,True,True,True,True,True,108,702
CHILDES,ENNI,raw_download,2026-05-31,/private/tmp/talkbank_intake_20260531/ENNI/TD/A/421.cha,data/raw/talkbank/CHILDES/ENNI/download_2026-05-31/TD/A/421.cha,transcript,.cha,57449,2e61b3a913dd70e33a09fe5ff833e00ce8cbef56f623d9ea93cc35079d4e8806,True,pass,pass,,eng,"EXA Investigator, CHI Target_Child",2,True,True,True,True,True,True,198,1483
CHILDES,ENNI,raw_download,2026-05-31,/private/tmp/talkbank_intake_20260531/ENNI/TD/A/425.cha,data/raw/talkbank/CHILDES/ENNI/download_2026-05-31/TD/A/425.cha,transcript,.cha,31835,988391eb8257c7b3a87cdf6f9b91b95e4576335a482ee1dbce8549d9f0bb93f3,True,pass,pass,,eng,"EXA Investigator, CHI Target_Child",2,True,True,True,True,True,True,120,942
CHILDES,ENNI,raw_download,2026-05-31,/private/tmp/talkbank_intake_20260531/ENNI/TD/A/429.cha,data/raw/talkbank/CHILDES/ENNI/download_2026-05-31/TD/A/429.cha,transcript,.cha,19534,e1892128b4cabafabe5980c9303a4acd69cbe30af5950ebabd18bbf9790a5d21,True,pass,pass,,eng,"EXA Investigator, CHI Target_Child",2,True,True,True,True,True,True,67,445
CHILDES,ENNI,raw_download,2026-05-31,/private/tmp/talkbank_intake_20260531/ENNI/TD/A/441.cha,data/raw/talkbank/CHILDES/ENNI/download_2026-05-31/TD/A/441.cha,transcript,.cha,20845,5e4565be1b24858cb1bdda089d28f49cf682f475b8c9d17b80d8998cd90563fc,True,pass,pass,,eng,"EXA Investigator, CHI Target_Child",2,True,True,True,True,True,True,67,503
CHILDES,ENNI,raw_download,2026-05-31,/private/tmp/talkbank_intake_20260531/ENNI/TD/A/448.cha,data/raw/talkbank/CHILDES/ENNI/download_2026-05-31/TD/A/448.cha,transcript,.cha,21614,52a7df3d11b898b4c70d7d753938bb3041f41e54f6a9373a96524e6f6cdb6cf3,True,pass,pass,,eng,"EXA Investigator, CHI Target_Child",2,True,True,True,True,True,True,88,586
CHILDES,ENNI,raw_download,2026-05-31,/private/tmp/talkbank_intake_20260531/ENNI/TD/A/452.cha,data/raw/talkbank/CHILDES/ENNI/download_2026-05-31/TD/A/452.cha,transcript,.cha,12299,09ba9330773dc2fc04f07f677265facedba10a025e8adb72b76ecd313f784c41,True,pass,pass,,eng,"CHI Target_Child, EXA Investigator",2,True,True,True,True,True,True,68,295
CHILDES,ENNI,raw_download,2026-05-31,/private/tmp/talkbank_intake_20260531/ENNI/TD/A/456.cha,data/raw/talkbank/CHILDES/ENNI/download_2026-05-31/TD/A/456.cha,transcript,.cha,16066,18770fb6d5ca940d1e74ac5b910bc910a8dda7520b9f5a2868f0be51324d80c0,True,pass,pass,,eng,"EXA Investigator, CHI Target_Child",2,True,True,True,True,True,True,64,445
CHILDES,ENNI,raw_download,2026-05-31,/private/tmp/talkbank_intake_20260531/ENNI/TD/A/457.cha,data/raw/talkbank/CHILDES/ENNI/download_2026-05-31/TD/A/457.cha,transcript,.cha,23104,197eb80c493a628e8fda22a8e413287d278a09e6c50b6bd0a378ff20fdc05bb1,True,pass,pass,,eng,"EXA Investigator, CHI Target_Child",2,True,True,True,True,True,True,94,623
CHILDES,ENNI,raw_download,2026-05-31,/private/tmp/talkbank_intake_20260531/ENNI/TD/A/460.cha,data/raw/talkbank/CHILDES/ENNI/download_2026-05-31/TD/A/460.cha,transcript,.cha,16892,ce9115b5d4f86a03d7f91207ce7777c22ff12244f7b6f95a8c6f4aeb45f60e0d,True,pass,pass,,eng,"EXA Investigator, CHI Target_Child",2,True,True,True,True,True,True,79,419
CHILDES,ENNI,raw_download,2026-05-31,/private/tmp/talkbank_intake_20260531/ENNI/TD/A/464.cha,data/raw/talkbank/CHILDES/ENNI/download_2026-05-31/TD/A/464.cha,transcript,.cha,14333,394a7b4b1dd797d0667790aa72a81c8c894a38e384ef49087ff8542570ee624f,True,pass,pass,,eng,"EXA Investigator, CHI Target_Child",2,True,True,True,True,True,True,65,367
CHILDES,ENNI,raw_download,2026-05-31,/private/tmp/talkbank_intake_20260531/ENNI/TD/A/468.cha,data/raw/talkbank/CHILDES/ENNI/download_2026-05-31/TD/A/468.cha,transcript,.cha,16027,5569762a388e3f1215fb788b5a76696e0a44ba9661686cc451286831c19ea07b,True,pass,pass,,eng,"EXA Investigator, CHI Target_Child",2,True,True,True,True,True,True,66,339
CHILDES,ENNI,raw_download,2026-05-31,/private/tmp/talkbank_intake_20260531/ENNI/TD/A/471.cha,data/raw/talkbank/CHILDES/ENNI/download_2026-05-31/TD/A/471.cha,transcript,.cha,25768,9077007766ca07aecabc72799fe0ab2ac95d73bed479deb2717c743b6067d373,True,pass,pass,,eng,"EXA Investigator, CHI Target_Child",2,True,True,True,True,True,True,108,728
CHILDES,ENNI,raw_download,2026-05-31,/private/tmp/talkbank_intake_20260531/ENNI/TD/A/501.cha,data/raw/talkbank/CHILDES/ENNI/download_2026-05-31/TD/A/501.cha,transcript,.cha,30497,1176e83d5411df1e47a3ade7d59abec4660db74683f52ea8d4f5327cdbcc5d81,True,pass,pass,,eng,"EXA Investigator, CHI Target_Child",2,True,True,True,True,True,True,95,754
CHILDES,ENNI,raw_download,2026-05-31,/private/tmp/talkbank_intake_20260531/ENNI/TD/A/502.cha,data/raw/talkbank/CHILDES/ENNI/download_2026-05-31/TD/A/502.cha,transcript,.cha,26926,69db2157b7a3a2f1cfd3918e6f8b1adede232bb5e77442169226ebf391b7bea6,True,pass,pass,,eng,"EXA Investigator, CHI Target_Child",2,True,True,True,True,True,True,84,535
CHILDES,ENNI,raw_download,2026-05-31,/private/tmp/talkbank_intake_20260531/ENNI/TD/A/505.cha,data/raw/talkbank/CHILDES/ENNI/download_2026-05-31/TD/A/505.cha,transcript,.cha,22321,77567b0b0c65504ff78a8dc5bb6f0048e02186f9e85d9bbb89d8617cfee22de6,True,pass,pass,,eng,"EXA Investigator, CHI Target_Child",2,True,True,True,True,True,True,66,479
CHILDES,ENNI,raw_download,2026-05-31,/private/tmp/talkbank_intake_20260531/ENNI/TD/A/506.cha,data/raw/talkbank/CHILDES/ENNI/download_2026-05-31/TD/A/506.cha,transcript,.cha,23427,916fe5c0ca9c81b03a0e8b0f5b41e1b6c91828e618c7061bb927f229cba1db9f,True,pass,pass,,eng,"EXA Investigator, CHI Target_Child",2,True,True,True,True,True,True,81,594
CHILDES,ENNI,raw_download,2026-05-31,/private/tmp/talkbank_intake_20260531/ENNI/TD/A/509.cha,data/raw/talkbank/CHILDES/ENNI/download_2026-05-31/TD/A/509.cha,transcript,.cha,27842,75e6c52a5622dfb90da607c64f976077a756ebef4b1b915078e5d1ae4df1151a,True,pass,pass,,eng,"EXA Investigator, CHI Target_Child",2,True,True,True,True,True,True,90,630
CHILDES,ENNI,raw_download,2026-05-31,/private/tmp/talkbank_intake_20260531/ENNI/TD/A/510.cha,data/raw/talkbank/CHILDES/ENNI/download_2026-05-31/TD/A/510.cha,transcript,.cha,22111,366082d6bc291c3e3f14291f8f1961819f9656bae19005812fe39f66c1c901c8,True,pass,pass,,eng,"EXA Investigator, CHI Target_Child",2,True,True,True,True,True,True,64,554
CHILDES,ENNI,raw_download,2026-05-31,/private/tmp/talkbank_intake_20260531/ENNI/TD/A/513.cha,data/raw/talkbank/CHILDES/ENNI/download_2026-05-31/TD/A/513.cha,transcript,.cha,28873,5fbc487ba2a420d8e3fdf3a8c8d739a53c7067cdac85cb6b21218dfdd2fdbd78,True,pass,pass,,eng,"EXA Investigator, CHI Target_Child",2,True,True,True,True,True,True,69,711
CHILDES,ENNI,raw_download,2026-05-31,/private/tmp/talkbank_intake_20260531/ENNI/TD/A/514.cha,data/raw/talkbank/CHILDES/ENNI/download_2026-05-31/TD/A/514.cha,transcript,.cha,25047,3a8ce5752b536d513a5176c01d24bd250f2f62eb803ff81e8c99fbbbbe6a9e4d,True,pass,pass,,eng,"CHI Target_Child, EXA Investigator",2,True,True,True,True,True,True,80,662
CHILDES,ENNI,raw_download,2026-05-31,/private/tmp/talkbank_intake_20260531/ENNI/TD/A/517.cha,data/raw/talkbank/CHILDES/ENNI/download_2026-05-31/TD/A/517.cha,transcript,.cha,42145,8f49ba327444cf83369090b2e6a6739aecb36e2d2a9eafdbf9c58ece0a515708,True,pass,pass,,eng,"EXA Investigator, CHI Target_Child",2,True,True,True,True,True,True,155,1015
CHILDES,ENNI,raw_download,2026-05-31,/private/tmp/talkbank_intake_20260531/ENNI/TD/A/518.cha,data/raw/talkbank/CHILDES/ENNI/download_2026-05-31/TD/A/518.cha,transcript,.cha,24856,52861bf1de31627a6ddbac219df8492f075bbf8610892001dd0521cbb96c9793,True,pass,pass,,eng,"CHI Target_Child, EXA Investigator",2,True,True,True,True,True,True,81,671
CHILDES,ENNI,raw_download,2026-05-31,/private/tmp/talkbank_intake_20260531/ENNI/TD/A/522.cha,data/raw/talkbank/CHILDES/ENNI/download_2026-05-31/TD/A/522.cha,transcript,.cha,20168,99345d7c71288d1b42fa5d55bb7a48bc96b680adfbbeafcba7eeb64f28975194,True,pass,pass,,eng,"EXA Investigator, CHI Target_Child",2,True,True,True,True,True,True,65,512
CHILDES,ENNI,raw_download,2026-05-31,/private/tmp/talkbank_intake_20260531/ENNI/TD/A/526.cha,data/raw/talkbank/CHILDES/ENNI/download_2026-05-31/TD/A/526.cha,transcript,.cha,25843,d4e281937f4c8f422cf8a81b12d4070f794e05f0d2e430602e5265478fc83bc0,True,pass,pass,,eng,"CHI Target_Child, EXA Investigator",2,True,True,True,True,True,True,97,703
CHILDES,ENNI,raw_download,2026-05-31,/private/tmp/talkbank_intake_20260531/ENNI/TD/A/530.cha,data/raw/talkbank/CHILDES/ENNI/download_2026-05-31/TD/A/530.cha,transcript,.cha,25213,e67b1579565a705d852c0551eee50c5e5638a2f7585d9a90933976c0718abb4c,True,pass,pass,,eng,"EXA Investigator, CHI Target_Child",2,True,True,True,True,True,True,83,516
CHILDES,ENNI,raw_download,2026-05-31,/private/tmp/talkbank_intake_20260531/ENNI/TD/A/538.cha,data/raw/talkbank/CHILDES/ENNI/download_2026-05-31/TD/A/538.cha,transcript,.cha,18468,c88fe44e99d26108e7d9497b7fac9e5a67485d6d9a574cb8a294f4a32e682f90,True,pass,pass,,eng,"EXA Investigator, CHI Target_Child",2,True,True,True,True,True,True,65,465
CHILDES,ENNI,raw_download,2026-05-31,/private/tmp/talkbank_intake_20260531/ENNI/TD/A/541.cha,data/raw/talkbank/CHILDES/ENNI/download_2026-05-31/TD/A/541.cha,transcript,.cha,22110,612df51c840b5349afb560482069b92948f16add5a9ca15ed8383de0fcaeb0eb,True,pass,pass,,eng,"EXA Investigator, CHI Target_Child",2,True,True,True,True,True,True,66,542
CHILDES,ENNI,raw_download,2026-05-31,/private/tmp/talkbank_intake_20260531/ENNI/TD/A/544.cha,data/raw/talkbank/CHILDES/ENNI/download_2026-05-31/TD/A/544.cha,transcript,.cha,18389,b65ec1a39eac318d5be69f44cfa12d4de652c3e66dd52e9322200ae3d64da619,True,pass,pass,,eng,"EXA Investigator, CHI Target_Child",2,True,True,True,True,True,True,67,378
CHILDES,ENNI,raw_download,2026-05-31,/private/tmp/talkbank_intake_20260531/ENNI/TD/A/545.cha,data/raw/talkbank/CHILDES/ENNI/download_2026-05-31/TD/A/545.cha,transcript,.cha,18459,5ca5b1f711471b4a8e02ab39c1d203855a72fa917297a062d62347ebefca3a01,True,pass,pass,,eng,"EXA Investigator, CHI Target_Child",2,True,True,True,True,True,True,63,455
CHILDES,ENNI,raw_download,2026-05-31,/private/tmp/talkbank_intake_20260531/ENNI/TD/A/548.cha,data/raw/talkbank/CHILDES/ENNI/download_2026-05-31/TD/A/548.cha,transcript,.cha,16528,d9da6956fed91c3fcbf36fd800da47ef79384959ea4f38385f280eec112d3aa9,True,pass,pass,,eng,"EXA Investigator, CHI Target_Child",2,True,True,True,True,True,True,59,432
CHILDES,ENNI,raw_download,2026-05-31,/private/tmp/talkbank_intake_20260531/ENNI/TD/A/549.cha,data/raw/talkbank/CHILDES/ENNI/download_2026-05-31/TD/A/549.cha,transcript,.cha,31895,e43da73aeb82f027d560acd30c1dab42a8ce3428a6b26023d69eba325ef7beac,True,pass,pass,,eng,"EXA Investigator, CHI Target_Child",2,True,True,True,True,True,True,109,850
CHILDES,ENNI,raw_download,2026-05-31,/private/tmp/talkbank_intake_20260531/ENNI/TD/A/553.cha,data/raw/talkbank/CHILDES/ENNI/download_2026-05-31/TD/A/553.cha,transcript,.cha,26989,2686d99c68fd0954336fd1a105d4a0a744b0aacd772867389b691c26007030d8,True,pass,pass,,eng,"EXA Investigator, CHI Target_Child",2,True,True,True,True,True,True,84,672
CHILDES,ENNI,raw_download,2026-05-31,/private/tmp/talkbank_intake_20260531/ENNI/TD/A/555.cha,data/raw/talkbank/CHILDES/ENNI/download_2026-05-31/TD/A/555.cha,transcript,.cha,19511,324df95db404720414125e05f8ca60a9333abe10bf71362414eb248f6ad94e69,True,pass,pass,,eng,"EXA Investigator, CHI Target_Child",2,True,True,True,True,True,True,69,427
CHILDES,ENNI,raw_download,2026-05-31,/private/tmp/talkbank_intake_20260531/ENNI/TD/A/559.cha,data/raw/talkbank/CHILDES/ENNI/download_2026-05-31/TD/A/559.cha,transcript,.cha,19424,6926b8839e53f78a210895039f847248915ef1e4b2ca91fa5a08ae7eb0e2e243,True,pass,pass,,eng,"EXA Investigator, CHI Target_Child",2,True,True,True,True,True,True,74,463
CHILDES,ENNI,raw_download,2026-05-31,/private/tmp/talkbank_intake_20260531/ENNI/TD/A/561.cha,data/raw/talkbank/CHILDES/ENNI/download_2026-05-31/TD/A/561.cha,transcript,.cha,22779,348efc48125433ef6a5842f8ae4a917b5568c973b506b452b34224ce3176ca15,True,pass,pass,,eng,"EXA Investigator, CHI Target_Child",2,True,True,True,True,True,True,82,604
CHILDES,ENNI,raw_download,2026-05-31,/private/tmp/talkbank_intake_20260531/ENNI/TD/A/562.cha,data/raw/talkbank/CHILDES/ENNI/download_2026-05-31/TD/A/562.cha,transcript,.cha,29524,f19ac3de02e09e272c9780262d8c7ca3bb3a4c4ea254ced1f87db0c5eb58884e,True,pass,pass,,eng,"EXA Investigator, CHI Target_Child",2,True,True,True,True,True,True,127,812
CHILDES,ENNI,raw_download,2026-05-31,/private/tmp/talkbank_intake_20260531/ENNI/TD/A/564.cha,data/raw/talkbank/CHILDES/ENNI/download_2026-05-31/TD/A/564.cha,transcript,.cha,29349,8791277018094a441bff8e2a13ce29b6e5c135c554d53209e81ef84bf0493769,True,pass,pass,,eng,"EXA Investigator, CHI Target_Child",2,True,True,True,True,True,True,96,854
CHILDES,ENNI,raw_download,2026-05-31,/private/tmp/talkbank_intake_20260531/ENNI/TD/A/601.cha,data/raw/talkbank/CHILDES/ENNI/download_2026-05-31/TD/A/601.cha,transcript,.cha,34926,6faf96ca1194592d537c1a8c1613d985e9330bef295794c4d2f083f8c2d45b9d,True,pass,pass,,eng,"CHI Target_Child, EXA Investigator",2,True,True,True,True,True,True,123,890
CHILDES,ENNI,raw_download,2026-05-31,/private/tmp/talkbank_intake_20260531/ENNI/TD/A/602.cha,data/raw/talkbank/CHILDES/ENNI/download_2026-05-31/TD/A/602.cha,transcript,.cha,21486,6bc5cd5f4cfc310df91d6c10b452e17985f0059fc528dc5991fd4918819252c0,True,pass,pass,,eng,"EXA Investigator, CHI Target_Child",2,True,True,True,True,True,True,74,549
CHILDES,ENNI,raw_download,2026-05-31,/private/tmp/talkbank_intake_20260531/ENNI/TD/A/605.cha,data/raw/talkbank/CHILDES/ENNI/download_2026-05-31/TD/A/605.cha,transcript,.cha,30975,9d04a2d946f07761bca9308c94ccba3cb08c6fbd1058c73be758490085f7b4f8,True,pass,pass,,eng,"EXA Investigator, CHI Target_Child",2,True,True,True,True,True,True,84,824
CHILDES,ENNI,raw_download,2026-05-31,/private/tmp/talkbank_intake_20260531/ENNI/TD/A/606.cha,data/raw/talkbank/CHILDES/ENNI/download_2026-05-31/TD/A/606.cha,transcript,.cha,18336,bf510a50e589cf0996c3df66ee23cf9a9c57429d670c17342980de0c17ffc3c2,True,pass,pass,,eng,"CHI Target_Child, EXA Investigator",2,True,True,True,True,True,True,69,486
CHILDES,ENNI,raw_download,2026-05-31,/private/tmp/talkbank_intake_20260531/ENNI/TD/A/610.cha,data/raw/talkbank/CHILDES/ENNI/download_2026-05-31/TD/A/610.cha,transcript,.cha,21416,6244371aa1bb8b554a80589a8b4d984ae9a3e7750c2ef68086c80870a248cd8e,True,pass,pass,,eng,"EXA Investigator, CHI Target_Child",2,True,True,True,True,True,True,70,564
CHILDES,ENNI,raw_download,2026-05-31,/private/tmp/talkbank_intake_20260531/ENNI/TD/A/614.cha,data/raw/talkbank/CHILDES/ENNI/download_2026-05-31/TD/A/614.cha,transcript,.cha,17607,f082c647d9d4eea2e1d48f5ae4a3743a8eec8c29be1d0e0bc364e98d05aac0bc,True,pass,pass,,eng,"EXA Investigator, CHI Target_Child",2,True,True,True,True,True,True,73,439
CHILDES,ENNI,raw_download,2026-05-31,/private/tmp/talkbank_intake_20260531/ENNI/TD/A/618.cha,data/raw/talkbank/CHILDES/ENNI/download_2026-05-31/TD/A/618.cha,transcript,.cha,25090,cd201bd142256e93c60f5c0ea4c39137bb3d45ff662964dc47bba4b290abca39,True,pass,pass,,eng,"CHI Target_Child, EXA Investigator",2,True,True,True,True,True,True,76,679
CHILDES,ENNI,raw_download,2026-05-31,/private/tmp/talkbank_intake_20260531/ENNI/TD/A/622.cha,data/raw/talkbank/CHILDES/ENNI/download_2026-05-31/TD/A/622.cha,transcript,.cha,20950,acd16c34493eda7d5e6bf8a10aaa927d2ce765f726b3af395a1ef1167ceab001,True,pass,pass,,eng,"EXA Investigator, CHI Target_Child",2,True,True,True,True,True,True,75,553
CHILDES,ENNI,raw_download,2026-05-31,/private/tmp/talkbank_intake_20260531/ENNI/TD/A/626.cha,data/raw/talkbank/CHILDES/ENNI/download_2026-05-31/TD/A/626.cha,transcript,.cha,24082,3694380339c23aa0cc33f37c4a1a9790e340863f00f1fbb373c20c6035999135,True,pass,pass,,eng,"EXA Investigator, CHI Target_Child",2,True,True,True,True,True,True,85,628
CHILDES,ENNI,raw_download,2026-05-31,/private/tmp/talkbank_intake_20260531/ENNI/TD/A/630.cha,data/raw/talkbank/CHILDES/ENNI/download_2026-05-31/TD/A/630.cha,transcript,.cha,17364,ed330c26e70e999414b820c2d98cf852e01915a776dd3cefb050b9404789fde8,True,pass,pass,,eng,"EXA Investigator, CHI Target_Child",2,True,True,True,True,True,True,66,467
CHILDES,ENNI,raw_download,2026-05-31,/private/tmp/talkbank_intake_20260531/ENNI/TD/A/634.cha,data/raw/talkbank/CHILDES/ENNI/download_2026-05-31/TD/A/634.cha,transcript,.cha,17688,57c27cf67c5032a4627b2ffa6aa9358a37666bce052e2619dc5bc612edc304d0,True,pass,pass,,eng,"EXA Investigator, CHI Target_Child",2,True,True,True,True,True,True,70,463
CHILDES,ENNI,raw_download,2026-05-31,/private/tmp/talkbank_intake_20260531/ENNI/TD/A/637.cha,data/raw/talkbank/CHILDES/ENNI/download_2026-05-31/TD/A/637.cha,transcript,.cha,16793,93a93040a166c2595ebd6c3748674100fab5f00c28e3ec93cebd0693a6177bac,True,pass,pass,,eng,"EXA Investigator, CHI Target_Child",2,True,True,True,True,True,True,58,428
CHILDES,ENNI,raw_download,2026-05-31,/private/tmp/talkbank_intake_20260531/ENNI/TD/A/641.cha,data/raw/talkbank/CHILDES/ENNI/download_2026-05-31/TD/A/641.cha,transcript,.cha,22308,0025b576171723b0cb1bc0e5c4a2dc6bd7736b65ed26606a5450f18a233981a2,True,pass,pass,,eng,"EXA Investigator, CHI Target_Child",2,True,True,True,True,True,True,80,494
CHILDES,ENNI,raw_download,2026-05-31,/private/tmp/talkbank_intake_20260531/ENNI/TD/A/645.cha,data/raw/talkbank/CHILDES/ENNI/download_2026-05-31/TD/A/645.cha,transcript,.cha,42169,c3a7568b9d44137050f789ae4b3cbe22ecf8ae216cf35969c756c42fced84177,True,pass,pass,,eng,"EXA Investigator, CHI Target_Child",2,True,True,True,True,True,True,143,1111
CHILDES,ENNI,raw_download,2026-05-31,/private/tmp/talkbank_intake_20260531/ENNI/TD/A/649.cha,data/raw/talkbank/CHILDES/ENNI/download_2026-05-31/TD/A/649.cha,transcript,.cha,17952,68919c8992d2c49e1572673f2c03bed98377fe1d743617f4e51ea9b2ce28d496,True,pass,pass,,eng,"EXA Investigator, CHI Target_Child",2,True,True,True,True,True,True,58,410
CHILDES,ENNI,raw_download,2026-05-31,/private/tmp/talkbank_intake_20260531/ENNI/TD/A/650.cha,data/raw/talkbank/CHILDES/ENNI/download_2026-05-31/TD/A/650.cha,transcript,.cha,20743,cf028befeb4c740d65527f4270f99ac946d74472b7c609d1599b5d8d6298948c,True,pass,pass,,eng,"CHI Target_Child, EXA Investigator",2,True,True,True,True,True,True,83,525
CHILDES,ENNI,raw_download,2026-05-31,/private/tmp/talkbank_intake_20260531/ENNI/TD/A/653.cha,data/raw/talkbank/CHILDES/ENNI/download_2026-05-31/TD/A/653.cha,transcript,.cha,27852,aa50d77c447dc2e3bd6db45414f2793698d37cd862f39bf2ac82d3c504e5f895,True,pass,pass,,eng,"EXA Investigator, CHI Target_Child",2,True,True,True,True,True,True,87,719
CHILDES,ENNI,raw_download,2026-05-31,/private/tmp/talkbank_intake_20260531/ENNI/TD/A/654.cha,data/raw/talkbank/CHILDES/ENNI/download_2026-05-31/TD/A/654.cha,transcript,.cha,29353,7c3a0235a1c3bc03ed69d86c1bf44ac163f17dc92f08d3ae3193e82068e52cfe,True,pass,pass,,eng,"CHI Target_Child, EXA Investigator",2,True,True,True,True,True,True,111,878
CHILDES,ENNI,raw_download,2026-05-31,/private/tmp/talkbank_intake_20260531/ENNI/TD/A/657.cha,data/raw/talkbank/CHILDES/ENNI/download_2026-05-31/TD/A/657.cha,transcript,.cha,16275,e0c22a890aadd55d5948247e31786524f3c4429ef5eb6f3074dcd9e4409a97d4,True,pass,pass,,eng,"EXA Investigator, CHI Target_Child",2,True,True,True,True,True,True,67,387
CHILDES,ENNI,raw_download,2026-05-31,/private/tmp/talkbank_intake_20260531/ENNI/TD/A/660.cha,data/raw/talkbank/CHILDES/ENNI/download_2026-05-31/TD/A/660.cha,transcript,.cha,31698,e26f84edae86ee17ab1708b47e1cab8be2dfe2146bf66bb44a67b354a57c1c23,True,pass,pass,,eng,"EXA Investigator, CHI Target_Child",2,True,True,True,True,True,True,125,904
CHILDES,ENNI,raw_download,2026-05-31,/private/tmp/talkbank_intake_20260531/ENNI/TD/A/661.cha,data/raw/talkbank/CHILDES/ENNI/download_2026-05-31/TD/A/661.cha,transcript,.cha,16653,a783622daacec014fb5e639f3b04869184cf90a9a74037201c4134357825c168,True,pass,pass,,eng,"EXA Investigator, CHI Target_Child",2,True,True,True,True,True,True,66,442
CHILDES,ENNI,raw_download,2026-05-31,/private/tmp/talkbank_intake_20260531/ENNI/TD/A/665.cha,data/raw/talkbank/CHILDES/ENNI/download_2026-05-31/TD/A/665.cha,transcript,.cha,17269,b51deae660ccbbc33ed68e0bb7d1ff17dc9b9672851e9167fca99487b5e226d2,True,pass,pass,,eng,"EXA Investigator, CHI Target_Child",2,True,True,True,True,True,True,63,444
CHILDES,ENNI,raw_download,2026-05-31,/private/tmp/talkbank_intake_20260531/ENNI/TD/A/670.cha,data/raw/talkbank/CHILDES/ENNI/download_2026-05-31/TD/A/670.cha,transcript,.cha,29520,0b088b726b2f1b9aac9704a4f9a387a1153da64631ce1e9cdf0df0b4877acd4f,True,pass,pass,,eng,"EXA Investigator, CHI Target_Child",2,True,True,True,True,True,True,106,805
CHILDES,ENNI,raw_download,2026-05-31,/private/tmp/talkbank_intake_20260531/ENNI/TD/A/671.cha,data/raw/talkbank/CHILDES/ENNI/download_2026-05-31/TD/A/671.cha,transcript,.cha,18430,d8b420fb93c592c9cf47c6532feca8a2f301788c32b33b14e7675981e7d856b6,True,pass,pass,,eng,"EXA Investigator, CHI Target_Child",2,True,True,True,True,True,True,75,493
CHILDES,ENNI,raw_download,2026-05-31,/private/tmp/talkbank_intake_20260531/ENNI/TD/A/677.cha,data/raw/talkbank/CHILDES/ENNI/download_2026-05-31/TD/A/677.cha,transcript,.cha,25094,13c957c1543982a00b50033b431b5c92f1e869c202458ae6ce28595050ade7f0,True,pass,pass,,eng,"EXA Investigator, CHI Target_Child",2,True,True,True,True,True,True,88,763
CHILDES,ENNI,raw_download,2026-05-31,/private/tmp/talkbank_intake_20260531/ENNI/TD/A/701.cha,data/raw/talkbank/CHILDES/ENNI/download_2026-05-31/TD/A/701.cha,transcript,.cha,28816,c5ef0b9121ca1edcd07a1f4e2811d15c436627f79747cfc1ac6aa2306f923ab8,True,pass,pass,,eng,"EXA Investigator, CHI Target_Child",2,True,True,True,True,True,True,85,698
CHILDES,ENNI,raw_download,2026-05-31,/private/tmp/talkbank_intake_20260531/ENNI/TD/A/702.cha,data/raw/talkbank/CHILDES/ENNI/download_2026-05-31/TD/A/702.cha,transcript,.cha,17688,da257972871c7195ab02f1bdf8e26385c6d35c8a35ab1021893d005d23e3cca2,True,pass,pass,,eng,"CHI Target_Child, EXA Investigator",2,True,True,True,True,True,True,64,412
CHILDES,ENNI,raw_download,2026-05-31,/private/tmp/talkbank_intake_20260531/ENNI/TD/A/705.cha,data/raw/talkbank/CHILDES/ENNI/download_2026-05-31/TD/A/705.cha,transcript,.cha,25612,081c53eaec97471aa0ccea71796465cb6e75a313d8c4d8b895a2ce20922db28d,True,pass,pass,,eng,"EXA Investigator, CHI Target_Child",2,True,True,True,True,True,True,88,588
CHILDES,ENNI,raw_download,2026-05-31,/private/tmp/talkbank_intake_20260531/ENNI/TD/A/706.cha,data/raw/talkbank/CHILDES/ENNI/download_2026-05-31/TD/A/706.cha,transcript,.cha,21970,7e20d95bb62aca936eb1c11cda88fd5b04ec2143aa2b5890634b8089a84c9253,True,pass,pass,,eng,"EXA Investigator, CHI Target_Child",2,True,True,True,True,True,True,81,599
CHILDES,ENNI,raw_download,2026-05-31,/private/tmp/talkbank_intake_20260531/ENNI/TD/A/709.cha,data/raw/talkbank/CHILDES/ENNI/download_2026-05-31/TD/A/709.cha,transcript,.cha,16674,96ffdfee6c4690952666aa0611ccac61687ae6f40d1f4a175960741cdc06f5f9,True,pass,pass,,eng,"EXA Investigator, CHI Target_Child",2,True,True,True,True,True,True,55,349
CHILDES,ENNI,raw_download,2026-05-31,/private/tmp/talkbank_intake_20260531/ENNI/TD/A/713.cha,data/raw/talkbank/CHILDES/ENNI/download_2026-05-31/TD/A/713.cha,transcript,.cha,29727,cf44bb4f2cf90012577e7ec025df7c0220ad9736c4d5a810aee09f1c355735e6,True,pass,pass,,eng,"EXA Investigator, CHI Target_Child",2,True,True,True,True,True,True,77,851
CHILDES,ENNI,raw_download,2026-05-31,/private/tmp/talkbank_intake_20260531/ENNI/TD/A/714.cha,data/raw/talkbank/CHILDES/ENNI/download_2026-05-31/TD/A/714.cha,transcript,.cha,32256,1735f57381346debbcff4091a342edcb00c39cdb2e1875385a343ff1006f1709,True,pass,pass,,eng,"EXA Investigator, CHI Target_Child",2,True,True,True,True,True,True,110,782
CHILDES,ENNI,raw_download,2026-05-31,/private/tmp/talkbank_intake_20260531/ENNI/TD/A/718.cha,data/raw/talkbank/CHILDES/ENNI/download_2026-05-31/TD/A/718.cha,transcript,.cha,33395,95c80558232f1137fbe87fcff1fb2e16f0610de05e36034ab224af76a90cc0c3,True,pass,pass,,eng,"EXA Investigator, CHI Target_Child",2,True,True,True,True,True,True,109,878
CHILDES,ENNI,raw_download,2026-05-31,/private/tmp/talkbank_intake_20260531/ENNI/TD/A/722.cha,data/raw/talkbank/CHILDES/ENNI/download_2026-05-31/TD/A/722.cha,transcript,.cha,26049,6ab9647c1978bd0e1f23a0722af04cbfdffe2138d8ba71febf03700b67fec558,True,pass,pass,,eng,"EXA Investigator, CHI Target_Child",2,True,True,True,True,True,True,84,658
CHILDES,ENNI,raw_download,2026-05-31,/private/tmp/talkbank_intake_20260531/ENNI/TD/A/726.cha,data/raw/talkbank/CHILDES/ENNI/download_2026-05-31/TD/A/726.cha,transcript,.cha,36703,487e0d26c104da9cf24519aee8a0a62bcd16f611d0147d737fd634f189ffeece,True,pass,pass,,eng,"EXA Investigator, CHI Target_Child",2,True,True,True,True,True,True,113,1040
CHILDES,ENNI,raw_download,2026-05-31,/private/tmp/talkbank_intake_20260531/ENNI/TD/A/730.cha,data/raw/talkbank/CHILDES/ENNI/download_2026-05-31/TD/A/730.cha,transcript,.cha,15392,0730a5e3d8ad484fde3a1de92393d6a9c1812ba0aa8f27384d06b3139d2ba3d0,True,pass,pass,,eng,"EXA Investigator, CHI Target_Child",2,True,True,True,True,True,True,61,340
CHILDES,ENNI,raw_download,2026-05-31,/private/tmp/talkbank_intake_20260531/ENNI/TD/A/737.cha,data/raw/talkbank/CHILDES/ENNI/download_2026-05-31/TD/A/737.cha,transcript,.cha,22248,1e0100b5f920a379c0234c86385548ae2b6bb815292dab1f515bf4d691f4906b,True,pass,pass,,eng,"EXA Investigator, CHI Target_Child",2,True,True,True,True,True,True,65,537
CHILDES,ENNI,raw_download,2026-05-31,/private/tmp/talkbank_intake_20260531/ENNI/TD/A/738.cha,data/raw/talkbank/CHILDES/ENNI/download_2026-05-31/TD/A/738.cha,transcript,.cha,32202,a467da39f1e51efe11d706dc45177742ab1caa8be48af0fc9f38ff826776d743,True,pass,pass,,eng,"EXA Investigator, CHI Target_Child",2,True,True,True,True,True,True,106,932
CHILDES,ENNI,raw_download,2026-05-31,/private/tmp/talkbank_intake_20260531/ENNI/TD/A/746.cha,data/raw/talkbank/CHILDES/ENNI/download_2026-05-31/TD/A/746.cha,transcript,.cha,22568,f7b001253c7f534229d33f4cc876e391f99b6fb1ef09cd400f328ae75eb4074f,True,pass,pass,,eng,"EXA Investigator, CHI Target_Child",2,True,True,True,True,True,True,87,631
CHILDES,ENNI,raw_download,2026-05-31,/private/tmp/talkbank_intake_20260531/ENNI/TD/A/752.cha,data/raw/talkbank/CHILDES/ENNI/download_2026-05-31/TD/A/752.cha,transcript,.cha,24190,0de5a15f6f91ee69e009edcb4661819bf2277ebd5d7040354e07a4ddd8069235,True,pass,pass,,eng,"EXA Investigator, CHI Target_Child",2,True,True,True,True,True,True,80,686
CHILDES,ENNI,raw_download,2026-05-31,/private/tmp/talkbank_intake_20260531/ENNI/TD/A/756.cha,data/raw/talkbank/CHILDES/ENNI/download_2026-05-31/TD/A/756.cha,transcript,.cha,24514,78c8e2b39a18276eefd664a7c72ebd37fb70f838f57a8c09ca288c94c43a3caa,True,pass,pass,,eng,"EXA Investigator, CHI Target_Child",2,True,True,True,True,True,True,75,779
CHILDES,ENNI,raw_download,2026-05-31,/private/tmp/talkbank_intake_20260531/ENNI/TD/A/757.cha,data/raw/talkbank/CHILDES/ENNI/download_2026-05-31/TD/A/757.cha,transcript,.cha,22791,bc2f2c977a48e1d81328993f532f5c0afc3306672e9848e44dfacb4b4e58c4a6,True,pass,pass,,eng,"EXA Investigator, CHI Target_Child",2,True,True,True,True,True,True,83,582
CHILDES,ENNI,raw_download,2026-05-31,/private/tmp/talkbank_intake_20260531/ENNI/TD/A/761.cha,data/raw/talkbank/CHILDES/ENNI/download_2026-05-31/TD/A/761.cha,transcript,.cha,21510,36a4cc75a9418082dedc1c35d65b4a0a2bd840de4295731d71888b4981c9590c,True,pass,pass,,eng,"EXA Investigator, CHI Target_Child",2,True,True,True,True,True,True,76,516
CHILDES,ENNI,raw_download,2026-05-31,/private/tmp/talkbank_intake_20260531/ENNI/TD/A/762.cha,data/raw/talkbank/CHILDES/ENNI/download_2026-05-31/TD/A/762.cha,transcript,.cha,30913,c624a126c543d99551c5c51979e7201a7c3c0445bb70d9ec3f340c0dc662007a,True,pass,pass,,eng,"EXA Investigator, CHI Target_Child",2,True,True,True,True,True,True,107,916
CHILDES,ENNI,raw_download,2026-05-31,/private/tmp/talkbank_intake_20260531/ENNI/TD/A/765.cha,data/raw/talkbank/CHILDES/ENNI/download_2026-05-31/TD/A/765.cha,transcript,.cha,23200,c07d8dc9bb74d5f112f177549fb46f4025296a9b521a87bdbc2e25240b29f347,True,pass,pass,,eng,"EXA Investigator, CHI Target_Child",2,True,True,True,True,True,True,72,621
CHILDES,ENNI,raw_download,2026-05-31,/private/tmp/talkbank_intake_20260531/ENNI/TD/A/766.cha,data/raw/talkbank/CHILDES/ENNI/download_2026-05-31/TD/A/766.cha,transcript,.cha,28129,d1c56694f5ab31c405e16b39ebbe1cef203ca018fe749edbd249cfdf3bcdc24d,True,pass,pass,,eng,"EXA Investigator, CHI Target_Child",2,True,True,True,True,True,True,106,762
CHILDES,ENNI,raw_download,2026-05-31,/private/tmp/talkbank_intake_20260531/ENNI/TD/A/767.cha,data/raw/talkbank/CHILDES/ENNI/download_2026-05-31/TD/A/767.cha,transcript,.cha,24273,8a94ab1c25d6618ed9376d1d68a0d24a82cc4774ccb6c494ab9f897c95fc82f8,True,pass,pass,,eng,"CHI Target_Child, EXA Investigator",2,True,True,True,True,True,True,94,682
CHILDES,ENNI,raw_download,2026-05-31,/private/tmp/talkbank_intake_20260531/ENNI/TD/A/769.cha,data/raw/talkbank/CHILDES/ENNI/download_2026-05-31/TD/A/769.cha,transcript,.cha,21351,7688ad111f30af196f2c5bdfdd5802ff4829142d5707675df3909ff514da5346,True,pass,pass,,eng,"EXA Investigator, CHI Target_Child",2,True,True,True,True,True,True,72,531
CHILDES,ENNI,raw_download,2026-05-31,/private/tmp/talkbank_intake_20260531/ENNI/TD/A/771.cha,data/raw/talkbank/CHILDES/ENNI/download_2026-05-31/TD/A/771.cha,transcript,.cha,16968,765fe975a27c6489a9580bce96251aced1b47e64fca7ef59a86ecaa8215934f9,True,pass,pass,,eng,"EXA Investigator, CHI Target_Child",2,True,True,True,True,True,True,63,463
CHILDES,ENNI,raw_download,2026-05-31,/private/tmp/talkbank_intake_20260531/ENNI/TD/A/773.cha,data/raw/talkbank/CHILDES/ENNI/download_2026-05-31/TD/A/773.cha,transcript,.cha,19840,1e5f4a58539774f5ff7267a61b4b1bfaf9329a301b56bace5a8dcfee3b579e9e,True,pass,pass,,eng,"EXA Investigator, CHI Target_Child",2,True,True,True,True,True,True,62,544
CHILDES,ENNI,raw_download,2026-05-31,/private/tmp/talkbank_intake_20260531/ENNI/TD/A/801.cha,data/raw/talkbank/CHILDES/ENNI/download_2026-05-31/TD/A/801.cha,transcript,.cha,24144,2b1d5b44ae708e4a2165015b573da8c4c0669898520cb1cd5b934a8a47ede76c,True,pass,pass,,eng,"EXA Investigator, CHI Target_Child",2,True,True,True,True,True,True,67,556
CHILDES,ENNI,raw_download,2026-05-31,/private/tmp/talkbank_intake_20260531/ENNI/TD/A/802.cha,data/raw/talkbank/CHILDES/ENNI/download_2026-05-31/TD/A/802.cha,transcript,.cha,32390,c44bad1b6ae29f4a6237b79e1036f2dc59d2973b1be1b8985177a5a2f92f71b6,True,pass,pass,,eng,"EXA Investigator, CHI Target_Child",2,True,True,True,True,True,True,103,844
CHILDES,ENNI,raw_download,2026-05-31,/private/tmp/talkbank_intake_20260531/ENNI/TD/A/805.cha,data/raw/talkbank/CHILDES/ENNI/download_2026-05-31/TD/A/805.cha,transcript,.cha,51278,42d69f49c09fc7155d1f4e3c534e6df00a5402fc60c7ffc57eda42c6baad2028,True,pass,pass,,eng,"EXA Investigator, CHI Target_Child",2,True,True,True,True,True,True,158,1370
CHILDES,ENNI,raw_download,2026-05-31,/private/tmp/talkbank_intake_20260531/ENNI/TD/A/806.cha,data/raw/talkbank/CHILDES/ENNI/download_2026-05-31/TD/A/806.cha,transcript,.cha,24211,3175bac47060ca171f6d19e20993e011603ebbbd6f9c2d56862605829456a605,True,pass,pass,,eng,"CHI Target_Child, EXA Investigator",2,True,True,True,True,True,True,86,706
CHILDES,ENNI,raw_download,2026-05-31,/private/tmp/talkbank_intake_20260531/ENNI/TD/A/809.cha,data/raw/talkbank/CHILDES/ENNI/download_2026-05-31/TD/A/809.cha,transcript,.cha,31645,56f943c6411f766f56bfe8e26c09d542f847b5024e47f73b69c4b7182859dbc8,True,pass,pass,,eng,"EXA Investigator, CHI Target_Child",2,True,True,True,True,True,True,87,727
CHILDES,ENNI,raw_download,2026-05-31,/private/tmp/talkbank_intake_20260531/ENNI/TD/A/810.cha,data/raw/talkbank/CHILDES/ENNI/download_2026-05-31/TD/A/810.cha,transcript,.cha,21409,b2aaab7c2ff104dbbb30ed39c2fb9371d258719d174bbd16642ea64ddb194988,True,pass,pass,,eng,"EXA Investigator, CHI Target_Child",2,True,True,True,True,True,True,64,591
CHILDES,ENNI,raw_download,2026-05-31,/private/tmp/talkbank_intake_20260531/ENNI/TD/A/813.cha,data/raw/talkbank/CHILDES/ENNI/download_2026-05-31/TD/A/813.cha,transcript,.cha,21811,2344a3f92e5ba1904d6e56420135016d843214269f5c6c5e29dc5ff9a8a8dd7d,True,pass,pass,,eng,"EXA Investigator, CHI Target_Child",2,True,True,True,True,True,True,81,484
CHILDES,ENNI,raw_download,2026-05-31,/private/tmp/talkbank_intake_20260531/ENNI/TD/A/818.cha,data/raw/talkbank/CHILDES/ENNI/download_2026-05-31/TD/A/818.cha,transcript,.cha,39919,392bd98597c0df346a18a50320b4e7d568d00e5a6b588bcdf3ea4b59395b63cc,True,pass,pass,,eng,"EXA Investigator, CHI Target_Child",2,True,True,True,True,True,True,126,1111
CHILDES,ENNI,raw_download,2026-05-31,/private/tmp/talkbank_intake_20260531/ENNI/TD/A/830.cha,data/raw/talkbank/CHILDES/ENNI/download_2026-05-31/TD/A/830.cha,transcript,.cha,22627,8fdff69d6520b52b3eff4e5b78ee667d21b3ffae331cd8969813c57bc328b2bb,True,pass,pass,,eng,"EXA Investigator, CHI Target_Child",2,True,True,True,True,True,True,77,577
CHILDES,ENNI,raw_download,2026-05-31,/private/tmp/talkbank_intake_20260531/ENNI/TD/A/836.cha,data/raw/talkbank/CHILDES/ENNI/download_2026-05-31/TD/A/836.cha,transcript,.cha,32590,4a90e14acf918d2040119f162af991b521ada6f268f6a7d001b16e464faf42ec,True,pass,pass,,eng,"EXA Investigator, CHI Target_Child",2,True,True,True,True,True,True,126,883
CHILDES,ENNI,raw_download,2026-05-31,/private/tmp/talkbank_intake_20260531/ENNI/TD/A/837.cha,data/raw/talkbank/CHILDES/ENNI/download_2026-05-31/TD/A/837.cha,transcript,.cha,25331,245ff7ceaf4e6b5de05649849ba5b225b15c275262b9049d18d56570ae1a4580,True,pass,pass,,eng,"EXA Investigator, CHI Target_Child",2,True,True,True,True,True,True,78,606
CHILDES,ENNI,raw_download,2026-05-31,/private/tmp/talkbank_intake_20260531/ENNI/TD/A/840.cha,data/raw/talkbank/CHILDES/ENNI/download_2026-05-31/TD/A/840.cha,transcript,.cha,22828,3bd7a149a8a2f36b7887a805c64995885303b1c39c8c224fa880ab90748b037b,True,pass,pass,,eng,"EXA Investigator, CHI Target_Child",2,True,True,True,True,True,True,88,654
CHILDES,ENNI,raw_download,2026-05-31,/private/tmp/talkbank_intake_20260531/ENNI/TD/A/844.cha,data/raw/talkbank/CHILDES/ENNI/download_2026-05-31/TD/A/844.cha,transcript,.cha,47646,dd20eab3ffcd18c2261a8c9f7e49199e85f0be0b2d4054342bca3deab12cf43f,True,pass,pass,,eng,"EXA Investigator, CHI Target_Child",2,True,True,True,True,True,True,179,1287
CHILDES,ENNI,raw_download,2026-05-31,/private/tmp/talkbank_intake_20260531/ENNI/TD/A/845.cha,data/raw/talkbank/CHILDES/ENNI/download_2026-05-31/TD/A/845.cha,transcript,.cha,21269,d9d0dc157ef730c38b7d1bcfa4d54b1b60a9e7d04ba911a51dacaf2d07421c4e,True,pass,pass,,eng,"EXA Investigator, CHI Target_Child",2,True,True,True,True,True,True,73,581
CHILDES,ENNI,raw_download,2026-05-31,/private/tmp/talkbank_intake_20260531/ENNI/TD/A/848.cha,data/raw/talkbank/CHILDES/ENNI/download_2026-05-31/TD/A/848.cha,transcript,.cha,50115,8aad82f387fbbf41a5dd7d51d46da6b8864e2297925c30b9aeab1bd40f0974e9,True,pass,pass,,eng,"CHI Target_Child, EXA Investigator",2,True,True,True,True,True,True,173,1542
CHILDES,ENNI,raw_download,2026-05-31,/private/tmp/talkbank_intake_20260531/ENNI/TD/A/849.cha,data/raw/talkbank/CHILDES/ENNI/download_2026-05-31/TD/A/849.cha,transcript,.cha,23238,3b47ea4281973288101a5a2f9571edce1f8b14b76a6682dd124dce2ad679f570,True,pass,pass,,eng,"EXA Investigator, CHI Target_Child",2,True,True,True,True,True,True,72,684
CHILDES,ENNI,raw_download,2026-05-31,/private/tmp/talkbank_intake_20260531/ENNI/TD/A/852.cha,data/raw/talkbank/CHILDES/ENNI/download_2026-05-31/TD/A/852.cha,transcript,.cha,34435,4bad725043a67c1a6e42736388862a8547d805a0321e64a011a3facc6823a5f7,True,pass,pass,,eng,"EXA Investigator, CHI Target_Child",2,True,True,True,True,True,True,94,1017
CHILDES,ENNI,raw_download,2026-05-31,/private/tmp/talkbank_intake_20260531/ENNI/TD/A/853.cha,data/raw/talkbank/CHILDES/ENNI/download_2026-05-31/TD/A/853.cha,transcript,.cha,23416,a1c5d545ee90d36b1e6901a8703b226b9a2dca843405b09978c2d9a9ab8a2b6e,True,pass,pass,,eng,"EXA Investigator, CHI Target_Child",2,True,True,True,True,True,True,82,658
CHILDES,ENNI,raw_download,2026-05-31,/private/tmp/talkbank_intake_20260531/ENNI/TD/A/856.cha,data/raw/talkbank/CHILDES/ENNI/download_2026-05-31/TD/A/856.cha,transcript,.cha,13814,5bcfecae370a1423a6559b0af0a95e0f1585b134359d74b086d81c0bb9f6aa75,True,pass,pass,,eng,"EXA Investigator, CHI Target_Child",2,True,True,True,True,True,True,54,360
CHILDES,ENNI,raw_download,2026-05-31,/private/tmp/talkbank_intake_20260531/ENNI/TD/A/865.cha,data/raw/talkbank/CHILDES/ENNI/download_2026-05-31/TD/A/865.cha,transcript,.cha,16970,81aeccb7c530e2f496794c0399b0c142568562acf5c24b1e3a1656aef7eab7af,True,pass,pass,,eng,"EXA Investigator, CHI Target_Child",2,True,True,True,True,True,True,56,458
CHILDES,ENNI,raw_download,2026-05-31,/private/tmp/talkbank_intake_20260531/ENNI/TD/A/869.cha,data/raw/talkbank/CHILDES/ENNI/download_2026-05-31/TD/A/869.cha,transcript,.cha,31084,1144e8705befbbbc0889a70023e7167a580bacc8d6fd2c521b3b0d7b82b7216d,True,pass,pass,,eng,"EXA Investigator, CHI Target_Child",2,True,True,True,True,True,True,102,854
CHILDES,ENNI,raw_download,2026-05-31,/private/tmp/talkbank_intake_20260531/ENNI/TD/A/902.cha,data/raw/talkbank/CHILDES/ENNI/download_2026-05-31/TD/A/902.cha,transcript,.cha,34462,3dd8907551f54c8e865505e2f45497bab9a80827c9df3a56c9aaf55ab75e8ba4,True,pass,pass,,eng,"EXA Investigator, CHI Target_Child",2,True,True,True,True,True,True,117,958
CHILDES,ENNI,raw_download,2026-05-31,/private/tmp/talkbank_intake_20260531/ENNI/TD/A/905.cha,data/raw/talkbank/CHILDES/ENNI/download_2026-05-31/TD/A/905.cha,transcript,.cha,67034,f9e837a7cba7a1ad3b9a3c33cfdd039ec4634acdb26a180a8abaee7d17627230,True,pass,pass,,eng,"EXA Investigator, CHI Target_Child",2,True,True,True,True,True,True,182,1925
CHILDES,ENNI,raw_download,2026-05-31,/private/tmp/talkbank_intake_20260531/ENNI/TD/A/906.cha,data/raw/talkbank/CHILDES/ENNI/download_2026-05-31/TD/A/906.cha,transcript,.cha,26162,ee43b296fc04ece7b0de6fc4d06a87f5786e00b3b56fabd918eb625601257bc1,True,pass,pass,,eng,"EXA Investigator, CHI Target_Child",2,True,True,True,True,True,True,74,701
CHILDES,ENNI,raw_download,2026-05-31,/private/tmp/talkbank_intake_20260531/ENNI/TD/A/909.cha,data/raw/talkbank/CHILDES/ENNI/download_2026-05-31/TD/A/909.cha,transcript,.cha,26717,bd71ab2050338cfb829a8f6d20b51c7af2c1548a5cf14ffe36490ad2897ffb3b,True,pass,pass,,eng,"EXA Investigator, CHI Target_Child",2,True,True,True,True,True,True,79,701
CHILDES,ENNI,raw_download,2026-05-31,/private/tmp/talkbank_intake_20260531/ENNI/TD/A/910.cha,data/raw/talkbank/CHILDES/ENNI/download_2026-05-31/TD/A/910.cha,transcript,.cha,38486,480ae71e2881fe700d3cf5daca1917974a655f2f35ec980c14495f368f0f4dd5,True,pass,pass,,eng,"EXA Investigator, CHI Target_Child",2,True,True,True,True,True,True,111,1012
CHILDES,ENNI,raw_download,2026-05-31,/private/tmp/talkbank_intake_20260531/ENNI/TD/A/913.cha,data/raw/talkbank/CHILDES/ENNI/download_2026-05-31/TD/A/913.cha,transcript,.cha,30047,11f87e437e6ed5c426c3a2b939c77d99a1ab9041bddf2a03b1e79127accff8c9,True,pass,pass,,eng,"EXA Investigator, CHI Target_Child",2,True,True,True,True,True,True,94,758
CHILDES,ENNI,raw_download,2026-05-31,/private/tmp/talkbank_intake_20260531/ENNI/TD/A/914.cha,data/raw/talkbank/CHILDES/ENNI/download_2026-05-31/TD/A/914.cha,transcript,.cha,23959,8cfd036cb35e556204fdbdceba9bd727920534024ddba88392f759c5bf0e0e95,True,pass,pass,,eng,"EXA Investigator, CHI Target_Child",2,True,True,True,True,True,True,74,605
CHILDES,ENNI,raw_download,2026-05-31,/private/tmp/talkbank_intake_20260531/ENNI/TD/A/917.cha,data/raw/talkbank/CHILDES/ENNI/download_2026-05-31/TD/A/917.cha,transcript,.cha,23058,4df2701a424cb89d0d8f355c8d38ef9925e5ba5716e9aa2a4a61a2a8eba8eb71,True,pass,pass,,eng,"EXA Investigator, CHI Target_Child",2,True,True,True,True,True,True,76,600
CHILDES,ENNI,raw_download,2026-05-31,/private/tmp/talkbank_intake_20260531/ENNI/TD/A/918.cha,data/raw/talkbank/CHILDES/ENNI/download_2026-05-31/TD/A/918.cha,transcript,.cha,30527,261ad4f77f9a70af71f91f67d7d96a749f87d68462d9ab133c1dbd7509dcb2e1,True,pass,pass,,eng,"CHI Target_Child, EXA Investigator",2,True,True,True,True,True,True,102,826
CHILDES,ENNI,raw_download,2026-05-31,/private/tmp/talkbank_intake_20260531/ENNI/TD/A/921.cha,data/raw/talkbank/CHILDES/ENNI/download_2026-05-31/TD/A/921.cha,transcript,.cha,33524,8893839e276dde7aaf33aff547321bcbccd499829c2c7d19c42bd890e8e53bea,True,pass,pass,,eng,"EXA Investigator, CHI Target_Child",2,True,True,True,True,True,True,86,856
CHILDES,ENNI,raw_download,2026-05-31,/private/tmp/talkbank_intake_20260531/ENNI/TD/A/925.cha,data/raw/talkbank/CHILDES/ENNI/download_2026-05-31/TD/A/925.cha,transcript,.cha,20585,b324bec551799e37e234295c406cc52e3d0f18099021a9e1d776fbc5d3c01d2a,True,pass,pass,,eng,"EXA Investigator, CHI Target_Child",2,True,True,True,True,True,True,64,490
CHILDES,ENNI,raw_download,2026-05-31,/private/tmp/talkbank_intake_20260531/ENNI/TD/A/929.cha,data/raw/talkbank/CHILDES/ENNI/download_2026-05-31/TD/A/929.cha,transcript,.cha,33446,ee0b42582b63e91302e0e32670b869e05c6c06442520708d976c31f2f2f580b1,True,pass,pass,,eng,"EXA Investigator, CHI Target_Child",2,True,True,True,True,True,True,100,876
CHILDES,ENNI,raw_download,2026-05-31,/private/tmp/talkbank_intake_20260531/ENNI/TD/A/933.cha,data/raw/talkbank/CHILDES/ENNI/download_2026-05-31/TD/A/933.cha,transcript,.cha,21356,f9c7d0a5e993f290724331183aed334ca58abca189f6df50069992fa70a78b1d,True,pass,pass,,eng,"EXA Investigator, CHI Target_Child",2,True,True,True,True,True,True,73,507
CHILDES,ENNI,raw_download,2026-05-31,/private/tmp/talkbank_intake_20260531/ENNI/TD/A/937.cha,data/raw/talkbank/CHILDES/ENNI/download_2026-05-31/TD/A/937.cha,transcript,.cha,27024,10923b546e63aeca7c7260a7f36198dd54831b319c04919495c948c73d1e1c4e,True,pass,pass,,eng,"EXA Investigator, CHI Target_Child",2,True,True,True,True,True,True,82,708
CHILDES,ENNI,raw_download,2026-05-31,/private/tmp/talkbank_intake_20260531/ENNI/TD/A/941.cha,data/raw/talkbank/CHILDES/ENNI/download_2026-05-31/TD/A/941.cha,transcript,.cha,32253,95c68cb28fb68167f83c6cf907a7b129fe9ed273b220c73beb8392a945577377,True,pass,pass,,eng,"EXA Investigator, CHI Target_Child",2,True,True,True,True,True,True,94,788
CHILDES,ENNI,raw_download,2026-05-31,/private/tmp/talkbank_intake_20260531/ENNI/TD/A/945.cha,data/raw/talkbank/CHILDES/ENNI/download_2026-05-31/TD/A/945.cha,transcript,.cha,32710,48f57d747e999ea9766a911219eeddb24b8e527ce0560d39709959bcd5505c54,True,pass,pass,,eng,"EXA Investigator, CHI Target_Child",2,True,True,True,True,True,True,103,948
CHILDES,ENNI,raw_download,2026-05-31,/private/tmp/talkbank_intake_20260531/ENNI/TD/A/953.cha,data/raw/talkbank/CHILDES/ENNI/download_2026-05-31/TD/A/953.cha,transcript,.cha,29886,7b042bb345574e8b5393e3d820e7871cf8c58e942f52d3fc5e17a1c57b04c36b,True,pass,pass,,eng,"EXA Investigator, CHI Target_Child",2,True,True,True,True,True,True,92,872
CHILDES,ENNI,raw_download,2026-05-31,/private/tmp/talkbank_intake_20260531/ENNI/TD/A/957.cha,data/raw/talkbank/CHILDES/ENNI/download_2026-05-31/TD/A/957.cha,transcript,.cha,30410,dd16a5cf3c3bc78c46993af2ef2f7d473f2b3222d5c5160ff1d3221e07bdad8a,True,pass,pass,,eng,"EXA Investigator, CHI Target_Child",2,True,True,True,True,True,True,110,843
CHILDES,ENNI,raw_download,2026-05-31,/private/tmp/talkbank_intake_20260531/ENNI/TD/A/958.cha,data/raw/talkbank/CHILDES/ENNI/download_2026-05-31/TD/A/958.cha,transcript,.cha,20317,4d716a5065812cad8b8d57d2406c2ffa404957e617a15194488dcf352ab0d4fc,True,pass,pass,,eng,"CHI Target_Child, EXA Investigator",2,True,True,True,True,True,True,67,592
CHILDES,ENNI,raw_download,2026-05-31,/private/tmp/talkbank_intake_20260531/ENNI/TD/A/961.cha,data/raw/talkbank/CHILDES/ENNI/download_2026-05-31/TD/A/961.cha,transcript,.cha,20277,544f6f9a251b34bf0cbe11bee8dabedc5568ac67055f278fb8b140cde9910ea8,True,pass,pass,,eng,"EXA Investigator, CHI Target_Child",2,True,True,True,True,True,True,69,557
CHILDES,ENNI,raw_download,2026-05-31,/private/tmp/talkbank_intake_20260531/ENNI/TD/A/962.cha,data/raw/talkbank/CHILDES/ENNI/download_2026-05-31/TD/A/962.cha,transcript,.cha,19041,e7736b2ad07687289e306b8a1561da7b19cb2260c8d9009e89886658f29f0d11,True,pass,pass,,eng,"EXA Investigator, CHI Target_Child",2,True,True,True,True,True,True,70,513
CHILDES,ENNI,raw_download,2026-05-31,/private/tmp/talkbank_intake_20260531/ENNI/TD/A/966.cha,data/raw/talkbank/CHILDES/ENNI/download_2026-05-31/TD/A/966.cha,transcript,.cha,21137,f44c675957ef2c8bc20a095fe98f1be349a1704130ebcc9b3da4d1e4d012a7f7,True,pass,pass,,eng,"EXA Investigator, CHI Target_Child",2,True,True,True,True,True,True,78,555
CHILDES,ENNI,raw_download,2026-05-31,/private/tmp/talkbank_intake_20260531/ENNI/TD/A/968.cha,data/raw/talkbank/CHILDES/ENNI/download_2026-05-31/TD/A/968.cha,transcript,.cha,16589,ea07149bf14eaba52d12e7a6a69b489d308b331f622a77fc80747f028a44268d,True,pass,pass,,eng,"EXA Investigator, CHI Target_Child",2,True,True,True,True,True,True,62,453
CHILDES,ENNI,raw_download,2026-05-31,/private/tmp/talkbank_intake_20260531/ENNI/TD/A/970.cha,data/raw/talkbank/CHILDES/ENNI/download_2026-05-31/TD/A/970.cha,transcript,.cha,27883,8ce540757a5b40d7be68ea444d16f8b44c0fb7d033e6e46d5e97bd0935a1f5a2,True,pass,pass,,eng,"EXA Investigator, CHI Target_Child",2,True,True,True,True,True,True,78,875
CHILDES,ENNI,raw_download,2026-05-31,/private/tmp/talkbank_intake_20260531/ENNI/TD/A/972.cha,data/raw/talkbank/CHILDES/ENNI/download_2026-05-31/TD/A/972.cha,transcript,.cha,22735,f893b8b3b805121d04e721727cf247615915b0bec2c8e42e4640f168b93ed8d7,True,pass,pass,,eng,"EXA Investigator, CHI Target_Child",2,True,True,True,True,True,True,72,652
CHILDES,ENNI,raw_download,2026-05-31,/private/tmp/talkbank_intake_20260531/ENNI/TD/B/403.cha,data/raw/talkbank/CHILDES/ENNI/download_2026-05-31/TD/B/403.cha,transcript,.cha,26244,fd9fa2b94e6ba7bf508d0ba04a72d2be720e0c28417870782f3c434ddc79cf97,True,pass,pass,,eng,"EXA Investigator, CHI Target_Child",2,True,True,True,True,True,True,73,508
CHILDES,ENNI,raw_download,2026-05-31,/private/tmp/talkbank_intake_20260531/ENNI/TD/B/404.cha,data/raw/talkbank/CHILDES/ENNI/download_2026-05-31/TD/B/404.cha,transcript,.cha,23774,c60f8cfa21125b2ba87c826fe595697760627c38e95412c1251773856736609c,True,pass,pass,,eng,"EXA Investigator, CHI Target_Child",2,True,True,True,True,True,True,84,392
CHILDES,ENNI,raw_download,2026-05-31,/private/tmp/talkbank_intake_20260531/ENNI/TD/B/407.cha,data/raw/talkbank/CHILDES/ENNI/download_2026-05-31/TD/B/407.cha,transcript,.cha,23360,312db4c4cf1e64a1eba20d87fe537348898e70d0d5fd49475afd7f6af82aa45c,True,pass,pass,,eng,"EXA Investigator, CHI Target_Child",2,True,True,True,True,True,True,63,381
CHILDES,ENNI,raw_download,2026-05-31,/private/tmp/talkbank_intake_20260531/ENNI/TD/B/408.cha,data/raw/talkbank/CHILDES/ENNI/download_2026-05-31/TD/B/408.cha,transcript,.cha,20395,a6116a7cbf070c5117026c897c71975fd5588f828f53b08c3d7e96cdcce09853,True,pass,pass,,eng,"CHI Target_Child, EXA Investigator",2,True,True,True,True,True,True,78,540
CHILDES,ENNI,raw_download,2026-05-31,/private/tmp/talkbank_intake_20260531/ENNI/TD/B/411.cha,data/raw/talkbank/CHILDES/ENNI/download_2026-05-31/TD/B/411.cha,transcript,.cha,35673,0eff58df6ccc7cafb18e12e8c8a4d083b33b6cd2465d0fb0d4a2e3da2122b490,True,pass,pass,,eng,"EXA Investigator, CHI Target_Child",2,True,True,True,True,True,True,107,865
CHILDES,ENNI,raw_download,2026-05-31,/private/tmp/talkbank_intake_20260531/ENNI/TD/B/412.cha,data/raw/talkbank/CHILDES/ENNI/download_2026-05-31/TD/B/412.cha,transcript,.cha,34785,232dfa56a6ae536c010a7b6e9e8da607cab23b208d1959d9b54efb2ed9437e21,True,pass,pass,,eng,"CHI Target_Child, EXA Investigator",2,True,True,True,True,True,True,122,992
CHILDES,ENNI,raw_download,2026-05-31,/private/tmp/talkbank_intake_20260531/ENNI/TD/B/415.cha,data/raw/talkbank/CHILDES/ENNI/download_2026-05-31/TD/B/415.cha,transcript,.cha,22413,f6c12a5935d675bbbe8fbe586a5cc6c7608930566327ab64d5d95eb5febf1692,True,pass,pass,,eng,"EXA Investigator, CHI Target_Child",2,True,True,True,True,True,True,83,518
CHILDES,ENNI,raw_download,2026-05-31,/private/tmp/talkbank_intake_20260531/ENNI/TD/B/416.cha,data/raw/talkbank/CHILDES/ENNI/download_2026-05-31/TD/B/416.cha,transcript,.cha,27099,928277eacb4ebb09924ff2a7120da0d4477fc98efc9a6bd1559e19b2c01432ce,True,pass,pass,,eng,"EXA Investigator, CHI Target_Child",2,True,True,True,True,True,True,96,683
CHILDES,ENNI,raw_download,2026-05-31,/private/tmp/talkbank_intake_20260531/ENNI/TD/B/419.cha,data/raw/talkbank/CHILDES/ENNI/download_2026-05-31/TD/B/419.cha,transcript,.cha,28561,8637a5b5d22d1f30d4b2b604c722d610be390bb6550adc0c57382cfa30dd9712,True,pass,pass,,eng,"EXA Investigator, CHI Target_Child",2,True,True,True,True,True,True,95,660
CHILDES,ENNI,raw_download,2026-05-31,/private/tmp/talkbank_intake_20260531/ENNI/TD/B/423.cha,data/raw/talkbank/CHILDES/ENNI/download_2026-05-31/TD/B/423.cha,transcript,.cha,31095,698d4b09b4f646ecef86c9752d0ddab92bbcac29536a2675017455904bed18fc,True,pass,pass,,eng,"EXA Investigator, CHI Target_Child",2,True,True,True,True,True,True,106,702
CHILDES,ENNI,raw_download,2026-05-31,/private/tmp/talkbank_intake_20260531/ENNI/TD/B/439.cha,data/raw/talkbank/CHILDES/ENNI/download_2026-05-31/TD/B/439.cha,transcript,.cha,24844,a6268bc7920c3c55e13f84fc9cbd851c168aacd922b8eef781340f82d2ba1f65,True,pass,pass,,eng,"EXA Investigator, CHI Target_Child",2,True,True,True,True,True,True,93,526
CHILDES,ENNI,raw_download,2026-05-31,/private/tmp/talkbank_intake_20260531/ENNI/TD/B/443.cha,data/raw/talkbank/CHILDES/ENNI/download_2026-05-31/TD/B/443.cha,transcript,.cha,20822,a3cfc714116f81f084434965176348f95d51948e7068231d5580be9f5bb653c2,True,pass,pass,,eng,"EXA Investigator, CHI Target_Child",2,True,True,True,True,True,True,69,432
CHILDES,ENNI,raw_download,2026-05-31,/private/tmp/talkbank_intake_20260531/ENNI/TD/B/446.cha,data/raw/talkbank/CHILDES/ENNI/download_2026-05-31/TD/B/446.cha,transcript,.cha,16695,64dd90dce5852d74ea5c7e1bd8a726b7e6e04e28556da09a04e224d2c0e5c3c3,True,pass,pass,,eng,"CHI Target_Child, EXA Investigator",2,True,True,True,True,True,True,69,448
CHILDES,ENNI,raw_download,2026-05-31,/private/tmp/talkbank_intake_20260531/ENNI/TD/B/450.cha,data/raw/talkbank/CHILDES/ENNI/download_2026-05-31/TD/B/450.cha,transcript,.cha,13678,9154304ee6a014b30c384f186e35754ab54d065c654b8a79f78d0dfebc7217d1,True,pass,pass,,eng,"EXA Investigator, CHI Target_Child",2,True,True,True,True,True,True,65,349
CHILDES,ENNI,raw_download,2026-05-31,/private/tmp/talkbank_intake_20260531/ENNI/TD/B/454.cha,data/raw/talkbank/CHILDES/ENNI/download_2026-05-31/TD/B/454.cha,transcript,.cha,15822,b6e63ce7341c17c2e5b2fd158916baf34e4c84a6504c7be758f3ce6217eb1812,True,pass,pass,,eng,"EXA Investigator, CHI Target_Child",2,True,True,True,True,True,True,63,422
CHILDES,ENNI,raw_download,2026-05-31,/private/tmp/talkbank_intake_20260531/ENNI/TD/B/455.cha,data/raw/talkbank/CHILDES/ENNI/download_2026-05-31/TD/B/455.cha,transcript,.cha,23197,5fcc65bfcc6b8aedc739c3dee70c34a0625f4266ca2d62f35f07afaa74bd198a,True,pass,pass,,eng,"EXA Investigator, CHI Target_Child",2,True,True,True,True,True,True,82,663
CHILDES,ENNI,raw_download,2026-05-31,/private/tmp/talkbank_intake_20260531/ENNI/TD/B/458.cha,data/raw/talkbank/CHILDES/ENNI/download_2026-05-31/TD/B/458.cha,transcript,.cha,20955,a9895dafd0c2c4b8c97a9357d538cc819f442f2401855f955094436b3503f156,True,pass,pass,,eng,"EXA Investigator, CHI Target_Child",2,True,True,True,True,True,True,92,412
CHILDES,ENNI,raw_download,2026-05-31,/private/tmp/talkbank_intake_20260531/ENNI/TD/B/459.cha,data/raw/talkbank/CHILDES/ENNI/download_2026-05-31/TD/B/459.cha,transcript,.cha,21909,4bd4e13c621da1d2094b27d3d02677a1b416558a8891fb7cdaea9d0db9fc7e4c,True,pass,pass,,eng,"EXA Investigator, CHI Target_Child",2,True,True,True,True,True,True,83,622
CHILDES,ENNI,raw_download,2026-05-31,/private/tmp/talkbank_intake_20260531/ENNI/TD/B/461.cha,data/raw/talkbank/CHILDES/ENNI/download_2026-05-31/TD/B/461.cha,transcript,.cha,22572,0e108fcfc56e3bad8ef9296845e537f9568c55270166dfba1fe213b2ece46cb1,True,pass,pass,,eng,"EXA Investigator, CHI Target_Child",2,True,True,True,True,True,True,80,686
CHILDES,ENNI,raw_download,2026-05-31,/private/tmp/talkbank_intake_20260531/ENNI/TD/B/463.cha,data/raw/talkbank/CHILDES/ENNI/download_2026-05-31/TD/B/463.cha,transcript,.cha,21933,da83494784b772bb143637239a09676555d25bc4f61736ab4539e43f5caa84a2,True,pass,pass,,eng,"EXA Investigator, CHI Target_Child",2,True,True,True,True,True,True,82,655
CHILDES,ENNI,raw_download,2026-05-31,/private/tmp/talkbank_intake_20260531/ENNI/TD/B/465.cha,data/raw/talkbank/CHILDES/ENNI/download_2026-05-31/TD/B/465.cha,transcript,.cha,28956,74046852d0251cdf72c7c1bf6551b0ffbefd6c5cf090c9c9b94a4e8aeb727038,True,pass,pass,,eng,"EXA Investigator, CHI Target_Child",2,True,True,True,True,True,True,130,716
CHILDES,ENNI,raw_download,2026-05-31,/private/tmp/talkbank_intake_20260531/ENNI/TD/B/466.cha,data/raw/talkbank/CHILDES/ENNI/download_2026-05-31/TD/B/466.cha,transcript,.cha,18114,dbdabf4341de41e9d47b3dc1d196335ef8f7dda6c7bc1dc8cecbf5a11175875e,True,pass,pass,,eng,"EXA Investigator, CHI Target_Child",2,True,True,True,True,True,True,80,481
CHILDES,ENNI,raw_download,2026-05-31,/private/tmp/talkbank_intake_20260531/ENNI/TD/B/469.cha,data/raw/talkbank/CHILDES/ENNI/download_2026-05-31/TD/B/469.cha,transcript,.cha,17150,01b9f517ee4641aa025f40d1ac85de5fa03c369042edbdeeeee6a4b94ddf2671,True,pass,pass,,eng,"EXA Investigator, CHI Target_Child",2,True,True,True,True,True,True,70,451
CHILDES,ENNI,raw_download,2026-05-31,/private/tmp/talkbank_intake_20260531/ENNI/TD/B/472.cha,data/raw/talkbank/CHILDES/ENNI/download_2026-05-31/TD/B/472.cha,transcript,.cha,14279,c5146e956808e93be8220e389a879c439393e6219df8b0254e735409aeab3e77,True,pass,pass,,eng,"EXA Investigator, CHI Target_Child",2,True,True,True,True,True,True,57,377
CHILDES,ENNI,raw_download,2026-05-31,/private/tmp/talkbank_intake_20260531/ENNI/TD/B/503.cha,data/raw/talkbank/CHILDES/ENNI/download_2026-05-31/TD/B/503.cha,transcript,.cha,34799,5b181d0a56533297fb3fb1322783006cc9471f8561fb9fe2236774a6d59238b6,True,pass,pass,,eng,"CHI Target_Child, EXA Investigator",2,True,True,True,True,True,True,109,822
CHILDES,ENNI,raw_download,2026-05-31,/private/tmp/talkbank_intake_20260531/ENNI/TD/B/504.cha,data/raw/talkbank/CHILDES/ENNI/download_2026-05-31/TD/B/504.cha,transcript,.cha,41000,5fc47eb19886ba5aa90a38fdc372da6178144d9f4cc81e1e5050e5f76e4d95eb,True,pass,pass,,eng,"EXA Investigator, CHI Target_Child",2,True,True,True,True,True,True,133,1041
CHILDES,ENNI,raw_download,2026-05-31,/private/tmp/talkbank_intake_20260531/ENNI/TD/B/507.cha,data/raw/talkbank/CHILDES/ENNI/download_2026-05-31/TD/B/507.cha,transcript,.cha,36868,8cfbd6011d9fe481e0880a6dca382b272def6b7a2f86a97a8f2722d53b9208dd,True,pass,pass,,eng,"EXA Investigator, CHI Target_Child",2,True,True,True,True,True,True,124,853
CHILDES,ENNI,raw_download,2026-05-31,/private/tmp/talkbank_intake_20260531/ENNI/TD/B/508.cha,data/raw/talkbank/CHILDES/ENNI/download_2026-05-31/TD/B/508.cha,transcript,.cha,18188,869c5428f1dba1edf9f9118bb512608df6616b5030098f70fb91352d11a6e76f,True,pass,pass,,eng,"EXA Investigator, CHI Target_Child",2,True,True,True,True,True,True,74,478
CHILDES,ENNI,raw_download,2026-05-31,/private/tmp/talkbank_intake_20260531/ENNI/TD/B/511.cha,data/raw/talkbank/CHILDES/ENNI/download_2026-05-31/TD/B/511.cha,transcript,.cha,18048,117eca9a7a30665ceb7891c31335e15c119221192e8d9ea45f7f7589946f93aa,True,pass,pass,,eng,"EXA Investigator, CHI Target_Child",2,True,True,True,True,True,True,70,459
CHILDES,ENNI,raw_download,2026-05-31,/private/tmp/talkbank_intake_20260531/ENNI/TD/B/512.cha,data/raw/talkbank/CHILDES/ENNI/download_2026-05-31/TD/B/512.cha,transcript,.cha,34134,a6ac66b401ad6b9283553ca8b26a786bc8d4962a42e9a1901c3936773b5edcbd,True,pass,pass,,eng,"CHI Target_Child, EXA Investigator",2,True,True,True,True,True,True,117,928
CHILDES,ENNI,raw_download,2026-05-31,/private/tmp/talkbank_intake_20260531/ENNI/TD/B/515.cha,data/raw/talkbank/CHILDES/ENNI/download_2026-05-31/TD/B/515.cha,transcript,.cha,17253,6378d4260c775377f83d84867f27d1528b4f17ebf1b4835a172c251dba6cf872,True,pass,pass,,eng,"EXA Investigator, CHI Target_Child",2,True,True,True,True,True,True,61,343
CHILDES,ENNI,raw_download,2026-05-31,/private/tmp/talkbank_intake_20260531/ENNI/TD/B/516.cha,data/raw/talkbank/CHILDES/ENNI/download_2026-05-31/TD/B/516.cha,transcript,.cha,20137,90bd1b5a820e8658ab957b5ba85493af1ed50f4ac161f8fe695bf54e711257e0,True,pass,pass,,eng,"EXA Investigator, CHI Target_Child",2,True,True,True,True,True,True,67,526
CHILDES,ENNI,raw_download,2026-05-31,/private/tmp/talkbank_intake_20260531/ENNI/TD/B/520.cha,data/raw/talkbank/CHILDES/ENNI/download_2026-05-31/TD/B/520.cha,transcript,.cha,24980,9fa271c78dac7924cb371d3574dac783b8a2b2687cb64103d9bfc42dcdce65d6,True,pass,pass,,eng,"EXA Investigator, CHI Target_Child",2,True,True,True,True,True,True,77,730
CHILDES,ENNI,raw_download,2026-05-31,/private/tmp/talkbank_intake_20260531/ENNI/TD/B/523.cha,data/raw/talkbank/CHILDES/ENNI/download_2026-05-31/TD/B/523.cha,transcript,.cha,25159,a7f37b5c2f3cfdebd83fcd1ce6c178a90213c41f24aad5f3de5a667120a533c2,True,pass,pass,,eng,"EXA Investigator, CHI Target_Child",2,True,True,True,True,True,True,123,526
CHILDES,ENNI,raw_download,2026-05-31,/private/tmp/talkbank_intake_20260531/ENNI/TD/B/524.cha,data/raw/talkbank/CHILDES/ENNI/download_2026-05-31/TD/B/524.cha,transcript,.cha,23105,1b7810b292642a9a96b4a0712393409a743f1d726a508d7ba9f697981df0d833,True,pass,pass,,eng,"CHI Target_Child, EXA Investigator",2,True,True,True,True,True,True,65,663
CHILDES,ENNI,raw_download,2026-05-31,/private/tmp/talkbank_intake_20260531/ENNI/TD/B/528.cha,data/raw/talkbank/CHILDES/ENNI/download_2026-05-31/TD/B/528.cha,transcript,.cha,39002,b1da0f0633a48a6786a9769d5174ae0fe87e808aa8b7c89557454007699ebb9f,True,pass,pass,,eng,"EXA Investigator, CHI Target_Child",2,True,True,True,True,True,True,136,1010
CHILDES,ENNI,raw_download,2026-05-31,/private/tmp/talkbank_intake_20260531/ENNI/TD/B/532.cha,data/raw/talkbank/CHILDES/ENNI/download_2026-05-31/TD/B/532.cha,transcript,.cha,18412,e87721fe925179f222532a0c046a9406e556dda7f1262485f2c86479062a2189,True,pass,pass,,eng,"EXA Investigator, CHI Target_Child",2,True,True,True,True,True,True,70,517
CHILDES,ENNI,raw_download,2026-05-31,/private/tmp/talkbank_intake_20260531/ENNI/TD/B/533.cha,data/raw/talkbank/CHILDES/ENNI/download_2026-05-31/TD/B/533.cha,transcript,.cha,24781,e2cd4d55db27235cdc2a87a104ecb0345d40e32645edaee4c0d079ede831a2da,True,pass,pass,,eng,"EXA Investigator, CHI Target_Child",2,True,True,True,True,True,True,97,552
CHILDES,ENNI,raw_download,2026-05-31,/private/tmp/talkbank_intake_20260531/ENNI/TD/B/536.cha,data/raw/talkbank/CHILDES/ENNI/download_2026-05-31/TD/B/536.cha,transcript,.cha,43789,8dc11472e19d965cac4683ee03d92b7dfa58e467605368c8472507e4efd8de6f,True,pass,pass,,eng,"EXA Investigator, CHI Target_Child",2,True,True,True,True,True,True,136,1163
CHILDES,ENNI,raw_download,2026-05-31,/private/tmp/talkbank_intake_20260531/ENNI/TD/B/539.cha,data/raw/talkbank/CHILDES/ENNI/download_2026-05-31/TD/B/539.cha,transcript,.cha,37946,4bafc802829cbc778d8897fc42b2a003029ee99efb4333dbf8ff7eb898f18ed6,True,pass,pass,,eng,"EXA Investigator, CHI Target_Child",2,True,True,True,True,True,True,129,1005
CHILDES,ENNI,raw_download,2026-05-31,/private/tmp/talkbank_intake_20260531/ENNI/TD/B/543.cha,data/raw/talkbank/CHILDES/ENNI/download_2026-05-31/TD/B/543.cha,transcript,.cha,15249,65fe481e08830787d53254661a527b8b4efbe7e3ed6a0601a10aa8557aaad504,True,pass,pass,,eng,"EXA Investigator, CHI Target_Child",2,True,True,True,True,True,True,60,315
CHILDES,ENNI,raw_download,2026-05-31,/private/tmp/talkbank_intake_20260531/ENNI/TD/B/547.cha,data/raw/talkbank/CHILDES/ENNI/download_2026-05-31/TD/B/547.cha,transcript,.cha,21769,e2f4123c18610411fce58cdab9ea6499a65a58c01d8dd68495322e6e277c2bd4,True,pass,pass,,eng,"EXA Investigator, CHI Target_Child",2,True,True,True,True,True,True,66,503
CHILDES,ENNI,raw_download,2026-05-31,/private/tmp/talkbank_intake_20260531/ENNI/TD/B/551.cha,data/raw/talkbank/CHILDES/ENNI/download_2026-05-31/TD/B/551.cha,transcript,.cha,36157,2a62cd19461ec1408c86aa6c1c7783a65293b0d5d9a56d9d5c4cc119e59a948d,True,pass,pass,,eng,"EXA Investigator, CHI Target_Child",2,True,True,True,True,True,True,141,852
CHILDES,ENNI,raw_download,2026-05-31,/private/tmp/talkbank_intake_20260531/ENNI/TD/B/557.cha,data/raw/talkbank/CHILDES/ENNI/download_2026-05-31/TD/B/557.cha,transcript,.cha,31640,40b0d40be412e81a5d2e9967d4402eabb531caa2e313e25b85d27393d4c49ef8,True,pass,pass,,eng,"EXA Investigator, CHI Target_Child",2,True,True,True,True,True,True,98,802
CHILDES,ENNI,raw_download,2026-05-31,/private/tmp/talkbank_intake_20260531/ENNI/TD/B/565.cha,data/raw/talkbank/CHILDES/ENNI/download_2026-05-31/TD/B/565.cha,transcript,.cha,19441,f126e30860e76a1aec1919c015793e734b2941fbd327bbfba7f933b081f2ce5f,True,pass,pass,,eng,"EXA Investigator, CHI Target_Child",2,True,True,True,True,True,True,69,464
CHILDES,ENNI,raw_download,2026-05-31,/private/tmp/talkbank_intake_20260531/ENNI/TD/B/571.cha,data/raw/talkbank/CHILDES/ENNI/download_2026-05-31/TD/B/571.cha,transcript,.cha,30531,f26bb45c10ab5fa9d3992571b3063b566e27f1dd93a8bae51a929042782380d5,True,pass,pass,,eng,"EXA Investigator, CHI Target_Child",2,True,True,True,True,True,True,111,873
CHILDES,ENNI,raw_download,2026-05-31,/private/tmp/talkbank_intake_20260531/ENNI/TD/B/603.cha,data/raw/talkbank/CHILDES/ENNI/download_2026-05-31/TD/B/603.cha,transcript,.cha,40603,8246060ecfa7379ecb22c35bafc27f81cc64bee37cf013bd3edcd3a27949b365,True,pass,pass,,eng,"EXA Investigator, CHI Target_Child",2,True,True,True,True,True,True,122,1155
CHILDES,ENNI,raw_download,2026-05-31,/private/tmp/talkbank_intake_20260531/ENNI/TD/B/604.cha,data/raw/talkbank/CHILDES/ENNI/download_2026-05-31/TD/B/604.cha,transcript,.cha,20805,7eb57ffef2800d4e193563e53270ab86b78243ad2342492a1215f416694fc9c4,True,pass,pass,,eng,"CHI Target_Child, EXA Investigator",2,True,True,True,True,True,True,81,546
CHILDES,ENNI,raw_download,2026-05-31,/private/tmp/talkbank_intake_20260531/ENNI/TD/B/608.cha,data/raw/talkbank/CHILDES/ENNI/download_2026-05-31/TD/B/608.cha,transcript,.cha,34493,9ffe459b2d6d43059312e9d9482757177fa833bc398a9e1338678e7d90d8b125,True,pass,pass,,eng,"EXA Investigator, CHI Target_Child",2,True,True,True,True,True,True,116,975
CHILDES,ENNI,raw_download,2026-05-31,/private/tmp/talkbank_intake_20260531/ENNI/TD/B/612.cha,data/raw/talkbank/CHILDES/ENNI/download_2026-05-31/TD/B/612.cha,transcript,.cha,25828,3d533c7bc59ba7f98269f3beb7d991d27ba40ca235d933439f195b5507d2fda0,True,pass,pass,,eng,"CHI Target_Child, EXA Investigator",2,True,True,True,True,True,True,82,662
CHILDES,ENNI,raw_download,2026-05-31,/private/tmp/talkbank_intake_20260531/ENNI/TD/B/615.cha,data/raw/talkbank/CHILDES/ENNI/download_2026-05-31/TD/B/615.cha,transcript,.cha,14646,21fe19ac14dc1ad4e6cdc8fe04815f31a0923f4190c2e9214693fe2d768ad34f,True,pass,pass,,eng,"EXA Investigator, CHI Target_Child",2,True,True,True,True,True,True,59,313
CHILDES,ENNI,raw_download,2026-05-31,/private/tmp/talkbank_intake_20260531/ENNI/TD/B/616.cha,data/raw/talkbank/CHILDES/ENNI/download_2026-05-31/TD/B/616.cha,transcript,.cha,26774,b94197b5e17b57f4ef0a8a96628dbba1df95f7429900d8ee48875b978f532ef4,True,pass,pass,,eng,"EXA Investigator, CHI Target_Child",2,True,True,True,True,True,True,96,759
CHILDES,ENNI,raw_download,2026-05-31,/private/tmp/talkbank_intake_20260531/ENNI/TD/B/620.cha,data/raw/talkbank/CHILDES/ENNI/download_2026-05-31/TD/B/620.cha,transcript,.cha,24020,2cd531079831201949ca96be3ca9bbee348b247ddf2dbbd6c9e775109bacdf64,True,pass,pass,,eng,"EXA Investigator, CHI Target_Child",2,True,True,True,True,True,True,87,546
CHILDES,ENNI,raw_download,2026-05-31,/private/tmp/talkbank_intake_20260531/ENNI/TD/B/624.cha,data/raw/talkbank/CHILDES/ENNI/download_2026-05-31/TD/B/624.cha,transcript,.cha,24159,959ac137e52e2cf9abada2a400a6b3b8e92a85993d241e3a8f52f914652556ee,True,pass,pass,,eng,"EXA Investigator, CHI Target_Child",2,True,True,True,True,True,True,78,595
CHILDES,ENNI,raw_download,2026-05-31,/private/tmp/talkbank_intake_20260531/ENNI/TD/B/628.cha,data/raw/talkbank/CHILDES/ENNI/download_2026-05-31/TD/B/628.cha,transcript,.cha,20994,89290417d8cb8e440288f8fee7b1db4dd5a4c26413f1e38687dabd98f35902bf,True,pass,pass,,eng,"EXA Investigator, CHI Target_Child",2,True,True,True,True,True,True,65,424
CHILDES,ENNI,raw_download,2026-05-31,/private/tmp/talkbank_intake_20260531/ENNI/TD/B/632.cha,data/raw/talkbank/CHILDES/ENNI/download_2026-05-31/TD/B/632.cha,transcript,.cha,32369,6c266c9e0c18cc2bbe076712cf9d95a934280ed0f94c8170db0c60ad3eab219c,True,pass,pass,,eng,"CHI Target_Child, EXA Investigator",2,True,True,True,True,True,True,118,911
CHILDES,ENNI,raw_download,2026-05-31,/private/tmp/talkbank_intake_20260531/ENNI/TD/B/636.cha,data/raw/talkbank/CHILDES/ENNI/download_2026-05-31/TD/B/636.cha,transcript,.cha,25381,7448ea707b38f985637bbaef8045e6363725241554251f81c324516bf5ff2c86,True,pass,pass,,eng,"EXA Investigator, CHI Target_Child",2,True,True,True,True,True,True,82,678
CHILDES,ENNI,raw_download,2026-05-31,/private/tmp/talkbank_intake_20260531/ENNI/TD/B/639.cha,data/raw/talkbank/CHILDES/ENNI/download_2026-05-31/TD/B/639.cha,transcript,.cha,22984,5da0c623c1a4a1bd4de4197d0bb03c365c411052fbd1b3eca46fadb5b9c62fc6,True,pass,pass,,eng,"EXA Investigator, CHI Target_Child",2,True,True,True,True,True,True,80,569
CHILDES,ENNI,raw_download,2026-05-31,/private/tmp/talkbank_intake_20260531/ENNI/TD/B/647.cha,data/raw/talkbank/CHILDES/ENNI/download_2026-05-31/TD/B/647.cha,transcript,.cha,20160,f4f43c3bfebfb5a10453d8888a3121a87e040188b8f006afb44666ffa86ec501,True,pass,pass,,eng,"EXA Investigator, CHI Target_Child",2,True,True,True,True,True,True,67,457
CHILDES,ENNI,raw_download,2026-05-31,/private/tmp/talkbank_intake_20260531/ENNI/TD/B/648.cha,data/raw/talkbank/CHILDES/ENNI/download_2026-05-31/TD/B/648.cha,transcript,.cha,25418,13de4635138562ba94d27ac00e3c1eede0d82ab1335a60cdab0c386ad122867e,True,pass,pass,,eng,"EXA Investigator, CHI Target_Child",2,True,True,True,True,True,True,119,591
CHILDES,ENNI,raw_download,2026-05-31,/private/tmp/talkbank_intake_20260531/ENNI/TD/B/651.cha,data/raw/talkbank/CHILDES/ENNI/download_2026-05-31/TD/B/651.cha,transcript,.cha,20248,3d87cb8d734902320998c0fd112cc35416f7f37d71ce7b93482fd1664b49c666,True,pass,pass,,eng,"EXA Investigator, CHI Target_Child",2,True,True,True,True,True,True,61,488
CHILDES,ENNI,raw_download,2026-05-31,/private/tmp/talkbank_intake_20260531/ENNI/TD/B/652.cha,data/raw/talkbank/CHILDES/ENNI/download_2026-05-31/TD/B/652.cha,transcript,.cha,17769,2e2bc1afb8308cf946203e08515b82f59700270d519e0d6cc4588e91c98ef4cd,True,pass,pass,,eng,"EXA Investigator, CHI Target_Child",2,True,True,True,True,True,True,67,472
CHILDES,ENNI,raw_download,2026-05-31,/private/tmp/talkbank_intake_20260531/ENNI/TD/B/655.cha,data/raw/talkbank/CHILDES/ENNI/download_2026-05-31/TD/B/655.cha,transcript,.cha,28212,eb2e797ca6ba2326d0c447922c6dc84d3b028648457544dfbc991c5fa7af7376,True,pass,pass,,eng,"EXA Investigator, CHI Target_Child",2,True,True,True,True,True,True,88,719
CHILDES,ENNI,raw_download,2026-05-31,/private/tmp/talkbank_intake_20260531/ENNI/TD/B/656.cha,data/raw/talkbank/CHILDES/ENNI/download_2026-05-31/TD/B/656.cha,transcript,.cha,23596,147e7544c6e6478f395f33cc0af19bb6e628c336300b3c76268233b853ed6df7,True,pass,pass,,eng,"EXA Investigator, CHI Target_Child",2,True,True,True,True,True,True,87,544
CHILDES,ENNI,raw_download,2026-05-31,/private/tmp/talkbank_intake_20260531/ENNI/TD/B/658.cha,data/raw/talkbank/CHILDES/ENNI/download_2026-05-31/TD/B/658.cha,transcript,.cha,30668,6d44b01a5d3ab1cc0368ebaf133585a932e515ef523f13c382d78d6d11d693e2,True,pass,pass,,eng,"CHI Target_Child, EXA Investigator",2,True,True,True,True,True,True,111,933
CHILDES,ENNI,raw_download,2026-05-31,/private/tmp/talkbank_intake_20260531/ENNI/TD/B/659.cha,data/raw/talkbank/CHILDES/ENNI/download_2026-05-31/TD/B/659.cha,transcript,.cha,21199,df109e630f2b0bfa153dbdde57be4de89cf09ceb4a1198b6e7729ddea769c44a,True,pass,pass,,eng,"EXA Investigator, CHI Target_Child",2,True,True,True,True,True,True,72,584
CHILDES,ENNI,raw_download,2026-05-31,/private/tmp/talkbank_intake_20260531/ENNI/TD/B/663.cha,data/raw/talkbank/CHILDES/ENNI/download_2026-05-31/TD/B/663.cha,transcript,.cha,14793,1ba45ab1a43a8df5cbc88f7da606c7148f31cf9c473c95e3b50df1187acd96f5,True,pass,pass,,eng,"CHI Target_Child, EXA Investigator",2,True,True,True,True,True,True,62,388
CHILDES,ENNI,raw_download,2026-05-31,/private/tmp/talkbank_intake_20260531/ENNI/TD/B/664.cha,data/raw/talkbank/CHILDES/ENNI/download_2026-05-31/TD/B/664.cha,transcript,.cha,36298,e7f40505cb232deb9d3dd5f22380a09a7370dbfb79a02a48c13f6dc6e9345420,True,pass,pass,,eng,"CHI Target_Child, EXA Investigator",2,True,True,True,True,True,True,128,1020
CHILDES,ENNI,raw_download,2026-05-31,/private/tmp/talkbank_intake_20260531/ENNI/TD/B/669.cha,data/raw/talkbank/CHILDES/ENNI/download_2026-05-31/TD/B/669.cha,transcript,.cha,14510,d2874a35398fd3c6158e5c4f1016f6e522b72221d4995c3c349d3162d9021941,True,pass,pass,,eng,"EXA Investigator, CHI Target_Child",2,True,True,True,True,True,True,71,351
CHILDES,ENNI,raw_download,2026-05-31,/private/tmp/talkbank_intake_20260531/ENNI/TD/B/676.cha,data/raw/talkbank/CHILDES/ENNI/download_2026-05-31/TD/B/676.cha,transcript,.cha,24713,3a7740a2d8d2fed58e615459869c4028ac9d9ca6b7751994702690ef08d0074c,True,pass,pass,,eng,"EXA Investigator, CHI Target_Child",2,True,True,True,True,True,True,93,694
CHILDES,ENNI,raw_download,2026-05-31,/private/tmp/talkbank_intake_20260531/ENNI/TD/B/704.cha,data/raw/talkbank/CHILDES/ENNI/download_2026-05-31/TD/B/704.cha,transcript,.cha,16562,3e0456656849645475c0f300fef3a97d56dabe9548dd855b8515f88a96bd449f,True,pass,pass,,eng,"EXA Investigator, CHI Target_Child",2,True,True,True,True,True,True,59,421
CHILDES,ENNI,raw_download,2026-05-31,/private/tmp/talkbank_intake_20260531/ENNI/TD/B/707.cha,data/raw/talkbank/CHILDES/ENNI/download_2026-05-31/TD/B/707.cha,transcript,.cha,21099,3251b9b9cf938fe55ee6b004643fffd1dd93672338e779b55e40b57fe45abe4b,True,pass,pass,,eng,"EXA Investigator, CHI Target_Child",2,True,True,True,True,True,True,65,484
CHILDES,ENNI,raw_download,2026-05-31,/private/tmp/talkbank_intake_20260531/ENNI/TD/B/708.cha,data/raw/talkbank/CHILDES/ENNI/download_2026-05-31/TD/B/708.cha,transcript,.cha,20106,5c3803cb46923be6e70b2835b03b3d3b4bf292c6e5cf54f766745443d354e013,True,pass,pass,,eng,"CHI Target_Child, EXA Investigator",2,True,True,True,True,True,True,73,534
CHILDES,ENNI,raw_download,2026-05-31,/private/tmp/talkbank_intake_20260531/ENNI/TD/B/711.cha,data/raw/talkbank/CHILDES/ENNI/download_2026-05-31/TD/B/711.cha,transcript,.cha,31630,faaf011e8fe16b713fdd4e540c3b952fdb15a320c9e1349285744877cb0cfb3f,True,pass,pass,,eng,"EXA Investigator, CHI Target_Child",2,True,True,True,True,True,True,84,859
CHILDES,ENNI,raw_download,2026-05-31,/private/tmp/talkbank_intake_20260531/ENNI/TD/B/712.cha,data/raw/talkbank/CHILDES/ENNI/download_2026-05-31/TD/B/712.cha,transcript,.cha,26939,2d593d14e2051c5dff0ac00558766e27119fa794e77582422188ef66d9b82290,True,pass,pass,,eng,"EXA Investigator, CHI Target_Child",2,True,True,True,True,True,True,82,757
CHILDES,ENNI,raw_download,2026-05-31,/private/tmp/talkbank_intake_20260531/ENNI/TD/B/716.cha,data/raw/talkbank/CHILDES/ENNI/download_2026-05-31/TD/B/716.cha,transcript,.cha,31203,056d3aef44d230e452b930de0af3ff862fe94b25c2387e66c8d465b4483136f9,True,pass,pass,,eng,"EXA Investigator, CHI Target_Child",2,True,True,True,True,True,True,92,784
CHILDES,ENNI,raw_download,2026-05-31,/private/tmp/talkbank_intake_20260531/ENNI/TD/B/720.cha,data/raw/talkbank/CHILDES/ENNI/download_2026-05-31/TD/B/720.cha,transcript,.cha,27600,ff34abbaf932e576fa3654d7df5a5f3b9d024a7efefc0a79a204c1680c440fa8,True,pass,pass,,eng,"EXA Investigator, CHI Target_Child",2,True,True,True,True,True,True,81,744
CHILDES,ENNI,raw_download,2026-05-31,/private/tmp/talkbank_intake_20260531/ENNI/TD/B/724.cha,data/raw/talkbank/CHILDES/ENNI/download_2026-05-31/TD/B/724.cha,transcript,.cha,28877,8ee48500fffe356e6151974872666d6adf825b2b19a65298be750d7509e05fc6,True,pass,pass,,eng,"EXA Investigator, CHI Target_Child",2,True,True,True,True,True,True,110,765
CHILDES,ENNI,raw_download,2026-05-31,/private/tmp/talkbank_intake_20260531/ENNI/TD/B/728.cha,data/raw/talkbank/CHILDES/ENNI/download_2026-05-31/TD/B/728.cha,transcript,.cha,32917,703563681e4e74a187bb8d9bd59f44add844294a4ff1897eed6b9b18b48f1b88,True,pass,pass,,eng,"EXA Investigator, CHI Target_Child",2,True,True,True,True,True,True,99,901
CHILDES,ENNI,raw_download,2026-05-31,/private/tmp/talkbank_intake_20260531/ENNI/TD/B/732.cha,data/raw/talkbank/CHILDES/ENNI/download_2026-05-31/TD/B/732.cha,transcript,.cha,31242,99111c38905539180502bc3d454cee384284d8ee26982788ae5e0e2274fddd0b,True,pass,pass,,eng,"EXA Investigator, CHI Target_Child",2,True,True,True,True,True,True,109,832
CHILDES,ENNI,raw_download,2026-05-31,/private/tmp/talkbank_intake_20260531/ENNI/TD/B/736.cha,data/raw/talkbank/CHILDES/ENNI/download_2026-05-31/TD/B/736.cha,transcript,.cha,14655,6cfc715c074aaa837bdd4f54f661bae998ab863e0029d760236b65dea1c49fc8,True,pass,pass,,eng,"EXA Investigator, CHI Target_Child",2,True,True,True,True,True,True,50,359
CHILDES,ENNI,raw_download,2026-05-31,/private/tmp/talkbank_intake_20260531/ENNI/TD/B/743.cha,data/raw/talkbank/CHILDES/ENNI/download_2026-05-31/TD/B/743.cha,transcript,.cha,41602,ebb43cf4414d0d212a118588e84ae5bea36da68c0dae732a6ca16d5fd127832f,True,pass,pass,,eng,"EXA Investigator, CHI Target_Child",2,True,True,True,True,True,True,151,1088
CHILDES,ENNI,raw_download,2026-05-31,/private/tmp/talkbank_intake_20260531/ENNI/TD/B/744.cha,data/raw/talkbank/CHILDES/ENNI/download_2026-05-31/TD/B/744.cha,transcript,.cha,21574,644a01b2b7878f2a2fca24c667b397f9c10f34e87804b17aa13a80885a2ad675,True,pass,pass,,eng,"EXA Investigator, CHI Target_Child",2,True,True,True,True,True,True,83,505
CHILDES,ENNI,raw_download,2026-05-31,/private/tmp/talkbank_intake_20260531/ENNI/TD/B/748.cha,data/raw/talkbank/CHILDES/ENNI/download_2026-05-31/TD/B/748.cha,transcript,.cha,24357,84837288f14673afd6dd8070c94d1947cbc00e3fcf7496462d25ce8290f781a9,True,pass,pass,,eng,"EXA Investigator, CHI Target_Child",2,True,True,True,True,True,True,77,671
CHILDES,ENNI,raw_download,2026-05-31,/private/tmp/talkbank_intake_20260531/ENNI/TD/B/750.cha,data/raw/talkbank/CHILDES/ENNI/download_2026-05-31/TD/B/750.cha,transcript,.cha,20499,323384f113c21b653f24a0c6c9882a21e89864a228a9dbb8179dc2829d1a531e,True,pass,pass,,eng,"EXA Investigator, CHI Target_Child",2,True,True,True,True,True,True,62,514
CHILDES,ENNI,raw_download,2026-05-31,/private/tmp/talkbank_intake_20260531/ENNI/TD/B/754.cha,data/raw/talkbank/CHILDES/ENNI/download_2026-05-31/TD/B/754.cha,transcript,.cha,22967,43390e6360f2779d226fbbdc8ab86889b2874e403e7c1f582c0555183f604dbf,True,pass,pass,,eng,"EXA Investigator, CHI Target_Child",2,True,True,True,True,True,True,63,511
CHILDES,ENNI,raw_download,2026-05-31,/private/tmp/talkbank_intake_20260531/ENNI/TD/B/755.cha,data/raw/talkbank/CHILDES/ENNI/download_2026-05-31/TD/B/755.cha,transcript,.cha,27674,4f310191d487b293f7d0a7ab3c9acb25c6baecf6b2442a1320e1df3a9cb78b6a,True,pass,pass,,eng,"EXA Investigator, CHI Target_Child",2,True,True,True,True,True,True,95,771
CHILDES,ENNI,raw_download,2026-05-31,/private/tmp/talkbank_intake_20260531/ENNI/TD/B/758.cha,data/raw/talkbank/CHILDES/ENNI/download_2026-05-31/TD/B/758.cha,transcript,.cha,28116,a9ab4bebe5123704b3c34b738dc658c79d33d73440526c8fd69e2882a0aee9ef,True,pass,pass,,eng,"CHI Target_Child, EXA Investigator",2,True,True,True,True,True,True,83,802
CHILDES,ENNI,raw_download,2026-05-31,/private/tmp/talkbank_intake_20260531/ENNI/TD/B/759.cha,data/raw/talkbank/CHILDES/ENNI/download_2026-05-31/TD/B/759.cha,transcript,.cha,22460,8130f65048e242fec741a9b549221affddaabeebec696eb507b200efc2fda2ad,True,pass,pass,,eng,"EXA Investigator, CHI Target_Child",2,True,True,True,True,True,True,70,531
CHILDES,ENNI,raw_download,2026-05-31,/private/tmp/talkbank_intake_20260531/ENNI/TD/B/760.cha,data/raw/talkbank/CHILDES/ENNI/download_2026-05-31/TD/B/760.cha,transcript,.cha,30592,a86d74e1b487678cc98fcbcb4b23ee3e45ae661a185d036081607126e144fc56,True,pass,pass,,eng,"EXA Investigator, CHI Target_Child",2,True,True,True,True,True,True,96,874
CHILDES,ENNI,raw_download,2026-05-31,/private/tmp/talkbank_intake_20260531/ENNI/TD/B/763.cha,data/raw/talkbank/CHILDES/ENNI/download_2026-05-31/TD/B/763.cha,transcript,.cha,30934,1b3fd381c0f27ea1094fb79aecf755628804b7cbbe89def5de8e934d50b80b33,True,pass,pass,,eng,"EXA Investigator, CHI Target_Child",2,True,True,True,True,True,True,92,805
CHILDES,ENNI,raw_download,2026-05-31,/private/tmp/talkbank_intake_20260531/ENNI/TD/B/764.cha,data/raw/talkbank/CHILDES/ENNI/download_2026-05-31/TD/B/764.cha,transcript,.cha,20143,a69e34a40fdf4a10d3b433a6a838ac2e85064227a6e56b4aa3d51a1e15a8d5a0,True,pass,pass,,eng,"EXA Investigator, CHI Target_Child",2,True,True,True,True,True,True,77,556
CHILDES,ENNI,raw_download,2026-05-31,/private/tmp/talkbank_intake_20260531/ENNI/TD/B/768.cha,data/raw/talkbank/CHILDES/ENNI/download_2026-05-31/TD/B/768.cha,transcript,.cha,36398,a31342645bd7a77b99ea27bb4c4e4ed1010aebd442abe09e4d58612b5cba357e,True,pass,pass,,eng,"EXA Investigator, CHI Target_Child",2,True,True,True,True,True,True,119,1045
CHILDES,ENNI,raw_download,2026-05-31,/private/tmp/talkbank_intake_20260531/ENNI/TD/B/770.cha,data/raw/talkbank/CHILDES/ENNI/download_2026-05-31/TD/B/770.cha,transcript,.cha,33803,03297355b613e9bb54ee352aa93515791c1ddb354aa63f53e23598eafe7be0d8,True,pass,pass,,eng,"EXA Investigator, CHI Target_Child",2,True,True,True,True,True,True,114,900
CHILDES,ENNI,raw_download,2026-05-31,/private/tmp/talkbank_intake_20260531/ENNI/TD/B/772.cha,data/raw/talkbank/CHILDES/ENNI/download_2026-05-31/TD/B/772.cha,transcript,.cha,33318,5a56bc3631a28a4460ca4d0f9540f86c172c96afee70c2dcf96baa37890bd3e4,True,pass,pass,,eng,"EXA Investigator, CHI Target_Child",2,True,True,True,True,True,True,105,952
CHILDES,ENNI,raw_download,2026-05-31,/private/tmp/talkbank_intake_20260531/ENNI/TD/B/803.cha,data/raw/talkbank/CHILDES/ENNI/download_2026-05-31/TD/B/803.cha,transcript,.cha,40042,a58c3e7390cc818a42a1631d5644586956604b629fc6c1738b3d29512aeeca8d,True,pass,pass,,eng,"CHI Target_Child, EXA Investigator",2,True,True,True,True,True,True,114,1111
CHILDES,ENNI,raw_download,2026-05-31,/private/tmp/talkbank_intake_20260531/ENNI/TD/B/804.cha,data/raw/talkbank/CHILDES/ENNI/download_2026-05-31/TD/B/804.cha,transcript,.cha,40311,e5f38ed31c148c05c835f10177e27aad948ee65d012b2b62443a9caf2426e8ba,True,pass,pass,,eng,"EXA Investigator, CHI Target_Child",2,True,True,True,True,True,True,146,1079
CHILDES,ENNI,raw_download,2026-05-31,/private/tmp/talkbank_intake_20260531/ENNI/TD/B/808.cha,data/raw/talkbank/CHILDES/ENNI/download_2026-05-31/TD/B/808.cha,transcript,.cha,34002,674d32e2988d1af0419ff2830ba6640838e2994067c105e5a35b31b99909ef07,True,pass,pass,,eng,"EXA Investigator, CHI Target_Child",2,True,True,True,True,True,True,104,1085
CHILDES,ENNI,raw_download,2026-05-31,/private/tmp/talkbank_intake_20260531/ENNI/TD/B/811.cha,data/raw/talkbank/CHILDES/ENNI/download_2026-05-31/TD/B/811.cha,transcript,.cha,37766,dba2f66da8c0d67debef4a80b2e6d4ea81e2bc70208422c546aa8c92f73ba408,True,pass,pass,,eng,"EXA Investigator, CHI Target_Child",2,True,True,True,True,True,True,121,968
CHILDES,ENNI,raw_download,2026-05-31,/private/tmp/talkbank_intake_20260531/ENNI/TD/B/812.cha,data/raw/talkbank/CHILDES/ENNI/download_2026-05-31/TD/B/812.cha,transcript,.cha,26562,9beb0427d84fa7633907d08f4790a64f54ec6a046fa06949a409acfbd4f65ed6,True,pass,pass,,eng,"CHI Target_Child, EXA Investigator",2,True,True,True,True,True,True,89,817
CHILDES,ENNI,raw_download,2026-05-31,/private/tmp/talkbank_intake_20260531/ENNI/TD/B/815.cha,data/raw/talkbank/CHILDES/ENNI/download_2026-05-31/TD/B/815.cha,transcript,.cha,29163,e6ad99da92bcffa05a6b115f199b15f950641a7ba29dce9ba30af3b7c2f05b42,True,pass,pass,,eng,"EXA Investigator, CHI Target_Child",2,True,True,True,True,True,True,92,787
CHILDES,ENNI,raw_download,2026-05-31,/private/tmp/talkbank_intake_20260531/ENNI/TD/B/816.cha,data/raw/talkbank/CHILDES/ENNI/download_2026-05-31/TD/B/816.cha,transcript,.cha,26938,d0eb8f047b2324183b4f3081871fcb76786e296aadab2b175ee6f77f13cf7369,True,pass,pass,,eng,"EXA Investigator, CHI Target_Child",2,True,True,True,True,True,True,87,706
CHILDES,ENNI,raw_download,2026-05-31,/private/tmp/talkbank_intake_20260531/ENNI/TD/B/820.cha,data/raw/talkbank/CHILDES/ENNI/download_2026-05-31/TD/B/820.cha,transcript,.cha,27735,6fa0d0d037241e2720102b5553e35fd825fefc4c1d3e8ded7cbd4fa370fbb9f6,True,pass,pass,,eng,"EXA Investigator, CHI Target_Child",2,True,True,True,True,True,True,78,776
CHILDES,ENNI,raw_download,2026-05-31,/private/tmp/talkbank_intake_20260531/ENNI/TD/B/822.cha,data/raw/talkbank/CHILDES/ENNI/download_2026-05-31/TD/B/822.cha,transcript,.cha,49032,b3052e92dc959fe58d9d14f5cad984dcc722d2858180ebe76ba1e893df76d794,True,pass,pass,,eng,"EXA Investigator, CHI Target_Child",2,True,True,True,True,True,True,172,1323
CHILDES,ENNI,raw_download,2026-05-31,/private/tmp/talkbank_intake_20260531/ENNI/TD/B/824.cha,data/raw/talkbank/CHILDES/ENNI/download_2026-05-31/TD/B/824.cha,transcript,.cha,25754,1439b3426596cc8ad83a548689ea1d87bea7c1690106c5e5c240076ca20f14db,True,pass,pass,,eng,"EXA Investigator, CHI Target_Child",2,True,True,True,True,True,True,98,664
CHILDES,ENNI,raw_download,2026-05-31,/private/tmp/talkbank_intake_20260531/ENNI/TD/B/826.cha,data/raw/talkbank/CHILDES/ENNI/download_2026-05-31/TD/B/826.cha,transcript,.cha,20549,0b243a5f53db5468efa2a13786d0924380cd1e4ea9878fab25a11c5b20023fa2,True,pass,pass,,eng,"EXA Investigator, CHI Target_Child",2,True,True,True,True,True,True,82,544
CHILDES,ENNI,raw_download,2026-05-31,/private/tmp/talkbank_intake_20260531/ENNI/TD/B/828.cha,data/raw/talkbank/CHILDES/ENNI/download_2026-05-31/TD/B/828.cha,transcript,.cha,22303,8eea259e1e293abb5ba2635346964ab4a88684e7d23d89bb775383d008c5c17f,True,pass,pass,,eng,"EXA Investigator, CHI Target_Child",2,True,True,True,True,True,True,83,562
CHILDES,ENNI,raw_download,2026-05-31,/private/tmp/talkbank_intake_20260531/ENNI/TD/B/834.cha,data/raw/talkbank/CHILDES/ENNI/download_2026-05-31/TD/B/834.cha,transcript,.cha,26070,2df867052b27edf8fe2ca90616bece88ca07179fc8cc9dac8bcf5a7f1d1ff35a,True,pass,pass,,eng,"CHI Target_Child, EXA Investigator",2,True,True,True,True,True,True,86,770
CHILDES,ENNI,raw_download,2026-05-31,/private/tmp/talkbank_intake_20260531/ENNI/TD/B/838.cha,data/raw/talkbank/CHILDES/ENNI/download_2026-05-31/TD/B/838.cha,transcript,.cha,20820,bc4f15051c8136ba914bbd1314728575e6e9f4c02c994a6caec5b20b81febfb2,True,pass,pass,,eng,"CHI Target_Child, EXA Investigator",2,True,True,True,True,True,True,67,585
CHILDES,ENNI,raw_download,2026-05-31,/private/tmp/talkbank_intake_20260531/ENNI/TD/B/842.cha,data/raw/talkbank/CHILDES/ENNI/download_2026-05-31/TD/B/842.cha,transcript,.cha,28978,d69809ce10d710423abb40476e4ec9d4b53b45cc2c44c3b3c6115339461d2cce,True,pass,pass,,eng,"EXA Investigator, CHI Target_Child",2,True,True,True,True,True,True,108,848
CHILDES,ENNI,raw_download,2026-05-31,/private/tmp/talkbank_intake_20260531/ENNI/TD/B/843.cha,data/raw/talkbank/CHILDES/ENNI/download_2026-05-31/TD/B/843.cha,transcript,.cha,19516,e1a512c98acf7ea5293a5dad47064429971bbf1aa485eba2f4c10f88f380885d,True,pass,pass,,eng,"EXA Investigator, CHI Target_Child",2,True,True,True,True,True,True,67,518
CHILDES,ENNI,raw_download,2026-05-31,/private/tmp/talkbank_intake_20260531/ENNI/TD/B/847.cha,data/raw/talkbank/CHILDES/ENNI/download_2026-05-31/TD/B/847.cha,transcript,.cha,23756,2d6830704c977c75aef75cc210af8f6e83c1b5d2ddc2c60c0d338cabe5c19106,True,pass,pass,,eng,"EXA Investigator, CHI Target_Child",2,True,True,True,True,True,True,83,646
CHILDES,ENNI,raw_download,2026-05-31,/private/tmp/talkbank_intake_20260531/ENNI/TD/B/850.cha,data/raw/talkbank/CHILDES/ENNI/download_2026-05-31/TD/B/850.cha,transcript,.cha,30408,f4323b623f9f43ed88cf4dddbbf2b2c1ec0e6778e1d3ede683a11afd79c4435a,True,pass,pass,,eng,"EXA Investigator, CHI Target_Child",2,True,True,True,True,True,True,96,905
CHILDES,ENNI,raw_download,2026-05-31,/private/tmp/talkbank_intake_20260531/ENNI/TD/B/851.cha,data/raw/talkbank/CHILDES/ENNI/download_2026-05-31/TD/B/851.cha,transcript,.cha,17784,d5435cc394becae8f872944443bce41485ed0fdd1d92ea4af47a5b50b5623eb9,True,pass,pass,,eng,"EXA Investigator, CHI Target_Child",2,True,True,True,True,True,True,72,436
CHILDES,ENNI,raw_download,2026-05-31,/private/tmp/talkbank_intake_20260531/ENNI/TD/B/854.cha,data/raw/talkbank/CHILDES/ENNI/download_2026-05-31/TD/B/854.cha,transcript,.cha,31759,9f75ef566ac43432b23e8d948cca74ce2bce453643139830cefbca1da2a16341,True,pass,pass,,eng,"CHI Target_Child, EXA Investigator",2,True,True,True,True,True,True,94,953
CHILDES,ENNI,raw_download,2026-05-31,/private/tmp/talkbank_intake_20260531/ENNI/TD/B/863.cha,data/raw/talkbank/CHILDES/ENNI/download_2026-05-31/TD/B/863.cha,transcript,.cha,20418,6c64840cb94a19e318f95f17994b8930753c57197b7d56c63bf1423d878ae8bd,True,pass,pass,,eng,"EXA Investigator, CHI Target_Child",2,True,True,True,True,True,True,66,545
CHILDES,ENNI,raw_download,2026-05-31,/private/tmp/talkbank_intake_20260531/ENNI/TD/B/866.cha,data/raw/talkbank/CHILDES/ENNI/download_2026-05-31/TD/B/866.cha,transcript,.cha,30940,7467302b79af114a86e1474d933ac2177123ce9dddd6baf5911f4adb321010c8,True,pass,pass,,eng,"EXA Investigator, CHI Target_Child",2,True,True,True,True,True,True,98,780
CHILDES,ENNI,raw_download,2026-05-31,/private/tmp/talkbank_intake_20260531/ENNI/TD/B/867.cha,data/raw/talkbank/CHILDES/ENNI/download_2026-05-31/TD/B/867.cha,transcript,.cha,37012,e7d4e74f9b65de4df8ba17644071f21dcb7aa35714489ede60883ff020f43960,True,pass,pass,,eng,"EXA Investigator, CHI Target_Child",2,True,True,True,True,True,True,102,977
CHILDES,ENNI,raw_download,2026-05-31,/private/tmp/talkbank_intake_20260531/ENNI/TD/B/868.cha,data/raw/talkbank/CHILDES/ENNI/download_2026-05-31/TD/B/868.cha,transcript,.cha,26520,ae15b9db2385f552c83a195cbc4eaddceb433f9424ffdf223407d461da6f9c9b,True,pass,pass,,eng,"EXA Investigator, CHI Target_Child",2,True,True,True,True,True,True,90,706
CHILDES,ENNI,raw_download,2026-05-31,/private/tmp/talkbank_intake_20260531/ENNI/TD/B/904.cha,data/raw/talkbank/CHILDES/ENNI/download_2026-05-31/TD/B/904.cha,transcript,.cha,20166,e6835c86ddf95785928953b8a6220a7246fb654b0fa329e1b60a4cf580165a79,True,pass,pass,,eng,"EXA Investigator, CHI Target_Child",2,True,True,True,True,True,True,67,561
CHILDES,ENNI,raw_download,2026-05-31,/private/tmp/talkbank_intake_20260531/ENNI/TD/B/907.cha,data/raw/talkbank/CHILDES/ENNI/download_2026-05-31/TD/B/907.cha,transcript,.cha,22146,9737974997ff51f1073ef0821694388cac8c421d95c811099c751076d7402faf,True,pass,pass,,eng,"EXA Investigator, CHI Target_Child",2,True,True,True,True,True,True,64,598
CHILDES,ENNI,raw_download,2026-05-31,/private/tmp/talkbank_intake_20260531/ENNI/TD/B/908.cha,data/raw/talkbank/CHILDES/ENNI/download_2026-05-31/TD/B/908.cha,transcript,.cha,42104,902bbc29c8dba253f6ce032dd233df02d83cce4b0b5826ea3a43aaea9ba7a8c0,True,pass,pass,,eng,"EXA Investigator, CHI Target_Child",2,True,True,True,True,True,True,124,1191
CHILDES,ENNI,raw_download,2026-05-31,/private/tmp/talkbank_intake_20260531/ENNI/TD/B/911.cha,data/raw/talkbank/CHILDES/ENNI/download_2026-05-31/TD/B/911.cha,transcript,.cha,27479,48bd14f73f3583ca4e968f0baa7c0a13e4cebdba060b515c24cfb824822e6e71,True,pass,pass,,eng,"EXA Investigator, CHI Target_Child",2,True,True,True,True,True,True,82,709
CHILDES,ENNI,raw_download,2026-05-31,/private/tmp/talkbank_intake_20260531/ENNI/TD/B/912.cha,data/raw/talkbank/CHILDES/ENNI/download_2026-05-31/TD/B/912.cha,transcript,.cha,49028,7cdbb7405430c852538624f2fdba094b51d4c97eb0aebc012c8959d89b90595b,True,pass,pass,,eng,"EXA Investigator, CHI Target_Child",2,True,True,True,True,True,True,162,1345
CHILDES,ENNI,raw_download,2026-05-31,/private/tmp/talkbank_intake_20260531/ENNI/TD/B/915.cha,data/raw/talkbank/CHILDES/ENNI/download_2026-05-31/TD/B/915.cha,transcript,.cha,20068,9fd4d4e2544fad038e8167ab7f8d0d5664fee7a5bf8008d725bd8d6c6ddea4b9,True,pass,pass,,eng,"EXA Investigator, CHI Target_Child",2,True,True,True,True,True,True,71,487
CHILDES,ENNI,raw_download,2026-05-31,/private/tmp/talkbank_intake_20260531/ENNI/TD/B/916.cha,data/raw/talkbank/CHILDES/ENNI/download_2026-05-31/TD/B/916.cha,transcript,.cha,38640,677da875ff72f06d39a1793faef1475fe46ea85a684bb51a4288f6bcd80aeae4,True,pass,pass,,eng,"EXA Investigator, CHI Target_Child",2,True,True,True,True,True,True,127,1120
CHILDES,ENNI,raw_download,2026-05-31,/private/tmp/talkbank_intake_20260531/ENNI/TD/B/919.cha,data/raw/talkbank/CHILDES/ENNI/download_2026-05-31/TD/B/919.cha,transcript,.cha,26867,081c0ad761a86590f41ec9db77c6ce9ec7ca19c40e543748489ca0054185343e,True,pass,pass,,eng,"CHI Target_Child, EXA Investigator",2,True,True,True,True,True,True,79,683
CHILDES,ENNI,raw_download,2026-05-31,/private/tmp/talkbank_intake_20260531/ENNI/TD/B/923.cha,data/raw/talkbank/CHILDES/ENNI/download_2026-05-31/TD/B/923.cha,transcript,.cha,24763,7c4bd4a0f357b4bf4e440ab6fd092332e7c1cc9c760cfd9a05924780fa987b75,True,pass,pass,,eng,"EXA Investigator, CHI Target_Child",2,True,True,True,True,True,True,61,664
CHILDES,ENNI,raw_download,2026-05-31,/private/tmp/talkbank_intake_20260531/ENNI/TD/B/927.cha,data/raw/talkbank/CHILDES/ENNI/download_2026-05-31/TD/B/927.cha,transcript,.cha,26062,d37a8ea840026ed6208d7ed6bdb7b9a04782bb4de81651f18bb71627efea957d,True,pass,pass,,eng,"EXA Investigator, CHI Target_Child",2,True,True,True,True,True,True,73,693
CHILDES,ENNI,raw_download,2026-05-31,/private/tmp/talkbank_intake_20260531/ENNI/TD/B/931.cha,data/raw/talkbank/CHILDES/ENNI/download_2026-05-31/TD/B/931.cha,transcript,.cha,29493,e07d7ad56dc171c057e2526df4e59bd794c5b93e0bc62e3d72a3c90527ae91c9,True,pass,pass,,eng,"EXA Investigator, CHI Target_Child",2,True,True,True,True,True,True,84,719
CHILDES,ENNI,raw_download,2026-05-31,/private/tmp/talkbank_intake_20260531/ENNI/TD/B/939.cha,data/raw/talkbank/CHILDES/ENNI/download_2026-05-31/TD/B/939.cha,transcript,.cha,26276,61790c27ba2d4b5445495621d4465050705572d6915a91f421bfc3aadfbe48bd,True,pass,pass,,eng,"EXA Investigator, CHI Target_Child",2,True,True,True,True,True,True,78,656
CHILDES,ENNI,raw_download,2026-05-31,/private/tmp/talkbank_intake_20260531/ENNI/TD/B/947.cha,data/raw/talkbank/CHILDES/ENNI/download_2026-05-31/TD/B/947.cha,transcript,.cha,16347,55d8b97310949c1fe7919cea4e6f95308613a87bf0f81ec2152258df5fb770df,True,pass,pass,,eng,"EXA Investigator, CHI Target_Child",2,True,True,True,True,True,True,64,481
CHILDES,ENNI,raw_download,2026-05-31,/private/tmp/talkbank_intake_20260531/ENNI/TD/B/949.cha,data/raw/talkbank/CHILDES/ENNI/download_2026-05-31/TD/B/949.cha,transcript,.cha,27222,ba4280cda32acc2ad9c58f0cd6080645e063ebff5de26330dc700fc5b768712e,True,pass,pass,,eng,"CHI Target_Child, EXA Investigator",2,True,True,True,True,True,True,88,791
CHILDES,ENNI,raw_download,2026-05-31,/private/tmp/talkbank_intake_20260531/ENNI/TD/B/951.cha,data/raw/talkbank/CHILDES/ENNI/download_2026-05-31/TD/B/951.cha,transcript,.cha,16441,0fc1fa1fd25c68925fc5ca8c7860694e2183fbb64e21cbbcaf1557ed04140ca0,True,pass,pass,,eng,"EXA Investigator, CHI Target_Child",2,True,True,True,True,True,True,58,476
CHILDES,ENNI,raw_download,2026-05-31,/private/tmp/talkbank_intake_20260531/ENNI/TD/B/955.cha,data/raw/talkbank/CHILDES/ENNI/download_2026-05-31/TD/B/955.cha,transcript,.cha,61695,853158539275631133f44bfda4c69110763143fc2dcd71a5067b01672f059d95,True,pass,pass,,eng,"EXA Investigator, CHI Target_Child",2,True,True,True,True,True,True,192,1736
CHILDES,ENNI,raw_download,2026-05-31,/private/tmp/talkbank_intake_20260531/ENNI/TD/B/956.cha,data/raw/talkbank/CHILDES/ENNI/download_2026-05-31/TD/B/956.cha,transcript,.cha,27727,e0770b9a0986459639ec49602b6358a21c85ef1def07f1c5fc5be2f7454bfafe,True,pass,pass,,eng,"EXA Investigator, CHI Target_Child",2,True,True,True,True,True,True,113,752
CHILDES,ENNI,raw_download,2026-05-31,/private/tmp/talkbank_intake_20260531/ENNI/TD/B/959.cha,data/raw/talkbank/CHILDES/ENNI/download_2026-05-31/TD/B/959.cha,transcript,.cha,25041,e6c79096cda6b10d6ecfe9bac7136bdca2b5bf78e92f9e9adf5c05baab55f8a5,True,pass,pass,,eng,"EXA Investigator, CHI Target_Child, ADU Adult",3,True,True,True,True,True,True,86,699
CHILDES,ENNI,raw_download,2026-05-31,/private/tmp/talkbank_intake_20260531/ENNI/TD/B/960.cha,data/raw/talkbank/CHILDES/ENNI/download_2026-05-31/TD/B/960.cha,transcript,.cha,34208,4051dbb3f690f9cdd68b316840437371daf3d60823e63c66993174171864eba8,True,pass,pass,,eng,"EXA Investigator, CHI Target_Child",2,True,True,True,True,True,True,110,1012
CHILDES,ENNI,raw_download,2026-05-31,/private/tmp/talkbank_intake_20260531/ENNI/TD/B/963.cha,data/raw/talkbank/CHILDES/ENNI/download_2026-05-31/TD/B/963.cha,transcript,.cha,25822,131f1a32c9f5618c672372d91c442b6f68a2af0148909b97c7db74509b74fd51,True,pass,pass,,eng,"EXA Investigator, CHI Target_Child",2,True,True,True,True,True,True,82,710
CHILDES,ENNI,raw_download,2026-05-31,/private/tmp/talkbank_intake_20260531/ENNI/TD/B/964.cha,data/raw/talkbank/CHILDES/ENNI/download_2026-05-31/TD/B/964.cha,transcript,.cha,30764,32779907cb019f6dbac69f7b1c277a79b979f4234cb1ba3f7bf11117090f59e8,True,pass,pass,,eng,"EXA Investigator, CHI Target_Child",2,True,True,True,True,True,True,90,881
CHILDES,ENNI,raw_download,2026-05-31,/private/tmp/talkbank_intake_20260531/ENNI/TD/B/967.cha,data/raw/talkbank/CHILDES/ENNI/download_2026-05-31/TD/B/967.cha,transcript,.cha,16101,fc672a6b4d03e47300cf153c27ba65d500f583e9984c6ad711da15dccf89d3bc,True,pass,pass,,eng,"EXA Investigator, CHI Target_Child",2,True,True,True,True,True,True,63,436
CHILDES,ENNI,raw_download,2026-05-31,/private/tmp/talkbank_intake_20260531/ENNI/TD/B/969.cha,data/raw/talkbank/CHILDES/ENNI/download_2026-05-31/TD/B/969.cha,transcript,.cha,25694,466ff6d0ff2b69f36cebee428185775983fdfe761382d80db73ff963ebb7e8df,True,pass,pass,,eng,"EXA Investigator, CHI Target_Child",2,True,True,True,True,True,True,77,734
CHILDES,ENNI,raw_download,2026-05-31,/private/tmp/talkbank_intake_20260531/ENNI/TD/B/971.cha,data/raw/talkbank/CHILDES/ENNI/download_2026-05-31/TD/B/971.cha,transcript,.cha,18355,c175417c91e540b070f9c852cfd69516c74ab6764b7f0a69704d356d4408322e,True,pass,pass,,eng,"EXA Investigator, CHI Target_Child",2,True,True,True,True,True,True,63,495
CHILDES,ENNI,raw_download,2026-05-31,/private/tmp/talkbank_intake_20260531/ENNI/TD/B/974.cha,data/raw/talkbank/CHILDES/ENNI/download_2026-05-31/TD/B/974.cha,transcript,.cha,23087,d69ab25075327e5294966493eb9f17c9cfeccd3f6a098f4a67d9f9336e16bcfd,True,pass,pass,,eng,"CHI Target_Child, EXA Investigator",2,True,True,True,True,True,True,94,662
CHILDES,EllisWeismer,raw_download,2026-05-31,/private/tmp/talkbank_intake_20260531/EllisWeismer/0metadata.cdc,data/raw/talkbank/CHILDES/EllisWeismer/download_2026-05-31/0metadata.cdc,sidecar,.cdc,300,366add280111f06cfd5f8ecfd279e74dabff9ff5aeed347d3962a3b49566bb5f,True,not_applicable,not_applicable,,,,0,False,False,False,False,False,False,0,0
CHILDES,EllisWeismer,raw_download,2026-05-31,/private/tmp/talkbank_intake_20260531/EllisWeismer/0phon/0noaudio/11052.xml,data/raw/talkbank/CHILDES/EllisWeismer/download_2026-05-31/0phon/0noaudio/11052.xml,documentation,.xml,601800,2e6a7d1405a608930d7e3e3a0769a649ace0b635852df10724e1660ebf76abd4,True,not_applicable,not_applicable,,,,0,False,False,False,False,False,False,0,0
CHILDES,EllisWeismer,raw_download,2026-05-31,/private/tmp/talkbank_intake_20260531/EllisWeismer/0phon/LT_30ec/11005.xml,data/raw/talkbank/CHILDES/EllisWeismer/download_2026-05-31/0phon/LT_30ec/11005.xml,documentation,.xml,651020,56d99b46408623b185c3383fd89fde9846ade0b5228bfb10d57ba13d078bb04c,True,not_applicable,not_applicable,,,,0,False,False,False,False,False,False,0,0
CHILDES,EllisWeismer,raw_download,2026-05-31,/private/tmp/talkbank_intake_20260531/EllisWeismer/0phon/LT_30ec/11016.xml,data/raw/talkbank/CHILDES/EllisWeismer/download_2026-05-31/0phon/LT_30ec/11016.xml,documentation,.xml,431434,a19b65c5bb80ec8217c6e175fe3184a33b852fdd129df210249eb84754253027,True,not_applicable,not_applicable,,,,0,False,False,False,False,False,False,0,0
CHILDES,EllisWeismer,raw_download,2026-05-31,/private/tmp/talkbank_intake_20260531/EllisWeismer/0phon/LT_30ec/11031.xml,data/raw/talkbank/CHILDES/EllisWeismer/download_2026-05-31/0phon/LT_30ec/11031.xml,documentation,.xml,922238,9b74a580d924ec67c3ba3450fd37334d21771e19e5998de38b4734e11ff6c667,True,not_applicable,not_applicable,,,,0,False,False,False,False,False,False,0,0
CHILDES,EllisWeismer,raw_download,2026-05-31,/private/tmp/talkbank_intake_20260531/EllisWeismer/0phon/LT_30ec/11043.xml,data/raw/talkbank/CHILDES/EllisWeismer/download_2026-05-31/0phon/LT_30ec/11043.xml,documentation,.xml,1310618,8b8180a6613cd7110274768838e8e0d0927dbe4d5f872c78c3983caf82e115b2,True,not_applicable,not_applicable,,,,0,False,False,False,False,False,False,0,0
CHILDES,EllisWeismer,raw_download,2026-05-31,/private/tmp/talkbank_intake_20260531/EllisWeismer/0phon/LT_30ec/11065.xml,data/raw/talkbank/CHILDES/EllisWeismer/download_2026-05-31/0phon/LT_30ec/11065.xml,documentation,.xml,910973,c6d919244312770e7c0ff89d770114252b283c3e767669c12dece548a0778a69,True,not_applicable,not_applicable,,,,0,False,False,False,False,False,False,0,0
CHILDES,EllisWeismer,raw_download,2026-05-31,/private/tmp/talkbank_intake_20260531/EllisWeismer/0phon/LT_30ec/11066.xml,data/raw/talkbank/CHILDES/EllisWeismer/download_2026-05-31/0phon/LT_30ec/11066.xml,documentation,.xml,745855,0468c9694c43562ea640fd34a45da682ccd71d4325d55e3a04f4ec8b5e9d8e68,True,not_applicable,not_applicable,,,,0,False,False,False,False,False,False,0,0
CHILDES,EllisWeismer,raw_download,2026-05-31,/private/tmp/talkbank_intake_20260531/EllisWeismer/0phon/LT_30ec/11068.xml,data/raw/talkbank/CHILDES/EllisWeismer/download_2026-05-31/0phon/LT_30ec/11068.xml,documentation,.xml,786237,c959b406e5ecb2c7c77393e5c0a443f1300b826712d7def379135b7dbd4213bc,True,not_applicable,not_applicable,,,,0,False,False,False,False,False,False,0,0
CHILDES,EllisWeismer,raw_download,2026-05-31,/private/tmp/talkbank_intake_20260531/EllisWeismer/0phon/LT_30ec/11070.xml,data/raw/talkbank/CHILDES/EllisWeismer/download_2026-05-31/0phon/LT_30ec/11070.xml,documentation,.xml,492197,92025bf024da01ea728d48697ceb08e4f0c5fad7b783ca6deef52a8c94958b3d,True,not_applicable,not_applicable,,,,0,False,False,False,False,False,False,0,0
CHILDES,EllisWeismer,raw_download,2026-05-31,/private/tmp/talkbank_intake_20260531/EllisWeismer/0phon/LT_30ec/11078.xml,data/raw/talkbank/CHILDES/EllisWeismer/download_2026-05-31/0phon/LT_30ec/11078.xml,documentation,.xml,547519,123b6e00e9a1ecbbdf2cdfbc2579d0eb4a9ce5595a628cf9a3ee2848ae0b0655,True,not_applicable,not_applicable,,,,0,False,False,False,False,False,False,0,0
CHILDES,EllisWeismer,raw_download,2026-05-31,/private/tmp/talkbank_intake_20260531/EllisWeismer/0phon/LT_30ec/12009.xml,data/raw/talkbank/CHILDES/EllisWeismer/download_2026-05-31/0phon/LT_30ec/12009.xml,documentation,.xml,698358,f3b0c1bde842ca2bf51b7375934cf7ffd7624bda9ba9bb666015bf519efdc5f9,True,not_applicable,not_applicable,,,,0,False,False,False,False,False,False,0,0
CHILDES,EllisWeismer,raw_download,2026-05-31,/private/tmp/talkbank_intake_20260531/EllisWeismer/0phon/LT_30ec/12022.xml,data/raw/talkbank/CHILDES/EllisWeismer/download_2026-05-31/0phon/LT_30ec/12022.xml,documentation,.xml,545254,e717cf4aa982aceb8de68166f37b4c82bdfecf83d81d44acaf4f3e935bc11269,True,not_applicable,not_applicable,,,,0,False,False,False,False,False,False,0,0
CHILDES,EllisWeismer,raw_download,2026-05-31,/private/tmp/talkbank_intake_20260531/EllisWeismer/0phon/LT_30ec/12036.xml,data/raw/talkbank/CHILDES/EllisWeismer/download_2026-05-31/0phon/LT_30ec/12036.xml,documentation,.xml,694135,843017b280f08217d106c3827136e0d385b1b6e39576d370117b3c8d04343676,True,not_applicable,not_applicable,,,,0,False,False,False,False,False,False,0,0
CHILDES,EllisWeismer,raw_download,2026-05-31,/private/tmp/talkbank_intake_20260531/EllisWeismer/0phon/LT_30ec/12038.xml,data/raw/talkbank/CHILDES/EllisWeismer/download_2026-05-31/0phon/LT_30ec/12038.xml,documentation,.xml,427581,8d94c1d614aceb0849deb296a33b5ebe814327fe7930ad72ed7309c0d16c74e8,True,not_applicable,not_applicable,,,,0,False,False,False,False,False,False,0,0
CHILDES,EllisWeismer,raw_download,2026-05-31,/private/tmp/talkbank_intake_20260531/EllisWeismer/0phon/LT_30ec/12042.xml,data/raw/talkbank/CHILDES/EllisWeismer/download_2026-05-31/0phon/LT_30ec/12042.xml,documentation,.xml,463340,a39acac94f08202d897c604a52cb37fdb20f093d0c58592b24006b98bcafde57,True,not_applicable,not_applicable,,,,0,False,False,False,False,False,False,0,0
CHILDES,EllisWeismer,raw_download,2026-05-31,/private/tmp/talkbank_intake_20260531/EllisWeismer/0phon/LT_30ec/12058.xml,data/raw/talkbank/CHILDES/EllisWeismer/download_2026-05-31/0phon/LT_30ec/12058.xml,documentation,.xml,241022,71b65a855ad636662299626e4203c480bc4dc93b662e6139a58898508519f891,True,not_applicable,not_applicable,,,,0,False,False,False,False,False,False,0,0
CHILDES,EllisWeismer,raw_download,2026-05-31,/private/tmp/talkbank_intake_20260531/EllisWeismer/0phon/LT_30ec/12059.xml,data/raw/talkbank/CHILDES/EllisWeismer/download_2026-05-31/0phon/LT_30ec/12059.xml,documentation,.xml,323420,c9447037ddae3a4876a5379589b0b9d89917067e91fbac520488a7555d1a24ac,True,not_applicable,not_applicable,,,,0,False,False,False,False,False,False,0,0
CHILDES,EllisWeismer,raw_download,2026-05-31,/private/tmp/talkbank_intake_20260531/EllisWeismer/0phon/LT_30ec/12067.xml,data/raw/talkbank/CHILDES/EllisWeismer/download_2026-05-31/0phon/LT_30ec/12067.xml,documentation,.xml,745006,390e451d8279d3192961edcdedb02143010bc7d9bf72516265734d08265627bf,True,not_applicable,not_applicable,,,,0,False,False,False,False,False,False,0,0
CHILDES,EllisWeismer,raw_download,2026-05-31,/private/tmp/talkbank_intake_20260531/EllisWeismer/0phon/LT_30ec/12072.xml,data/raw/talkbank/CHILDES/EllisWeismer/download_2026-05-31/0phon/LT_30ec/12072.xml,documentation,.xml,989709,ff9dbee2f3b90488dfbb3cc5d8ed72b2cb741a95ae17822a72415ab08de83fa1,True,not_applicable,not_applicable,,,,0,False,False,False,False,False,False,0,0
CHILDES,EllisWeismer,raw_download,2026-05-31,/private/tmp/talkbank_intake_20260531/EllisWeismer/0phon/LT_30ec/12074.xml,data/raw/talkbank/CHILDES/EllisWeismer/download_2026-05-31/0phon/LT_30ec/12074.xml,documentation,.xml,400336,f17a5f1bcdc748371ec249896eee964ad632327cc7f41b81104766497e653be0,True,not_applicable,not_applicable,,,,0,False,False,False,False,False,False,0,0
CHILDES,EllisWeismer,raw_download,2026-05-31,/private/tmp/talkbank_intake_20260531/EllisWeismer/0phon/LT_30ec/12076.xml,data/raw/talkbank/CHILDES/EllisWeismer/download_2026-05-31/0phon/LT_30ec/12076.xml,documentation,.xml,784195,f74b9950576f42c9612d4e666672a7a35a4833d29215314d1b265cc29faa8319,True,not_applicable,not_applicable,,,,0,False,False,False,False,False,False,0,0
CHILDES,EllisWeismer,raw_download,2026-05-31,/private/tmp/talkbank_intake_20260531/EllisWeismer/0phon/LT_30ec/12079.xml,data/raw/talkbank/CHILDES/EllisWeismer/download_2026-05-31/0phon/LT_30ec/12079.xml,documentation,.xml,635080,1a21592e504582a567d2944098e2739ceb30e49c5af7a899dcb119b82d70a1d5,True,not_applicable,not_applicable,,,,0,False,False,False,False,False,False,0,0
CHILDES,EllisWeismer,raw_download,2026-05-31,/private/tmp/talkbank_intake_20260531/EllisWeismer/0phon/LT_30ec/12080.xml,data/raw/talkbank/CHILDES/EllisWeismer/download_2026-05-31/0phon/LT_30ec/12080.xml,documentation,.xml,820689,f983b08fa6e4555f271beecc176b613a0a79c58259ee7b7afabb72caeb66f90c,True,not_applicable,not_applicable,,,,0,False,False,False,False,False,False,0,0
CHILDES,EllisWeismer,raw_download,2026-05-31,/private/tmp/talkbank_intake_20260531/EllisWeismer/0phon/LT_30ec/12081.xml,data/raw/talkbank/CHILDES/EllisWeismer/download_2026-05-31/0phon/LT_30ec/12081.xml,documentation,.xml,492237,2a2eeab862e03a7bbf3c019829815d20dfca177b6e3c8914afdf0075a32fe499,True,not_applicable,not_applicable,,,,0,False,False,False,False,False,False,0,0
CHILDES,EllisWeismer,raw_download,2026-05-31,/private/tmp/talkbank_intake_20260531/EllisWeismer/0phon/LT_30ec/12082.xml,data/raw/talkbank/CHILDES/EllisWeismer/download_2026-05-31/0phon/LT_30ec/12082.xml,documentation,.xml,959613,ccc07d2c1735828e7f68ea802e76341044d21bc66b348db226380a2aa6bf0e4a,True,not_applicable,not_applicable,,,,0,False,False,False,False,False,False,0,0
CHILDES,EllisWeismer,raw_download,2026-05-31,/private/tmp/talkbank_intake_20260531/EllisWeismer/0phon/LT_30ec/12083.xml,data/raw/talkbank/CHILDES/EllisWeismer/download_2026-05-31/0phon/LT_30ec/12083.xml,documentation,.xml,917683,89fa683648e715b6b825e23660c01dca9acbde6c9a573b4b2a84dce69b8e5e77,True,not_applicable,not_applicable,,,,0,False,False,False,False,False,False,0,0
CHILDES,EllisWeismer,raw_download,2026-05-31,/private/tmp/talkbank_intake_20260531/EllisWeismer/0phon/LT_30ec/12084.xml,data/raw/talkbank/CHILDES/EllisWeismer/download_2026-05-31/0phon/LT_30ec/12084.xml,documentation,.xml,1053255,d32849b231815a645515e035825905173820aff58098150fb110c73c23e968c1,True,not_applicable,not_applicable,,,,0,False,False,False,False,False,False,0,0
CHILDES,EllisWeismer,raw_download,2026-05-31,/private/tmp/talkbank_intake_20260531/EllisWeismer/0phon/LT_30ec/21094.xml,data/raw/talkbank/CHILDES/EllisWeismer/download_2026-05-31/0phon/LT_30ec/21094.xml,documentation,.xml,958085,85d0939a430e7605970db7554ae00dc7b7e49e2fea9288ec5887f7eadbc212ef,True,not_applicable,not_applicable,,,,0,False,False,False,False,False,False,0,0
CHILDES,EllisWeismer,raw_download,2026-05-31,/private/tmp/talkbank_intake_20260531/EllisWeismer/0phon/LT_30ec/21110.xml,data/raw/talkbank/CHILDES/EllisWeismer/download_2026-05-31/0phon/LT_30ec/21110.xml,documentation,.xml,672099,4d8f3c2d2190d853c79ceaecc6373ca2cd990b9baac04c6ff20044cf7ee2a0a3,True,not_applicable,not_applicable,,,,0,False,False,False,False,False,False,0,0
CHILDES,EllisWeismer,raw_download,2026-05-31,/private/tmp/talkbank_intake_20260531/EllisWeismer/0phon/LT_30ec/21129.xml,data/raw/talkbank/CHILDES/EllisWeismer/download_2026-05-31/0phon/LT_30ec/21129.xml,documentation,.xml,854508,baa9e161edaa5bdde4b7215f9820f78a9bc23f9c3a315335ff2396675f65ff7d,True,not_applicable,not_applicable,,,,0,False,False,False,False,False,False,0,0
CHILDES,EllisWeismer,raw_download,2026-05-31,/private/tmp/talkbank_intake_20260531/EllisWeismer/0phon/LT_30ec/21146.xml,data/raw/talkbank/CHILDES/EllisWeismer/download_2026-05-31/0phon/LT_30ec/21146.xml,documentation,.xml,608642,1169c759194424f8e252953b0352aadc5973c94529a0f3462db036bca830982d,True,not_applicable,not_applicable,,,,0,False,False,False,False,False,False,0,0
CHILDES,EllisWeismer,raw_download,2026-05-31,/private/tmp/talkbank_intake_20260531/EllisWeismer/0phon/LT_30ec/21165.xml,data/raw/talkbank/CHILDES/EllisWeismer/download_2026-05-31/0phon/LT_30ec/21165.xml,documentation,.xml,443953,60fc1cafe67141a79aa03908ec9dd7267cf6bf15cda4679fd97d9fdbff0fac45,True,not_applicable,not_applicable,,,,0,False,False,False,False,False,False,0,0
CHILDES,EllisWeismer,raw_download,2026-05-31,/private/tmp/talkbank_intake_20260531/EllisWeismer/0phon/LT_30ec/22090.xml,data/raw/talkbank/CHILDES/EllisWeismer/download_2026-05-31/0phon/LT_30ec/22090.xml,documentation,.xml,688136,589ecbd3cec1cc81ca4142cfd58fca6e3fd01ecdb7bb11c94a2c8a03603f488f,True,not_applicable,not_applicable,,,,0,False,False,False,False,False,False,0,0
CHILDES,EllisWeismer,raw_download,2026-05-31,/private/tmp/talkbank_intake_20260531/EllisWeismer/0phon/LT_30ec/22098.xml,data/raw/talkbank/CHILDES/EllisWeismer/download_2026-05-31/0phon/LT_30ec/22098.xml,documentation,.xml,578585,0cf29240911f8371bfe8989994a8526e57d76ea88e8c4f78d09d8536c2286cda,True,not_applicable,not_applicable,,,,0,False,False,False,False,False,False,0,0
CHILDES,EllisWeismer,raw_download,2026-05-31,/private/tmp/talkbank_intake_20260531/EllisWeismer/0phon/LT_30ec/22111.xml,data/raw/talkbank/CHILDES/EllisWeismer/download_2026-05-31/0phon/LT_30ec/22111.xml,documentation,.xml,734354,e0492e49067e17c535b6d63866414fb38cc7b4ae3ca49eeacdd25a9f853d8e31,True,not_applicable,not_applicable,,,,0,False,False,False,False,False,False,0,0
CHILDES,EllisWeismer,raw_download,2026-05-31,/private/tmp/talkbank_intake_20260531/EllisWeismer/0phon/LT_30ec/22112.xml,data/raw/talkbank/CHILDES/EllisWeismer/download_2026-05-31/0phon/LT_30ec/22112.xml,documentation,.xml,464259,c36271c3dbfe828c485e21339e6f239e5535b3152b1e2913a18c4a8c21642b9f,True,not_applicable,not_applicable,,,,0,False,False,False,False,False,False,0,0
CHILDES,EllisWeismer,raw_download,2026-05-31,/private/tmp/talkbank_intake_20260531/EllisWeismer/0phon/LT_30ec/22125.xml,data/raw/talkbank/CHILDES/EllisWeismer/download_2026-05-31/0phon/LT_30ec/22125.xml,documentation,.xml,840271,ec757a29ca110f25a2b0347b92d55a024fe88bb75bd79a4d5f384ad6003d4854,True,not_applicable,not_applicable,,,,0,False,False,False,False,False,False,0,0
CHILDES,EllisWeismer,raw_download,2026-05-31,/private/tmp/talkbank_intake_20260531/EllisWeismer/0phon/LT_30ec/22131.xml,data/raw/talkbank/CHILDES/EllisWeismer/download_2026-05-31/0phon/LT_30ec/22131.xml,documentation,.xml,381489,18001cf1c40086320182c4d35c0fcec2aa35b78a9d0c398415859da1947758c8,True,not_applicable,not_applicable,,,,0,False,False,False,False,False,False,0,0
CHILDES,EllisWeismer,raw_download,2026-05-31,/private/tmp/talkbank_intake_20260531/EllisWeismer/0phon/LT_30ec/22138.xml,data/raw/talkbank/CHILDES/EllisWeismer/download_2026-05-31/0phon/LT_30ec/22138.xml,documentation,.xml,997768,caf558bf20d0e788a7c2666ae1dbc1e7d2c2dd306a0a3ebd541c537b26ebec3b,True,not_applicable,not_applicable,,,,0,False,False,False,False,False,False,0,0
CHILDES,EllisWeismer,raw_download,2026-05-31,/private/tmp/talkbank_intake_20260531/EllisWeismer/0phon/LT_30ec/22142.xml,data/raw/talkbank/CHILDES/EllisWeismer/download_2026-05-31/0phon/LT_30ec/22142.xml,documentation,.xml,498456,c5b59ecb57958fa75edf2ebffe1993e2c2919ba59c614482f4a597a7fd67e068,True,not_applicable,not_applicable,,,,0,False,False,False,False,False,False,0,0
CHILDES,EllisWeismer,raw_download,2026-05-31,/private/tmp/talkbank_intake_20260531/EllisWeismer/0phon/LT_30ec/22150.xml,data/raw/talkbank/CHILDES/EllisWeismer/download_2026-05-31/0phon/LT_30ec/22150.xml,documentation,.xml,409932,5a21f2e6f6a08bff003a2c436f11e58518f241d2b7f3081a563eeb85a8aa3ab8,True,not_applicable,not_applicable,,,,0,False,False,False,False,False,False,0,0
CHILDES,EllisWeismer,raw_download,2026-05-31,/private/tmp/talkbank_intake_20260531/EllisWeismer/0phon/LT_30ec/22156.xml,data/raw/talkbank/CHILDES/EllisWeismer/download_2026-05-31/0phon/LT_30ec/22156.xml,documentation,.xml,489373,e99e8971530471dc49d1bd2487d6701c078cc7e728df0e3d6ee6cd9eb186e0c4,True,not_applicable,not_applicable,,,,0,False,False,False,False,False,False,0,0
CHILDES,EllisWeismer,raw_download,2026-05-31,/private/tmp/talkbank_intake_20260531/EllisWeismer/0phon/LT_30ec/22161.xml,data/raw/talkbank/CHILDES/EllisWeismer/download_2026-05-31/0phon/LT_30ec/22161.xml,documentation,.xml,911554,b9b1a13cabd3552189ad20faceb7f6402eaa7fb8d28b06e62b4449078300e7b8,True,not_applicable,not_applicable,,,,0,False,False,False,False,False,False,0,0
CHILDES,EllisWeismer,raw_download,2026-05-31,/private/tmp/talkbank_intake_20260531/EllisWeismer/0phon/LT_30ec/22162.xml,data/raw/talkbank/CHILDES/EllisWeismer/download_2026-05-31/0phon/LT_30ec/22162.xml,documentation,.xml,579573,99e0b902ed9d980ba79612821a5eebc295d827ef0d2b41a7b49e3fd8acd80c80,True,not_applicable,not_applicable,,,,0,False,False,False,False,False,False,0,0
CHILDES,EllisWeismer,raw_download,2026-05-31,/private/tmp/talkbank_intake_20260531/EllisWeismer/0phon/LT_30ec/22163.xml,data/raw/talkbank/CHILDES/EllisWeismer/download_2026-05-31/0phon/LT_30ec/22163.xml,documentation,.xml,995150,92ad7af7bf0c4ca91f9809855e9023d5b0feae578063758b5e243170f218c5cd,True,not_applicable,not_applicable,,,,0,False,False,False,False,False,False,0,0
CHILDES,EllisWeismer,raw_download,2026-05-31,/private/tmp/talkbank_intake_20260531/EllisWeismer/0phon/LT_30ec/22164.xml,data/raw/talkbank/CHILDES/EllisWeismer/download_2026-05-31/0phon/LT_30ec/22164.xml,documentation,.xml,561508,57b3c44d9c9850aa84a385e1b73c7680a1ee50584d408ad1fd71679f8f4988e5,True,not_applicable,not_applicable,,,,0,False,False,False,False,False,False,0,0
CHILDES,EllisWeismer,raw_download,2026-05-31,/private/tmp/talkbank_intake_20260531/EllisWeismer/0phon/LT_30ec/22166.xml,data/raw/talkbank/CHILDES/EllisWeismer/download_2026-05-31/0phon/LT_30ec/22166.xml,documentation,.xml,841337,584222c1b5df9f46bf5b7a9fef6d8b1b9edf3cf8039d4b76c48da7eb53935c9c,True,not_applicable,not_applicable,,,,0,False,False,False,False,False,False,0,0
CHILDES,EllisWeismer,raw_download,2026-05-31,/private/tmp/talkbank_intake_20260531/EllisWeismer/0phon/LT_30ec/22169.xml,data/raw/talkbank/CHILDES/EllisWeismer/download_2026-05-31/0phon/LT_30ec/22169.xml,documentation,.xml,510610,49001a66cc19d86b93840452963457321e9120a526977cc408e19078240df366,True,not_applicable,not_applicable,,,,0,False,False,False,False,False,False,0,0
CHILDES,EllisWeismer,raw_download,2026-05-31,/private/tmp/talkbank_intake_20260531/EllisWeismer/0phon/LT_30ec/22170.xml,data/raw/talkbank/CHILDES/EllisWeismer/download_2026-05-31/0phon/LT_30ec/22170.xml,documentation,.xml,711740,f40d9fe5018ee20b69f0512530fbf8e51b4c11ab50d10aa374b9e46b09c438e3,True,not_applicable,not_applicable,,,,0,False,False,False,False,False,False,0,0
CHILDES,EllisWeismer,raw_download,2026-05-31,/private/tmp/talkbank_intake_20260531/EllisWeismer/0phon/LT_30pc/11005.xml,data/raw/talkbank/CHILDES/EllisWeismer/download_2026-05-31/0phon/LT_30pc/11005.xml,documentation,.xml,423595,b52337f8b8db4fb5c99d338991ccfbc3c341664b17aeb423f18789b34ffdbae3,True,not_applicable,not_applicable,,,,0,False,False,False,False,False,False,0,0
CHILDES,EllisWeismer,raw_download,2026-05-31,/private/tmp/talkbank_intake_20260531/EllisWeismer/0phon/LT_30pc/11016.xml,data/raw/talkbank/CHILDES/EllisWeismer/download_2026-05-31/0phon/LT_30pc/11016.xml,documentation,.xml,806820,3ed439cc9cbc30add53970b3ac765a2e5d0cd5a65b3ac8bb5bc75df7ff55f889,True,not_applicable,not_applicable,,,,0,False,False,False,False,False,False,0,0
CHILDES,EllisWeismer,raw_download,2026-05-31,/private/tmp/talkbank_intake_20260531/EllisWeismer/0phon/LT_30pc/11031.xml,data/raw/talkbank/CHILDES/EllisWeismer/download_2026-05-31/0phon/LT_30pc/11031.xml,documentation,.xml,566592,68c40fc73cb6ba9b59a4f176725e1f009b08eb72e231b9f248c3a909561458f1,True,not_applicable,not_applicable,,,,0,False,False,False,False,False,False,0,0
CHILDES,EllisWeismer,raw_download,2026-05-31,/private/tmp/talkbank_intake_20260531/EllisWeismer/0phon/LT_30pc/11043.xml,data/raw/talkbank/CHILDES/EllisWeismer/download_2026-05-31/0phon/LT_30pc/11043.xml,documentation,.xml,524209,43bdb0605bc1e13c1442238406573e147212ebea02551944b57097cc0f64480e,True,not_applicable,not_applicable,,,,0,False,False,False,False,False,False,0,0
CHILDES,EllisWeismer,raw_download,2026-05-31,/private/tmp/talkbank_intake_20260531/EllisWeismer/0phon/LT_30pc/11065.xml,data/raw/talkbank/CHILDES/EllisWeismer/download_2026-05-31/0phon/LT_30pc/11065.xml,documentation,.xml,717295,15042509a041d128977a709e26b398c0fe0cc75d0fb0949a3cd98054ae9b5c6a,True,not_applicable,not_applicable,,,,0,False,False,False,False,False,False,0,0
CHILDES,EllisWeismer,raw_download,2026-05-31,/private/tmp/talkbank_intake_20260531/EllisWeismer/0phon/LT_30pc/11066.xml,data/raw/talkbank/CHILDES/EllisWeismer/download_2026-05-31/0phon/LT_30pc/11066.xml,documentation,.xml,586485,ff14ffc93d4994fc73573bcdc35e4e5bd8475508f41ccdeb9a9b8d3c32811f4d,True,not_applicable,not_applicable,,,,0,False,False,False,False,False,False,0,0
CHILDES,EllisWeismer,raw_download,2026-05-31,/private/tmp/talkbank_intake_20260531/EllisWeismer/0phon/LT_30pc/11068.xml,data/raw/talkbank/CHILDES/EllisWeismer/download_2026-05-31/0phon/LT_30pc/11068.xml,documentation,.xml,822103,81273ee46d86481a1822eb96a43f1887bc32ea1640a6997b122ad94344adc9ba,True,not_applicable,not_applicable,,,,0,False,False,False,False,False,False,0,0
CHILDES,EllisWeismer,raw_download,2026-05-31,/private/tmp/talkbank_intake_20260531/EllisWeismer/0phon/LT_30pc/11070.xml,data/raw/talkbank/CHILDES/EllisWeismer/download_2026-05-31/0phon/LT_30pc/11070.xml,documentation,.xml,672675,1e90eafc57ff995dd3e4cfa5ed40327e9a76aed10c71bcbf04695121141fe2fa,True,not_applicable,not_applicable,,,,0,False,False,False,False,False,False,0,0
CHILDES,EllisWeismer,raw_download,2026-05-31,/private/tmp/talkbank_intake_20260531/EllisWeismer/0phon/LT_30pc/11078.xml,data/raw/talkbank/CHILDES/EllisWeismer/download_2026-05-31/0phon/LT_30pc/11078.xml,documentation,.xml,930374,901d84766fc6dc43734b35962981cab3947f95acb0c79cd808c752b4a2c26490,True,not_applicable,not_applicable,,,,0,False,False,False,False,False,False,0,0
CHILDES,EllisWeismer,raw_download,2026-05-31,/private/tmp/talkbank_intake_20260531/EllisWeismer/0phon/LT_30pc/12009.xml,data/raw/talkbank/CHILDES/EllisWeismer/download_2026-05-31/0phon/LT_30pc/12009.xml,documentation,.xml,679033,337be9956e6405858f68d44f3acb7cbeba1da12b3f10cd576918db1ba75fb816,True,not_applicable,not_applicable,,,,0,False,False,False,False,False,False,0,0
CHILDES,EllisWeismer,raw_download,2026-05-31,/private/tmp/talkbank_intake_20260531/EllisWeismer/0phon/LT_30pc/12022.xml,data/raw/talkbank/CHILDES/EllisWeismer/download_2026-05-31/0phon/LT_30pc/12022.xml,documentation,.xml,723189,04090a141ab2750102c8168a94d8647c2453d3bcf5d0418f71823b6cea968f6f,True,not_applicable,not_applicable,,,,0,False,False,False,False,False,False,0,0
CHILDES,EllisWeismer,raw_download,2026-05-31,/private/tmp/talkbank_intake_20260531/EllisWeismer/0phon/LT_30pc/12036.xml,data/raw/talkbank/CHILDES/EllisWeismer/download_2026-05-31/0phon/LT_30pc/12036.xml,documentation,.xml,821824,dace30c719d13809cff0e3a48156a6fb8ead1dc59236e7760cc7ff8018e4d281,True,not_applicable,not_applicable,,,,0,False,False,False,False,False,False,0,0
CHILDES,EllisWeismer,raw_download,2026-05-31,/private/tmp/talkbank_intake_20260531/EllisWeismer/0phon/LT_30pc/12038.xml,data/raw/talkbank/CHILDES/EllisWeismer/download_2026-05-31/0phon/LT_30pc/12038.xml,documentation,.xml,601446,04f83e5e9a09c0101a510a55745144c06354c9f6ec2bde806448bd2f9585eff1,True,not_applicable,not_applicable,,,,0,False,False,False,False,False,False,0,0
CHILDES,EllisWeismer,raw_download,2026-05-31,/private/tmp/talkbank_intake_20260531/EllisWeismer/0phon/LT_30pc/12042.xml,data/raw/talkbank/CHILDES/EllisWeismer/download_2026-05-31/0phon/LT_30pc/12042.xml,documentation,.xml,992782,1d978d78ccce88f8df9dcf38052be4661e125f21e4bbc942058ad308678e8322,True,not_applicable,not_applicable,,,,0,False,False,False,False,False,False,0,0
CHILDES,EllisWeismer,raw_download,2026-05-31,/private/tmp/talkbank_intake_20260531/EllisWeismer/0phon/LT_30pc/12058.xml,data/raw/talkbank/CHILDES/EllisWeismer/download_2026-05-31/0phon/LT_30pc/12058.xml,documentation,.xml,685366,f6812b93165877a2400634bc746f7c9858bd62ee1fff7a4b67936aa397ea5bfd,True,not_applicable,not_applicable,,,,0,False,False,False,False,False,False,0,0
CHILDES,EllisWeismer,raw_download,2026-05-31,/private/tmp/talkbank_intake_20260531/EllisWeismer/0phon/LT_30pc/12059.xml,data/raw/talkbank/CHILDES/EllisWeismer/download_2026-05-31/0phon/LT_30pc/12059.xml,documentation,.xml,510747,9f0e64b5b2cbd2a81ebc3cbdf4b6cc017163fe64bde9ebaf62bf647b38a939c6,True,not_applicable,not_applicable,,,,0,False,False,False,False,False,False,0,0
CHILDES,EllisWeismer,raw_download,2026-05-31,/private/tmp/talkbank_intake_20260531/EllisWeismer/0phon/LT_30pc/12067.xml,data/raw/talkbank/CHILDES/EllisWeismer/download_2026-05-31/0phon/LT_30pc/12067.xml,documentation,.xml,835879,c50c4819fa772feacbc66f32259ad97e794e9f2187d7c4d67d0c3a7d02bfd0f9,True,not_applicable,not_applicable,,,,0,False,False,False,False,False,False,0,0
CHILDES,EllisWeismer,raw_download,2026-05-31,/private/tmp/talkbank_intake_20260531/EllisWeismer/0phon/LT_30pc/12072.xml,data/raw/talkbank/CHILDES/EllisWeismer/download_2026-05-31/0phon/LT_30pc/12072.xml,documentation,.xml,873361,df08c3e4b0e5b2a93a718a4ea676e9505d44f822aa2d672632a8c91b558d17dd,True,not_applicable,not_applicable,,,,0,False,False,False,False,False,False,0,0
CHILDES,EllisWeismer,raw_download,2026-05-31,/private/tmp/talkbank_intake_20260531/EllisWeismer/0phon/LT_30pc/12074.xml,data/raw/talkbank/CHILDES/EllisWeismer/download_2026-05-31/0phon/LT_30pc/12074.xml,documentation,.xml,471060,3e9f6477d2edb4082ec71287a50f0376989530cda271f59ad1894a4e1dad9035,True,not_applicable,not_applicable,,,,0,False,False,False,False,False,False,0,0
CHILDES,EllisWeismer,raw_download,2026-05-31,/private/tmp/talkbank_intake_20260531/EllisWeismer/0phon/LT_30pc/12076.xml,data/raw/talkbank/CHILDES/EllisWeismer/download_2026-05-31/0phon/LT_30pc/12076.xml,documentation,.xml,257898,28697d3ff921e49660b240bed092be07a65f51e8ef1f1c2e048460049ff8dfe9,True,not_applicable,not_applicable,,,,0,False,False,False,False,False,False,0,0
CHILDES,EllisWeismer,raw_download,2026-05-31,/private/tmp/talkbank_intake_20260531/EllisWeismer/0phon/LT_30pc/12079.xml,data/raw/talkbank/CHILDES/EllisWeismer/download_2026-05-31/0phon/LT_30pc/12079.xml,documentation,.xml,906302,ffccb57da37a1f5074aa8549b8efb69beef131b17117dea8f204b99b014a7b18,True,not_applicable,not_applicable,,,,0,False,False,False,False,False,False,0,0
CHILDES,EllisWeismer,raw_download,2026-05-31,/private/tmp/talkbank_intake_20260531/EllisWeismer/0phon/LT_30pc/12080.xml,data/raw/talkbank/CHILDES/EllisWeismer/download_2026-05-31/0phon/LT_30pc/12080.xml,documentation,.xml,803845,eb02ebbed7b97163fae40ce5727115b3d6e6d3d678ac9257f09303c40437b15f,True,not_applicable,not_applicable,,,,0,False,False,False,False,False,False,0,0
CHILDES,EllisWeismer,raw_download,2026-05-31,/private/tmp/talkbank_intake_20260531/EllisWeismer/0phon/LT_30pc/12081.xml,data/raw/talkbank/CHILDES/EllisWeismer/download_2026-05-31/0phon/LT_30pc/12081.xml,documentation,.xml,791093,25e0fd6fcb6e8c55246e18d8d98ee55715588abc180dbd554933a19ef585aae2,True,not_applicable,not_applicable,,,,0,False,False,False,False,False,False,0,0
CHILDES,EllisWeismer,raw_download,2026-05-31,/private/tmp/talkbank_intake_20260531/EllisWeismer/0phon/LT_30pc/12082.xml,data/raw/talkbank/CHILDES/EllisWeismer/download_2026-05-31/0phon/LT_30pc/12082.xml,documentation,.xml,900454,4733949414458f1963eb65840c40e6d2937819dda4452430c6248ff084585b4c,True,not_applicable,not_applicable,,,,0,False,False,False,False,False,False,0,0
CHILDES,EllisWeismer,raw_download,2026-05-31,/private/tmp/talkbank_intake_20260531/EllisWeismer/0phon/LT_30pc/12083.xml,data/raw/talkbank/CHILDES/EllisWeismer/download_2026-05-31/0phon/LT_30pc/12083.xml,documentation,.xml,497876,1194509047404fee2abd314a7aa2470235d97002a34c09bbd352e9f34e092113,True,not_applicable,not_applicable,,,,0,False,False,False,False,False,False,0,0
CHILDES,EllisWeismer,raw_download,2026-05-31,/private/tmp/talkbank_intake_20260531/EllisWeismer/0phon/LT_30pc/12084.xml,data/raw/talkbank/CHILDES/EllisWeismer/download_2026-05-31/0phon/LT_30pc/12084.xml,documentation,.xml,735254,4dade3a161e1cfa5efb0211e886af146a091ce641d391ce087635303cdf7db1e,True,not_applicable,not_applicable,,,,0,False,False,False,False,False,False,0,0
CHILDES,EllisWeismer,raw_download,2026-05-31,/private/tmp/talkbank_intake_20260531/EllisWeismer/0phon/LT_30pc/21088.xml,data/raw/talkbank/CHILDES/EllisWeismer/download_2026-05-31/0phon/LT_30pc/21088.xml,documentation,.xml,726196,8430ee527618d4ea2d30f0550e50998c0d27150157395bfc0040b0bce64f7a90,True,not_applicable,not_applicable,,,,0,False,False,False,False,False,False,0,0
CHILDES,EllisWeismer,raw_download,2026-05-31,/private/tmp/talkbank_intake_20260531/EllisWeismer/0phon/LT_30pc/21094.xml,data/raw/talkbank/CHILDES/EllisWeismer/download_2026-05-31/0phon/LT_30pc/21094.xml,documentation,.xml,840401,d5b3d3b3de5e6389c21db0699884248ee1b96429e5f5e391adbb410f6dc9be24,True,not_applicable,not_applicable,,,,0,False,False,False,False,False,False,0,0
CHILDES,EllisWeismer,raw_download,2026-05-31,/private/tmp/talkbank_intake_20260531/EllisWeismer/0phon/LT_30pc/21110.xml,data/raw/talkbank/CHILDES/EllisWeismer/download_2026-05-31/0phon/LT_30pc/21110.xml,documentation,.xml,791588,6c396e831296cd89b006665a81bd6b624ab4c7faee765328f670e4826a73f754,True,not_applicable,not_applicable,,,,0,False,False,False,False,False,False,0,0
CHILDES,EllisWeismer,raw_download,2026-05-31,/private/tmp/talkbank_intake_20260531/EllisWeismer/0phon/LT_30pc/21117.xml,data/raw/talkbank/CHILDES/EllisWeismer/download_2026-05-31/0phon/LT_30pc/21117.xml,documentation,.xml,820717,84abab725f3f0e8e11bbed9e373ff61dbd5ffd5f12397ba5927fd32d588192de,True,not_applicable,not_applicable,,,,0,False,False,False,False,False,False,0,0
CHILDES,EllisWeismer,raw_download,2026-05-31,/private/tmp/talkbank_intake_20260531/EllisWeismer/0phon/LT_30pc/21129.xml,data/raw/talkbank/CHILDES/EllisWeismer/download_2026-05-31/0phon/LT_30pc/21129.xml,documentation,.xml,777159,d3acebfac19f9cce86cffbeb4a86d702a75a0ff22b718d92f80b4fe457652ecf,True,not_applicable,not_applicable,,,,0,False,False,False,False,False,False,0,0
CHILDES,EllisWeismer,raw_download,2026-05-31,/private/tmp/talkbank_intake_20260531/EllisWeismer/0phon/LT_30pc/21146.xml,data/raw/talkbank/CHILDES/EllisWeismer/download_2026-05-31/0phon/LT_30pc/21146.xml,documentation,.xml,920809,2e12c78a7b05eb88bfab92ddca3abcfdfcbb18eeff57d95a05e8f060d60d3009,True,not_applicable,not_applicable,,,,0,False,False,False,False,False,False,0,0
CHILDES,EllisWeismer,raw_download,2026-05-31,/private/tmp/talkbank_intake_20260531/EllisWeismer/0phon/LT_30pc/21165.xml,data/raw/talkbank/CHILDES/EllisWeismer/download_2026-05-31/0phon/LT_30pc/21165.xml,documentation,.xml,459821,a70de796cc92b87a6b5da1ce41f7cb375a07a08157944384381ebae5939bbbc0,True,not_applicable,not_applicable,,,,0,False,False,False,False,False,False,0,0
CHILDES,EllisWeismer,raw_download,2026-05-31,/private/tmp/talkbank_intake_20260531/EllisWeismer/0phon/LT_30pc/22090.xml,data/raw/talkbank/CHILDES/EllisWeismer/download_2026-05-31/0phon/LT_30pc/22090.xml,documentation,.xml,417076,8ec648b160938ba480fb9901cb26f21bc767b9199ff03d2ccaad874850867810,True,not_applicable,not_applicable,,,,0,False,False,False,False,False,False,0,0
CHILDES,EllisWeismer,raw_download,2026-05-31,/private/tmp/talkbank_intake_20260531/EllisWeismer/0phon/LT_30pc/22098.xml,data/raw/talkbank/CHILDES/EllisWeismer/download_2026-05-31/0phon/LT_30pc/22098.xml,documentation,.xml,725522,bc5792c02e808000d6534a419f7763ed3f2985d0b0da59d5b67ac322f420b504,True,not_applicable,not_applicable,,,,0,False,False,False,False,False,False,0,0
CHILDES,EllisWeismer,raw_download,2026-05-31,/private/tmp/talkbank_intake_20260531/EllisWeismer/0phon/LT_30pc/22111.xml,data/raw/talkbank/CHILDES/EllisWeismer/download_2026-05-31/0phon/LT_30pc/22111.xml,documentation,.xml,608026,1fea37ab7de236cf7d96f9a17de69c800810bdcfcd5d4afe0cfafded9257a6bd,True,not_applicable,not_applicable,,,,0,False,False,False,False,False,False,0,0
CHILDES,EllisWeismer,raw_download,2026-05-31,/private/tmp/talkbank_intake_20260531/EllisWeismer/0phon/LT_30pc/22112.xml,data/raw/talkbank/CHILDES/EllisWeismer/download_2026-05-31/0phon/LT_30pc/22112.xml,documentation,.xml,726577,111dfc20fd7bc6ab2077ebd086a738ab15afb556e31a49e98398f6075fb64f9f,True,not_applicable,not_applicable,,,,0,False,False,False,False,False,False,0,0
CHILDES,EllisWeismer,raw_download,2026-05-31,/private/tmp/talkbank_intake_20260531/EllisWeismer/0phon/LT_30pc/22125.xml,data/raw/talkbank/CHILDES/EllisWeismer/download_2026-05-31/0phon/LT_30pc/22125.xml,documentation,.xml,746923,2d05416ebc0bc469cc61c19dabdfaeb40d1d9d4cda402a6bed942fd41224ea54,True,not_applicable,not_applicable,,,,0,False,False,False,False,False,False,0,0
CHILDES,EllisWeismer,raw_download,2026-05-31,/private/tmp/talkbank_intake_20260531/EllisWeismer/0phon/LT_30pc/22131.xml,data/raw/talkbank/CHILDES/EllisWeismer/download_2026-05-31/0phon/LT_30pc/22131.xml,documentation,.xml,725057,8ebcdecae2d59f0ace7c89a92528111e6e6956c04857ac9bb213572a99239542,True,not_applicable,not_applicable,,,,0,False,False,False,False,False,False,0,0
CHILDES,EllisWeismer,raw_download,2026-05-31,/private/tmp/talkbank_intake_20260531/EllisWeismer/0phon/LT_30pc/22138.xml,data/raw/talkbank/CHILDES/EllisWeismer/download_2026-05-31/0phon/LT_30pc/22138.xml,documentation,.xml,874395,ceaf28edcfe75974250b255313e661862d0798f0ca25e2c91708e260b16c1e7e,True,not_applicable,not_applicable,,,,0,False,False,False,False,False,False,0,0
CHILDES,EllisWeismer,raw_download,2026-05-31,/private/tmp/talkbank_intake_20260531/EllisWeismer/0phon/LT_30pc/22142.xml,data/raw/talkbank/CHILDES/EllisWeismer/download_2026-05-31/0phon/LT_30pc/22142.xml,documentation,.xml,875527,618f7d68bdf511d41250b8df984abccc4f326d6da2f384f720f6484690e9dbd8,True,not_applicable,not_applicable,,,,0,False,False,False,False,False,False,0,0
CHILDES,EllisWeismer,raw_download,2026-05-31,/private/tmp/talkbank_intake_20260531/EllisWeismer/0phon/LT_30pc/22150.xml,data/raw/talkbank/CHILDES/EllisWeismer/download_2026-05-31/0phon/LT_30pc/22150.xml,documentation,.xml,611982,08041699e0303f56b6799e85de2ccc1fb382edab4bc112655b45d38b8838674c,True,not_applicable,not_applicable,,,,0,False,False,False,False,False,False,0,0
CHILDES,EllisWeismer,raw_download,2026-05-31,/private/tmp/talkbank_intake_20260531/EllisWeismer/0phon/LT_30pc/22156.xml,data/raw/talkbank/CHILDES/EllisWeismer/download_2026-05-31/0phon/LT_30pc/22156.xml,documentation,.xml,788402,0f69353b5a3ee94e084cdee235278a141de917d04e02c54dc02c398e34d21e0f,True,not_applicable,not_applicable,,,,0,False,False,False,False,False,False,0,0
CHILDES,EllisWeismer,raw_download,2026-05-31,/private/tmp/talkbank_intake_20260531/EllisWeismer/0phon/LT_30pc/22161.xml,data/raw/talkbank/CHILDES/EllisWeismer/download_2026-05-31/0phon/LT_30pc/22161.xml,documentation,.xml,1076005,fdab1128149effcbe33c14479d5827a3a36db9459fdae22afe25c1f5345f3708,True,not_applicable,not_applicable,,,,0,False,False,False,False,False,False,0,0
CHILDES,EllisWeismer,raw_download,2026-05-31,/private/tmp/talkbank_intake_20260531/EllisWeismer/0phon/LT_30pc/22162.xml,data/raw/talkbank/CHILDES/EllisWeismer/download_2026-05-31/0phon/LT_30pc/22162.xml,documentation,.xml,914712,10bd13e6e80d8baacce99cb9f01b4f5460f682edb53920f270da1c2d9c247129,True,not_applicable,not_applicable,,,,0,False,False,False,False,False,False,0,0
CHILDES,EllisWeismer,raw_download,2026-05-31,/private/tmp/talkbank_intake_20260531/EllisWeismer/0phon/LT_30pc/22163.xml,data/raw/talkbank/CHILDES/EllisWeismer/download_2026-05-31/0phon/LT_30pc/22163.xml,documentation,.xml,783059,e98d53a8421dd00c639ead2cf59e2f79ff6b1ed4ebd7ca09882ac5eb54185ba3,True,not_applicable,not_applicable,,,,0,False,False,False,False,False,False,0,0
CHILDES,EllisWeismer,raw_download,2026-05-31,/private/tmp/talkbank_intake_20260531/EllisWeismer/0phon/LT_30pc/22164.xml,data/raw/talkbank/CHILDES/EllisWeismer/download_2026-05-31/0phon/LT_30pc/22164.xml,documentation,.xml,397089,7d8400e02d1a6971dca32a3d305685b152dd206746b5e3a0cd9a67f13d7e75ed,True,not_applicable,not_applicable,,,,0,False,False,False,False,False,False,0,0
CHILDES,EllisWeismer,raw_download,2026-05-31,/private/tmp/talkbank_intake_20260531/EllisWeismer/0phon/LT_30pc/22166.xml,data/raw/talkbank/CHILDES/EllisWeismer/download_2026-05-31/0phon/LT_30pc/22166.xml,documentation,.xml,767031,ae5cfb2b37505035941d3761c07b4f15f6dab7ee549e76549350532bf224811d,True,not_applicable,not_applicable,,,,0,False,False,False,False,False,False,0,0
CHILDES,EllisWeismer,raw_download,2026-05-31,/private/tmp/talkbank_intake_20260531/EllisWeismer/0phon/LT_30pc/22169.xml,data/raw/talkbank/CHILDES/EllisWeismer/download_2026-05-31/0phon/LT_30pc/22169.xml,documentation,.xml,602193,e4342efdc2bde03e44f3c3770b098bfb62abb7c3e6d3acef003e7629f8791251,True,not_applicable,not_applicable,,,,0,False,False,False,False,False,False,0,0
CHILDES,EllisWeismer,raw_download,2026-05-31,/private/tmp/talkbank_intake_20260531/EllisWeismer/0phon/LT_30pc/22170.xml,data/raw/talkbank/CHILDES/EllisWeismer/download_2026-05-31/0phon/LT_30pc/22170.xml,documentation,.xml,987880,5272707603e8cbdf194504dfcdca0962462e3d51686fb77c51541a9305c01986,True,not_applicable,not_applicable,,,,0,False,False,False,False,False,False,0,0
CHILDES,EllisWeismer,raw_download,2026-05-31,/private/tmp/talkbank_intake_20260531/EllisWeismer/0phon/LT_30pc/22175.xml,data/raw/talkbank/CHILDES/EllisWeismer/download_2026-05-31/0phon/LT_30pc/22175.xml,documentation,.xml,616498,62e8113898518a63bae5b40b74f2cf1bfc7c9b075fdff5f565fff2a3bde64f89,True,not_applicable,not_applicable,,,,0,False,False,False,False,False,False,0,0
CHILDES,EllisWeismer,raw_download,2026-05-31,/private/tmp/talkbank_intake_20260531/EllisWeismer/0phon/LT_42ec/11005.xml,data/raw/talkbank/CHILDES/EllisWeismer/download_2026-05-31/0phon/LT_42ec/11005.xml,documentation,.xml,902304,97a8f07ffc95f76ede9e597268bd39bd1f175635b46c43bb05722f1d12181650,True,not_applicable,not_applicable,,,,0,False,False,False,False,False,False,0,0
CHILDES,EllisWeismer,raw_download,2026-05-31,/private/tmp/talkbank_intake_20260531/EllisWeismer/0phon/LT_42ec/11016.xml,data/raw/talkbank/CHILDES/EllisWeismer/download_2026-05-31/0phon/LT_42ec/11016.xml,documentation,.xml,865930,25f9cb76082b20ec6c1cae80592e2077b646a9be4674b3e33e4bf88dc4ce39e2,True,not_applicable,not_applicable,,,,0,False,False,False,False,False,False,0,0
CHILDES,EllisWeismer,raw_download,2026-05-31,/private/tmp/talkbank_intake_20260531/EllisWeismer/0phon/LT_42ec/11066.xml,data/raw/talkbank/CHILDES/EllisWeismer/download_2026-05-31/0phon/LT_42ec/11066.xml,documentation,.xml,822120,c902f4421befcdc71563938845e77a436303cbf311566a8127172f3582ca27b5,True,not_applicable,not_applicable,,,,0,False,False,False,False,False,False,0,0
CHILDES,EllisWeismer,raw_download,2026-05-31,/private/tmp/talkbank_intake_20260531/EllisWeismer/0phon/LT_42ec/11068.xml,data/raw/talkbank/CHILDES/EllisWeismer/download_2026-05-31/0phon/LT_42ec/11068.xml,documentation,.xml,840368,9ccfe1426b98c070103e6dc07e0a4f151b83a4acdd50bc8c611ba65d0815a61d,True,not_applicable,not_applicable,,,,0,False,False,False,False,False,False,0,0
CHILDES,EllisWeismer,raw_download,2026-05-31,/private/tmp/talkbank_intake_20260531/EllisWeismer/0phon/LT_42ec/11070.xml,data/raw/talkbank/CHILDES/EllisWeismer/download_2026-05-31/0phon/LT_42ec/11070.xml,documentation,.xml,542592,54dff9d8bc0be2afe793b9a0d44c67170420efe441cf2f6c927bdbf4020f6945,True,not_applicable,not_applicable,,,,0,False,False,False,False,False,False,0,0
CHILDES,EllisWeismer,raw_download,2026-05-31,/private/tmp/talkbank_intake_20260531/EllisWeismer/0phon/LT_42ec/11073.xml,data/raw/talkbank/CHILDES/EllisWeismer/download_2026-05-31/0phon/LT_42ec/11073.xml,documentation,.xml,924557,cb5e09c20d20da94a331f429113eedbb9e2ff1fcc8478227ad2d4f053b46024e,True,not_applicable,not_applicable,,,,0,False,False,False,False,False,False,0,0
CHILDES,EllisWeismer,raw_download,2026-05-31,/private/tmp/talkbank_intake_20260531/EllisWeismer/0phon/LT_42ec/11078.xml,data/raw/talkbank/CHILDES/EllisWeismer/download_2026-05-31/0phon/LT_42ec/11078.xml,documentation,.xml,828046,dd0071093d11be8c60670953271fb64461fd500eb00c1279b64e268e98f7fe39,True,not_applicable,not_applicable,,,,0,False,False,False,False,False,False,0,0
CHILDES,EllisWeismer,raw_download,2026-05-31,/private/tmp/talkbank_intake_20260531/EllisWeismer/0phon/LT_42ec/12009.xml,data/raw/talkbank/CHILDES/EllisWeismer/download_2026-05-31/0phon/LT_42ec/12009.xml,documentation,.xml,692272,d42ed45e8d1f1c1ef13cf5f98c1168eca3999ad40467333e9268b75188a994a0,True,not_applicable,not_applicable,,,,0,False,False,False,False,False,False,0,0
CHILDES,EllisWeismer,raw_download,2026-05-31,/private/tmp/talkbank_intake_20260531/EllisWeismer/0phon/LT_42ec/12022.xml,data/raw/talkbank/CHILDES/EllisWeismer/download_2026-05-31/0phon/LT_42ec/12022.xml,documentation,.xml,759601,60a3675d1bc4806f360fdc9795b5e318d521a9f5af34d29921c5dbb285fa95b0,True,not_applicable,not_applicable,,,,0,False,False,False,False,False,False,0,0
CHILDES,EllisWeismer,raw_download,2026-05-31,/private/tmp/talkbank_intake_20260531/EllisWeismer/0phon/LT_42ec/12036.xml,data/raw/talkbank/CHILDES/EllisWeismer/download_2026-05-31/0phon/LT_42ec/12036.xml,documentation,.xml,764507,8fe9464262b28e309645590e316aef9a38388a1118a0738a708ef2743f609396,True,not_applicable,not_applicable,,,,0,False,False,False,False,False,False,0,0
CHILDES,EllisWeismer,raw_download,2026-05-31,/private/tmp/talkbank_intake_20260531/EllisWeismer/0phon/LT_42ec/12038.xml,data/raw/talkbank/CHILDES/EllisWeismer/download_2026-05-31/0phon/LT_42ec/12038.xml,documentation,.xml,790730,9996b74676361712f969e8c1e72150acbf19ba531edfc19c2229d303f629cb6a,True,not_applicable,not_applicable,,,,0,False,False,False,False,False,False,0,0
CHILDES,EllisWeismer,raw_download,2026-05-31,/private/tmp/talkbank_intake_20260531/EllisWeismer/0phon/LT_42ec/12042.xml,data/raw/talkbank/CHILDES/EllisWeismer/download_2026-05-31/0phon/LT_42ec/12042.xml,documentation,.xml,878655,c09a7c2ba4fe33147c515864d7801eb71375dd95be76c3480f93f95bda116f75,True,not_applicable,not_applicable,,,,0,False,False,False,False,False,False,0,0
CHILDES,EllisWeismer,raw_download,2026-05-31,/private/tmp/talkbank_intake_20260531/EllisWeismer/0phon/LT_42ec/12058.xml,data/raw/talkbank/CHILDES/EllisWeismer/download_2026-05-31/0phon/LT_42ec/12058.xml,documentation,.xml,919651,14c5ca7c7489e6b7c2b2bce84f3cab86970a5696e29b6e4f95c6e0110e72554b,True,not_applicable,not_applicable,,,,0,False,False,False,False,False,False,0,0
CHILDES,EllisWeismer,raw_download,2026-05-31,/private/tmp/talkbank_intake_20260531/EllisWeismer/0phon/LT_42ec/12059.xml,data/raw/talkbank/CHILDES/EllisWeismer/download_2026-05-31/0phon/LT_42ec/12059.xml,documentation,.xml,922569,9285112ea1666f0b0faa385b4a12d6b62e3a83fcdb15e2ffadf795a49922f361,True,not_applicable,not_applicable,,,,0,False,False,False,False,False,False,0,0
CHILDES,EllisWeismer,raw_download,2026-05-31,/private/tmp/talkbank_intake_20260531/EllisWeismer/0phon/LT_42ec/12072.xml,data/raw/talkbank/CHILDES/EllisWeismer/download_2026-05-31/0phon/LT_42ec/12072.xml,documentation,.xml,713891,0e5e8c301ef4ef47c79b52889019e263a4fb7fb41609f623a633f91ad8a5ef0d,True,not_applicable,not_applicable,,,,0,False,False,False,False,False,False,0,0
CHILDES,EllisWeismer,raw_download,2026-05-31,/private/tmp/talkbank_intake_20260531/EllisWeismer/0phon/LT_42ec/12074.xml,data/raw/talkbank/CHILDES/EllisWeismer/download_2026-05-31/0phon/LT_42ec/12074.xml,documentation,.xml,500355,7efb0c1f2d25544a82d15c6006d81438b2a8ab909deff6abee58924f5aa7614b,True,not_applicable,not_applicable,,,,0,False,False,False,False,False,False,0,0
CHILDES,EllisWeismer,raw_download,2026-05-31,/private/tmp/talkbank_intake_20260531/EllisWeismer/0phon/LT_42ec/12076.xml,data/raw/talkbank/CHILDES/EllisWeismer/download_2026-05-31/0phon/LT_42ec/12076.xml,documentation,.xml,581295,a577da1018847e8b1dda3d276ce812c0d56b007b454a7bef6c770224308e0bc1,True,not_applicable,not_applicable,,,,0,False,False,False,False,False,False,0,0
CHILDES,EllisWeismer,raw_download,2026-05-31,/private/tmp/talkbank_intake_20260531/EllisWeismer/0phon/LT_42ec/12080.xml,data/raw/talkbank/CHILDES/EllisWeismer/download_2026-05-31/0phon/LT_42ec/12080.xml,documentation,.xml,839736,ce7b3d486533d03d0045d9115910c5398f124f28c47327b9d498c946e89f54fb,True,not_applicable,not_applicable,,,,0,False,False,False,False,False,False,0,0
CHILDES,EllisWeismer,raw_download,2026-05-31,/private/tmp/talkbank_intake_20260531/EllisWeismer/0phon/LT_42ec/12082.xml,data/raw/talkbank/CHILDES/EllisWeismer/download_2026-05-31/0phon/LT_42ec/12082.xml,documentation,.xml,744591,3b561e228527fb59c6fa6461763aedca3dbd8411a2a3f6e63a3982b3da835019,True,not_applicable,not_applicable,,,,0,False,False,False,False,False,False,0,0
CHILDES,EllisWeismer,raw_download,2026-05-31,/private/tmp/talkbank_intake_20260531/EllisWeismer/0phon/LT_42ec/12083.xml,data/raw/talkbank/CHILDES/EllisWeismer/download_2026-05-31/0phon/LT_42ec/12083.xml,documentation,.xml,541853,2e24426ebfe85f671653c00bcfcb976b2b28d9f0e8da13af395b4c6072be46a9,True,not_applicable,not_applicable,,,,0,False,False,False,False,False,False,0,0
CHILDES,EllisWeismer,raw_download,2026-05-31,/private/tmp/talkbank_intake_20260531/EllisWeismer/0phon/LT_42ec/12084.xml,data/raw/talkbank/CHILDES/EllisWeismer/download_2026-05-31/0phon/LT_42ec/12084.xml,documentation,.xml,942451,c390e9388e8aeb1c22dd6a03b783749e5aa76a3ef2a4a0354e6257576703bf06,True,not_applicable,not_applicable,,,,0,False,False,False,False,False,False,0,0
CHILDES,EllisWeismer,raw_download,2026-05-31,/private/tmp/talkbank_intake_20260531/EllisWeismer/0phon/LT_42ec/21110.xml,data/raw/talkbank/CHILDES/EllisWeismer/download_2026-05-31/0phon/LT_42ec/21110.xml,documentation,.xml,692570,304b07187be98e5701e23041dcdf916fceee26bcfdb34b64a4b17c133a9ac085,True,not_applicable,not_applicable,,,,0,False,False,False,False,False,False,0,0
CHILDES,EllisWeismer,raw_download,2026-05-31,/private/tmp/talkbank_intake_20260531/EllisWeismer/0phon/LT_42ec/21117.xml,data/raw/talkbank/CHILDES/EllisWeismer/download_2026-05-31/0phon/LT_42ec/21117.xml,documentation,.xml,644663,6833711240c8c83c14030d3d2a17bf1ff9c7269aad5902a4880e4ee40fb8f9b3,True,not_applicable,not_applicable,,,,0,False,False,False,False,False,False,0,0
CHILDES,EllisWeismer,raw_download,2026-05-31,/private/tmp/talkbank_intake_20260531/EllisWeismer/0phon/LT_42ec/21129.xml,data/raw/talkbank/CHILDES/EllisWeismer/download_2026-05-31/0phon/LT_42ec/21129.xml,documentation,.xml,763980,a361102b05751673bd4d32eb3ee23791548345b1b1d441759636600bc6620a7c,True,not_applicable,not_applicable,,,,0,False,False,False,False,False,False,0,0
CHILDES,EllisWeismer,raw_download,2026-05-31,/private/tmp/talkbank_intake_20260531/EllisWeismer/0phon/LT_42ec/21146.xml,data/raw/talkbank/CHILDES/EllisWeismer/download_2026-05-31/0phon/LT_42ec/21146.xml,documentation,.xml,573403,eaaee90f47a9590b18d810d37edbd381b84b4ed05fac462931f3964781c130f5,True,not_applicable,not_applicable,,,,0,False,False,False,False,False,False,0,0
CHILDES,EllisWeismer,raw_download,2026-05-31,/private/tmp/talkbank_intake_20260531/EllisWeismer/0phon/LT_42ec/21165.xml,data/raw/talkbank/CHILDES/EllisWeismer/download_2026-05-31/0phon/LT_42ec/21165.xml,documentation,.xml,526363,da6e4b964e54d2f258b607bcc0302f9a883abb1cf7b8b55e95342c22ff547c06,True,not_applicable,not_applicable,,,,0,False,False,False,False,False,False,0,0
CHILDES,EllisWeismer,raw_download,2026-05-31,/private/tmp/talkbank_intake_20260531/EllisWeismer/0phon/LT_42ec/22086.xml,data/raw/talkbank/CHILDES/EllisWeismer/download_2026-05-31/0phon/LT_42ec/22086.xml,documentation,.xml,777921,37faca8197f7ea28ba51c87a50bfb886ee277ea71a6fea2c0d6cbb9fb36dfa6a,True,not_applicable,not_applicable,,,,0,False,False,False,False,False,False,0,0
CHILDES,EllisWeismer,raw_download,2026-05-31,/private/tmp/talkbank_intake_20260531/EllisWeismer/0phon/LT_42ec/22090.xml,data/raw/talkbank/CHILDES/EllisWeismer/download_2026-05-31/0phon/LT_42ec/22090.xml,documentation,.xml,500279,74f2e6515267ac76d0593d096cd20ea142321705dfa18de3f993971c35143440,True,not_applicable,not_applicable,,,,0,False,False,False,False,False,False,0,0
CHILDES,EllisWeismer,raw_download,2026-05-31,/private/tmp/talkbank_intake_20260531/EllisWeismer/0phon/LT_42ec/22111.xml,data/raw/talkbank/CHILDES/EllisWeismer/download_2026-05-31/0phon/LT_42ec/22111.xml,documentation,.xml,834892,29c57c4a3c3deb08bbf79c2a51127cbedd1b96905de48485d269ddece13542fc,True,not_applicable,not_applicable,,,,0,False,False,False,False,False,False,0,0
CHILDES,EllisWeismer,raw_download,2026-05-31,/private/tmp/talkbank_intake_20260531/EllisWeismer/0phon/LT_42ec/22112.xml,data/raw/talkbank/CHILDES/EllisWeismer/download_2026-05-31/0phon/LT_42ec/22112.xml,documentation,.xml,889681,a3a02e013abd2d01a43205158d50e75524310601e53bee2e9b5bd82cada42ce6,True,not_applicable,not_applicable,,,,0,False,False,False,False,False,False,0,0
CHILDES,EllisWeismer,raw_download,2026-05-31,/private/tmp/talkbank_intake_20260531/EllisWeismer/0phon/LT_42ec/22125.xml,data/raw/talkbank/CHILDES/EllisWeismer/download_2026-05-31/0phon/LT_42ec/22125.xml,documentation,.xml,394630,7c3ac314a39e2bb5b710d9c6d4466496792f409147c4985f7532abfa2a329af8,True,not_applicable,not_applicable,,,,0,False,False,False,False,False,False,0,0
CHILDES,EllisWeismer,raw_download,2026-05-31,/private/tmp/talkbank_intake_20260531/EllisWeismer/0phon/LT_42ec/22131.xml,data/raw/talkbank/CHILDES/EllisWeismer/download_2026-05-31/0phon/LT_42ec/22131.xml,documentation,.xml,588686,3a9f14240682c0d1c584ea3a4ac18489ad52757f9e4d23f2a107732c5604779b,True,not_applicable,not_applicable,,,,0,False,False,False,False,False,False,0,0
CHILDES,EllisWeismer,raw_download,2026-05-31,/private/tmp/talkbank_intake_20260531/EllisWeismer/0phon/LT_42ec/22150.xml,data/raw/talkbank/CHILDES/EllisWeismer/download_2026-05-31/0phon/LT_42ec/22150.xml,documentation,.xml,637799,573bf4422b37dc6dc1e0a9cc31e988c7b3422f9a276ac0697aaef08b754fc884,True,not_applicable,not_applicable,,,,0,False,False,False,False,False,False,0,0
CHILDES,EllisWeismer,raw_download,2026-05-31,/private/tmp/talkbank_intake_20260531/EllisWeismer/0phon/LT_42ec/22161.xml,data/raw/talkbank/CHILDES/EllisWeismer/download_2026-05-31/0phon/LT_42ec/22161.xml,documentation,.xml,697617,2270f61bebefcaa3914df1e200ead31a3d267d3075bfe54b3b353791936201a4,True,not_applicable,not_applicable,,,,0,False,False,False,False,False,False,0,0
CHILDES,EllisWeismer,raw_download,2026-05-31,/private/tmp/talkbank_intake_20260531/EllisWeismer/0phon/LT_42ec/22162.xml,data/raw/talkbank/CHILDES/EllisWeismer/download_2026-05-31/0phon/LT_42ec/22162.xml,documentation,.xml,605924,ca5ec6468ca731c58b29c97c9279b4cd143d0ac74fd972f8de7f4c299a8c30ea,True,not_applicable,not_applicable,,,,0,False,False,False,False,False,False,0,0
CHILDES,EllisWeismer,raw_download,2026-05-31,/private/tmp/talkbank_intake_20260531/EllisWeismer/0phon/LT_42ec/22163.xml,data/raw/talkbank/CHILDES/EllisWeismer/download_2026-05-31/0phon/LT_42ec/22163.xml,documentation,.xml,790656,43af64ad22e2ef4e7319413c8ef355a23d9ca61014a40c7d554847600e28fad2,True,not_applicable,not_applicable,,,,0,False,False,False,False,False,False,0,0
CHILDES,EllisWeismer,raw_download,2026-05-31,/private/tmp/talkbank_intake_20260531/EllisWeismer/0phon/LT_42ec/22164.xml,data/raw/talkbank/CHILDES/EllisWeismer/download_2026-05-31/0phon/LT_42ec/22164.xml,documentation,.xml,570131,2729f1a1cf0ca6d5dab07f8c0aca1d4b9129ee7a0fb7c82af61fd4e90dde3fd5,True,not_applicable,not_applicable,,,,0,False,False,False,False,False,False,0,0
CHILDES,EllisWeismer,raw_download,2026-05-31,/private/tmp/talkbank_intake_20260531/EllisWeismer/0phon/LT_42ec/22166.xml,data/raw/talkbank/CHILDES/EllisWeismer/download_2026-05-31/0phon/LT_42ec/22166.xml,documentation,.xml,563057,5a74df266b9435185aaed2efc6b357eb48ba44ed1c89bf62f35c75d8b69974c1,True,not_applicable,not_applicable,,,,0,False,False,False,False,False,False,0,0
CHILDES,EllisWeismer,raw_download,2026-05-31,/private/tmp/talkbank_intake_20260531/EllisWeismer/0phon/LT_42ec/22169.xml,data/raw/talkbank/CHILDES/EllisWeismer/download_2026-05-31/0phon/LT_42ec/22169.xml,documentation,.xml,186065,a1c13c4ea74111287f058a26a1b1e6269d0d8d275c65eac0a2629cbf0ca1d80c,True,not_applicable,not_applicable,,,,0,False,False,False,False,False,False,0,0
CHILDES,EllisWeismer,raw_download,2026-05-31,/private/tmp/talkbank_intake_20260531/EllisWeismer/0phon/LT_42ec/22170.xml,data/raw/talkbank/CHILDES/EllisWeismer/download_2026-05-31/0phon/LT_42ec/22170.xml,documentation,.xml,556508,b1d32ea0ec47f74a22fff933d7e2ab63776942ee58a8c37a2633122795930239,True,not_applicable,not_applicable,,,,0,False,False,False,False,False,False,0,0
CHILDES,EllisWeismer,raw_download,2026-05-31,/private/tmp/talkbank_intake_20260531/EllisWeismer/0phon/LT_42ec/22175.xml,data/raw/talkbank/CHILDES/EllisWeismer/download_2026-05-31/0phon/LT_42ec/22175.xml,documentation,.xml,680530,9799e41444f0f45448d8437f5ba9ccfa5201bdbd3eb3c512f50f7f0c1fa4741d,True,not_applicable,not_applicable,,,,0,False,False,False,False,False,False,0,0
CHILDES,EllisWeismer,raw_download,2026-05-31,/private/tmp/talkbank_intake_20260531/EllisWeismer/0phon/LT_42pc/11005.xml,data/raw/talkbank/CHILDES/EllisWeismer/download_2026-05-31/0phon/LT_42pc/11005.xml,documentation,.xml,813559,d7c951ca4b881406cf926e3750a556048affc4e01ca9810a560c2a0c586495be,True,not_applicable,not_applicable,,,,0,False,False,False,False,False,False,0,0
CHILDES,EllisWeismer,raw_download,2026-05-31,/private/tmp/talkbank_intake_20260531/EllisWeismer/0phon/LT_42pc/11016.xml,data/raw/talkbank/CHILDES/EllisWeismer/download_2026-05-31/0phon/LT_42pc/11016.xml,documentation,.xml,928092,edd21bf20cc717a1e251b3afcf2d7e041404c8c8e0fc2045081082d41a17c2f1,True,not_applicable,not_applicable,,,,0,False,False,False,False,False,False,0,0
CHILDES,EllisWeismer,raw_download,2026-05-31,/private/tmp/talkbank_intake_20260531/EllisWeismer/0phon/LT_42pc/11066.xml,data/raw/talkbank/CHILDES/EllisWeismer/download_2026-05-31/0phon/LT_42pc/11066.xml,documentation,.xml,1041277,7853b7af0b338ea035d90e33565ddd8602d884c5c1d2617374fafb068296fdf6,True,not_applicable,not_applicable,,,,0,False,False,False,False,False,False,0,0
CHILDES,EllisWeismer,raw_download,2026-05-31,/private/tmp/talkbank_intake_20260531/EllisWeismer/0phon/LT_42pc/11068.xml,data/raw/talkbank/CHILDES/EllisWeismer/download_2026-05-31/0phon/LT_42pc/11068.xml,documentation,.xml,906087,659d982c7a82c0854aec3616b04f22920dc8a16410cdb8f3f433d9741e2c096a,True,not_applicable,not_applicable,,,,0,False,False,False,False,False,False,0,0
CHILDES,EllisWeismer,raw_download,2026-05-31,/private/tmp/talkbank_intake_20260531/EllisWeismer/0phon/LT_42pc/11070.xml,data/raw/talkbank/CHILDES/EllisWeismer/download_2026-05-31/0phon/LT_42pc/11070.xml,documentation,.xml,1020257,59944263864a75dd2a2dcdfacfbc49a1aa79fce34101264bf1dd1867b4eeb689,True,not_applicable,not_applicable,,,,0,False,False,False,False,False,False,0,0
CHILDES,EllisWeismer,raw_download,2026-05-31,/private/tmp/talkbank_intake_20260531/EllisWeismer/0phon/LT_42pc/11073.xml,data/raw/talkbank/CHILDES/EllisWeismer/download_2026-05-31/0phon/LT_42pc/11073.xml,documentation,.xml,708921,6e9a342bef505d0ee573a74df802b432a31c437fca54f9325601fa138b97b4b7,True,not_applicable,not_applicable,,,,0,False,False,False,False,False,False,0,0
CHILDES,EllisWeismer,raw_download,2026-05-31,/private/tmp/talkbank_intake_20260531/EllisWeismer/0phon/LT_42pc/11078.xml,data/raw/talkbank/CHILDES/EllisWeismer/download_2026-05-31/0phon/LT_42pc/11078.xml,documentation,.xml,1004293,4b13d1307f3868fc18f2c5b9a538384a160a10d3bb564e15737b4e0bdb16463c,True,not_applicable,not_applicable,,,,0,False,False,False,False,False,False,0,0
CHILDES,EllisWeismer,raw_download,2026-05-31,/private/tmp/talkbank_intake_20260531/EllisWeismer/0phon/LT_42pc/12009.xml,data/raw/talkbank/CHILDES/EllisWeismer/download_2026-05-31/0phon/LT_42pc/12009.xml,documentation,.xml,735994,30d6005e74c674fb958b76b73c89fbdf47288118ccfa6446c97c118fcc3764d2,True,not_applicable,not_applicable,,,,0,False,False,False,False,False,False,0,0
CHILDES,EllisWeismer,raw_download,2026-05-31,/private/tmp/talkbank_intake_20260531/EllisWeismer/0phon/LT_42pc/12022.xml,data/raw/talkbank/CHILDES/EllisWeismer/download_2026-05-31/0phon/LT_42pc/12022.xml,documentation,.xml,776363,05beabd8aab22925cc145cfdf54b9a5c9bcccc9be9d1a0802d6001a18b60e71a,True,not_applicable,not_applicable,,,,0,False,False,False,False,False,False,0,0
CHILDES,EllisWeismer,raw_download,2026-05-31,/private/tmp/talkbank_intake_20260531/EllisWeismer/0phon/LT_42pc/12036.xml,data/raw/talkbank/CHILDES/EllisWeismer/download_2026-05-31/0phon/LT_42pc/12036.xml,documentation,.xml,1397817,39cbe503f124a4eaa2a5f7c7554212246f6e12b14f6599763865a816cc9da634,True,not_applicable,not_applicable,,,,0,False,False,False,False,False,False,0,0
CHILDES,EllisWeismer,raw_download,2026-05-31,/private/tmp/talkbank_intake_20260531/EllisWeismer/0phon/LT_42pc/12038.xml,data/raw/talkbank/CHILDES/EllisWeismer/download_2026-05-31/0phon/LT_42pc/12038.xml,documentation,.xml,787359,47ce19e404feec6a9de835433afa205a90acf5f9d07018a78d51fa1c7edea9f9,True,not_applicable,not_applicable,,,,0,False,False,False,False,False,False,0,0
CHILDES,EllisWeismer,raw_download,2026-05-31,/private/tmp/talkbank_intake_20260531/EllisWeismer/0phon/LT_42pc/12042.xml,data/raw/talkbank/CHILDES/EllisWeismer/download_2026-05-31/0phon/LT_42pc/12042.xml,documentation,.xml,641931,9a5c0b51f62e9c3e80506bc31430227591a2f4504e6b65ed8083db63e99dc119,True,not_applicable,not_applicable,,,,0,False,False,False,False,False,False,0,0
CHILDES,EllisWeismer,raw_download,2026-05-31,/private/tmp/talkbank_intake_20260531/EllisWeismer/0phon/LT_42pc/12059.xml,data/raw/talkbank/CHILDES/EllisWeismer/download_2026-05-31/0phon/LT_42pc/12059.xml,documentation,.xml,962592,7c87c2d724fd75dbface7bc9a1b0b282c7b11f7ac6e99591b188e4e3270964e3,True,not_applicable,not_applicable,,,,0,False,False,False,False,False,False,0,0
CHILDES,EllisWeismer,raw_download,2026-05-31,/private/tmp/talkbank_intake_20260531/EllisWeismer/0phon/LT_42pc/12072.xml,data/raw/talkbank/CHILDES/EllisWeismer/download_2026-05-31/0phon/LT_42pc/12072.xml,documentation,.xml,992801,d90a6154c29b45c89be52e667e6102cae45fe40b1fd126786707d0b623b5c570,True,not_applicable,not_applicable,,,,0,False,False,False,False,False,False,0,0
CHILDES,EllisWeismer,raw_download,2026-05-31,/private/tmp/talkbank_intake_20260531/EllisWeismer/0phon/LT_42pc/12074.xml,data/raw/talkbank/CHILDES/EllisWeismer/download_2026-05-31/0phon/LT_42pc/12074.xml,documentation,.xml,730458,733b17d00d1b9c3ea719d8ef7c93b7dc445f47dc1950d57c6fe3d9c8c87327bf,True,not_applicable,not_applicable,,,,0,False,False,False,False,False,False,0,0
CHILDES,EllisWeismer,raw_download,2026-05-31,/private/tmp/talkbank_intake_20260531/EllisWeismer/0phon/LT_42pc/12076.xml,data/raw/talkbank/CHILDES/EllisWeismer/download_2026-05-31/0phon/LT_42pc/12076.xml,documentation,.xml,717696,89c416d59a7432e4319fdaa89932e901c8cc1d04c58f9353c438dfe82a4844e4,True,not_applicable,not_applicable,,,,0,False,False,False,False,False,False,0,0
CHILDES,EllisWeismer,raw_download,2026-05-31,/private/tmp/talkbank_intake_20260531/EllisWeismer/0phon/LT_42pc/12080.xml,data/raw/talkbank/CHILDES/EllisWeismer/download_2026-05-31/0phon/LT_42pc/12080.xml,documentation,.xml,1277849,c0a181706215fa9fc0ea4f1fb8f882cc9eca08840d5bc20d98f6c11a34076173,True,not_applicable,not_applicable,,,,0,False,False,False,False,False,False,0,0
CHILDES,EllisWeismer,raw_download,2026-05-31,/private/tmp/talkbank_intake_20260531/EllisWeismer/0phon/LT_42pc/12081.xml,data/raw/talkbank/CHILDES/EllisWeismer/download_2026-05-31/0phon/LT_42pc/12081.xml,documentation,.xml,831228,44a209bfd8c3d48de8c596b77af2be6f9d444e064e87c0752e9fed0c209b8093,True,not_applicable,not_applicable,,,,0,False,False,False,False,False,False,0,0
CHILDES,EllisWeismer,raw_download,2026-05-31,/private/tmp/talkbank_intake_20260531/EllisWeismer/0phon/LT_42pc/12082.xml,data/raw/talkbank/CHILDES/EllisWeismer/download_2026-05-31/0phon/LT_42pc/12082.xml,documentation,.xml,982164,f2b3a0dacda690287490495e5025d712a1ff635cd73e13d84b112960c359c2dc,True,not_applicable,not_applicable,,,,0,False,False,False,False,False,False,0,0
CHILDES,EllisWeismer,raw_download,2026-05-31,/private/tmp/talkbank_intake_20260531/EllisWeismer/0phon/LT_42pc/12083.xml,data/raw/talkbank/CHILDES/EllisWeismer/download_2026-05-31/0phon/LT_42pc/12083.xml,documentation,.xml,855258,0b659de722fdf0d9c9ebf10c8ea5e7cee4dfc1d2af73a5ab3cbb72eeb6ef6f4f,True,not_applicable,not_applicable,,,,0,False,False,False,False,False,False,0,0
CHILDES,EllisWeismer,raw_download,2026-05-31,/private/tmp/talkbank_intake_20260531/EllisWeismer/0phon/LT_42pc/12084.xml,data/raw/talkbank/CHILDES/EllisWeismer/download_2026-05-31/0phon/LT_42pc/12084.xml,documentation,.xml,880586,d2e35bac50afa786a94eb1ee7c5507b452960501919c958269823212294352a0,True,not_applicable,not_applicable,,,,0,False,False,False,False,False,False,0,0
CHILDES,EllisWeismer,raw_download,2026-05-31,/private/tmp/talkbank_intake_20260531/EllisWeismer/0phon/LT_42pc/21110.xml,data/raw/talkbank/CHILDES/EllisWeismer/download_2026-05-31/0phon/LT_42pc/21110.xml,documentation,.xml,874083,029ad0d2d53e023ba7e6ea5973652679f572f2a585711b581ef369ddb59fd73f,True,not_applicable,not_applicable,,,,0,False,False,False,False,False,False,0,0
CHILDES,EllisWeismer,raw_download,2026-05-31,/private/tmp/talkbank_intake_20260531/EllisWeismer/0phon/LT_42pc/21117.xml,data/raw/talkbank/CHILDES/EllisWeismer/download_2026-05-31/0phon/LT_42pc/21117.xml,documentation,.xml,636829,287a4374cfe7d96f81bf28f8364b63dfa8adb794326d517047ff57503e587e1b,True,not_applicable,not_applicable,,,,0,False,False,False,False,False,False,0,0
CHILDES,EllisWeismer,raw_download,2026-05-31,/private/tmp/talkbank_intake_20260531/EllisWeismer/0phon/LT_42pc/21129.xml,data/raw/talkbank/CHILDES/EllisWeismer/download_2026-05-31/0phon/LT_42pc/21129.xml,documentation,.xml,692457,22ced10b364a097b272127c129ecc49c665df147f1fc8431bed3595375d93139,True,not_applicable,not_applicable,,,,0,False,False,False,False,False,False,0,0
CHILDES,EllisWeismer,raw_download,2026-05-31,/private/tmp/talkbank_intake_20260531/EllisWeismer/0phon/LT_42pc/21146.xml,data/raw/talkbank/CHILDES/EllisWeismer/download_2026-05-31/0phon/LT_42pc/21146.xml,documentation,.xml,908272,859f2ac2003b0a963dbbc000937890ab65288621d23706f52a3e7cb8f24ed86e,True,not_applicable,not_applicable,,,,0,False,False,False,False,False,False,0,0
CHILDES,EllisWeismer,raw_download,2026-05-31,/private/tmp/talkbank_intake_20260531/EllisWeismer/0phon/LT_42pc/21165.xml,data/raw/talkbank/CHILDES/EllisWeismer/download_2026-05-31/0phon/LT_42pc/21165.xml,documentation,.xml,610231,8dd5928a84f38d959b7708571af80c03b56e6263ce005b37aa4355fc0fc24f89,True,not_applicable,not_applicable,,,,0,False,False,False,False,False,False,0,0
CHILDES,EllisWeismer,raw_download,2026-05-31,/private/tmp/talkbank_intake_20260531/EllisWeismer/0phon/LT_42pc/22090.xml,data/raw/talkbank/CHILDES/EllisWeismer/download_2026-05-31/0phon/LT_42pc/22090.xml,documentation,.xml,777478,cf877464e66c41846ed77031be541b05b764b4d52f99982f41af650bc58a158f,True,not_applicable,not_applicable,,,,0,False,False,False,False,False,False,0,0
CHILDES,EllisWeismer,raw_download,2026-05-31,/private/tmp/talkbank_intake_20260531/EllisWeismer/0phon/LT_42pc/22111.xml,data/raw/talkbank/CHILDES/EllisWeismer/download_2026-05-31/0phon/LT_42pc/22111.xml,documentation,.xml,858424,84f4ea7b7c26fc7a27cefc2f7b752e5e5576f6be048bdafb135b1bd81e1f9a97,True,not_applicable,not_applicable,,,,0,False,False,False,False,False,False,0,0
CHILDES,EllisWeismer,raw_download,2026-05-31,/private/tmp/talkbank_intake_20260531/EllisWeismer/0phon/LT_42pc/22112.xml,data/raw/talkbank/CHILDES/EllisWeismer/download_2026-05-31/0phon/LT_42pc/22112.xml,documentation,.xml,715819,20fee18e1eeaeac39fd4ff5bfee089770726915f64b7a8176fa0d05d265aa7f1,True,not_applicable,not_applicable,,,,0,False,False,False,False,False,False,0,0
CHILDES,EllisWeismer,raw_download,2026-05-31,/private/tmp/talkbank_intake_20260531/EllisWeismer/0phon/LT_42pc/22138.xml,data/raw/talkbank/CHILDES/EllisWeismer/download_2026-05-31/0phon/LT_42pc/22138.xml,documentation,.xml,775044,417b6ab87045d565939ab50efef58bcbb01127246894d40d10346089b42b5036,True,not_applicable,not_applicable,,,,0,False,False,False,False,False,False,0,0
CHILDES,EllisWeismer,raw_download,2026-05-31,/private/tmp/talkbank_intake_20260531/EllisWeismer/0phon/LT_42pc/22150.xml,data/raw/talkbank/CHILDES/EllisWeismer/download_2026-05-31/0phon/LT_42pc/22150.xml,documentation,.xml,852392,642f3f97079709f0d3fc2d06f3044c2301dfe7168f078a074f728ad8d6405613,True,not_applicable,not_applicable,,,,0,False,False,False,False,False,False,0,0
CHILDES,EllisWeismer,raw_download,2026-05-31,/private/tmp/talkbank_intake_20260531/EllisWeismer/0phon/LT_42pc/22161.xml,data/raw/talkbank/CHILDES/EllisWeismer/download_2026-05-31/0phon/LT_42pc/22161.xml,documentation,.xml,942552,97ff36ab6ae4471545e10f1410f1b0ecd709861ae17464393f9c50c2acb3a434,True,not_applicable,not_applicable,,,,0,False,False,False,False,False,False,0,0
CHILDES,EllisWeismer,raw_download,2026-05-31,/private/tmp/talkbank_intake_20260531/EllisWeismer/0phon/LT_42pc/22162.xml,data/raw/talkbank/CHILDES/EllisWeismer/download_2026-05-31/0phon/LT_42pc/22162.xml,documentation,.xml,664442,44fcdff3d722a865125633e51a17c642fd0b333a5171c76d1c937270f8b33114,True,not_applicable,not_applicable,,,,0,False,False,False,False,False,False,0,0
CHILDES,EllisWeismer,raw_download,2026-05-31,/private/tmp/talkbank_intake_20260531/EllisWeismer/0phon/LT_42pc/22163.xml,data/raw/talkbank/CHILDES/EllisWeismer/download_2026-05-31/0phon/LT_42pc/22163.xml,documentation,.xml,901488,28914fb0a4e5f7165ba6e3ace9411b10dc2f7e594c650163c6f062258b3c4bc3,True,not_applicable,not_applicable,,,,0,False,False,False,False,False,False,0,0
CHILDES,EllisWeismer,raw_download,2026-05-31,/private/tmp/talkbank_intake_20260531/EllisWeismer/0phon/LT_42pc/22164.xml,data/raw/talkbank/CHILDES/EllisWeismer/download_2026-05-31/0phon/LT_42pc/22164.xml,documentation,.xml,796573,f3e7f49e81c70d469410737f1bbe162774feca138f635f43e5b5beb690ab9816,True,not_applicable,not_applicable,,,,0,False,False,False,False,False,False,0,0
CHILDES,EllisWeismer,raw_download,2026-05-31,/private/tmp/talkbank_intake_20260531/EllisWeismer/0phon/LT_42pc/22166.xml,data/raw/talkbank/CHILDES/EllisWeismer/download_2026-05-31/0phon/LT_42pc/22166.xml,documentation,.xml,865708,d803e2656e683e0a1b5cd902b1a2c3e6bac2a7c318f6c767d9f368d5b29a8e3c,True,not_applicable,not_applicable,,,,0,False,False,False,False,False,False,0,0
CHILDES,EllisWeismer,raw_download,2026-05-31,/private/tmp/talkbank_intake_20260531/EllisWeismer/0phon/LT_42pc/22169.xml,data/raw/talkbank/CHILDES/EllisWeismer/download_2026-05-31/0phon/LT_42pc/22169.xml,documentation,.xml,575574,51ef7103a4da7b38ad3b33b843c75dd1f3b6bb9f4731b889c9ca8f631528899f,True,not_applicable,not_applicable,,,,0,False,False,False,False,False,False,0,0
CHILDES,EllisWeismer,raw_download,2026-05-31,/private/tmp/talkbank_intake_20260531/EllisWeismer/0phon/LT_42pc/22170.xml,data/raw/talkbank/CHILDES/EllisWeismer/download_2026-05-31/0phon/LT_42pc/22170.xml,documentation,.xml,791624,39986b5406b91914d07c73fc8c982c1fc79203b3a055e852a46c0635f5edb7b7,True,not_applicable,not_applicable,,,,0,False,False,False,False,False,False,0,0
CHILDES,EllisWeismer,raw_download,2026-05-31,/private/tmp/talkbank_intake_20260531/EllisWeismer/0phon/LT_42pc/22175.xml,data/raw/talkbank/CHILDES/EllisWeismer/download_2026-05-31/0phon/LT_42pc/22175.xml,documentation,.xml,629577,2ed81a67e4be1e4b157b1831d9de18ee0f615ad1cfa62391870ee2be908b5573,True,not_applicable,not_applicable,,,,0,False,False,False,False,False,False,0,0
CHILDES,EllisWeismer,raw_download,2026-05-31,/private/tmp/talkbank_intake_20260531/EllisWeismer/0phon/LT_54ec/11052.xml,data/raw/talkbank/CHILDES/EllisWeismer/download_2026-05-31/0phon/LT_54ec/11052.xml,documentation,.xml,491089,e686e8e58d70dca34cd987ac6178f7035fa1dacc5d82709d16979eaacf1cea9d,True,not_applicable,not_applicable,,,,0,False,False,False,False,False,False,0,0
CHILDES,EllisWeismer,raw_download,2026-05-31,/private/tmp/talkbank_intake_20260531/EllisWeismer/0phon/LT_54ec/11066.xml,data/raw/talkbank/CHILDES/EllisWeismer/download_2026-05-31/0phon/LT_54ec/11066.xml,documentation,.xml,767397,385b7f6ad6bbbdb6178c04877e04c3df64f24e9e1dc9f2f957ee3ee15aab0e02,True,not_applicable,not_applicable,,,,0,False,False,False,False,False,False,0,0
CHILDES,EllisWeismer,raw_download,2026-05-31,/private/tmp/talkbank_intake_20260531/EllisWeismer/0phon/LT_54ec/11068.xml,data/raw/talkbank/CHILDES/EllisWeismer/download_2026-05-31/0phon/LT_54ec/11068.xml,documentation,.xml,858492,2988561ff2d2dc6152a33cc04c511fd25f9320020088f8691e7fb3dd2785bb07,True,not_applicable,not_applicable,,,,0,False,False,False,False,False,False,0,0
CHILDES,EllisWeismer,raw_download,2026-05-31,/private/tmp/talkbank_intake_20260531/EllisWeismer/0phon/LT_54ec/11070.xml,data/raw/talkbank/CHILDES/EllisWeismer/download_2026-05-31/0phon/LT_54ec/11070.xml,documentation,.xml,416042,a542a5b6e58bc23c9c80b0e82cf4038323f78836b13c8854581657484348b3ed,True,not_applicable,not_applicable,,,,0,False,False,False,False,False,False,0,0
CHILDES,EllisWeismer,raw_download,2026-05-31,/private/tmp/talkbank_intake_20260531/EllisWeismer/0phon/LT_54ec/11073.xml,data/raw/talkbank/CHILDES/EllisWeismer/download_2026-05-31/0phon/LT_54ec/11073.xml,documentation,.xml,326612,a1b3a34ad37fef6d84b2dbcba7512e6b526a0b1b02ec14f7d347ed41426b14d2,True,not_applicable,not_applicable,,,,0,False,False,False,False,False,False,0,0
CHILDES,EllisWeismer,raw_download,2026-05-31,/private/tmp/talkbank_intake_20260531/EllisWeismer/0phon/LT_54ec/12009.xml,data/raw/talkbank/CHILDES/EllisWeismer/download_2026-05-31/0phon/LT_54ec/12009.xml,documentation,.xml,703922,9ba6358f96317e4cdd9975493ea2dc27b775b251b0789b1db332d5ff9461efe1,True,not_applicable,not_applicable,,,,0,False,False,False,False,False,False,0,0
CHILDES,EllisWeismer,raw_download,2026-05-31,/private/tmp/talkbank_intake_20260531/EllisWeismer/0phon/LT_54ec/12017.xml,data/raw/talkbank/CHILDES/EllisWeismer/download_2026-05-31/0phon/LT_54ec/12017.xml,documentation,.xml,712726,8a41fa7ef9ea383c05f1b669426fc9bb47ba24a0aa7e4ede657e8110e7fdf064,True,not_applicable,not_applicable,,,,0,False,False,False,False,False,False,0,0
CHILDES,EllisWeismer,raw_download,2026-05-31,/private/tmp/talkbank_intake_20260531/EllisWeismer/0phon/LT_54ec/12022.xml,data/raw/talkbank/CHILDES/EllisWeismer/download_2026-05-31/0phon/LT_54ec/12022.xml,documentation,.xml,660993,244a5ceb8704138599f0534058f8a557f9349caf862cde94dda82d9ac444ecad,True,not_applicable,not_applicable,,,,0,False,False,False,False,False,False,0,0
CHILDES,EllisWeismer,raw_download,2026-05-31,/private/tmp/talkbank_intake_20260531/EllisWeismer/0phon/LT_54ec/12038.xml,data/raw/talkbank/CHILDES/EllisWeismer/download_2026-05-31/0phon/LT_54ec/12038.xml,documentation,.xml,539220,5cd45fc5c4a43be7b35b499dabbb4f883948b33722afbcf4b6da4decc9678748,True,not_applicable,not_applicable,,,,0,False,False,False,False,False,False,0,0
CHILDES,EllisWeismer,raw_download,2026-05-31,/private/tmp/talkbank_intake_20260531/EllisWeismer/0phon/LT_54ec/12042.xml,data/raw/talkbank/CHILDES/EllisWeismer/download_2026-05-31/0phon/LT_54ec/12042.xml,documentation,.xml,671475,4e000ea7556cbff0c74f98904666f2a55974b572fde2ed26cf529fe37a66f07d,True,not_applicable,not_applicable,,,,0,False,False,False,False,False,False,0,0
CHILDES,EllisWeismer,raw_download,2026-05-31,/private/tmp/talkbank_intake_20260531/EllisWeismer/0phon/LT_54ec/12058.xml,data/raw/talkbank/CHILDES/EllisWeismer/download_2026-05-31/0phon/LT_54ec/12058.xml,documentation,.xml,331545,4eeafb80ff0579c452ef23a90904cfdd5fc87da46015aac5a34f0ad814faddb4,True,not_applicable,not_applicable,,,,0,False,False,False,False,False,False,0,0
CHILDES,EllisWeismer,raw_download,2026-05-31,/private/tmp/talkbank_intake_20260531/EllisWeismer/0phon/LT_54ec/12059.xml,data/raw/talkbank/CHILDES/EllisWeismer/download_2026-05-31/0phon/LT_54ec/12059.xml,documentation,.xml,892531,364320931fc9d7330b3f019e8e680980be2589e9fc7c6ff27ec0199eec7bbf8b,True,not_applicable,not_applicable,,,,0,False,False,False,False,False,False,0,0
CHILDES,EllisWeismer,raw_download,2026-05-31,/private/tmp/talkbank_intake_20260531/EllisWeismer/0phon/LT_54ec/12072.xml,data/raw/talkbank/CHILDES/EllisWeismer/download_2026-05-31/0phon/LT_54ec/12072.xml,documentation,.xml,694728,0ef363e5f0e74cabc55b713e9b7e91f5e41694dd0fa69abdfd9f44e3358714ac,True,not_applicable,not_applicable,,,,0,False,False,False,False,False,False,0,0
CHILDES,EllisWeismer,raw_download,2026-05-31,/private/tmp/talkbank_intake_20260531/EllisWeismer/0phon/LT_54ec/12074.xml,data/raw/talkbank/CHILDES/EllisWeismer/download_2026-05-31/0phon/LT_54ec/12074.xml,documentation,.xml,231870,17377069b3dc31a1edf1d15482994a7518eb2554f1ad651be290e1a01c4bae7d,True,not_applicable,not_applicable,,,,0,False,False,False,False,False,False,0,0
CHILDES,EllisWeismer,raw_download,2026-05-31,/private/tmp/talkbank_intake_20260531/EllisWeismer/0phon/LT_54ec/12076.xml,data/raw/talkbank/CHILDES/EllisWeismer/download_2026-05-31/0phon/LT_54ec/12076.xml,documentation,.xml,416220,b6356c7bed5133dc4fa9d1040a53a2855329dd3ad4ea50b66da139bbaeda7d90,True,not_applicable,not_applicable,,,,0,False,False,False,False,False,False,0,0
CHILDES,EllisWeismer,raw_download,2026-05-31,/private/tmp/talkbank_intake_20260531/EllisWeismer/0phon/LT_54ec/12080.xml,data/raw/talkbank/CHILDES/EllisWeismer/download_2026-05-31/0phon/LT_54ec/12080.xml,documentation,.xml,870667,ce88d0bbff0a2c31713ff310b6441f3a9933c3f35091653b7f1927a4549a3a79,True,not_applicable,not_applicable,,,,0,False,False,False,False,False,False,0,0
CHILDES,EllisWeismer,raw_download,2026-05-31,/private/tmp/talkbank_intake_20260531/EllisWeismer/0phon/LT_54ec/12081.xml,data/raw/talkbank/CHILDES/EllisWeismer/download_2026-05-31/0phon/LT_54ec/12081.xml,documentation,.xml,302377,2b757a62bd5f6848d35db5ee80d311e3fdfe3e631d98e2b03493eb6f0aa3b84f,True,not_applicable,not_applicable,,,,0,False,False,False,False,False,False,0,0
CHILDES,EllisWeismer,raw_download,2026-05-31,/private/tmp/talkbank_intake_20260531/EllisWeismer/0phon/LT_54ec/12082.xml,data/raw/talkbank/CHILDES/EllisWeismer/download_2026-05-31/0phon/LT_54ec/12082.xml,documentation,.xml,973731,d11e7b83c0f4a538341d6e1d4b2b896e44c0cc13f909453642276b5ec0841df5,True,not_applicable,not_applicable,,,,0,False,False,False,False,False,False,0,0
CHILDES,EllisWeismer,raw_download,2026-05-31,/private/tmp/talkbank_intake_20260531/EllisWeismer/0phon/LT_54ec/12083.xml,data/raw/talkbank/CHILDES/EllisWeismer/download_2026-05-31/0phon/LT_54ec/12083.xml,documentation,.xml,994499,a2dbee556ddfc48744ba59ca6bb50e8afd0379066aea628bed0237c771aeba81,True,not_applicable,not_applicable,,,,0,False,False,False,False,False,False,0,0
CHILDES,EllisWeismer,raw_download,2026-05-31,/private/tmp/talkbank_intake_20260531/EllisWeismer/0phon/LT_54ec/21110.xml,data/raw/talkbank/CHILDES/EllisWeismer/download_2026-05-31/0phon/LT_54ec/21110.xml,documentation,.xml,751529,15f359c59700d5bdd729eb0da72486cd309c04025bf6bc8714bee2c1deed0178,True,not_applicable,not_applicable,,,,0,False,False,False,False,False,False,0,0
CHILDES,EllisWeismer,raw_download,2026-05-31,/private/tmp/talkbank_intake_20260531/EllisWeismer/0phon/LT_54ec/21117.xml,data/raw/talkbank/CHILDES/EllisWeismer/download_2026-05-31/0phon/LT_54ec/21117.xml,documentation,.xml,713558,e3a223ad4794422247024731bd3de917d28617e3193661b40b6c2dc241f71c05,True,not_applicable,not_applicable,,,,0,False,False,False,False,False,False,0,0
CHILDES,EllisWeismer,raw_download,2026-05-31,/private/tmp/talkbank_intake_20260531/EllisWeismer/0phon/LT_54ec/21129.xml,data/raw/talkbank/CHILDES/EllisWeismer/download_2026-05-31/0phon/LT_54ec/21129.xml,documentation,.xml,632784,f9c0c32921efb875f20e455a4177bd351ded14c44db79f9d5bd95a87cbd90b85,True,not_applicable,not_applicable,,,,0,False,False,False,False,False,False,0,0
CHILDES,EllisWeismer,raw_download,2026-05-31,/private/tmp/talkbank_intake_20260531/EllisWeismer/0phon/LT_54ec/21146.xml,data/raw/talkbank/CHILDES/EllisWeismer/download_2026-05-31/0phon/LT_54ec/21146.xml,documentation,.xml,810118,50c8236d5befa8856c959d0f97c9c3fd0e7c73c9ad9e918d00b52bd5dbfff8b4,True,not_applicable,not_applicable,,,,0,False,False,False,False,False,False,0,0
CHILDES,EllisWeismer,raw_download,2026-05-31,/private/tmp/talkbank_intake_20260531/EllisWeismer/0phon/LT_54ec/21165.xml,data/raw/talkbank/CHILDES/EllisWeismer/download_2026-05-31/0phon/LT_54ec/21165.xml,documentation,.xml,509421,76027fd281611f5114bf968d8fe5c23577d7d84bf94b7da3c76454773dd2ea9e,True,not_applicable,not_applicable,,,,0,False,False,False,False,False,False,0,0
CHILDES,EllisWeismer,raw_download,2026-05-31,/private/tmp/talkbank_intake_20260531/EllisWeismer/0phon/LT_54ec/22090.xml,data/raw/talkbank/CHILDES/EllisWeismer/download_2026-05-31/0phon/LT_54ec/22090.xml,documentation,.xml,806038,a77821df5a424b2752d14d8274d2036c84d7fdc228e4f735d4157070b4b61c8c,True,not_applicable,not_applicable,,,,0,False,False,False,False,False,False,0,0
CHILDES,EllisWeismer,raw_download,2026-05-31,/private/tmp/talkbank_intake_20260531/EllisWeismer/0phon/LT_54ec/22111.xml,data/raw/talkbank/CHILDES/EllisWeismer/download_2026-05-31/0phon/LT_54ec/22111.xml,documentation,.xml,762234,348d57030bebfb7883b996c9dfa789bfd71ce8eea720c090c005a6714a243f85,True,not_applicable,not_applicable,,,,0,False,False,False,False,False,False,0,0
CHILDES,EllisWeismer,raw_download,2026-05-31,/private/tmp/talkbank_intake_20260531/EllisWeismer/0phon/LT_54ec/22112.xml,data/raw/talkbank/CHILDES/EllisWeismer/download_2026-05-31/0phon/LT_54ec/22112.xml,documentation,.xml,957220,6b6670753cded5bcd9c999f1e8698948e9723da1f5ed3b614baabd295c1fe8cd,True,not_applicable,not_applicable,,,,0,False,False,False,False,False,False,0,0
CHILDES,EllisWeismer,raw_download,2026-05-31,/private/tmp/talkbank_intake_20260531/EllisWeismer/0phon/LT_54ec/22142.xml,data/raw/talkbank/CHILDES/EllisWeismer/download_2026-05-31/0phon/LT_54ec/22142.xml,documentation,.xml,681589,41ca9d8d55e8c2d4aeea7ade2feeed26582c69ed74d5cc4c0a510c3d66eb22d6,True,not_applicable,not_applicable,,,,0,False,False,False,False,False,False,0,0
CHILDES,EllisWeismer,raw_download,2026-05-31,/private/tmp/talkbank_intake_20260531/EllisWeismer/0phon/LT_54ec/22161.xml,data/raw/talkbank/CHILDES/EllisWeismer/download_2026-05-31/0phon/LT_54ec/22161.xml,documentation,.xml,876836,8eef3d49d8e85d55976b278350f44fb04f477f1a5523e84ad106a6eef27130af,True,not_applicable,not_applicable,,,,0,False,False,False,False,False,False,0,0
CHILDES,EllisWeismer,raw_download,2026-05-31,/private/tmp/talkbank_intake_20260531/EllisWeismer/0phon/LT_54ec/22162.xml,data/raw/talkbank/CHILDES/EllisWeismer/download_2026-05-31/0phon/LT_54ec/22162.xml,documentation,.xml,870438,ead48360c64181eac7fe6ed8babc1e82d6863322be2af54d9c95355e81d9e646,True,not_applicable,not_applicable,,,,0,False,False,False,False,False,False,0,0
CHILDES,EllisWeismer,raw_download,2026-05-31,/private/tmp/talkbank_intake_20260531/EllisWeismer/0phon/LT_54ec/22164.xml,data/raw/talkbank/CHILDES/EllisWeismer/download_2026-05-31/0phon/LT_54ec/22164.xml,documentation,.xml,751539,a6c7af5803c769620c787329d151c279841a91a831b15b5d16d514efdd16a5fe,True,not_applicable,not_applicable,,,,0,False,False,False,False,False,False,0,0
CHILDES,EllisWeismer,raw_download,2026-05-31,/private/tmp/talkbank_intake_20260531/EllisWeismer/0phon/LT_54ec/22169.xml,data/raw/talkbank/CHILDES/EllisWeismer/download_2026-05-31/0phon/LT_54ec/22169.xml,documentation,.xml,552248,6ca0d89021482f0e21517efd7c306b24aabce5ed2be926dcdb2b0ab33b33d13b,True,not_applicable,not_applicable,,,,0,False,False,False,False,False,False,0,0
CHILDES,EllisWeismer,raw_download,2026-05-31,/private/tmp/talkbank_intake_20260531/EllisWeismer/0phon/LT_54ec/22175.xml,data/raw/talkbank/CHILDES/EllisWeismer/download_2026-05-31/0phon/LT_54ec/22175.xml,documentation,.xml,716705,1defd82490ad7c466b00f3b20c67bd702a4bf4b4d571a80f0796a0756b397fd7,True,not_applicable,not_applicable,,,,0,False,False,False,False,False,False,0,0
CHILDES,EllisWeismer,raw_download,2026-05-31,/private/tmp/talkbank_intake_20260531/EllisWeismer/0phon/LT_54int/11052.xml,data/raw/talkbank/CHILDES/EllisWeismer/download_2026-05-31/0phon/LT_54int/11052.xml,documentation,.xml,1016850,961bd99f97dd7c2afdb28a0df31de5e9e88551717ec84471c42093c927d3e0ee,True,not_applicable,not_applicable,,,,0,False,False,False,False,False,False,0,0
CHILDES,EllisWeismer,raw_download,2026-05-31,/private/tmp/talkbank_intake_20260531/EllisWeismer/0phon/LT_54int/11066.xml,data/raw/talkbank/CHILDES/EllisWeismer/download_2026-05-31/0phon/LT_54int/11066.xml,documentation,.xml,941692,dd2662f2412b7e2c5bb8ab81c1728beab580c9c924b68723ca7a2889c31ed3a9,True,not_applicable,not_applicable,,,,0,False,False,False,False,False,False,0,0
CHILDES,EllisWeismer,raw_download,2026-05-31,/private/tmp/talkbank_intake_20260531/EllisWeismer/0phon/LT_54int/11068.xml,data/raw/talkbank/CHILDES/EllisWeismer/download_2026-05-31/0phon/LT_54int/11068.xml,documentation,.xml,1396463,53001edf606095b0a8239be0d77ab52d4de7f5712a2c8a331a1e3c1fa5fb044a,True,not_applicable,not_applicable,,,,0,False,False,False,False,False,False,0,0
CHILDES,EllisWeismer,raw_download,2026-05-31,/private/tmp/talkbank_intake_20260531/EllisWeismer/0phon/LT_54int/11070.xml,data/raw/talkbank/CHILDES/EllisWeismer/download_2026-05-31/0phon/LT_54int/11070.xml,documentation,.xml,752832,7d2851bfe9843b61b8e79f8ed3ec42dbe9b45ecbd2926091f9be3d12acb26c41,True,not_applicable,not_applicable,,,,0,False,False,False,False,False,False,0,0
CHILDES,EllisWeismer,raw_download,2026-05-31,/private/tmp/talkbank_intake_20260531/EllisWeismer/0phon/LT_54int/11073.xml,data/raw/talkbank/CHILDES/EllisWeismer/download_2026-05-31/0phon/LT_54int/11073.xml,documentation,.xml,973478,c5998bf7d28c929c17cb45a6a01a85b6d3eb3be237c6f16f605245c18361eaac,True,not_applicable,not_applicable,,,,0,False,False,False,False,False,False,0,0
CHILDES,EllisWeismer,raw_download,2026-05-31,/private/tmp/talkbank_intake_20260531/EllisWeismer/0phon/LT_54int/11078.xml,data/raw/talkbank/CHILDES/EllisWeismer/download_2026-05-31/0phon/LT_54int/11078.xml,documentation,.xml,896492,f225c02c1546f320e9404159a13339f201d2f962f5336f7e865d67038097e50f,True,not_applicable,not_applicable,,,,0,False,False,False,False,False,False,0,0
CHILDES,EllisWeismer,raw_download,2026-05-31,/private/tmp/talkbank_intake_20260531/EllisWeismer/0phon/LT_54int/12009.xml,data/raw/talkbank/CHILDES/EllisWeismer/download_2026-05-31/0phon/LT_54int/12009.xml,documentation,.xml,780377,292acb82975995645c762f36bcc44dfa9ee75b18d83b99b52ad7fe562fde8060,True,not_applicable,not_applicable,,,,0,False,False,False,False,False,False,0,0
CHILDES,EllisWeismer,raw_download,2026-05-31,/private/tmp/talkbank_intake_20260531/EllisWeismer/0phon/LT_54int/12017.xml,data/raw/talkbank/CHILDES/EllisWeismer/download_2026-05-31/0phon/LT_54int/12017.xml,documentation,.xml,916654,c3f7798fe9fd30fae74a395b9f1d358a5077f87e8157d3bbb91352d5d9c8c0b6,True,not_applicable,not_applicable,,,,0,False,False,False,False,False,False,0,0
CHILDES,EllisWeismer,raw_download,2026-05-31,/private/tmp/talkbank_intake_20260531/EllisWeismer/0phon/LT_54int/12022.xml,data/raw/talkbank/CHILDES/EllisWeismer/download_2026-05-31/0phon/LT_54int/12022.xml,documentation,.xml,1071114,8801a83a1e92f6eaec9f17a77692bf97c020a00f3070e523b2dfe512e376fae2,True,not_applicable,not_applicable,,,,0,False,False,False,False,False,False,0,0
CHILDES,EllisWeismer,raw_download,2026-05-31,/private/tmp/talkbank_intake_20260531/EllisWeismer/0phon/LT_54int/12036.xml,data/raw/talkbank/CHILDES/EllisWeismer/download_2026-05-31/0phon/LT_54int/12036.xml,documentation,.xml,1121059,e0c88c17575a04a205f46217555861edeeeee64fca623495e19491cac448c31c,True,not_applicable,not_applicable,,,,0,False,False,False,False,False,False,0,0
CHILDES,EllisWeismer,raw_download,2026-05-31,/private/tmp/talkbank_intake_20260531/EllisWeismer/0phon/LT_54int/12038.xml,data/raw/talkbank/CHILDES/EllisWeismer/download_2026-05-31/0phon/LT_54int/12038.xml,documentation,.xml,1207619,22de7ac73c426af2c43233295446b9c3a178092a1274174598f0a579835e55b9,True,not_applicable,not_applicable,,,,0,False,False,False,False,False,False,0,0
CHILDES,EllisWeismer,raw_download,2026-05-31,/private/tmp/talkbank_intake_20260531/EllisWeismer/0phon/LT_54int/12074.xml,data/raw/talkbank/CHILDES/EllisWeismer/download_2026-05-31/0phon/LT_54int/12074.xml,documentation,.xml,352731,22f83283ddf051d473fe40196053bc19eeb0091a834a087e449f6bf7d90f534a,True,not_applicable,not_applicable,,,,0,False,False,False,False,False,False,0,0
CHILDES,EllisWeismer,raw_download,2026-05-31,/private/tmp/talkbank_intake_20260531/EllisWeismer/0phon/LT_54int/12076.xml,data/raw/talkbank/CHILDES/EllisWeismer/download_2026-05-31/0phon/LT_54int/12076.xml,documentation,.xml,797462,826adf33f7de3c5c38b329fdae68bf3b227eed533314bfd5b38802c259c03a8d,True,not_applicable,not_applicable,,,,0,False,False,False,False,False,False,0,0
CHILDES,EllisWeismer,raw_download,2026-05-31,/private/tmp/talkbank_intake_20260531/EllisWeismer/0phon/LT_54int/12080.xml,data/raw/talkbank/CHILDES/EllisWeismer/download_2026-05-31/0phon/LT_54int/12080.xml,documentation,.xml,1119790,f4036f34e439752d5dfe523d11774613b839ce5ba181ea712e19c2b75998fd55,True,not_applicable,not_applicable,,,,0,False,False,False,False,False,False,0,0
CHILDES,EllisWeismer,raw_download,2026-05-31,/private/tmp/talkbank_intake_20260531/EllisWeismer/0phon/LT_54int/12081.xml,data/raw/talkbank/CHILDES/EllisWeismer/download_2026-05-31/0phon/LT_54int/12081.xml,documentation,.xml,860956,168e6ab465df0ec32d2a828498cd0d68ff9337d5b1489b097677aeeb05d263df,True,not_applicable,not_applicable,,,,0,False,False,False,False,False,False,0,0
CHILDES,EllisWeismer,raw_download,2026-05-31,/private/tmp/talkbank_intake_20260531/EllisWeismer/0phon/LT_54int/12082.xml,data/raw/talkbank/CHILDES/EllisWeismer/download_2026-05-31/0phon/LT_54int/12082.xml,documentation,.xml,1435329,d4374c7c82867f90e772680d01f9f97376f517930f061cfc274c2a82be14fca9,True,not_applicable,not_applicable,,,,0,False,False,False,False,False,False,0,0
CHILDES,EllisWeismer,raw_download,2026-05-31,/private/tmp/talkbank_intake_20260531/EllisWeismer/0phon/LT_54int/12083.xml,data/raw/talkbank/CHILDES/EllisWeismer/download_2026-05-31/0phon/LT_54int/12083.xml,documentation,.xml,1348538,23e517317a316602a10ab5b03dcef2a1906792c7ee49f74688d52d828fd5fc62,True,not_applicable,not_applicable,,,,0,False,False,False,False,False,False,0,0
CHILDES,EllisWeismer,raw_download,2026-05-31,/private/tmp/talkbank_intake_20260531/EllisWeismer/0phon/LT_54int/21110.xml,data/raw/talkbank/CHILDES/EllisWeismer/download_2026-05-31/0phon/LT_54int/21110.xml,documentation,.xml,1212345,446736f321c62132a61b4cccc384a8c16fcfc2068674f8b73feb2ab976f339e7,True,not_applicable,not_applicable,,,,0,False,False,False,False,False,False,0,0
CHILDES,EllisWeismer,raw_download,2026-05-31,/private/tmp/talkbank_intake_20260531/EllisWeismer/0phon/LT_54int/21117.xml,data/raw/talkbank/CHILDES/EllisWeismer/download_2026-05-31/0phon/LT_54int/21117.xml,documentation,.xml,1016558,cfa5d2ba1389a17737a5a15f9718c2908844525df538d36cec6262299dedc48c,True,not_applicable,not_applicable,,,,0,False,False,False,False,False,False,0,0
CHILDES,EllisWeismer,raw_download,2026-05-31,/private/tmp/talkbank_intake_20260531/EllisWeismer/0phon/LT_54int/21129.xml,data/raw/talkbank/CHILDES/EllisWeismer/download_2026-05-31/0phon/LT_54int/21129.xml,documentation,.xml,1088322,fe343ae329b29813ba0ae6b5b1e1dd8dd55ec5d048bc8cfe8e9b0ebf76b51177,True,not_applicable,not_applicable,,,,0,False,False,False,False,False,False,0,0
CHILDES,EllisWeismer,raw_download,2026-05-31,/private/tmp/talkbank_intake_20260531/EllisWeismer/0phon/LT_54int/21146.xml,data/raw/talkbank/CHILDES/EllisWeismer/download_2026-05-31/0phon/LT_54int/21146.xml,documentation,.xml,1110407,6edfa596283b6ed099eac96e98d4602af0b476abf478d9e0df3be24673096308,True,not_applicable,not_applicable,,,,0,False,False,False,False,False,False,0,0
CHILDES,EllisWeismer,raw_download,2026-05-31,/private/tmp/talkbank_intake_20260531/EllisWeismer/0phon/LT_54int/21165.xml,data/raw/talkbank/CHILDES/EllisWeismer/download_2026-05-31/0phon/LT_54int/21165.xml,documentation,.xml,960862,6ff3ecbb460bf1c17204f0ad46740751835bc849ceb768d06b7e1aa22ec499cc,True,not_applicable,not_applicable,,,,0,False,False,False,False,False,False,0,0
CHILDES,EllisWeismer,raw_download,2026-05-31,/private/tmp/talkbank_intake_20260531/EllisWeismer/0phon/LT_54int/22111.xml,data/raw/talkbank/CHILDES/EllisWeismer/download_2026-05-31/0phon/LT_54int/22111.xml,documentation,.xml,1139207,d1f8797e54dfd33de75865ae44329801274c10af59caa1460c1dad4aae9b53bf,True,not_applicable,not_applicable,,,,0,False,False,False,False,False,False,0,0
CHILDES,EllisWeismer,raw_download,2026-05-31,/private/tmp/talkbank_intake_20260531/EllisWeismer/0phon/LT_54int/22112.xml,data/raw/talkbank/CHILDES/EllisWeismer/download_2026-05-31/0phon/LT_54int/22112.xml,documentation,.xml,977145,b9d4b60675c6a0767eada989e68defec4ac878bd85e593235ff7e2d263726e2f,True,not_applicable,not_applicable,,,,0,False,False,False,False,False,False,0,0
CHILDES,EllisWeismer,raw_download,2026-05-31,/private/tmp/talkbank_intake_20260531/EllisWeismer/0phon/LT_54int/22142.xml,data/raw/talkbank/CHILDES/EllisWeismer/download_2026-05-31/0phon/LT_54int/22142.xml,documentation,.xml,1312436,bc212051dde414ace18a9fb1b8a287bee28aac0ce0b4f7438317f6c2dff431d3,True,not_applicable,not_applicable,,,,0,False,False,False,False,False,False,0,0
CHILDES,EllisWeismer,raw_download,2026-05-31,/private/tmp/talkbank_intake_20260531/EllisWeismer/0phon/LT_54int/22161.xml,data/raw/talkbank/CHILDES/EllisWeismer/download_2026-05-31/0phon/LT_54int/22161.xml,documentation,.xml,1174304,90b4bbdc9a935d59eaf63c9af3300160bd5a7d78f7fc26c3b2dda3b828cfc59c,True,not_applicable,not_applicable,,,,0,False,False,False,False,False,False,0,0
CHILDES,EllisWeismer,raw_download,2026-05-31,/private/tmp/talkbank_intake_20260531/EllisWeismer/0phon/LT_54int/22162.xml,data/raw/talkbank/CHILDES/EllisWeismer/download_2026-05-31/0phon/LT_54int/22162.xml,documentation,.xml,953044,204d2e9ca9518945edddb88825ec7bd21b93d7945b329284898e54385bc98798,True,not_applicable,not_applicable,,,,0,False,False,False,False,False,False,0,0
CHILDES,EllisWeismer,raw_download,2026-05-31,/private/tmp/talkbank_intake_20260531/EllisWeismer/0phon/LT_54int/22164.xml,data/raw/talkbank/CHILDES/EllisWeismer/download_2026-05-31/0phon/LT_54int/22164.xml,documentation,.xml,1054107,cd713b33749190b2740e82a70ebde2583cf73a45604c750941dd5b573be570a3,True,not_applicable,not_applicable,,,,0,False,False,False,False,False,False,0,0
CHILDES,EllisWeismer,raw_download,2026-05-31,/private/tmp/talkbank_intake_20260531/EllisWeismer/0phon/LT_54int/22169.xml,data/raw/talkbank/CHILDES/EllisWeismer/download_2026-05-31/0phon/LT_54int/22169.xml,documentation,.xml,940939,107cd0307c95207f0331de2714e28398230fe1b4760afe63a3017f0085064f78,True,not_applicable,not_applicable,,,,0,False,False,False,False,False,False,0,0
CHILDES,EllisWeismer,raw_download,2026-05-31,/private/tmp/talkbank_intake_20260531/EllisWeismer/0phon/LT_54int/22170.xml,data/raw/talkbank/CHILDES/EllisWeismer/download_2026-05-31/0phon/LT_54int/22170.xml,documentation,.xml,1293526,f9ddc76d393ea3b33abda3bb7c405d1c8baa9cddfc2bf0e834178c7345185622,True,not_applicable,not_applicable,,,,0,False,False,False,False,False,False,0,0
CHILDES,EllisWeismer,raw_download,2026-05-31,/private/tmp/talkbank_intake_20260531/EllisWeismer/0phon/LT_54int/22175.xml,data/raw/talkbank/CHILDES/EllisWeismer/download_2026-05-31/0phon/LT_54int/22175.xml,documentation,.xml,959710,48be5ff937a43839ee9c32279ef6cb10bed328ba57e775a66a49c2378867049f,True,not_applicable,not_applicable,,,,0,False,False,False,False,False,False,0,0
CHILDES,EllisWeismer,raw_download,2026-05-31,/private/tmp/talkbank_intake_20260531/EllisWeismer/0phon/LT_66conv/11005.xml,data/raw/talkbank/CHILDES/EllisWeismer/download_2026-05-31/0phon/LT_66conv/11005.xml,documentation,.xml,835271,79cf9e419b4443e463c526dbf8e72e80445ea5ed5209fa362e32b93350bf6bb9,True,not_applicable,not_applicable,,,,0,False,False,False,False,False,False,0,0
CHILDES,EllisWeismer,raw_download,2026-05-31,/private/tmp/talkbank_intake_20260531/EllisWeismer/0phon/LT_66conv/11016.xml,data/raw/talkbank/CHILDES/EllisWeismer/download_2026-05-31/0phon/LT_66conv/11016.xml,documentation,.xml,1207670,406398f7ef759494a166b0847391fe2c24b2cd9fe959c6b93a118ffc0004bc47,True,not_applicable,not_applicable,,,,0,False,False,False,False,False,False,0,0
CHILDES,EllisWeismer,raw_download,2026-05-31,/private/tmp/talkbank_intake_20260531/EllisWeismer/0phon/LT_66conv/11043.xml,data/raw/talkbank/CHILDES/EllisWeismer/download_2026-05-31/0phon/LT_66conv/11043.xml,documentation,.xml,1026933,e01a42f681a24beb7e1f73d347eb9242888559aa300fd1976afce87ccf9f4e41,True,not_applicable,not_applicable,,,,0,False,False,False,False,False,False,0,0
CHILDES,EllisWeismer,raw_download,2026-05-31,/private/tmp/talkbank_intake_20260531/EllisWeismer/0phon/LT_66conv/11066.xml,data/raw/talkbank/CHILDES/EllisWeismer/download_2026-05-31/0phon/LT_66conv/11066.xml,documentation,.xml,989731,07a0643589245c4bdfd5440f0d7707e9df2739a5e0e3920f4990d8dd68bebbc6,True,not_applicable,not_applicable,,,,0,False,False,False,False,False,False,0,0
CHILDES,EllisWeismer,raw_download,2026-05-31,/private/tmp/talkbank_intake_20260531/EllisWeismer/0phon/LT_66conv/11068.xml,data/raw/talkbank/CHILDES/EllisWeismer/download_2026-05-31/0phon/LT_66conv/11068.xml,documentation,.xml,902693,6e9b01120e3a2fd9f87f01171ea0fccba69fe08d665e4b305e6e43c0ecc47394,True,not_applicable,not_applicable,,,,0,False,False,False,False,False,False,0,0
CHILDES,EllisWeismer,raw_download,2026-05-31,/private/tmp/talkbank_intake_20260531/EllisWeismer/0phon/LT_66conv/11070.xml,data/raw/talkbank/CHILDES/EllisWeismer/download_2026-05-31/0phon/LT_66conv/11070.xml,documentation,.xml,865755,fe05aa06d45d32f5e18cdcacb9c1656881c6e171583978e43a24a20e503ce834,True,not_applicable,not_applicable,,,,0,False,False,False,False,False,False,0,0
CHILDES,EllisWeismer,raw_download,2026-05-31,/private/tmp/talkbank_intake_20260531/EllisWeismer/0phon/LT_66conv/11078.xml,data/raw/talkbank/CHILDES/EllisWeismer/download_2026-05-31/0phon/LT_66conv/11078.xml,documentation,.xml,673743,7003a65c97b2ab3de15fbeac51dd0630b89b8ebab0f3a0277bc22950d094e55b,True,not_applicable,not_applicable,,,,0,False,False,False,False,False,False,0,0
CHILDES,EllisWeismer,raw_download,2026-05-31,/private/tmp/talkbank_intake_20260531/EllisWeismer/0phon/LT_66conv/12009.xml,data/raw/talkbank/CHILDES/EllisWeismer/download_2026-05-31/0phon/LT_66conv/12009.xml,documentation,.xml,720011,bb7ab30f1d9be8c322bcbf02de82c06793433dc01c26937975467318bd655279,True,not_applicable,not_applicable,,,,0,False,False,False,False,False,False,0,0
CHILDES,EllisWeismer,raw_download,2026-05-31,/private/tmp/talkbank_intake_20260531/EllisWeismer/0phon/LT_66conv/12036.xml,data/raw/talkbank/CHILDES/EllisWeismer/download_2026-05-31/0phon/LT_66conv/12036.xml,documentation,.xml,943115,df9823a9cc60cfb717f1acf07a26be32e688c44329573dbbd542e9d60d8d632a,True,not_applicable,not_applicable,,,,0,False,False,False,False,False,False,0,0
CHILDES,EllisWeismer,raw_download,2026-05-31,/private/tmp/talkbank_intake_20260531/EllisWeismer/0phon/LT_66conv/12038.xml,data/raw/talkbank/CHILDES/EllisWeismer/download_2026-05-31/0phon/LT_66conv/12038.xml,documentation,.xml,1041093,f4c4cc5dc82c4aa3afff2e03c077c57597c61767b3ab45918f02674b7881b0dd,True,not_applicable,not_applicable,,,,0,False,False,False,False,False,False,0,0
CHILDES,EllisWeismer,raw_download,2026-05-31,/private/tmp/talkbank_intake_20260531/EllisWeismer/0phon/LT_66conv/12058.xml,data/raw/talkbank/CHILDES/EllisWeismer/download_2026-05-31/0phon/LT_66conv/12058.xml,documentation,.xml,841833,082dd01c5c788829942040109b5911de447d054a660ee03108f2b6a153579c23,True,not_applicable,not_applicable,,,,0,False,False,False,False,False,False,0,0
CHILDES,EllisWeismer,raw_download,2026-05-31,/private/tmp/talkbank_intake_20260531/EllisWeismer/0phon/LT_66conv/12059.xml,data/raw/talkbank/CHILDES/EllisWeismer/download_2026-05-31/0phon/LT_66conv/12059.xml,documentation,.xml,860987,cfd45fb1c60009170a02d5890b1e74cadf34e3c5a8c9c67abe7c4c58de24906b,True,not_applicable,not_applicable,,,,0,False,False,False,False,False,False,0,0
CHILDES,EllisWeismer,raw_download,2026-05-31,/private/tmp/talkbank_intake_20260531/EllisWeismer/0phon/LT_66conv/12072.xml,data/raw/talkbank/CHILDES/EllisWeismer/download_2026-05-31/0phon/LT_66conv/12072.xml,documentation,.xml,1106599,ffc83e89253ed6f6470e97a324897ff15d80d2bdf1b1ca7079ddebfed97711f6,True,not_applicable,not_applicable,,,,0,False,False,False,False,False,False,0,0
CHILDES,EllisWeismer,raw_download,2026-05-31,/private/tmp/talkbank_intake_20260531/EllisWeismer/0phon/LT_66conv/12074.xml,data/raw/talkbank/CHILDES/EllisWeismer/download_2026-05-31/0phon/LT_66conv/12074.xml,documentation,.xml,827482,f6087367135554b11d144882fb4ecde3ca5dc18d2b1dfb388f7485484f3b3c66,True,not_applicable,not_applicable,,,,0,False,False,False,False,False,False,0,0
CHILDES,EllisWeismer,raw_download,2026-05-31,/private/tmp/talkbank_intake_20260531/EllisWeismer/0phon/LT_66conv/12076.xml,data/raw/talkbank/CHILDES/EllisWeismer/download_2026-05-31/0phon/LT_66conv/12076.xml,documentation,.xml,593030,6b11bec77b257a416ef0fdaddfd92af9be15b6ec04333d7814577ed0edd5a111,True,not_applicable,not_applicable,,,,0,False,False,False,False,False,False,0,0
CHILDES,EllisWeismer,raw_download,2026-05-31,/private/tmp/talkbank_intake_20260531/EllisWeismer/0phon/LT_66conv/12080.xml,data/raw/talkbank/CHILDES/EllisWeismer/download_2026-05-31/0phon/LT_66conv/12080.xml,documentation,.xml,827738,3ae8910fe4d8f24c6575997d923fbee09fe235c57a9f5b6df2fe38d53a6b07cf,True,not_applicable,not_applicable,,,,0,False,False,False,False,False,False,0,0
CHILDES,EllisWeismer,raw_download,2026-05-31,/private/tmp/talkbank_intake_20260531/EllisWeismer/0phon/LT_66conv/12081.xml,data/raw/talkbank/CHILDES/EllisWeismer/download_2026-05-31/0phon/LT_66conv/12081.xml,documentation,.xml,768977,3f5decd9bebaa54ec79583b48b4eb4d0edb55d703806cf9cc84ce3a9881c705d,True,not_applicable,not_applicable,,,,0,False,False,False,False,False,False,0,0
CHILDES,EllisWeismer,raw_download,2026-05-31,/private/tmp/talkbank_intake_20260531/EllisWeismer/0phon/LT_66conv/12082.xml,data/raw/talkbank/CHILDES/EllisWeismer/download_2026-05-31/0phon/LT_66conv/12082.xml,documentation,.xml,1293181,fa838cde7be7dc2d08cdd0a0878c289e739fdc9fd0d000308e61ccca6d4f1337,True,not_applicable,not_applicable,,,,0,False,False,False,False,False,False,0,0
CHILDES,EllisWeismer,raw_download,2026-05-31,/private/tmp/talkbank_intake_20260531/EllisWeismer/0phon/LT_66conv/12083.xml,data/raw/talkbank/CHILDES/EllisWeismer/download_2026-05-31/0phon/LT_66conv/12083.xml,documentation,.xml,846335,954cca80078ab85d2c8788d1bf28f935984adefa75b19217144e054b1cd8c23f,True,not_applicable,not_applicable,,,,0,False,False,False,False,False,False,0,0
CHILDES,EllisWeismer,raw_download,2026-05-31,/private/tmp/talkbank_intake_20260531/EllisWeismer/0phon/LT_66conv/21110.xml,data/raw/talkbank/CHILDES/EllisWeismer/download_2026-05-31/0phon/LT_66conv/21110.xml,documentation,.xml,1107143,2e9ab03a78e7b2376b1908cf4f5ddb679c5c9b714a30d7b6ab32db2167146441,True,not_applicable,not_applicable,,,,0,False,False,False,False,False,False,0,0
CHILDES,EllisWeismer,raw_download,2026-05-31,/private/tmp/talkbank_intake_20260531/EllisWeismer/0phon/LT_66conv/21117.xml,data/raw/talkbank/CHILDES/EllisWeismer/download_2026-05-31/0phon/LT_66conv/21117.xml,documentation,.xml,1013061,c135a972175c181b5e448e1271cfbb3c8de87fbb922ab5a6ffc17c19ddd18a8a,True,not_applicable,not_applicable,,,,0,False,False,False,False,False,False,0,0
CHILDES,EllisWeismer,raw_download,2026-05-31,/private/tmp/talkbank_intake_20260531/EllisWeismer/0phon/LT_66conv/21129.xml,data/raw/talkbank/CHILDES/EllisWeismer/download_2026-05-31/0phon/LT_66conv/21129.xml,documentation,.xml,1086098,0ceacbfaf8fc170f00c999ee6f4c6f1997165c5881ca5f75befae8d643d888e2,True,not_applicable,not_applicable,,,,0,False,False,False,False,False,False,0,0
CHILDES,EllisWeismer,raw_download,2026-05-31,/private/tmp/talkbank_intake_20260531/EllisWeismer/0phon/LT_66conv/21146.xml,data/raw/talkbank/CHILDES/EllisWeismer/download_2026-05-31/0phon/LT_66conv/21146.xml,documentation,.xml,1105312,75a2b5b5613f2fc8e52ee882b51539ee8b34135b25fe23e225d024012186f605,True,not_applicable,not_applicable,,,,0,False,False,False,False,False,False,0,0
CHILDES,EllisWeismer,raw_download,2026-05-31,/private/tmp/talkbank_intake_20260531/EllisWeismer/0phon/LT_66conv/21165.xml,data/raw/talkbank/CHILDES/EllisWeismer/download_2026-05-31/0phon/LT_66conv/21165.xml,documentation,.xml,947033,8254e699cfab034d8d5e6832ee45ad24f9e95655de21f3f8d7c08269d3835768,True,not_applicable,not_applicable,,,,0,False,False,False,False,False,False,0,0
CHILDES,EllisWeismer,raw_download,2026-05-31,/private/tmp/talkbank_intake_20260531/EllisWeismer/0phon/LT_66conv/22086.xml,data/raw/talkbank/CHILDES/EllisWeismer/download_2026-05-31/0phon/LT_66conv/22086.xml,documentation,.xml,1387986,0633e84792b0345f40f7a6b5244ebc58b8cfac6d4b0316816132312719ccd579,True,not_applicable,not_applicable,,,,0,False,False,False,False,False,False,0,0
CHILDES,EllisWeismer,raw_download,2026-05-31,/private/tmp/talkbank_intake_20260531/EllisWeismer/0phon/LT_66conv/22090.xml,data/raw/talkbank/CHILDES/EllisWeismer/download_2026-05-31/0phon/LT_66conv/22090.xml,documentation,.xml,1157696,daa8e734131570a5d5ad35777f9d2243c65fb74904f3765a42ce84a10b48f171,True,not_applicable,not_applicable,,,,0,False,False,False,False,False,False,0,0
CHILDES,EllisWeismer,raw_download,2026-05-31,/private/tmp/talkbank_intake_20260531/EllisWeismer/0phon/LT_66conv/22111.xml,data/raw/talkbank/CHILDES/EllisWeismer/download_2026-05-31/0phon/LT_66conv/22111.xml,documentation,.xml,1150189,2ae43dc1556945c6c7b461e4746dd27c0e21b761183d73d57c71c8a5a8770397,True,not_applicable,not_applicable,,,,0,False,False,False,False,False,False,0,0
CHILDES,EllisWeismer,raw_download,2026-05-31,/private/tmp/talkbank_intake_20260531/EllisWeismer/0phon/LT_66conv/22112.xml,data/raw/talkbank/CHILDES/EllisWeismer/download_2026-05-31/0phon/LT_66conv/22112.xml,documentation,.xml,1092245,188040eacff942de3d7d864670956dfc5c8fc6c137113dd5150253f125c0cfcd,True,not_applicable,not_applicable,,,,0,False,False,False,False,False,False,0,0
CHILDES,EllisWeismer,raw_download,2026-05-31,/private/tmp/talkbank_intake_20260531/EllisWeismer/0phon/LT_66conv/22131.xml,data/raw/talkbank/CHILDES/EllisWeismer/download_2026-05-31/0phon/LT_66conv/22131.xml,documentation,.xml,1012232,ee2656b4d0e42aeab31753dc4bd7fcd177a33c79be57eea4358e6e19b30d49af,True,not_applicable,not_applicable,,,,0,False,False,False,False,False,False,0,0
CHILDES,EllisWeismer,raw_download,2026-05-31,/private/tmp/talkbank_intake_20260531/EllisWeismer/0phon/LT_66conv/22142.xml,data/raw/talkbank/CHILDES/EllisWeismer/download_2026-05-31/0phon/LT_66conv/22142.xml,documentation,.xml,706924,5ff6f1ab28439bde8012422862370a87a6accd2f16488cf1bc9c1bb9c2939939,True,not_applicable,not_applicable,,,,0,False,False,False,False,False,False,0,0
CHILDES,EllisWeismer,raw_download,2026-05-31,/private/tmp/talkbank_intake_20260531/EllisWeismer/0phon/LT_66conv/22161.xml,data/raw/talkbank/CHILDES/EllisWeismer/download_2026-05-31/0phon/LT_66conv/22161.xml,documentation,.xml,971246,39295d569339d2faa3c4f9969f0360c2282b61f5d191bea2defe1ed437ec7094,True,not_applicable,not_applicable,,,,0,False,False,False,False,False,False,0,0
CHILDES,EllisWeismer,raw_download,2026-05-31,/private/tmp/talkbank_intake_20260531/EllisWeismer/0phon/LT_66conv/22162.xml,data/raw/talkbank/CHILDES/EllisWeismer/download_2026-05-31/0phon/LT_66conv/22162.xml,documentation,.xml,846572,07de5a792922d9b6e00d41b3aa10f441e890c99b65bc61c7b924f8064c74d159,True,not_applicable,not_applicable,,,,0,False,False,False,False,False,False,0,0
CHILDES,EllisWeismer,raw_download,2026-05-31,/private/tmp/talkbank_intake_20260531/EllisWeismer/0phon/LT_66conv/22164.xml,data/raw/talkbank/CHILDES/EllisWeismer/download_2026-05-31/0phon/LT_66conv/22164.xml,documentation,.xml,921322,7df74e61cf59ef6deedacc33592f06f020045bbd2cefd68a6e1383a151cff42c,True,not_applicable,not_applicable,,,,0,False,False,False,False,False,False,0,0
CHILDES,EllisWeismer,raw_download,2026-05-31,/private/tmp/talkbank_intake_20260531/EllisWeismer/0phon/LT_66conv/22169.xml,data/raw/talkbank/CHILDES/EllisWeismer/download_2026-05-31/0phon/LT_66conv/22169.xml,documentation,.xml,799798,d6b0c047250310e4daaa410af41f30454485a3d1623bba2ff08e9547262593e4,True,not_applicable,not_applicable,,,,0,False,False,False,False,False,False,0,0
CHILDES,EllisWeismer,raw_download,2026-05-31,/private/tmp/talkbank_intake_20260531/EllisWeismer/0phon/LT_66conv/22170.xml,data/raw/talkbank/CHILDES/EllisWeismer/download_2026-05-31/0phon/LT_66conv/22170.xml,documentation,.xml,962144,e6c545936fc935f82461f4668df433e462ff76f4162edf51d860f9637dd06f07,True,not_applicable,not_applicable,,,,0,False,False,False,False,False,False,0,0
CHILDES,EllisWeismer,raw_download,2026-05-31,/private/tmp/talkbank_intake_20260531/EllisWeismer/0phon/LT_66conv/22175.xml,data/raw/talkbank/CHILDES/EllisWeismer/download_2026-05-31/0phon/LT_66conv/22175.xml,documentation,.xml,962322,92ebe5205051d90b0c4076ef512c97a177481f9272a51874f2b3316545239221,True,not_applicable,not_applicable,,,,0,False,False,False,False,False,False,0,0
CHILDES,EllisWeismer,raw_download,2026-05-31,/private/tmp/talkbank_intake_20260531/EllisWeismer/0phon/LT_66conv/LT_66conv_0noaudio/11052.xml,data/raw/talkbank/CHILDES/EllisWeismer/download_2026-05-31/0phon/LT_66conv/LT_66conv_0noaudio/11052.xml,documentation,.xml,601800,2e6a7d1405a608930d7e3e3a0769a649ace0b635852df10724e1660ebf76abd4,True,not_applicable,not_applicable,,,,0,False,False,False,False,False,False,0,0
CHILDES,EllisWeismer,raw_download,2026-05-31,/private/tmp/talkbank_intake_20260531/EllisWeismer/0phon/TD_30ec/11006.xml,data/raw/talkbank/CHILDES/EllisWeismer/download_2026-05-31/0phon/TD_30ec/11006.xml,documentation,.xml,770202,9c71c42dacd2c4b8075cfdea87194e6cf847c4cfe3c3ccde6f5cd0e9363a0e5a,True,not_applicable,not_applicable,,,,0,False,False,False,False,False,False,0,0
CHILDES,EllisWeismer,raw_download,2026-05-31,/private/tmp/talkbank_intake_20260531/EllisWeismer/0phon/TD_30ec/11012.xml,data/raw/talkbank/CHILDES/EllisWeismer/download_2026-05-31/0phon/TD_30ec/11012.xml,documentation,.xml,535594,a15bf537460f60b88edefc90f6ebdd32941f49b09e75d6e8333fe6b05d3fba85,True,not_applicable,not_applicable,,,,0,False,False,False,False,False,False,0,0
CHILDES,EllisWeismer,raw_download,2026-05-31,/private/tmp/talkbank_intake_20260531/EllisWeismer/0phon/TD_30ec/11013.xml,data/raw/talkbank/CHILDES/EllisWeismer/download_2026-05-31/0phon/TD_30ec/11013.xml,documentation,.xml,581041,27a0abd7b6a742c4c6a4833261e6e9f25980cb9892329fd18dd7ad09250711a2,True,not_applicable,not_applicable,,,,0,False,False,False,False,False,False,0,0
CHILDES,EllisWeismer,raw_download,2026-05-31,/private/tmp/talkbank_intake_20260531/EllisWeismer/0phon/TD_30ec/11018.xml,data/raw/talkbank/CHILDES/EllisWeismer/download_2026-05-31/0phon/TD_30ec/11018.xml,documentation,.xml,814880,f2faf44525379b96ff5c755a872815534413af8a550077e627fe5cdf3a373e9d,True,not_applicable,not_applicable,,,,0,False,False,False,False,False,False,0,0
CHILDES,EllisWeismer,raw_download,2026-05-31,/private/tmp/talkbank_intake_20260531/EllisWeismer/0phon/TD_30ec/11023.xml,data/raw/talkbank/CHILDES/EllisWeismer/download_2026-05-31/0phon/TD_30ec/11023.xml,documentation,.xml,855781,1222033b184e3300c5b3778954dc7a3cba3d0d69ba4848b4eb339e7637464121,True,not_applicable,not_applicable,,,,0,False,False,False,False,False,False,0,0
CHILDES,EllisWeismer,raw_download,2026-05-31,/private/tmp/talkbank_intake_20260531/EllisWeismer/0phon/TD_30ec/11024.xml,data/raw/talkbank/CHILDES/EllisWeismer/download_2026-05-31/0phon/TD_30ec/11024.xml,documentation,.xml,1772264,622402bf85aecc28c229a4ed8a09bc2e111e1a676a9d1f20fff561c666dad376,True,not_applicable,not_applicable,,,,0,False,False,False,False,False,False,0,0
CHILDES,EllisWeismer,raw_download,2026-05-31,/private/tmp/talkbank_intake_20260531/EllisWeismer/0phon/TD_30ec/11025.xml,data/raw/talkbank/CHILDES/EllisWeismer/download_2026-05-31/0phon/TD_30ec/11025.xml,documentation,.xml,651314,42efd1caffcb8532d6489ea52977f2bf02502b5fea4e6aed2e85aaaf02621b2b,True,not_applicable,not_applicable,,,,0,False,False,False,False,False,False,0,0
CHILDES,EllisWeismer,raw_download,2026-05-31,/private/tmp/talkbank_intake_20260531/EllisWeismer/0phon/TD_30ec/11027.xml,data/raw/talkbank/CHILDES/EllisWeismer/download_2026-05-31/0phon/TD_30ec/11027.xml,documentation,.xml,1035242,b8f217d89741fa90f44b13384fe48d194557bebd77e7f297581d87b64a598feb,True,not_applicable,not_applicable,,,,0,False,False,False,False,False,False,0,0
CHILDES,EllisWeismer,raw_download,2026-05-31,/private/tmp/talkbank_intake_20260531/EllisWeismer/0phon/TD_30ec/11035.xml,data/raw/talkbank/CHILDES/EllisWeismer/download_2026-05-31/0phon/TD_30ec/11035.xml,documentation,.xml,841946,7b71a3f4ee9cb8e72d271bdc0cdb4cd0060f28dca867d729036118dc02fb89aa,True,not_applicable,not_applicable,,,,0,False,False,False,False,False,False,0,0
CHILDES,EllisWeismer,raw_download,2026-05-31,/private/tmp/talkbank_intake_20260531/EllisWeismer/0phon/TD_30ec/11041.xml,data/raw/talkbank/CHILDES/EllisWeismer/download_2026-05-31/0phon/TD_30ec/11041.xml,documentation,.xml,1144926,9e47d3cee38dd5fe0b89e2e9350a89fdd4851aa24929cce40a13bada1f469395,True,not_applicable,not_applicable,,,,0,False,False,False,False,False,False,0,0
CHILDES,EllisWeismer,raw_download,2026-05-31,/private/tmp/talkbank_intake_20260531/EllisWeismer/0phon/TD_30ec/11045.xml,data/raw/talkbank/CHILDES/EllisWeismer/download_2026-05-31/0phon/TD_30ec/11045.xml,documentation,.xml,1139517,27c9cce71edf1deb981812eb22c16de2b9b5e8f5b47cefc9b97046a814c923d5,True,not_applicable,not_applicable,,,,0,False,False,False,False,False,False,0,0
CHILDES,EllisWeismer,raw_download,2026-05-31,/private/tmp/talkbank_intake_20260531/EllisWeismer/0phon/TD_30ec/11051.xml,data/raw/talkbank/CHILDES/EllisWeismer/download_2026-05-31/0phon/TD_30ec/11051.xml,documentation,.xml,874613,7b0bd0286c20ede6ca06cfc396e7bf7088837aa47be0ad053ea14d10333a740e,True,not_applicable,not_applicable,,,,0,False,False,False,False,False,False,0,0
CHILDES,EllisWeismer,raw_download,2026-05-31,/private/tmp/talkbank_intake_20260531/EllisWeismer/0phon/TD_30ec/11053.xml,data/raw/talkbank/CHILDES/EllisWeismer/download_2026-05-31/0phon/TD_30ec/11053.xml,documentation,.xml,805278,170505c0d4ec76a5b54ece135a54c50cd0536c40e2256c61370ffff32eb7c291,True,not_applicable,not_applicable,,,,0,False,False,False,False,False,False,0,0
CHILDES,EllisWeismer,raw_download,2026-05-31,/private/tmp/talkbank_intake_20260531/EllisWeismer/0phon/TD_30ec/11055.xml,data/raw/talkbank/CHILDES/EllisWeismer/download_2026-05-31/0phon/TD_30ec/11055.xml,documentation,.xml,1254802,34ee2325d05d615a19d813c9f1ad7041c6cc373f872efdff41a7b0735054d927,True,not_applicable,not_applicable,,,,0,False,False,False,False,False,False,0,0
CHILDES,EllisWeismer,raw_download,2026-05-31,/private/tmp/talkbank_intake_20260531/EllisWeismer/0phon/TD_30ec/11057.xml,data/raw/talkbank/CHILDES/EllisWeismer/download_2026-05-31/0phon/TD_30ec/11057.xml,documentation,.xml,938833,dabed9c85c913b8030a5dcbdd6cb2909351c7daaba55707b4f71b8757b2b4935,True,not_applicable,not_applicable,,,,0,False,False,False,False,False,False,0,0
CHILDES,EllisWeismer,raw_download,2026-05-31,/private/tmp/talkbank_intake_20260531/EllisWeismer/0phon/TD_30ec/11062.xml,data/raw/talkbank/CHILDES/EllisWeismer/download_2026-05-31/0phon/TD_30ec/11062.xml,documentation,.xml,744838,19e0f99620fc3a01a14874adf65b3aa1521b1343b83d17386f9c958c7007cabc,True,not_applicable,not_applicable,,,,0,False,False,False,False,False,False,0,0
CHILDES,EllisWeismer,raw_download,2026-05-31,/private/tmp/talkbank_intake_20260531/EllisWeismer/0phon/TD_30ec/11063.xml,data/raw/talkbank/CHILDES/EllisWeismer/download_2026-05-31/0phon/TD_30ec/11063.xml,documentation,.xml,821071,e42d42c5535c9a6fc03a2b63e460b152a4af07198a7dbd7678b4d713217686c8,True,not_applicable,not_applicable,,,,0,False,False,False,False,False,False,0,0
CHILDES,EllisWeismer,raw_download,2026-05-31,/private/tmp/talkbank_intake_20260531/EllisWeismer/0phon/TD_30ec/11100.xml,data/raw/talkbank/CHILDES/EllisWeismer/download_2026-05-31/0phon/TD_30ec/11100.xml,documentation,.xml,781483,f4e69c0052a45b11906a9691e69b7b35c580d183686a36aa9e2bfaa6b6210ee8,True,not_applicable,not_applicable,,,,0,False,False,False,False,False,False,0,0
CHILDES,EllisWeismer,raw_download,2026-05-31,/private/tmp/talkbank_intake_20260531/EllisWeismer/0phon/TD_30ec/12003.xml,data/raw/talkbank/CHILDES/EllisWeismer/download_2026-05-31/0phon/TD_30ec/12003.xml,documentation,.xml,1245597,90c62887d9a0273f616490bdd09de5b917381322d1870c4bab20b4600bfb7a7b,True,not_applicable,not_applicable,,,,0,False,False,False,False,False,False,0,0
CHILDES,EllisWeismer,raw_download,2026-05-31,/private/tmp/talkbank_intake_20260531/EllisWeismer/0phon/TD_30ec/12004.xml,data/raw/talkbank/CHILDES/EllisWeismer/download_2026-05-31/0phon/TD_30ec/12004.xml,documentation,.xml,1008962,ba61efc885242e52415a6d929defd90dd626dbde47400dc6644fa5e7471c1845,True,not_applicable,not_applicable,,,,0,False,False,False,False,False,False,0,0
CHILDES,EllisWeismer,raw_download,2026-05-31,/private/tmp/talkbank_intake_20260531/EllisWeismer/0phon/TD_30ec/12007.xml,data/raw/talkbank/CHILDES/EllisWeismer/download_2026-05-31/0phon/TD_30ec/12007.xml,documentation,.xml,920983,17f3018d1a75dde74c1bf914887c85e923536771fca9b580d6fe4b4d413079b2,True,not_applicable,not_applicable,,,,0,False,False,False,False,False,False,0,0
CHILDES,EllisWeismer,raw_download,2026-05-31,/private/tmp/talkbank_intake_20260531/EllisWeismer/0phon/TD_30ec/12008.xml,data/raw/talkbank/CHILDES/EllisWeismer/download_2026-05-31/0phon/TD_30ec/12008.xml,documentation,.xml,729918,1188f364f3bd1c1127578a3e5bd1ff2891d5db0e6f242ad8d8383f6f40a6ee46,True,not_applicable,not_applicable,,,,0,False,False,False,False,False,False,0,0
CHILDES,EllisWeismer,raw_download,2026-05-31,/private/tmp/talkbank_intake_20260531/EllisWeismer/0phon/TD_30ec/12011.xml,data/raw/talkbank/CHILDES/EllisWeismer/download_2026-05-31/0phon/TD_30ec/12011.xml,documentation,.xml,1102122,76fe755421622a9c3d7061ea0886e9db236be60976abc4c492f197d639f35e7f,True,not_applicable,not_applicable,,,,0,False,False,False,False,False,False,0,0
CHILDES,EllisWeismer,raw_download,2026-05-31,/private/tmp/talkbank_intake_20260531/EllisWeismer/0phon/TD_30ec/12014.xml,data/raw/talkbank/CHILDES/EllisWeismer/download_2026-05-31/0phon/TD_30ec/12014.xml,documentation,.xml,1205015,5c54ab7d879d85fc466339411b711d344019fff48ebacdae99895fe84a3e1e5a,True,not_applicable,not_applicable,,,,0,False,False,False,False,False,False,0,0
CHILDES,EllisWeismer,raw_download,2026-05-31,/private/tmp/talkbank_intake_20260531/EllisWeismer/0phon/TD_30ec/12015.xml,data/raw/talkbank/CHILDES/EllisWeismer/download_2026-05-31/0phon/TD_30ec/12015.xml,documentation,.xml,937792,f08e1578f9d3a3990469d51fb979ecab886b250c5efd6f542af3f5398fd03898,True,not_applicable,not_applicable,,,,0,False,False,False,False,False,False,0,0
CHILDES,EllisWeismer,raw_download,2026-05-31,/private/tmp/talkbank_intake_20260531/EllisWeismer/0phon/TD_30ec/12020.xml,data/raw/talkbank/CHILDES/EllisWeismer/download_2026-05-31/0phon/TD_30ec/12020.xml,documentation,.xml,957233,241b727df2df70792bb33de8b11f09d53f96b153dca9ae0f8781728bed29b01c,True,not_applicable,not_applicable,,,,0,False,False,False,False,False,False,0,0
CHILDES,EllisWeismer,raw_download,2026-05-31,/private/tmp/talkbank_intake_20260531/EllisWeismer/0phon/TD_30ec/12021.xml,data/raw/talkbank/CHILDES/EllisWeismer/download_2026-05-31/0phon/TD_30ec/12021.xml,documentation,.xml,777827,953a09d94e7b54e7cd179e2f4c65d4ff370842abd9bbe243a56bafb1709766d6,True,not_applicable,not_applicable,,,,0,False,False,False,False,False,False,0,0
CHILDES,EllisWeismer,raw_download,2026-05-31,/private/tmp/talkbank_intake_20260531/EllisWeismer/0phon/TD_30ec/12026.xml,data/raw/talkbank/CHILDES/EllisWeismer/download_2026-05-31/0phon/TD_30ec/12026.xml,documentation,.xml,928819,0493aa70fcf505839d96235d9e0959396b69b94db5e17348ed110b7ae1cfd6dc,True,not_applicable,not_applicable,,,,0,False,False,False,False,False,False,0,0
CHILDES,EllisWeismer,raw_download,2026-05-31,/private/tmp/talkbank_intake_20260531/EllisWeismer/0phon/TD_30ec/12028.xml,data/raw/talkbank/CHILDES/EllisWeismer/download_2026-05-31/0phon/TD_30ec/12028.xml,documentation,.xml,478990,e1af372ab5363029f42920d0090b7e4cb9cee8a01812e1ab4e23339000af9935,True,not_applicable,not_applicable,,,,0,False,False,False,False,False,False,0,0
CHILDES,EllisWeismer,raw_download,2026-05-31,/private/tmp/talkbank_intake_20260531/EllisWeismer/0phon/TD_30ec/12029.xml,data/raw/talkbank/CHILDES/EllisWeismer/download_2026-05-31/0phon/TD_30ec/12029.xml,documentation,.xml,902254,6f057f2e262f712ba204fb1ad0fbc690eb41a9a92088593ddf736f9a59361af7,True,not_applicable,not_applicable,,,,0,False,False,False,False,False,False,0,0
CHILDES,EllisWeismer,raw_download,2026-05-31,/private/tmp/talkbank_intake_20260531/EllisWeismer/0phon/TD_30ec/12033.xml,data/raw/talkbank/CHILDES/EllisWeismer/download_2026-05-31/0phon/TD_30ec/12033.xml,documentation,.xml,1122330,9ea04aeda9fdd8a307383f17295cbe81d8db5a68f6e1fd2c5ec89c98f3766fe5,True,not_applicable,not_applicable,,,,0,False,False,False,False,False,False,0,0
CHILDES,EllisWeismer,raw_download,2026-05-31,/private/tmp/talkbank_intake_20260531/EllisWeismer/0phon/TD_30ec/12037.xml,data/raw/talkbank/CHILDES/EllisWeismer/download_2026-05-31/0phon/TD_30ec/12037.xml,documentation,.xml,957607,7a4af7f505ca8ee238091d709812a09cdfd2656648e1daef981d33ca2fd0ca88,True,not_applicable,not_applicable,,,,0,False,False,False,False,False,False,0,0
CHILDES,EllisWeismer,raw_download,2026-05-31,/private/tmp/talkbank_intake_20260531/EllisWeismer/0phon/TD_30ec/12040.xml,data/raw/talkbank/CHILDES/EllisWeismer/download_2026-05-31/0phon/TD_30ec/12040.xml,documentation,.xml,696095,5a8fa77222e0b8ce4375a6dcbe3d33336f6891a1d4ba0a0a63b278ae96c8bc7a,True,not_applicable,not_applicable,,,,0,False,False,False,False,False,False,0,0
CHILDES,EllisWeismer,raw_download,2026-05-31,/private/tmp/talkbank_intake_20260531/EllisWeismer/0phon/TD_30ec/12044.xml,data/raw/talkbank/CHILDES/EllisWeismer/download_2026-05-31/0phon/TD_30ec/12044.xml,documentation,.xml,989178,fab3d39bbe77eb648f3d7826c92cc3d288ac47e9698b390bcebcca05835b3541,True,not_applicable,not_applicable,,,,0,False,False,False,False,False,False,0,0
CHILDES,EllisWeismer,raw_download,2026-05-31,/private/tmp/talkbank_intake_20260531/EllisWeismer/0phon/TD_30ec/12047.xml,data/raw/talkbank/CHILDES/EllisWeismer/download_2026-05-31/0phon/TD_30ec/12047.xml,documentation,.xml,1351939,87f035d318beaffd827519abfa2fbeeefee582ce03ac305ad1caa4951c00e665,True,not_applicable,not_applicable,,,,0,False,False,False,False,False,False,0,0
CHILDES,EllisWeismer,raw_download,2026-05-31,/private/tmp/talkbank_intake_20260531/EllisWeismer/0phon/TD_30ec/12050.xml,data/raw/talkbank/CHILDES/EllisWeismer/download_2026-05-31/0phon/TD_30ec/12050.xml,documentation,.xml,877820,ecfedc574ca8d32221722af8b8037e17b2b5cac8416efdadcf442d8d0b75b7e5,True,not_applicable,not_applicable,,,,0,False,False,False,False,False,False,0,0
CHILDES,EllisWeismer,raw_download,2026-05-31,/private/tmp/talkbank_intake_20260531/EllisWeismer/0phon/TD_30ec/12054.xml,data/raw/talkbank/CHILDES/EllisWeismer/download_2026-05-31/0phon/TD_30ec/12054.xml,documentation,.xml,829938,22444a956fe302e2d3322f0f047f0ef6107df9bda96cf29e4c106e4bd3aff49f,True,not_applicable,not_applicable,,,,0,False,False,False,False,False,False,0,0
CHILDES,EllisWeismer,raw_download,2026-05-31,/private/tmp/talkbank_intake_20260531/EllisWeismer/0phon/TD_30ec/12056.xml,data/raw/talkbank/CHILDES/EllisWeismer/download_2026-05-31/0phon/TD_30ec/12056.xml,documentation,.xml,906066,fface609b9e223ee56e2dc9335a928098d10a07f11e582e7ed01dfff32f14b04,True,not_applicable,not_applicable,,,,0,False,False,False,False,False,False,0,0
CHILDES,EllisWeismer,raw_download,2026-05-31,/private/tmp/talkbank_intake_20260531/EllisWeismer/0phon/TD_30ec/12061.xml,data/raw/talkbank/CHILDES/EllisWeismer/download_2026-05-31/0phon/TD_30ec/12061.xml,documentation,.xml,972441,e81b21737cadc8999cb3e2b6b2db9f13fa7216085eb74017a9ad27863761e6c4,True,not_applicable,not_applicable,,,,0,False,False,False,False,False,False,0,0
CHILDES,EllisWeismer,raw_download,2026-05-31,/private/tmp/talkbank_intake_20260531/EllisWeismer/0phon/TD_30ec/12071.xml,data/raw/talkbank/CHILDES/EllisWeismer/download_2026-05-31/0phon/TD_30ec/12071.xml,documentation,.xml,863266,d9b02689dd74f2138b36c5291303a71f6728c1e03282e9a04bb69c0870036bb5,True,not_applicable,not_applicable,,,,0,False,False,False,False,False,False,0,0
CHILDES,EllisWeismer,raw_download,2026-05-31,/private/tmp/talkbank_intake_20260531/EllisWeismer/0phon/TD_30ec/12077.xml,data/raw/talkbank/CHILDES/EllisWeismer/download_2026-05-31/0phon/TD_30ec/12077.xml,documentation,.xml,948349,f91c2d90001ba8b821d7f350c7cf65fc7b61b0675f9c446d09e21ddd601313ae,True,not_applicable,not_applicable,,,,0,False,False,False,False,False,False,0,0
CHILDES,EllisWeismer,raw_download,2026-05-31,/private/tmp/talkbank_intake_20260531/EllisWeismer/0phon/TD_30ec/12095.xml,data/raw/talkbank/CHILDES/EllisWeismer/download_2026-05-31/0phon/TD_30ec/12095.xml,documentation,.xml,665639,ba2a36c15dfbcb2ccaa641de9ef8cadffd359fc9c70372f8d6af7947eeaac192,True,not_applicable,not_applicable,,,,0,False,False,False,False,False,False,0,0
CHILDES,EllisWeismer,raw_download,2026-05-31,/private/tmp/talkbank_intake_20260531/EllisWeismer/0phon/TD_30ec/21092.xml,data/raw/talkbank/CHILDES/EllisWeismer/download_2026-05-31/0phon/TD_30ec/21092.xml,documentation,.xml,760028,1c7678f37b05fc32bd1bd444c05a124ba5230e670e0f29946a387f086f5cf76f,True,not_applicable,not_applicable,,,,0,False,False,False,False,False,False,0,0
CHILDES,EllisWeismer,raw_download,2026-05-31,/private/tmp/talkbank_intake_20260531/EllisWeismer/0phon/TD_30ec/21096.xml,data/raw/talkbank/CHILDES/EllisWeismer/download_2026-05-31/0phon/TD_30ec/21096.xml,documentation,.xml,943301,94eb3952570a8835b42ba389b0aa64cb07112485c83f07047188ec6b645121a6,True,not_applicable,not_applicable,,,,0,False,False,False,False,False,False,0,0
CHILDES,EllisWeismer,raw_download,2026-05-31,/private/tmp/talkbank_intake_20260531/EllisWeismer/0phon/TD_30ec/21097.xml,data/raw/talkbank/CHILDES/EllisWeismer/download_2026-05-31/0phon/TD_30ec/21097.xml,documentation,.xml,929101,c6691e82e66c56cee2d4b382591439b79ffac613036098dd308681d69abcd470,True,not_applicable,not_applicable,,,,0,False,False,False,False,False,False,0,0
CHILDES,EllisWeismer,raw_download,2026-05-31,/private/tmp/talkbank_intake_20260531/EllisWeismer/0phon/TD_30ec/21099.xml,data/raw/talkbank/CHILDES/EllisWeismer/download_2026-05-31/0phon/TD_30ec/21099.xml,documentation,.xml,1312354,77021ef36af5ed1eff9d09b95deeeafd011f958bac8ce94506aca3ec82aa8853,True,not_applicable,not_applicable,,,,0,False,False,False,False,False,False,0,0
CHILDES,EllisWeismer,raw_download,2026-05-31,/private/tmp/talkbank_intake_20260531/EllisWeismer/0phon/TD_30ec/21102.xml,data/raw/talkbank/CHILDES/EllisWeismer/download_2026-05-31/0phon/TD_30ec/21102.xml,documentation,.xml,597284,cfe29751c825ed420ca764c8d91e9fae937869c71cc71cc66dbc974a3a668b10,True,not_applicable,not_applicable,,,,0,False,False,False,False,False,False,0,0
CHILDES,EllisWeismer,raw_download,2026-05-31,/private/tmp/talkbank_intake_20260531/EllisWeismer/0phon/TD_30ec/21106.xml,data/raw/talkbank/CHILDES/EllisWeismer/download_2026-05-31/0phon/TD_30ec/21106.xml,documentation,.xml,550642,f365cb2aa091ac0ff2d39de0ca6b5ebe7706e447b2c837c3adf607ceff39d32e,True,not_applicable,not_applicable,,,,0,False,False,False,False,False,False,0,0
CHILDES,EllisWeismer,raw_download,2026-05-31,/private/tmp/talkbank_intake_20260531/EllisWeismer/0phon/TD_30ec/21116.xml,data/raw/talkbank/CHILDES/EllisWeismer/download_2026-05-31/0phon/TD_30ec/21116.xml,documentation,.xml,365283,e2e92c67173ffab2c0cf29c0772c5e3b812427a80caaad46beff5361ce2f0341,True,not_applicable,not_applicable,,,,0,False,False,False,False,False,False,0,0
CHILDES,EllisWeismer,raw_download,2026-05-31,/private/tmp/talkbank_intake_20260531/EllisWeismer/0phon/TD_30ec/21121.xml,data/raw/talkbank/CHILDES/EllisWeismer/download_2026-05-31/0phon/TD_30ec/21121.xml,documentation,.xml,546905,393a3ab39563dd1946f11aaf3e7c91df56d38722890d625000ebb937ba362779,True,not_applicable,not_applicable,,,,0,False,False,False,False,False,False,0,0
CHILDES,EllisWeismer,raw_download,2026-05-31,/private/tmp/talkbank_intake_20260531/EllisWeismer/0phon/TD_30ec/21126.xml,data/raw/talkbank/CHILDES/EllisWeismer/download_2026-05-31/0phon/TD_30ec/21126.xml,documentation,.xml,794621,7dcb79342d94ed4f61f69cbc4ac137b7f9132e9fe6a0d8da17b50346f155561f,True,not_applicable,not_applicable,,,,0,False,False,False,False,False,False,0,0
CHILDES,EllisWeismer,raw_download,2026-05-31,/private/tmp/talkbank_intake_20260531/EllisWeismer/0phon/TD_30ec/21135.xml,data/raw/talkbank/CHILDES/EllisWeismer/download_2026-05-31/0phon/TD_30ec/21135.xml,documentation,.xml,933989,120ce9c2f449645dae1173e510efdaee0503d76afff13e335b0ec2f4b9846354,True,not_applicable,not_applicable,,,,0,False,False,False,False,False,False,0,0
CHILDES,EllisWeismer,raw_download,2026-05-31,/private/tmp/talkbank_intake_20260531/EllisWeismer/0phon/TD_30ec/21193.xml,data/raw/talkbank/CHILDES/EllisWeismer/download_2026-05-31/0phon/TD_30ec/21193.xml,documentation,.xml,647265,dea8e3ce220ae4acddf328540af66615e70387ac9c96d1b97eb909e6a426cff2,True,not_applicable,not_applicable,,,,0,False,False,False,False,False,False,0,0
CHILDES,EllisWeismer,raw_download,2026-05-31,/private/tmp/talkbank_intake_20260531/EllisWeismer/0phon/TD_30ec/22089.xml,data/raw/talkbank/CHILDES/EllisWeismer/download_2026-05-31/0phon/TD_30ec/22089.xml,documentation,.xml,690497,284074ecc94d0af646cd87d249c66a29f22f02759ad34e4974fa7c10394a603c,True,not_applicable,not_applicable,,,,0,False,False,False,False,False,False,0,0
CHILDES,EllisWeismer,raw_download,2026-05-31,/private/tmp/talkbank_intake_20260531/EllisWeismer/0phon/TD_30ec/22093.xml,data/raw/talkbank/CHILDES/EllisWeismer/download_2026-05-31/0phon/TD_30ec/22093.xml,documentation,.xml,763616,e516f516bf48bd52c339b64cb33ded54b27db3aeae660264db45493a611b0f46,True,not_applicable,not_applicable,,,,0,False,False,False,False,False,False,0,0
CHILDES,EllisWeismer,raw_download,2026-05-31,/private/tmp/talkbank_intake_20260531/EllisWeismer/0phon/TD_30ec/22101.xml,data/raw/talkbank/CHILDES/EllisWeismer/download_2026-05-31/0phon/TD_30ec/22101.xml,documentation,.xml,747748,7fdd5d8ad25afb563d9ef65f63a7420a35b73e61a3ea0616705e7f38622b0101,True,not_applicable,not_applicable,,,,0,False,False,False,False,False,False,0,0
CHILDES,EllisWeismer,raw_download,2026-05-31,/private/tmp/talkbank_intake_20260531/EllisWeismer/0phon/TD_30ec/22104.xml,data/raw/talkbank/CHILDES/EllisWeismer/download_2026-05-31/0phon/TD_30ec/22104.xml,documentation,.xml,730718,89f4cfef12ee87e967b669cf6e4a8754de90f7618eac9c07e39b8fc78f5ab2b3,True,not_applicable,not_applicable,,,,0,False,False,False,False,False,False,0,0
CHILDES,EllisWeismer,raw_download,2026-05-31,/private/tmp/talkbank_intake_20260531/EllisWeismer/0phon/TD_30ec/22109.xml,data/raw/talkbank/CHILDES/EllisWeismer/download_2026-05-31/0phon/TD_30ec/22109.xml,documentation,.xml,790336,6ae3aaecaf3758c5f9f9fd25af7c6883ac5017af51267cd9e9764d61de46f308,True,not_applicable,not_applicable,,,,0,False,False,False,False,False,False,0,0
CHILDES,EllisWeismer,raw_download,2026-05-31,/private/tmp/talkbank_intake_20260531/EllisWeismer/0phon/TD_30ec/22113.xml,data/raw/talkbank/CHILDES/EllisWeismer/download_2026-05-31/0phon/TD_30ec/22113.xml,documentation,.xml,693911,7cf68a45ae54f1c5d6da8b2f4aa1ca33b83d6da211133aa4e6658a0a839415e2,True,not_applicable,not_applicable,,,,0,False,False,False,False,False,False,0,0
CHILDES,EllisWeismer,raw_download,2026-05-31,/private/tmp/talkbank_intake_20260531/EllisWeismer/0phon/TD_30ec/22118.xml,data/raw/talkbank/CHILDES/EllisWeismer/download_2026-05-31/0phon/TD_30ec/22118.xml,documentation,.xml,791508,e47b1db8c4c5e7df4e7ee499469158c6ce01bb40d65b05d57329fe6e1d9eca1d,True,not_applicable,not_applicable,,,,0,False,False,False,False,False,False,0,0
CHILDES,EllisWeismer,raw_download,2026-05-31,/private/tmp/talkbank_intake_20260531/EllisWeismer/0phon/TD_30ec/22120.xml,data/raw/talkbank/CHILDES/EllisWeismer/download_2026-05-31/0phon/TD_30ec/22120.xml,documentation,.xml,736517,73ed5fc56b5ee06ba2a7f8ceb074c15a6100a2098433febdabcbc36cbc41dfcf,True,not_applicable,not_applicable,,,,0,False,False,False,False,False,False,0,0
CHILDES,EllisWeismer,raw_download,2026-05-31,/private/tmp/talkbank_intake_20260531/EllisWeismer/0phon/TD_30ec/22128.xml,data/raw/talkbank/CHILDES/EllisWeismer/download_2026-05-31/0phon/TD_30ec/22128.xml,documentation,.xml,631825,e661c4938efd12e160c3efcb80aa3e63ab84305f6dc8b00467aa04fe6ffae5f7,True,not_applicable,not_applicable,,,,0,False,False,False,False,False,False,0,0
CHILDES,EllisWeismer,raw_download,2026-05-31,/private/tmp/talkbank_intake_20260531/EllisWeismer/0phon/TD_30ec/22141.xml,data/raw/talkbank/CHILDES/EllisWeismer/download_2026-05-31/0phon/TD_30ec/22141.xml,documentation,.xml,627661,929a60c6d9d6e12cb557a6478c23774b4b616add15000ea5f6ea9de035479f3a,True,not_applicable,not_applicable,,,,0,False,False,False,False,False,False,0,0
CHILDES,EllisWeismer,raw_download,2026-05-31,/private/tmp/talkbank_intake_20260531/EllisWeismer/0phon/TD_30ec/22148.xml,data/raw/talkbank/CHILDES/EllisWeismer/download_2026-05-31/0phon/TD_30ec/22148.xml,documentation,.xml,1120255,0ace9d6fdb2087686b7502f2b6e91e87388ea50d069c5caf62d3540c21733429,True,not_applicable,not_applicable,,,,0,False,False,False,False,False,False,0,0
CHILDES,EllisWeismer,raw_download,2026-05-31,/private/tmp/talkbank_intake_20260531/EllisWeismer/0phon/TD_30ec/22180.xml,data/raw/talkbank/CHILDES/EllisWeismer/download_2026-05-31/0phon/TD_30ec/22180.xml,documentation,.xml,866658,b290f45c1a83142dee65f06c08a59a78d9410bc58a2bf1e2e313a490d70f34d0,True,not_applicable,not_applicable,,,,0,False,False,False,False,False,False,0,0
CHILDES,EllisWeismer,raw_download,2026-05-31,/private/tmp/talkbank_intake_20260531/EllisWeismer/0phon/TD_30pc/11006.xml,data/raw/talkbank/CHILDES/EllisWeismer/download_2026-05-31/0phon/TD_30pc/11006.xml,documentation,.xml,701055,cb237fb2c9646716e0e1ecfd9db8fd5dcb16773ee9fb8ddcbcd2d1010ef58f18,True,not_applicable,not_applicable,,,,0,False,False,False,False,False,False,0,0
CHILDES,EllisWeismer,raw_download,2026-05-31,/private/tmp/talkbank_intake_20260531/EllisWeismer/0phon/TD_30pc/11012.xml,data/raw/talkbank/CHILDES/EllisWeismer/download_2026-05-31/0phon/TD_30pc/11012.xml,documentation,.xml,652552,a1e71b5a9264cbfc79db6dd20de34f8f381d87a68e1aa74cdabd5c0e7938945e,True,not_applicable,not_applicable,,,,0,False,False,False,False,False,False,0,0
CHILDES,EllisWeismer,raw_download,2026-05-31,/private/tmp/talkbank_intake_20260531/EllisWeismer/0phon/TD_30pc/11013.xml,data/raw/talkbank/CHILDES/EllisWeismer/download_2026-05-31/0phon/TD_30pc/11013.xml,documentation,.xml,584498,e9156f5e66b23cf50b0f0da5300299bc2414d3e0cc160a0ac328c8409ce14b13,True,not_applicable,not_applicable,,,,0,False,False,False,False,False,False,0,0
CHILDES,EllisWeismer,raw_download,2026-05-31,/private/tmp/talkbank_intake_20260531/EllisWeismer/0phon/TD_30pc/11018.xml,data/raw/talkbank/CHILDES/EllisWeismer/download_2026-05-31/0phon/TD_30pc/11018.xml,documentation,.xml,834302,b602fc9d33ef5f657b1c4c4306a29599b6929fbbf3b4d6425ad2cd6fc7cdb401,True,not_applicable,not_applicable,,,,0,False,False,False,False,False,False,0,0
CHILDES,EllisWeismer,raw_download,2026-05-31,/private/tmp/talkbank_intake_20260531/EllisWeismer/0phon/TD_30pc/11023.xml,data/raw/talkbank/CHILDES/EllisWeismer/download_2026-05-31/0phon/TD_30pc/11023.xml,documentation,.xml,530258,d1f2c7edb4293122dff586a50c6b8db8af1c619cb568934706f33bb71c9d6b9d,True,not_applicable,not_applicable,,,,0,False,False,False,False,False,False,0,0
CHILDES,EllisWeismer,raw_download,2026-05-31,/private/tmp/talkbank_intake_20260531/EllisWeismer/0phon/TD_30pc/11024.xml,data/raw/talkbank/CHILDES/EllisWeismer/download_2026-05-31/0phon/TD_30pc/11024.xml,documentation,.xml,953931,770fa49a8521cca33405b425422fc82814b9c0f3ad17ee7466fba663a148faf2,True,not_applicable,not_applicable,,,,0,False,False,False,False,False,False,0,0
CHILDES,EllisWeismer,raw_download,2026-05-31,/private/tmp/talkbank_intake_20260531/EllisWeismer/0phon/TD_30pc/11025.xml,data/raw/talkbank/CHILDES/EllisWeismer/download_2026-05-31/0phon/TD_30pc/11025.xml,documentation,.xml,649876,1d886bcae3e1438134c0ec865c0b3026d10b557cdbeedaf8ef2e7c5ec8b02ea1,True,not_applicable,not_applicable,,,,0,False,False,False,False,False,False,0,0
CHILDES,EllisWeismer,raw_download,2026-05-31,/private/tmp/talkbank_intake_20260531/EllisWeismer/0phon/TD_30pc/11027.xml,data/raw/talkbank/CHILDES/EllisWeismer/download_2026-05-31/0phon/TD_30pc/11027.xml,documentation,.xml,500084,11f51a1b4f17a97f6006c366a98cc974e00f99e1beb6ab2b83cb652f9fd21ce6,True,not_applicable,not_applicable,,,,0,False,False,False,False,False,False,0,0
CHILDES,EllisWeismer,raw_download,2026-05-31,/private/tmp/talkbank_intake_20260531/EllisWeismer/0phon/TD_30pc/11035.xml,data/raw/talkbank/CHILDES/EllisWeismer/download_2026-05-31/0phon/TD_30pc/11035.xml,documentation,.xml,661646,71c94f5b6939847d62e78274b0bd185878f57d4fcfa5c585b6b12f1ec62f5884,True,not_applicable,not_applicable,,,,0,False,False,False,False,False,False,0,0
CHILDES,EllisWeismer,raw_download,2026-05-31,/private/tmp/talkbank_intake_20260531/EllisWeismer/0phon/TD_30pc/11041.xml,data/raw/talkbank/CHILDES/EllisWeismer/download_2026-05-31/0phon/TD_30pc/11041.xml,documentation,.xml,789625,03e2cef856e3f2bc5b114a3297a218fdd3eb531d4ce9d0ac78a5e4aecaae0097,True,not_applicable,not_applicable,,,,0,False,False,False,False,False,False,0,0
CHILDES,EllisWeismer,raw_download,2026-05-31,/private/tmp/talkbank_intake_20260531/EllisWeismer/0phon/TD_30pc/11045.xml,data/raw/talkbank/CHILDES/EllisWeismer/download_2026-05-31/0phon/TD_30pc/11045.xml,documentation,.xml,1202883,fc18c6c1604a19c39da300b00bd47817202bd636e3b50c0a3ce90ea63a3d0085,True,not_applicable,not_applicable,,,,0,False,False,False,False,False,False,0,0
CHILDES,EllisWeismer,raw_download,2026-05-31,/private/tmp/talkbank_intake_20260531/EllisWeismer/0phon/TD_30pc/11051.xml,data/raw/talkbank/CHILDES/EllisWeismer/download_2026-05-31/0phon/TD_30pc/11051.xml,documentation,.xml,1141845,e668fff448d84eb79cb33de326e5e46d99e23996980f096a5947ae2a09e374e4,True,not_applicable,not_applicable,,,,0,False,False,False,False,False,False,0,0
CHILDES,EllisWeismer,raw_download,2026-05-31,/private/tmp/talkbank_intake_20260531/EllisWeismer/0phon/TD_30pc/11053.xml,data/raw/talkbank/CHILDES/EllisWeismer/download_2026-05-31/0phon/TD_30pc/11053.xml,documentation,.xml,887921,01d8801a8488e3d7d106af5a5210eeb6ae91d0cb0e3aae8e20e0317357032646,True,not_applicable,not_applicable,,,,0,False,False,False,False,False,False,0,0
CHILDES,EllisWeismer,raw_download,2026-05-31,/private/tmp/talkbank_intake_20260531/EllisWeismer/0phon/TD_30pc/11055.xml,data/raw/talkbank/CHILDES/EllisWeismer/download_2026-05-31/0phon/TD_30pc/11055.xml,documentation,.xml,812715,c995321af10c630a87cf45d148873301556b232db201ff5cddaf58de8f9d3f7b,True,not_applicable,not_applicable,,,,0,False,False,False,False,False,False,0,0
CHILDES,EllisWeismer,raw_download,2026-05-31,/private/tmp/talkbank_intake_20260531/EllisWeismer/0phon/TD_30pc/11057.xml,data/raw/talkbank/CHILDES/EllisWeismer/download_2026-05-31/0phon/TD_30pc/11057.xml,documentation,.xml,532042,d2db9d433e1ec483268e30b007da1813290b1b838a01fb12905670f1d62c40c8,True,not_applicable,not_applicable,,,,0,False,False,False,False,False,False,0,0
CHILDES,EllisWeismer,raw_download,2026-05-31,/private/tmp/talkbank_intake_20260531/EllisWeismer/0phon/TD_30pc/11062.xml,data/raw/talkbank/CHILDES/EllisWeismer/download_2026-05-31/0phon/TD_30pc/11062.xml,documentation,.xml,459067,130772e4db3a8bc39a841997b8b81ae1fa7bc804293ea6478e99681c73e14a4a,True,not_applicable,not_applicable,,,,0,False,False,False,False,False,False,0,0
CHILDES,EllisWeismer,raw_download,2026-05-31,/private/tmp/talkbank_intake_20260531/EllisWeismer/0phon/TD_30pc/11063.xml,data/raw/talkbank/CHILDES/EllisWeismer/download_2026-05-31/0phon/TD_30pc/11063.xml,documentation,.xml,424822,8b8340b0833191cdf91c19031484efbfd6c055322dbbcdd5a06a56bd93aae47a,True,not_applicable,not_applicable,,,,0,False,False,False,False,False,False,0,0
CHILDES,EllisWeismer,raw_download,2026-05-31,/private/tmp/talkbank_intake_20260531/EllisWeismer/0phon/TD_30pc/11100.xml,data/raw/talkbank/CHILDES/EllisWeismer/download_2026-05-31/0phon/TD_30pc/11100.xml,documentation,.xml,803262,9bd7bf28fb7b8520d41fb9d750d8661dfe6b74818c4dd2eb8ab8e0c96be63524,True,not_applicable,not_applicable,,,,0,False,False,False,False,False,False,0,0
CHILDES,EllisWeismer,raw_download,2026-05-31,/private/tmp/talkbank_intake_20260531/EllisWeismer/0phon/TD_30pc/12003.xml,data/raw/talkbank/CHILDES/EllisWeismer/download_2026-05-31/0phon/TD_30pc/12003.xml,documentation,.xml,816331,d87de1b9c6edf367c0af754575720a905a6783071ffc4a30bc7d9108d4acc5f4,True,not_applicable,not_applicable,,,,0,False,False,False,False,False,False,0,0
CHILDES,EllisWeismer,raw_download,2026-05-31,/private/tmp/talkbank_intake_20260531/EllisWeismer/0phon/TD_30pc/12004.xml,data/raw/talkbank/CHILDES/EllisWeismer/download_2026-05-31/0phon/TD_30pc/12004.xml,documentation,.xml,852148,9dacb3e546146eb9278151aeb3fabb1d8dcdd731bcb56d2e6b5cb44fd1cab625,True,not_applicable,not_applicable,,,,0,False,False,False,False,False,False,0,0
CHILDES,EllisWeismer,raw_download,2026-05-31,/private/tmp/talkbank_intake_20260531/EllisWeismer/0phon/TD_30pc/12007.xml,data/raw/talkbank/CHILDES/EllisWeismer/download_2026-05-31/0phon/TD_30pc/12007.xml,documentation,.xml,717369,f524ba47692856db4abf2d9f0c24880d36314ab8a29223292bda430f381e7647,True,not_applicable,not_applicable,,,,0,False,False,False,False,False,False,0,0
CHILDES,EllisWeismer,raw_download,2026-05-31,/private/tmp/talkbank_intake_20260531/EllisWeismer/0phon/TD_30pc/12008.xml,data/raw/talkbank/CHILDES/EllisWeismer/download_2026-05-31/0phon/TD_30pc/12008.xml,documentation,.xml,821298,4819212e15b4ff9dc507478be38725b685a34ed20afbdbfbf4002b48e2b7ee71,True,not_applicable,not_applicable,,,,0,False,False,False,False,False,False,0,0
CHILDES,EllisWeismer,raw_download,2026-05-31,/private/tmp/talkbank_intake_20260531/EllisWeismer/0phon/TD_30pc/12011.xml,data/raw/talkbank/CHILDES/EllisWeismer/download_2026-05-31/0phon/TD_30pc/12011.xml,documentation,.xml,757290,43f05e67057fbc9c3a085482b961acbdb19991d9dbf1d89ccb7cfe8ce2f8f64d,True,not_applicable,not_applicable,,,,0,False,False,False,False,False,False,0,0
CHILDES,EllisWeismer,raw_download,2026-05-31,/private/tmp/talkbank_intake_20260531/EllisWeismer/0phon/TD_30pc/12014.xml,data/raw/talkbank/CHILDES/EllisWeismer/download_2026-05-31/0phon/TD_30pc/12014.xml,documentation,.xml,786678,be636a863d0918a5022dc9619638d6661360d2cd5340965730a47834d47873ed,True,not_applicable,not_applicable,,,,0,False,False,False,False,False,False,0,0
CHILDES,EllisWeismer,raw_download,2026-05-31,/private/tmp/talkbank_intake_20260531/EllisWeismer/0phon/TD_30pc/12015.xml,data/raw/talkbank/CHILDES/EllisWeismer/download_2026-05-31/0phon/TD_30pc/12015.xml,documentation,.xml,886791,fbf300ea88d5534e293dd5c3941be475ab85f35f82e9cad4aadcd04591de33c8,True,not_applicable,not_applicable,,,,0,False,False,False,False,False,False,0,0
CHILDES,EllisWeismer,raw_download,2026-05-31,/private/tmp/talkbank_intake_20260531/EllisWeismer/0phon/TD_30pc/12021.xml,data/raw/talkbank/CHILDES/EllisWeismer/download_2026-05-31/0phon/TD_30pc/12021.xml,documentation,.xml,894634,ecca8dc12e54488466a02b48bcfb79d980bc59fea0fef17e7fd4f79e7a59d9bf,True,not_applicable,not_applicable,,,,0,False,False,False,False,False,False,0,0
CHILDES,EllisWeismer,raw_download,2026-05-31,/private/tmp/talkbank_intake_20260531/EllisWeismer/0phon/TD_30pc/12026.xml,data/raw/talkbank/CHILDES/EllisWeismer/download_2026-05-31/0phon/TD_30pc/12026.xml,documentation,.xml,759674,0b6293a885654e17285b7ca89df68fd18c5c9475c9d4e21bf7d3b7f05c4471d9,True,not_applicable,not_applicable,,,,0,False,False,False,False,False,False,0,0
CHILDES,EllisWeismer,raw_download,2026-05-31,/private/tmp/talkbank_intake_20260531/EllisWeismer/0phon/TD_30pc/12028.xml,data/raw/talkbank/CHILDES/EllisWeismer/download_2026-05-31/0phon/TD_30pc/12028.xml,documentation,.xml,511595,b4553881c96cbf3152174cba7558b7e7fed545050bd0ff6cf89287f78ff9f0c3,True,not_applicable,not_applicable,,,,0,False,False,False,False,False,False,0,0
CHILDES,EllisWeismer,raw_download,2026-05-31,/private/tmp/talkbank_intake_20260531/EllisWeismer/0phon/TD_30pc/12029.xml,data/raw/talkbank/CHILDES/EllisWeismer/download_2026-05-31/0phon/TD_30pc/12029.xml,documentation,.xml,620986,5cb5327674af4f347ee0dce9446c6d9418fb3f7eed4f36489920ba53f5b8ecf9,True,not_applicable,not_applicable,,,,0,False,False,False,False,False,False,0,0
CHILDES,EllisWeismer,raw_download,2026-05-31,/private/tmp/talkbank_intake_20260531/EllisWeismer/0phon/TD_30pc/12033.xml,data/raw/talkbank/CHILDES/EllisWeismer/download_2026-05-31/0phon/TD_30pc/12033.xml,documentation,.xml,950537,d9ca42de48de37f1f1b3280e0d81b9412b25c2b92eb9fa7c16bbc21923cef8ed,True,not_applicable,not_applicable,,,,0,False,False,False,False,False,False,0,0
CHILDES,EllisWeismer,raw_download,2026-05-31,/private/tmp/talkbank_intake_20260531/EllisWeismer/0phon/TD_30pc/12037.xml,data/raw/talkbank/CHILDES/EllisWeismer/download_2026-05-31/0phon/TD_30pc/12037.xml,documentation,.xml,904996,7a85ccec97ae180fe1786871b5761101b10db8835fe961e8b1efa69148ed4617,True,not_applicable,not_applicable,,,,0,False,False,False,False,False,False,0,0
CHILDES,EllisWeismer,raw_download,2026-05-31,/private/tmp/talkbank_intake_20260531/EllisWeismer/0phon/TD_30pc/12040.xml,data/raw/talkbank/CHILDES/EllisWeismer/download_2026-05-31/0phon/TD_30pc/12040.xml,documentation,.xml,558490,697f19b43d8c429c1631ed9dbb2b842932fc5cd28defc39ab968d66609ead6d8,True,not_applicable,not_applicable,,,,0,False,False,False,False,False,False,0,0
CHILDES,EllisWeismer,raw_download,2026-05-31,/private/tmp/talkbank_intake_20260531/EllisWeismer/0phon/TD_30pc/12047.xml,data/raw/talkbank/CHILDES/EllisWeismer/download_2026-05-31/0phon/TD_30pc/12047.xml,documentation,.xml,884452,ba0fde3e48a72247341349e8ac684216afff87bf927fd01b62f06b163c55682a,True,not_applicable,not_applicable,,,,0,False,False,False,False,False,False,0,0
CHILDES,EllisWeismer,raw_download,2026-05-31,/private/tmp/talkbank_intake_20260531/EllisWeismer/0phon/TD_30pc/12050.xml,data/raw/talkbank/CHILDES/EllisWeismer/download_2026-05-31/0phon/TD_30pc/12050.xml,documentation,.xml,1048270,ec9cdaaa04058c2986ec5c17c2b2b32c91e5a6b13245d08b6a90b28558040ece,True,not_applicable,not_applicable,,,,0,False,False,False,False,False,False,0,0
CHILDES,EllisWeismer,raw_download,2026-05-31,/private/tmp/talkbank_intake_20260531/EllisWeismer/0phon/TD_30pc/12054.xml,data/raw/talkbank/CHILDES/EllisWeismer/download_2026-05-31/0phon/TD_30pc/12054.xml,documentation,.xml,819156,fc7671a16f553ac60d097ac70eb00ad0813cf6150caf25fd8b92baf224f4d79a,True,not_applicable,not_applicable,,,,0,False,False,False,False,False,False,0,0
CHILDES,EllisWeismer,raw_download,2026-05-31,/private/tmp/talkbank_intake_20260531/EllisWeismer/0phon/TD_30pc/12056.xml,data/raw/talkbank/CHILDES/EllisWeismer/download_2026-05-31/0phon/TD_30pc/12056.xml,documentation,.xml,631347,5153aba518923587d4bbfa78ead8bf0930ac74ee0f323aa6c739b81b4a2c158a,True,not_applicable,not_applicable,,,,0,False,False,False,False,False,False,0,0
CHILDES,EllisWeismer,raw_download,2026-05-31,/private/tmp/talkbank_intake_20260531/EllisWeismer/0phon/TD_30pc/12061.xml,data/raw/talkbank/CHILDES/EllisWeismer/download_2026-05-31/0phon/TD_30pc/12061.xml,documentation,.xml,848063,152f1588af3c2eb03f06343b9329b63765deacf734476e67058613b46a577c62,True,not_applicable,not_applicable,,,,0,False,False,False,False,False,False,0,0
CHILDES,EllisWeismer,raw_download,2026-05-31,/private/tmp/talkbank_intake_20260531/EllisWeismer/0phon/TD_30pc/12071.xml,data/raw/talkbank/CHILDES/EllisWeismer/download_2026-05-31/0phon/TD_30pc/12071.xml,documentation,.xml,693672,0aac9056ae773d44811f69bf060496e4e56ab66dedb63eb1c25b9895e147563f,True,not_applicable,not_applicable,,,,0,False,False,False,False,False,False,0,0
CHILDES,EllisWeismer,raw_download,2026-05-31,/private/tmp/talkbank_intake_20260531/EllisWeismer/0phon/TD_30pc/12077.xml,data/raw/talkbank/CHILDES/EllisWeismer/download_2026-05-31/0phon/TD_30pc/12077.xml,documentation,.xml,786453,83efe7595d0013663e29a123059c1e3a426e187c77d48dc14ec2ea1fdbfc18c9,True,not_applicable,not_applicable,,,,0,False,False,False,False,False,False,0,0
CHILDES,EllisWeismer,raw_download,2026-05-31,/private/tmp/talkbank_intake_20260531/EllisWeismer/0phon/TD_30pc/12095.xml,data/raw/talkbank/CHILDES/EllisWeismer/download_2026-05-31/0phon/TD_30pc/12095.xml,documentation,.xml,520316,9d9d4373e7d85f05a1cb8092b895a6e30929edb331353a8faf36bcdb5a0eecf7,True,not_applicable,not_applicable,,,,0,False,False,False,False,False,False,0,0
CHILDES,EllisWeismer,raw_download,2026-05-31,/private/tmp/talkbank_intake_20260531/EllisWeismer/0phon/TD_30pc/21092.xml,data/raw/talkbank/CHILDES/EllisWeismer/download_2026-05-31/0phon/TD_30pc/21092.xml,documentation,.xml,709331,bd5dc0f124e454825ea3797a50eae5f22837d4b8a0156ca72e1cc045a724deee,True,not_applicable,not_applicable,,,,0,False,False,False,False,False,False,0,0
CHILDES,EllisWeismer,raw_download,2026-05-31,/private/tmp/talkbank_intake_20260531/EllisWeismer/0phon/TD_30pc/21097.xml,data/raw/talkbank/CHILDES/EllisWeismer/download_2026-05-31/0phon/TD_30pc/21097.xml,documentation,.xml,835297,e7b2dee2fae6d448aa3b699b6c941e6ef4d2863fa50b4075bbe14757fbf9704b,True,not_applicable,not_applicable,,,,0,False,False,False,False,False,False,0,0
CHILDES,EllisWeismer,raw_download,2026-05-31,/private/tmp/talkbank_intake_20260531/EllisWeismer/0phon/TD_30pc/21099.xml,data/raw/talkbank/CHILDES/EllisWeismer/download_2026-05-31/0phon/TD_30pc/21099.xml,documentation,.xml,746920,f50c508de9a267270b438da3bfc322c31001d16fd1cc7252908254e2ef4bf0d8,True,not_applicable,not_applicable,,,,0,False,False,False,False,False,False,0,0
CHILDES,EllisWeismer,raw_download,2026-05-31,/private/tmp/talkbank_intake_20260531/EllisWeismer/0phon/TD_30pc/21102.xml,data/raw/talkbank/CHILDES/EllisWeismer/download_2026-05-31/0phon/TD_30pc/21102.xml,documentation,.xml,625177,74491024d8f4b7d27394c36b329c11768a78b15f796e97d5d137ee524e34471e,True,not_applicable,not_applicable,,,,0,False,False,False,False,False,False,0,0
CHILDES,EllisWeismer,raw_download,2026-05-31,/private/tmp/talkbank_intake_20260531/EllisWeismer/0phon/TD_30pc/21106.xml,data/raw/talkbank/CHILDES/EllisWeismer/download_2026-05-31/0phon/TD_30pc/21106.xml,documentation,.xml,789168,fde76df411769ef3dccb620a1f6c7b8305d0053ffc8cb2a32f44ee4f55131b32,True,not_applicable,not_applicable,,,,0,False,False,False,False,False,False,0,0
CHILDES,EllisWeismer,raw_download,2026-05-31,/private/tmp/talkbank_intake_20260531/EllisWeismer/0phon/TD_30pc/21116.xml,data/raw/talkbank/CHILDES/EllisWeismer/download_2026-05-31/0phon/TD_30pc/21116.xml,documentation,.xml,606758,79d9e7d4b26fd73dc9ae2ade3f01d9356312762badd6b843853c8e12cb79e6c1,True,not_applicable,not_applicable,,,,0,False,False,False,False,False,False,0,0
CHILDES,EllisWeismer,raw_download,2026-05-31,/private/tmp/talkbank_intake_20260531/EllisWeismer/0phon/TD_30pc/21121.xml,data/raw/talkbank/CHILDES/EllisWeismer/download_2026-05-31/0phon/TD_30pc/21121.xml,documentation,.xml,862155,46a2f0cdde132b15fc155640cb4fd7eb1f5119d37afaddf039ffa25d3b2e403b,True,not_applicable,not_applicable,,,,0,False,False,False,False,False,False,0,0
CHILDES,EllisWeismer,raw_download,2026-05-31,/private/tmp/talkbank_intake_20260531/EllisWeismer/0phon/TD_30pc/21126.xml,data/raw/talkbank/CHILDES/EllisWeismer/download_2026-05-31/0phon/TD_30pc/21126.xml,documentation,.xml,705699,a336f67566965bc85393ca02f60e0d84db256a974d5f3eddf3aa4f64af0bbbf1,True,not_applicable,not_applicable,,,,0,False,False,False,False,False,False,0,0
CHILDES,EllisWeismer,raw_download,2026-05-31,/private/tmp/talkbank_intake_20260531/EllisWeismer/0phon/TD_30pc/21134.xml,data/raw/talkbank/CHILDES/EllisWeismer/download_2026-05-31/0phon/TD_30pc/21134.xml,documentation,.xml,859792,5e0788c7961ebeb906b70eefdc3c0e7ca895caf9838288e6182329115d594160,True,not_applicable,not_applicable,,,,0,False,False,False,False,False,False,0,0
CHILDES,EllisWeismer,raw_download,2026-05-31,/private/tmp/talkbank_intake_20260531/EllisWeismer/0phon/TD_30pc/21173.xml,data/raw/talkbank/CHILDES/EllisWeismer/download_2026-05-31/0phon/TD_30pc/21173.xml,documentation,.xml,668214,e827bb989499dfc888ec255c562b2dc039e1e971e1fb1b6ed9feeee4a248d567,True,not_applicable,not_applicable,,,,0,False,False,False,False,False,False,0,0
CHILDES,EllisWeismer,raw_download,2026-05-31,/private/tmp/talkbank_intake_20260531/EllisWeismer/0phon/TD_30pc/21193.xml,data/raw/talkbank/CHILDES/EllisWeismer/download_2026-05-31/0phon/TD_30pc/21193.xml,documentation,.xml,1121001,dd05dda970888046aedce25424d4498094994f402c8e79aff119ccb62fecc7af,True,not_applicable,not_applicable,,,,0,False,False,False,False,False,False,0,0
CHILDES,EllisWeismer,raw_download,2026-05-31,/private/tmp/talkbank_intake_20260531/EllisWeismer/0phon/TD_30pc/22089.xml,data/raw/talkbank/CHILDES/EllisWeismer/download_2026-05-31/0phon/TD_30pc/22089.xml,documentation,.xml,734595,8b55b51c1f57d71878e5ce522df8b8a0bde1da00c6de0cfa81ae633eb1eb5b44,True,not_applicable,not_applicable,,,,0,False,False,False,False,False,False,0,0
CHILDES,EllisWeismer,raw_download,2026-05-31,/private/tmp/talkbank_intake_20260531/EllisWeismer/0phon/TD_30pc/22093.xml,data/raw/talkbank/CHILDES/EllisWeismer/download_2026-05-31/0phon/TD_30pc/22093.xml,documentation,.xml,668164,52cc42ff6d24487e32cb4f8c8f0efae4df2c941e824de120dc0b3105559dbd86,True,not_applicable,not_applicable,,,,0,False,False,False,False,False,False,0,0
CHILDES,EllisWeismer,raw_download,2026-05-31,/private/tmp/talkbank_intake_20260531/EllisWeismer/0phon/TD_30pc/22101.xml,data/raw/talkbank/CHILDES/EllisWeismer/download_2026-05-31/0phon/TD_30pc/22101.xml,documentation,.xml,1239834,d266380d8e81528bbf8c9094a14d13da9cd72e3f3f8321034b5082a7edbf4519,True,not_applicable,not_applicable,,,,0,False,False,False,False,False,False,0,0
CHILDES,EllisWeismer,raw_download,2026-05-31,/private/tmp/talkbank_intake_20260531/EllisWeismer/0phon/TD_30pc/22103.xml,data/raw/talkbank/CHILDES/EllisWeismer/download_2026-05-31/0phon/TD_30pc/22103.xml,documentation,.xml,911829,4368563144d6111df92a2c0c851a1c457f40dd7d2b5b0c113277848fff526028,True,not_applicable,not_applicable,,,,0,False,False,False,False,False,False,0,0
CHILDES,EllisWeismer,raw_download,2026-05-31,/private/tmp/talkbank_intake_20260531/EllisWeismer/0phon/TD_30pc/22104.xml,data/raw/talkbank/CHILDES/EllisWeismer/download_2026-05-31/0phon/TD_30pc/22104.xml,documentation,.xml,872965,ce1b33973e1e771bac4635f2e1548eeb1d10e89d3ec5b1b1fe9500b40d4b9cd1,True,not_applicable,not_applicable,,,,0,False,False,False,False,False,False,0,0
CHILDES,EllisWeismer,raw_download,2026-05-31,/private/tmp/talkbank_intake_20260531/EllisWeismer/0phon/TD_30pc/22109.xml,data/raw/talkbank/CHILDES/EllisWeismer/download_2026-05-31/0phon/TD_30pc/22109.xml,documentation,.xml,583406,8f454ff0817c6ea951f7a07264cd24ede49eb35d870cd9dc75800290140bf901,True,not_applicable,not_applicable,,,,0,False,False,False,False,False,False,0,0
CHILDES,EllisWeismer,raw_download,2026-05-31,/private/tmp/talkbank_intake_20260531/EllisWeismer/0phon/TD_30pc/22113.xml,data/raw/talkbank/CHILDES/EllisWeismer/download_2026-05-31/0phon/TD_30pc/22113.xml,documentation,.xml,624460,59af5ba43340faeae5bfbd9c9a7c700633332dd7a66d0dbfc055b8082eea210d,True,not_applicable,not_applicable,,,,0,False,False,False,False,False,False,0,0
CHILDES,EllisWeismer,raw_download,2026-05-31,/private/tmp/talkbank_intake_20260531/EllisWeismer/0phon/TD_30pc/22120.xml,data/raw/talkbank/CHILDES/EllisWeismer/download_2026-05-31/0phon/TD_30pc/22120.xml,documentation,.xml,864174,ad0a7fda54d7ef144a8e5cd32bd456582752c1bb641d69b05e6b6b276d4fca9e,True,not_applicable,not_applicable,,,,0,False,False,False,False,False,False,0,0
CHILDES,EllisWeismer,raw_download,2026-05-31,/private/tmp/talkbank_intake_20260531/EllisWeismer/0phon/TD_30pc/22128.xml,data/raw/talkbank/CHILDES/EllisWeismer/download_2026-05-31/0phon/TD_30pc/22128.xml,documentation,.xml,638455,d5223df44d666285fbecf359e6cb22ac2671cb172475fc84f134019d413501d2,True,not_applicable,not_applicable,,,,0,False,False,False,False,False,False,0,0
CHILDES,EllisWeismer,raw_download,2026-05-31,/private/tmp/talkbank_intake_20260531/EllisWeismer/0phon/TD_30pc/22141.xml,data/raw/talkbank/CHILDES/EllisWeismer/download_2026-05-31/0phon/TD_30pc/22141.xml,documentation,.xml,939571,8aa38eb9e6e73bcb2dd75991cac5bcf49f70eae51172b6c065ded288d8037792,True,not_applicable,not_applicable,,,,0,False,False,False,False,False,False,0,0
CHILDES,EllisWeismer,raw_download,2026-05-31,/private/tmp/talkbank_intake_20260531/EllisWeismer/0phon/TD_30pc/22148.xml,data/raw/talkbank/CHILDES/EllisWeismer/download_2026-05-31/0phon/TD_30pc/22148.xml,documentation,.xml,1395985,e22c43d00d3f40e34275a4189e4569172a6db5af6eb4e0e91d599609a8b41368,True,not_applicable,not_applicable,,,,0,False,False,False,False,False,False,0,0
CHILDES,EllisWeismer,raw_download,2026-05-31,/private/tmp/talkbank_intake_20260531/EllisWeismer/0phon/TD_30pc/22180.xml,data/raw/talkbank/CHILDES/EllisWeismer/download_2026-05-31/0phon/TD_30pc/22180.xml,documentation,.xml,1318170,c16c4446c4035c595274d71564af6196b119be8ce9665b878e840744caf3fb96,True,not_applicable,not_applicable,,,,0,False,False,False,False,False,False,0,0
CHILDES,EllisWeismer,raw_download,2026-05-31,/private/tmp/talkbank_intake_20260531/EllisWeismer/0phon/TD_30pc/22192.xml,data/raw/talkbank/CHILDES/EllisWeismer/download_2026-05-31/0phon/TD_30pc/22192.xml,documentation,.xml,1166383,d2785867a5a96dfa2d0c7b840551190974c04aa96817b6387b4befb48f2277cd,True,not_applicable,not_applicable,,,,0,False,False,False,False,False,False,0,0
CHILDES,EllisWeismer,raw_download,2026-05-31,/private/tmp/talkbank_intake_20260531/EllisWeismer/0phon/TD_42ec/11006.xml,data/raw/talkbank/CHILDES/EllisWeismer/download_2026-05-31/0phon/TD_42ec/11006.xml,documentation,.xml,705110,cbee477d63515c95be5033ede6d6eb1d08d5ec300c471f408e8b7fac9867479d,True,not_applicable,not_applicable,,,,0,False,False,False,False,False,False,0,0
CHILDES,EllisWeismer,raw_download,2026-05-31,/private/tmp/talkbank_intake_20260531/EllisWeismer/0phon/TD_42ec/11013.xml,data/raw/talkbank/CHILDES/EllisWeismer/download_2026-05-31/0phon/TD_42ec/11013.xml,documentation,.xml,1126137,6e374e5072618054ec98c2f8d5410e7f3c125a461e53902f2272ce093e15b0c3,True,not_applicable,not_applicable,,,,0,False,False,False,False,False,False,0,0
CHILDES,EllisWeismer,raw_download,2026-05-31,/private/tmp/talkbank_intake_20260531/EllisWeismer/0phon/TD_42ec/11023.xml,data/raw/talkbank/CHILDES/EllisWeismer/download_2026-05-31/0phon/TD_42ec/11023.xml,documentation,.xml,765557,215244896ee27ec603921d7c23ab506b2a1294a3d1c2bcc8610dd4aeb9ad4484,True,not_applicable,not_applicable,,,,0,False,False,False,False,False,False,0,0
CHILDES,EllisWeismer,raw_download,2026-05-31,/private/tmp/talkbank_intake_20260531/EllisWeismer/0phon/TD_42ec/11025.xml,data/raw/talkbank/CHILDES/EllisWeismer/download_2026-05-31/0phon/TD_42ec/11025.xml,documentation,.xml,714005,0039f9c44cc340e28c86c3fab8908f5427bfb320a9fc9b3f80997a05000e233e,True,not_applicable,not_applicable,,,,0,False,False,False,False,False,False,0,0
CHILDES,EllisWeismer,raw_download,2026-05-31,/private/tmp/talkbank_intake_20260531/EllisWeismer/0phon/TD_42ec/11051.xml,data/raw/talkbank/CHILDES/EllisWeismer/download_2026-05-31/0phon/TD_42ec/11051.xml,documentation,.xml,945010,93bf2666debb2542cdf7ae84a194d6b166a8167310dad90938aa37ae697d7c7d,True,not_applicable,not_applicable,,,,0,False,False,False,False,False,False,0,0
CHILDES,EllisWeismer,raw_download,2026-05-31,/private/tmp/talkbank_intake_20260531/EllisWeismer/0phon/TD_42ec/11053.xml,data/raw/talkbank/CHILDES/EllisWeismer/download_2026-05-31/0phon/TD_42ec/11053.xml,documentation,.xml,638791,21a9410e5569a52fef2ce4576ded5ec65f790988ff70100839598da8b333d841,True,not_applicable,not_applicable,,,,0,False,False,False,False,False,False,0,0
CHILDES,EllisWeismer,raw_download,2026-05-31,/private/tmp/talkbank_intake_20260531/EllisWeismer/0phon/TD_42ec/11055.xml,data/raw/talkbank/CHILDES/EllisWeismer/download_2026-05-31/0phon/TD_42ec/11055.xml,documentation,.xml,783701,bd171a20f17ea7262a0b58210596027a0a09d5d59eb3c7478255377c1cbad86c,True,not_applicable,not_applicable,,,,0,False,False,False,False,False,False,0,0
CHILDES,EllisWeismer,raw_download,2026-05-31,/private/tmp/talkbank_intake_20260531/EllisWeismer/0phon/TD_42ec/11057.xml,data/raw/talkbank/CHILDES/EllisWeismer/download_2026-05-31/0phon/TD_42ec/11057.xml,documentation,.xml,1010428,20673803b55006c9b6c1857fa83ff33ddc60326cc65692803aa26d51116b3c63,True,not_applicable,not_applicable,,,,0,False,False,False,False,False,False,0,0
CHILDES,EllisWeismer,raw_download,2026-05-31,/private/tmp/talkbank_intake_20260531/EllisWeismer/0phon/TD_42ec/12003.xml,data/raw/talkbank/CHILDES/EllisWeismer/download_2026-05-31/0phon/TD_42ec/12003.xml,documentation,.xml,1047759,4c2f87c7e7094d841980c088cf82f79155eab7f0827ca5c0400f5a95f687adaa,True,not_applicable,not_applicable,,,,0,False,False,False,False,False,False,0,0
CHILDES,EllisWeismer,raw_download,2026-05-31,/private/tmp/talkbank_intake_20260531/EllisWeismer/0phon/TD_42ec/12004.xml,data/raw/talkbank/CHILDES/EllisWeismer/download_2026-05-31/0phon/TD_42ec/12004.xml,documentation,.xml,526278,7969450d817570f50591fb8f121b30db6f3654bcf7af8eab95c534e62da638c6,True,not_applicable,not_applicable,,,,0,False,False,False,False,False,False,0,0
CHILDES,EllisWeismer,raw_download,2026-05-31,/private/tmp/talkbank_intake_20260531/EllisWeismer/0phon/TD_42ec/12007.xml,data/raw/talkbank/CHILDES/EllisWeismer/download_2026-05-31/0phon/TD_42ec/12007.xml,documentation,.xml,1200505,5a4df2fb80d7e0dbe32bfcc5a5a5f4e9f6bda85824031e02aaa5f0f7658fd120,True,not_applicable,not_applicable,,,,0,False,False,False,False,False,False,0,0
CHILDES,EllisWeismer,raw_download,2026-05-31,/private/tmp/talkbank_intake_20260531/EllisWeismer/0phon/TD_42ec/12008.xml,data/raw/talkbank/CHILDES/EllisWeismer/download_2026-05-31/0phon/TD_42ec/12008.xml,documentation,.xml,825220,cac88bd687996adbc2e7b80ab59cd410dc57d39d0694bad1e724d2b5dfe271a5,True,not_applicable,not_applicable,,,,0,False,False,False,False,False,False,0,0
CHILDES,EllisWeismer,raw_download,2026-05-31,/private/tmp/talkbank_intake_20260531/EllisWeismer/0phon/TD_42ec/12011.xml,data/raw/talkbank/CHILDES/EllisWeismer/download_2026-05-31/0phon/TD_42ec/12011.xml,documentation,.xml,849692,4b4f2184c886b81a21a3d37892a292d71982125b513493696511d34adeb1f14a,True,not_applicable,not_applicable,,,,0,False,False,False,False,False,False,0,0
CHILDES,EllisWeismer,raw_download,2026-05-31,/private/tmp/talkbank_intake_20260531/EllisWeismer/0phon/TD_42ec/12014.xml,data/raw/talkbank/CHILDES/EllisWeismer/download_2026-05-31/0phon/TD_42ec/12014.xml,documentation,.xml,866400,42401dbebe535f1df11879eef8f0760c658244993a68333b60c3270766e78a14,True,not_applicable,not_applicable,,,,0,False,False,False,False,False,False,0,0
CHILDES,EllisWeismer,raw_download,2026-05-31,/private/tmp/talkbank_intake_20260531/EllisWeismer/0phon/TD_42ec/12015.xml,data/raw/talkbank/CHILDES/EllisWeismer/download_2026-05-31/0phon/TD_42ec/12015.xml,documentation,.xml,715204,3f25c6cdae6e6a92f2252e95f376c7f221c946637cb3bff0ba69efa4c54248fe,True,not_applicable,not_applicable,,,,0,False,False,False,False,False,False,0,0
CHILDES,EllisWeismer,raw_download,2026-05-31,/private/tmp/talkbank_intake_20260531/EllisWeismer/0phon/TD_42ec/12029.xml,data/raw/talkbank/CHILDES/EllisWeismer/download_2026-05-31/0phon/TD_42ec/12029.xml,documentation,.xml,872941,91f19fb3183baf94a964ab72699f2024506065237aa34bb2e729387698fed23b,True,not_applicable,not_applicable,,,,0,False,False,False,False,False,False,0,0
CHILDES,EllisWeismer,raw_download,2026-05-31,/private/tmp/talkbank_intake_20260531/EllisWeismer/0phon/TD_42ec/12033.xml,data/raw/talkbank/CHILDES/EllisWeismer/download_2026-05-31/0phon/TD_42ec/12033.xml,documentation,.xml,1234623,debe7a6f85ec9c7e10cdca606d678038a52c5fba26e8e5f0619f1e29edd841ca,True,not_applicable,not_applicable,,,,0,False,False,False,False,False,False,0,0
CHILDES,EllisWeismer,raw_download,2026-05-31,/private/tmp/talkbank_intake_20260531/EllisWeismer/0phon/TD_42ec/12037.xml,data/raw/talkbank/CHILDES/EllisWeismer/download_2026-05-31/0phon/TD_42ec/12037.xml,documentation,.xml,1104762,90ff6d4cf3fdae0c84aff3d76e765dcd2712d8fb865a7010c93ec7da8f9f0322,True,not_applicable,not_applicable,,,,0,False,False,False,False,False,False,0,0
CHILDES,EllisWeismer,raw_download,2026-05-31,/private/tmp/talkbank_intake_20260531/EllisWeismer/0phon/TD_42ec/12050.xml,data/raw/talkbank/CHILDES/EllisWeismer/download_2026-05-31/0phon/TD_42ec/12050.xml,documentation,.xml,880073,f042bf7ea76ef61b4a6e89f82e22207607a99d1b5c7747142d050c75f09a8c5d,True,not_applicable,not_applicable,,,,0,False,False,False,False,False,False,0,0
CHILDES,EllisWeismer,raw_download,2026-05-31,/private/tmp/talkbank_intake_20260531/EllisWeismer/0phon/TD_42ec/12056.xml,data/raw/talkbank/CHILDES/EllisWeismer/download_2026-05-31/0phon/TD_42ec/12056.xml,documentation,.xml,632006,336cbba4eddb16b52c67ee87db3cb51a2a3eac929033fc0894efed620442319c,True,not_applicable,not_applicable,,,,0,False,False,False,False,False,False,0,0
CHILDES,EllisWeismer,raw_download,2026-05-31,/private/tmp/talkbank_intake_20260531/EllisWeismer/0phon/TD_42ec/12061.xml,data/raw/talkbank/CHILDES/EllisWeismer/download_2026-05-31/0phon/TD_42ec/12061.xml,documentation,.xml,950227,012eed00dea5645f6673cc019c45728bbb00366f1b2c0d49aeb12f1e63ca9191,True,not_applicable,not_applicable,,,,0,False,False,False,False,False,False,0,0
CHILDES,EllisWeismer,raw_download,2026-05-31,/private/tmp/talkbank_intake_20260531/EllisWeismer/0phon/TD_42ec/12071.xml,data/raw/talkbank/CHILDES/EllisWeismer/download_2026-05-31/0phon/TD_42ec/12071.xml,documentation,.xml,649992,79fa9e974d4bb87df99f681a567b6c522a8a084819a4ff17b6b2be44aa349eb3,True,not_applicable,not_applicable,,,,0,False,False,False,False,False,False,0,0
CHILDES,EllisWeismer,raw_download,2026-05-31,/private/tmp/talkbank_intake_20260531/EllisWeismer/0phon/TD_42ec/12077.xml,data/raw/talkbank/CHILDES/EllisWeismer/download_2026-05-31/0phon/TD_42ec/12077.xml,documentation,.xml,702519,0c8a2c4f931979dfcf7d38a52569c17c0f032b1fc659298fcd016afd11f1c86f,True,not_applicable,not_applicable,,,,0,False,False,False,False,False,False,0,0
CHILDES,EllisWeismer,raw_download,2026-05-31,/private/tmp/talkbank_intake_20260531/EllisWeismer/0phon/TD_42ec/12095.xml,data/raw/talkbank/CHILDES/EllisWeismer/download_2026-05-31/0phon/TD_42ec/12095.xml,documentation,.xml,1223743,a2934e5bae01bfff78b9817f3bad319b48f5c7e187a571a78cc51e26cd5a952c,True,not_applicable,not_applicable,,,,0,False,False,False,False,False,False,0,0
CHILDES,EllisWeismer,raw_download,2026-05-31,/private/tmp/talkbank_intake_20260531/EllisWeismer/0phon/TD_42ec/21092.xml,data/raw/talkbank/CHILDES/EllisWeismer/download_2026-05-31/0phon/TD_42ec/21092.xml,documentation,.xml,793368,f2b8f25778356bff91e607133064f26a33f434cf2ba3c5c60e5b5446a9ba2537,True,not_applicable,not_applicable,,,,0,False,False,False,False,False,False,0,0
CHILDES,EllisWeismer,raw_download,2026-05-31,/private/tmp/talkbank_intake_20260531/EllisWeismer/0phon/TD_42ec/21097.xml,data/raw/talkbank/CHILDES/EllisWeismer/download_2026-05-31/0phon/TD_42ec/21097.xml,documentation,.xml,696428,d49c7c506df0bdf70f673083328d8fc0cb6af9fe66fadc2922e0de75ea5480c9,True,not_applicable,not_applicable,,,,0,False,False,False,False,False,False,0,0
CHILDES,EllisWeismer,raw_download,2026-05-31,/private/tmp/talkbank_intake_20260531/EllisWeismer/0phon/TD_42ec/21116.xml,data/raw/talkbank/CHILDES/EllisWeismer/download_2026-05-31/0phon/TD_42ec/21116.xml,documentation,.xml,794698,71f88c19a1524d19a3908a220e20a27de7a3487d40ab9c68984aa9e2785e0b1d,True,not_applicable,not_applicable,,,,0,False,False,False,False,False,False,0,0
CHILDES,EllisWeismer,raw_download,2026-05-31,/private/tmp/talkbank_intake_20260531/EllisWeismer/0phon/TD_42ec/21121.xml,data/raw/talkbank/CHILDES/EllisWeismer/download_2026-05-31/0phon/TD_42ec/21121.xml,documentation,.xml,701563,808f8e927871972cefe8f375e28beedc6fc12be2fda75c8cd66b9ae9c62f2e69,True,not_applicable,not_applicable,,,,0,False,False,False,False,False,False,0,0
CHILDES,EllisWeismer,raw_download,2026-05-31,/private/tmp/talkbank_intake_20260531/EllisWeismer/0phon/TD_42ec/21132.xml,data/raw/talkbank/CHILDES/EllisWeismer/download_2026-05-31/0phon/TD_42ec/21132.xml,documentation,.xml,156936,fb11b984fc8d5afde1daaed524416a7d4d5208d4083cb9b394b37b44f1e3d1b6,True,not_applicable,not_applicable,,,,0,False,False,False,False,False,False,0,0
CHILDES,EllisWeismer,raw_download,2026-05-31,/private/tmp/talkbank_intake_20260531/EllisWeismer/0phon/TD_42ec/21135.xml,data/raw/talkbank/CHILDES/EllisWeismer/download_2026-05-31/0phon/TD_42ec/21135.xml,documentation,.xml,1295079,f70caf33d4baaf6fec01b7ea6ff7c05b9b2e449f1a812fa9ba0339a178e81d76,True,not_applicable,not_applicable,,,,0,False,False,False,False,False,False,0,0
CHILDES,EllisWeismer,raw_download,2026-05-31,/private/tmp/talkbank_intake_20260531/EllisWeismer/0phon/TD_42ec/21189.xml,data/raw/talkbank/CHILDES/EllisWeismer/download_2026-05-31/0phon/TD_42ec/21189.xml,documentation,.xml,648015,afd8f2b0d1756d8c94a02bd2e73148b7656d136822787955baa8e052d3394558,True,not_applicable,not_applicable,,,,0,False,False,False,False,False,False,0,0
CHILDES,EllisWeismer,raw_download,2026-05-31,/private/tmp/talkbank_intake_20260531/EllisWeismer/0phon/TD_42ec/21191.xml,data/raw/talkbank/CHILDES/EllisWeismer/download_2026-05-31/0phon/TD_42ec/21191.xml,documentation,.xml,791086,36d7ac74c7fcd5727f31c9f1414bf094db9f311ff5a8bc621387ad00bfa512af,True,not_applicable,not_applicable,,,,0,False,False,False,False,False,False,0,0
CHILDES,EllisWeismer,raw_download,2026-05-31,/private/tmp/talkbank_intake_20260531/EllisWeismer/0phon/TD_42ec/22089.xml,data/raw/talkbank/CHILDES/EllisWeismer/download_2026-05-31/0phon/TD_42ec/22089.xml,documentation,.xml,559195,f30b95a3580f549a521b642c7cb15f2bf851f8cba0b254984423d01c9eb5abfa,True,not_applicable,not_applicable,,,,0,False,False,False,False,False,False,0,0
CHILDES,EllisWeismer,raw_download,2026-05-31,/private/tmp/talkbank_intake_20260531/EllisWeismer/0phon/TD_42ec/22101.xml,data/raw/talkbank/CHILDES/EllisWeismer/download_2026-05-31/0phon/TD_42ec/22101.xml,documentation,.xml,1180279,a8a7ac25f0169a77d3cf3a298bec1984bbcd9cf89d8bd48ba7800b60db45221f,True,not_applicable,not_applicable,,,,0,False,False,False,False,False,False,0,0
CHILDES,EllisWeismer,raw_download,2026-05-31,/private/tmp/talkbank_intake_20260531/EllisWeismer/0phon/TD_42ec/22103.xml,data/raw/talkbank/CHILDES/EllisWeismer/download_2026-05-31/0phon/TD_42ec/22103.xml,documentation,.xml,625149,1e432645189e8c99cec7d440c2293695b968e405a124501cbf4f711eea2c00f1,True,not_applicable,not_applicable,,,,0,False,False,False,False,False,False,0,0
CHILDES,EllisWeismer,raw_download,2026-05-31,/private/tmp/talkbank_intake_20260531/EllisWeismer/0phon/TD_42ec/22108.xml,data/raw/talkbank/CHILDES/EllisWeismer/download_2026-05-31/0phon/TD_42ec/22108.xml,documentation,.xml,577968,9c882fd165d6dc98e2faf21836320acfd53908132c97e6225a1d38d7b51ebf61,True,not_applicable,not_applicable,,,,0,False,False,False,False,False,False,0,0
CHILDES,EllisWeismer,raw_download,2026-05-31,/private/tmp/talkbank_intake_20260531/EllisWeismer/0phon/TD_42ec/22109.xml,data/raw/talkbank/CHILDES/EllisWeismer/download_2026-05-31/0phon/TD_42ec/22109.xml,documentation,.xml,642262,36d8dd994ce830698da55032cf1ec310155c36cd3ac5209b4c030999d50c6eff,True,not_applicable,not_applicable,,,,0,False,False,False,False,False,False,0,0
CHILDES,EllisWeismer,raw_download,2026-05-31,/private/tmp/talkbank_intake_20260531/EllisWeismer/0phon/TD_42ec/22113.xml,data/raw/talkbank/CHILDES/EllisWeismer/download_2026-05-31/0phon/TD_42ec/22113.xml,documentation,.xml,582998,195fa72f3fb5e5da5875dff938dd418393629169bd77f298969291cf11f7430b,True,not_applicable,not_applicable,,,,0,False,False,False,False,False,False,0,0
CHILDES,EllisWeismer,raw_download,2026-05-31,/private/tmp/talkbank_intake_20260531/EllisWeismer/0phon/TD_42ec/22118.xml,data/raw/talkbank/CHILDES/EllisWeismer/download_2026-05-31/0phon/TD_42ec/22118.xml,documentation,.xml,508653,882e76b12700b520990775c741544f0be382633eef1ff3403bcc666afc5dbbc6,True,not_applicable,not_applicable,,,,0,False,False,False,False,False,False,0,0
CHILDES,EllisWeismer,raw_download,2026-05-31,/private/tmp/talkbank_intake_20260531/EllisWeismer/0phon/TD_42ec/22120.xml,data/raw/talkbank/CHILDES/EllisWeismer/download_2026-05-31/0phon/TD_42ec/22120.xml,documentation,.xml,1071999,066c2109b34780709e5ed99bbaed50e23db647510b4655627ed8a94caa465b79,True,not_applicable,not_applicable,,,,0,False,False,False,False,False,False,0,0
CHILDES,EllisWeismer,raw_download,2026-05-31,/private/tmp/talkbank_intake_20260531/EllisWeismer/0phon/TD_42ec/22128.xml,data/raw/talkbank/CHILDES/EllisWeismer/download_2026-05-31/0phon/TD_42ec/22128.xml,documentation,.xml,584038,0ea9afa0e5ed4906130785d2e5fb3a07bc9a80fa941d02fed6fe9c8c4e4ad7d1,True,not_applicable,not_applicable,,,,0,False,False,False,False,False,False,0,0
CHILDES,EllisWeismer,raw_download,2026-05-31,/private/tmp/talkbank_intake_20260531/EllisWeismer/0phon/TD_42ec/22148.xml,data/raw/talkbank/CHILDES/EllisWeismer/download_2026-05-31/0phon/TD_42ec/22148.xml,documentation,.xml,472841,e5ee13587bfa261f7284987d2e3f545275ec1ac393958c219bf7211e094a02d3,True,not_applicable,not_applicable,,,,0,False,False,False,False,False,False,0,0
CHILDES,EllisWeismer,raw_download,2026-05-31,/private/tmp/talkbank_intake_20260531/EllisWeismer/0phon/TD_42ec/22180.xml,data/raw/talkbank/CHILDES/EllisWeismer/download_2026-05-31/0phon/TD_42ec/22180.xml,documentation,.xml,682798,19acff01b49a8b1cf224b8a914c47fe23f96a5b3ea5c1e339676f1e2d43f7515,True,not_applicable,not_applicable,,,,0,False,False,False,False,False,False,0,0
CHILDES,EllisWeismer,raw_download,2026-05-31,/private/tmp/talkbank_intake_20260531/EllisWeismer/0phon/TD_42pc/11013.xml,data/raw/talkbank/CHILDES/EllisWeismer/download_2026-05-31/0phon/TD_42pc/11013.xml,documentation,.xml,851689,dfbb925164dbbeefda7a89a14ac2d43a6509a34076c005005b70dee5dd732e56,True,not_applicable,not_applicable,,,,0,False,False,False,False,False,False,0,0
CHILDES,EllisWeismer,raw_download,2026-05-31,/private/tmp/talkbank_intake_20260531/EllisWeismer/0phon/TD_42pc/11023.xml,data/raw/talkbank/CHILDES/EllisWeismer/download_2026-05-31/0phon/TD_42pc/11023.xml,documentation,.xml,806551,6ea649c4fa82eccfc968a0feb602bdb9bf41b18384c25bcb8afe2c88260be83e,True,not_applicable,not_applicable,,,,0,False,False,False,False,False,False,0,0
CHILDES,EllisWeismer,raw_download,2026-05-31,/private/tmp/talkbank_intake_20260531/EllisWeismer/0phon/TD_42pc/11053.xml,data/raw/talkbank/CHILDES/EllisWeismer/download_2026-05-31/0phon/TD_42pc/11053.xml,documentation,.xml,1157373,f17598f560526d123c2009121422b416180fe4a739fbc780a453d76c7d19d2e5,True,not_applicable,not_applicable,,,,0,False,False,False,False,False,False,0,0
CHILDES,EllisWeismer,raw_download,2026-05-31,/private/tmp/talkbank_intake_20260531/EllisWeismer/0phon/TD_42pc/11055.xml,data/raw/talkbank/CHILDES/EllisWeismer/download_2026-05-31/0phon/TD_42pc/11055.xml,documentation,.xml,973765,41d3405a09d83ed04df6812756f7bdebd7986783d66664b3b5b15188240bcbdc,True,not_applicable,not_applicable,,,,0,False,False,False,False,False,False,0,0
CHILDES,EllisWeismer,raw_download,2026-05-31,/private/tmp/talkbank_intake_20260531/EllisWeismer/0phon/TD_42pc/11057.xml,data/raw/talkbank/CHILDES/EllisWeismer/download_2026-05-31/0phon/TD_42pc/11057.xml,documentation,.xml,658643,2d1749a0518616d5246a6f03487fabba68d96fd8085747fe9c3f444e8dbe5fdc,True,not_applicable,not_applicable,,,,0,False,False,False,False,False,False,0,0
CHILDES,EllisWeismer,raw_download,2026-05-31,/private/tmp/talkbank_intake_20260531/EllisWeismer/0phon/TD_42pc/12003.xml,data/raw/talkbank/CHILDES/EllisWeismer/download_2026-05-31/0phon/TD_42pc/12003.xml,documentation,.xml,786631,82fc17e1ac91090b7fd7a8768bb1019438daca606d23860c1b588b58157e5cdd,True,not_applicable,not_applicable,,,,0,False,False,False,False,False,False,0,0
CHILDES,EllisWeismer,raw_download,2026-05-31,/private/tmp/talkbank_intake_20260531/EllisWeismer/0phon/TD_42pc/12007.xml,data/raw/talkbank/CHILDES/EllisWeismer/download_2026-05-31/0phon/TD_42pc/12007.xml,documentation,.xml,762766,3fa1322105d50691db281ba72d5d5df3b7b7e06802a9a0e1a4530cba855c83b3,True,not_applicable,not_applicable,,,,0,False,False,False,False,False,False,0,0
CHILDES,EllisWeismer,raw_download,2026-05-31,/private/tmp/talkbank_intake_20260531/EllisWeismer/0phon/TD_42pc/12011.xml,data/raw/talkbank/CHILDES/EllisWeismer/download_2026-05-31/0phon/TD_42pc/12011.xml,documentation,.xml,939813,b62276bb48483094758b6e0c14c15c7190615e5912631f13bd14e1cfea6cabf9,True,not_applicable,not_applicable,,,,0,False,False,False,False,False,False,0,0
CHILDES,EllisWeismer,raw_download,2026-05-31,/private/tmp/talkbank_intake_20260531/EllisWeismer/0phon/TD_42pc/12014.xml,data/raw/talkbank/CHILDES/EllisWeismer/download_2026-05-31/0phon/TD_42pc/12014.xml,documentation,.xml,724767,6a4b0e44ef5d78981f3549464a358b2957381ac551c9f2e3215324d40efb4cce,True,not_applicable,not_applicable,,,,0,False,False,False,False,False,False,0,0
CHILDES,EllisWeismer,raw_download,2026-05-31,/private/tmp/talkbank_intake_20260531/EllisWeismer/0phon/TD_42pc/12029.xml,data/raw/talkbank/CHILDES/EllisWeismer/download_2026-05-31/0phon/TD_42pc/12029.xml,documentation,.xml,950769,c06b28df41ae0fc9b8b38135cc5c76b5ef9312ce952bb066daf16a89e3b6b525,True,not_applicable,not_applicable,,,,0,False,False,False,False,False,False,0,0
CHILDES,EllisWeismer,raw_download,2026-05-31,/private/tmp/talkbank_intake_20260531/EllisWeismer/0phon/TD_42pc/12033.xml,data/raw/talkbank/CHILDES/EllisWeismer/download_2026-05-31/0phon/TD_42pc/12033.xml,documentation,.xml,1188114,22d2d9930abecf7e1719c1c0624465fd6df248896dc0bb3b72a57b3dbae64263,True,not_applicable,not_applicable,,,,0,False,False,False,False,False,False,0,0
CHILDES,EllisWeismer,raw_download,2026-05-31,/private/tmp/talkbank_intake_20260531/EllisWeismer/0phon/TD_42pc/12050.xml,data/raw/talkbank/CHILDES/EllisWeismer/download_2026-05-31/0phon/TD_42pc/12050.xml,documentation,.xml,958031,49fa78ec7632c877b952face65a555b0a3555308c2547f4376499d044f784fbd,True,not_applicable,not_applicable,,,,0,False,False,False,False,False,False,0,0
CHILDES,EllisWeismer,raw_download,2026-05-31,/private/tmp/talkbank_intake_20260531/EllisWeismer/0phon/TD_42pc/12056.xml,data/raw/talkbank/CHILDES/EllisWeismer/download_2026-05-31/0phon/TD_42pc/12056.xml,documentation,.xml,679618,12d17cd7969be393d5d0740e08bc38146b765f51cb8655063975f0440306a008,True,not_applicable,not_applicable,,,,0,False,False,False,False,False,False,0,0
CHILDES,EllisWeismer,raw_download,2026-05-31,/private/tmp/talkbank_intake_20260531/EllisWeismer/0phon/TD_42pc/12071.xml,data/raw/talkbank/CHILDES/EllisWeismer/download_2026-05-31/0phon/TD_42pc/12071.xml,documentation,.xml,940021,baf6942cfdcc080d4687538acffa7241a879ad0fe2873a8203e3a2a4e11eb805,True,not_applicable,not_applicable,,,,0,False,False,False,False,False,False,0,0
CHILDES,EllisWeismer,raw_download,2026-05-31,/private/tmp/talkbank_intake_20260531/EllisWeismer/0phon/TD_42pc/12077.xml,data/raw/talkbank/CHILDES/EllisWeismer/download_2026-05-31/0phon/TD_42pc/12077.xml,documentation,.xml,1026345,400a198ea8f1b8fbb99e011a9e0016964ef86a520812c07f6e7de4ba5db61f1a,True,not_applicable,not_applicable,,,,0,False,False,False,False,False,False,0,0
CHILDES,EllisWeismer,raw_download,2026-05-31,/private/tmp/talkbank_intake_20260531/EllisWeismer/0phon/TD_42pc/12095.xml,data/raw/talkbank/CHILDES/EllisWeismer/download_2026-05-31/0phon/TD_42pc/12095.xml,documentation,.xml,847021,568f72aa6d3f7fbb04e189862088e4138fe41fb43c4d959a7bc0843bcbe97650,True,not_applicable,not_applicable,,,,0,False,False,False,False,False,False,0,0
CHILDES,EllisWeismer,raw_download,2026-05-31,/private/tmp/talkbank_intake_20260531/EllisWeismer/0phon/TD_42pc/21097.xml,data/raw/talkbank/CHILDES/EllisWeismer/download_2026-05-31/0phon/TD_42pc/21097.xml,documentation,.xml,923992,b57e192689d10da9e87cb0067dd2cadd5ec234a6c7a06c97c6d1485d6ca9f66f,True,not_applicable,not_applicable,,,,0,False,False,False,False,False,False,0,0
CHILDES,EllisWeismer,raw_download,2026-05-31,/private/tmp/talkbank_intake_20260531/EllisWeismer/0phon/TD_42pc/21116.xml,data/raw/talkbank/CHILDES/EllisWeismer/download_2026-05-31/0phon/TD_42pc/21116.xml,documentation,.xml,798702,ed13acc1ff475c100496adb30697a5b77ed62b887a27deb1a75f60f952b6850e,True,not_applicable,not_applicable,,,,0,False,False,False,False,False,False,0,0
CHILDES,EllisWeismer,raw_download,2026-05-31,/private/tmp/talkbank_intake_20260531/EllisWeismer/0phon/TD_42pc/21121.xml,data/raw/talkbank/CHILDES/EllisWeismer/download_2026-05-31/0phon/TD_42pc/21121.xml,documentation,.xml,784482,1682867e57e7a289c7c8ed01411dac63924d0e575c46cc2615254bcf7dee6daf,True,not_applicable,not_applicable,,,,0,False,False,False,False,False,False,0,0
CHILDES,EllisWeismer,raw_download,2026-05-31,/private/tmp/talkbank_intake_20260531/EllisWeismer/0phon/TD_42pc/21135.xml,data/raw/talkbank/CHILDES/EllisWeismer/download_2026-05-31/0phon/TD_42pc/21135.xml,documentation,.xml,1140208,d2caa24daca559d23022d01f9b6d69669fdfbf94dd86854943698a3336bd80d1,True,not_applicable,not_applicable,,,,0,False,False,False,False,False,False,0,0
CHILDES,EllisWeismer,raw_download,2026-05-31,/private/tmp/talkbank_intake_20260531/EllisWeismer/0phon/TD_42pc/21189.xml,data/raw/talkbank/CHILDES/EllisWeismer/download_2026-05-31/0phon/TD_42pc/21189.xml,documentation,.xml,960330,aefc412e3b265ad08c22790112bc1a17515c3b4fd372c7711b20e8db911c4a98,True,not_applicable,not_applicable,,,,0,False,False,False,False,False,False,0,0
CHILDES,EllisWeismer,raw_download,2026-05-31,/private/tmp/talkbank_intake_20260531/EllisWeismer/0phon/TD_42pc/22103.xml,data/raw/talkbank/CHILDES/EllisWeismer/download_2026-05-31/0phon/TD_42pc/22103.xml,documentation,.xml,719825,180d6881f45f3e3087f7d688e56269677a901c04f70a14b3ceb5a9acd453a8fa,True,not_applicable,not_applicable,,,,0,False,False,False,False,False,False,0,0
CHILDES,EllisWeismer,raw_download,2026-05-31,/private/tmp/talkbank_intake_20260531/EllisWeismer/0phon/TD_42pc/22108.xml,data/raw/talkbank/CHILDES/EllisWeismer/download_2026-05-31/0phon/TD_42pc/22108.xml,documentation,.xml,1001676,7cb3424a065794edc2936f571e1e3844f89a9152177614322ce871519e2d05da,True,not_applicable,not_applicable,,,,0,False,False,False,False,False,False,0,0
CHILDES,EllisWeismer,raw_download,2026-05-31,/private/tmp/talkbank_intake_20260531/EllisWeismer/0phon/TD_42pc/22113.xml,data/raw/talkbank/CHILDES/EllisWeismer/download_2026-05-31/0phon/TD_42pc/22113.xml,documentation,.xml,649154,a6de4f3010fc40870e1e875d2aa3a8086f08c42ba8f82f15534815f6ff374840,True,not_applicable,not_applicable,,,,0,False,False,False,False,False,False,0,0
CHILDES,EllisWeismer,raw_download,2026-05-31,/private/tmp/talkbank_intake_20260531/EllisWeismer/0phon/TD_42pc/22118.xml,data/raw/talkbank/CHILDES/EllisWeismer/download_2026-05-31/0phon/TD_42pc/22118.xml,documentation,.xml,645984,c6e5b0fb561f0f9cc7a5930426ea277e61ffd54ad548360764d29f30959b0721,True,not_applicable,not_applicable,,,,0,False,False,False,False,False,False,0,0
CHILDES,EllisWeismer,raw_download,2026-05-31,/private/tmp/talkbank_intake_20260531/EllisWeismer/0phon/TD_42pc/22120.xml,data/raw/talkbank/CHILDES/EllisWeismer/download_2026-05-31/0phon/TD_42pc/22120.xml,documentation,.xml,798915,807c1a22a1c92b97afc7410b64e330ec1a1eacbf4fbffae316cf78acf602ca50,True,not_applicable,not_applicable,,,,0,False,False,False,False,False,False,0,0
CHILDES,EllisWeismer,raw_download,2026-05-31,/private/tmp/talkbank_intake_20260531/EllisWeismer/0phon/TD_42pc/22128.xml,data/raw/talkbank/CHILDES/EllisWeismer/download_2026-05-31/0phon/TD_42pc/22128.xml,documentation,.xml,363820,3859593296b5c3e06d51eadbbf89337acf9316378b127168eba308bd9b05eb18,True,not_applicable,not_applicable,,,,0,False,False,False,False,False,False,0,0
CHILDES,EllisWeismer,raw_download,2026-05-31,/private/tmp/talkbank_intake_20260531/EllisWeismer/0phon/TD_42pc/22148.xml,data/raw/talkbank/CHILDES/EllisWeismer/download_2026-05-31/0phon/TD_42pc/22148.xml,documentation,.xml,1043436,7b41ec3cadae052acea6e7b72e9f67961e125f94bbdf9a1d62e1a53b68b6aee2,True,not_applicable,not_applicable,,,,0,False,False,False,False,False,False,0,0
CHILDES,EllisWeismer,raw_download,2026-05-31,/private/tmp/talkbank_intake_20260531/EllisWeismer/0phon/TD_42pc/22180.xml,data/raw/talkbank/CHILDES/EllisWeismer/download_2026-05-31/0phon/TD_42pc/22180.xml,documentation,.xml,841768,80528023948ac6b78b6c2925b00ffe292818b66da30391d7a755c7b2231f7bd6,True,not_applicable,not_applicable,,,,0,False,False,False,False,False,False,0,0
CHILDES,EllisWeismer,raw_download,2026-05-31,/private/tmp/talkbank_intake_20260531/EllisWeismer/0phon/TD_54ec/11006.xml,data/raw/talkbank/CHILDES/EllisWeismer/download_2026-05-31/0phon/TD_54ec/11006.xml,documentation,.xml,1024926,adb95cbb6c413083f5f0e2bce869d5dbf25412674b64276908a87e7b6c695ebd,True,not_applicable,not_applicable,,,,0,False,False,False,False,False,False,0,0
CHILDES,EllisWeismer,raw_download,2026-05-31,/private/tmp/talkbank_intake_20260531/EllisWeismer/0phon/TD_54ec/11013.xml,data/raw/talkbank/CHILDES/EllisWeismer/download_2026-05-31/0phon/TD_54ec/11013.xml,documentation,.xml,1003140,cce8bbb3120d60682ff7b1f18e4198af0a42bdf1dfbdab93304f5d627a7e61bf,True,not_applicable,not_applicable,,,,0,False,False,False,False,False,False,0,0
CHILDES,EllisWeismer,raw_download,2026-05-31,/private/tmp/talkbank_intake_20260531/EllisWeismer/0phon/TD_54ec/11023.xml,data/raw/talkbank/CHILDES/EllisWeismer/download_2026-05-31/0phon/TD_54ec/11023.xml,documentation,.xml,797089,ba736fe1d75118da6af06aa9c1c962516070c6e33d41d39adaeaa4c86a517edd,True,not_applicable,not_applicable,,,,0,False,False,False,False,False,False,0,0
CHILDES,EllisWeismer,raw_download,2026-05-31,/private/tmp/talkbank_intake_20260531/EllisWeismer/0phon/TD_54ec/11051.xml,data/raw/talkbank/CHILDES/EllisWeismer/download_2026-05-31/0phon/TD_54ec/11051.xml,documentation,.xml,699848,0f9c789a22f050340d744b412714e2775148e8163376d6a9c20f5005a0d0b5e3,True,not_applicable,not_applicable,,,,0,False,False,False,False,False,False,0,0
CHILDES,EllisWeismer,raw_download,2026-05-31,/private/tmp/talkbank_intake_20260531/EllisWeismer/0phon/TD_54ec/12004.xml,data/raw/talkbank/CHILDES/EllisWeismer/download_2026-05-31/0phon/TD_54ec/12004.xml,documentation,.xml,594409,ef7eef7e178379a1c505fe3af44bb57e56fe76d1b3a3794aa5d48178a13f824a,True,not_applicable,not_applicable,,,,0,False,False,False,False,False,False,0,0
CHILDES,EllisWeismer,raw_download,2026-05-31,/private/tmp/talkbank_intake_20260531/EllisWeismer/0phon/TD_54ec/12007.xml,data/raw/talkbank/CHILDES/EllisWeismer/download_2026-05-31/0phon/TD_54ec/12007.xml,documentation,.xml,1242763,79aaca99f7486151d96852b577cafc39debc53ce8bcbd882106d0ce690443b37,True,not_applicable,not_applicable,,,,0,False,False,False,False,False,False,0,0
CHILDES,EllisWeismer,raw_download,2026-05-31,/private/tmp/talkbank_intake_20260531/EllisWeismer/0phon/TD_54ec/12008.xml,data/raw/talkbank/CHILDES/EllisWeismer/download_2026-05-31/0phon/TD_54ec/12008.xml,documentation,.xml,1196671,e02180b55b4504cab93054d083e15b8b5a0d3b74c82a0b19146fbd7f7e93399a,True,not_applicable,not_applicable,,,,0,False,False,False,False,False,False,0,0
CHILDES,EllisWeismer,raw_download,2026-05-31,/private/tmp/talkbank_intake_20260531/EllisWeismer/0phon/TD_54ec/12014.xml,data/raw/talkbank/CHILDES/EllisWeismer/download_2026-05-31/0phon/TD_54ec/12014.xml,documentation,.xml,381156,e9ac1d604a43b2801432cee6dd282bac13b3ff6f5fc8e06a2ddf52d2bbe25d27,True,not_applicable,not_applicable,,,,0,False,False,False,False,False,False,0,0
CHILDES,EllisWeismer,raw_download,2026-05-31,/private/tmp/talkbank_intake_20260531/EllisWeismer/0phon/TD_54ec/12015.xml,data/raw/talkbank/CHILDES/EllisWeismer/download_2026-05-31/0phon/TD_54ec/12015.xml,documentation,.xml,905621,d3d31d7ca23fdd7d6cb3bb0ad61dd7ed14ba02e1c64b5987877fb14faf96740b,True,not_applicable,not_applicable,,,,0,False,False,False,False,False,False,0,0
CHILDES,EllisWeismer,raw_download,2026-05-31,/private/tmp/talkbank_intake_20260531/EllisWeismer/0phon/TD_54ec/12029.xml,data/raw/talkbank/CHILDES/EllisWeismer/download_2026-05-31/0phon/TD_54ec/12029.xml,documentation,.xml,822917,13d208756c11c23254884bdb910cbb3a5a4a0fdec85b9f3fede763fbbbf7bbb0,True,not_applicable,not_applicable,,,,0,False,False,False,False,False,False,0,0
CHILDES,EllisWeismer,raw_download,2026-05-31,/private/tmp/talkbank_intake_20260531/EllisWeismer/0phon/TD_54ec/12077.xml,data/raw/talkbank/CHILDES/EllisWeismer/download_2026-05-31/0phon/TD_54ec/12077.xml,documentation,.xml,1171247,5daaced232a38cb2d61bbab5f8f13bb08f745d1b948731d166a90b5bc4db9bec,True,not_applicable,not_applicable,,,,0,False,False,False,False,False,False,0,0
CHILDES,EllisWeismer,raw_download,2026-05-31,/private/tmp/talkbank_intake_20260531/EllisWeismer/0phon/TD_54ec/21160.xml,data/raw/talkbank/CHILDES/EllisWeismer/download_2026-05-31/0phon/TD_54ec/21160.xml,documentation,.xml,853857,6dd0aa103f69a15415ebd0198c3b96a690611176762cb5805b0d00bf04f89c57,True,not_applicable,not_applicable,,,,0,False,False,False,False,False,False,0,0
CHILDES,EllisWeismer,raw_download,2026-05-31,/private/tmp/talkbank_intake_20260531/EllisWeismer/0phon/TD_54ec/21189.xml,data/raw/talkbank/CHILDES/EllisWeismer/download_2026-05-31/0phon/TD_54ec/21189.xml,documentation,.xml,1084006,0d5895b104a753afdada3ed06949c7c8d3099dd46ac70f9665ff80daaa2eceee,True,not_applicable,not_applicable,,,,0,False,False,False,False,False,False,0,0
CHILDES,EllisWeismer,raw_download,2026-05-31,/private/tmp/talkbank_intake_20260531/EllisWeismer/0phon/TD_54ec/22103.xml,data/raw/talkbank/CHILDES/EllisWeismer/download_2026-05-31/0phon/TD_54ec/22103.xml,documentation,.xml,701061,935cc14bfff65d76d15b2205edd8b671628237549ecfb065fb046f9001868522,True,not_applicable,not_applicable,,,,0,False,False,False,False,False,False,0,0
CHILDES,EllisWeismer,raw_download,2026-05-31,/private/tmp/talkbank_intake_20260531/EllisWeismer/0phon/TD_54ec/22104.xml,data/raw/talkbank/CHILDES/EllisWeismer/download_2026-05-31/0phon/TD_54ec/22104.xml,documentation,.xml,825620,798eabdafd39144908969e84142eeba377ccfd7fb338a902c87aaa92016c5ddf,True,not_applicable,not_applicable,,,,0,False,False,False,False,False,False,0,0
CHILDES,EllisWeismer,raw_download,2026-05-31,/private/tmp/talkbank_intake_20260531/EllisWeismer/0phon/TD_54ec/22118.xml,data/raw/talkbank/CHILDES/EllisWeismer/download_2026-05-31/0phon/TD_54ec/22118.xml,documentation,.xml,1189682,dac794306342a098f8989c66dec58f737b4462345b42bfec6b6b23607147de9d,True,not_applicable,not_applicable,,,,0,False,False,False,False,False,False,0,0
CHILDES,EllisWeismer,raw_download,2026-05-31,/private/tmp/talkbank_intake_20260531/EllisWeismer/0phon/TD_54ec/22120.xml,data/raw/talkbank/CHILDES/EllisWeismer/download_2026-05-31/0phon/TD_54ec/22120.xml,documentation,.xml,601093,6e93323bb47c2405d6f46045db1bd850cb5d2ca47ed5a5090a72b2610cd1cb44,True,not_applicable,not_applicable,,,,0,False,False,False,False,False,False,0,0
CHILDES,EllisWeismer,raw_download,2026-05-31,/private/tmp/talkbank_intake_20260531/EllisWeismer/0phon/TD_54ec/22128.xml,data/raw/talkbank/CHILDES/EllisWeismer/download_2026-05-31/0phon/TD_54ec/22128.xml,documentation,.xml,619548,44b8647b615ea899de4785cd52a3de6a28f428a20ba7204c9f3865a16fa2dfa0,True,not_applicable,not_applicable,,,,0,False,False,False,False,False,False,0,0
CHILDES,EllisWeismer,raw_download,2026-05-31,/private/tmp/talkbank_intake_20260531/EllisWeismer/0phon/TD_54ec/22140.xml,data/raw/talkbank/CHILDES/EllisWeismer/download_2026-05-31/0phon/TD_54ec/22140.xml,documentation,.xml,881446,f0d597d662e938f49266e7e751b4b2ae4dd1fd152e4f3090c5d01139d28b6cae,True,not_applicable,not_applicable,,,,0,False,False,False,False,False,False,0,0
CHILDES,EllisWeismer,raw_download,2026-05-31,/private/tmp/talkbank_intake_20260531/EllisWeismer/0phon/TD_54ec/22148.xml,data/raw/talkbank/CHILDES/EllisWeismer/download_2026-05-31/0phon/TD_54ec/22148.xml,documentation,.xml,829246,93ad5ac5e3482b661c9313dd20f9b2d532a1b049a77e5c9bae04602f49534d02,True,not_applicable,not_applicable,,,,0,False,False,False,False,False,False,0,0
CHILDES,EllisWeismer,raw_download,2026-05-31,/private/tmp/talkbank_intake_20260531/EllisWeismer/0phon/TD_54int/11006.xml,data/raw/talkbank/CHILDES/EllisWeismer/download_2026-05-31/0phon/TD_54int/11006.xml,documentation,.xml,1526916,b5b25d446a3eaaedb4d0526d59233bdd91e07aba20f51aaf8e0c7cc49dd1c825,True,not_applicable,not_applicable,,,,0,False,False,False,False,False,False,0,0
CHILDES,EllisWeismer,raw_download,2026-05-31,/private/tmp/talkbank_intake_20260531/EllisWeismer/0phon/TD_54int/11013.xml,data/raw/talkbank/CHILDES/EllisWeismer/download_2026-05-31/0phon/TD_54int/11013.xml,documentation,.xml,844762,791b39d84ca0c6a5ad836ab16b0f35990639d151e46b5ce8ee301bd3b37edd57,True,not_applicable,not_applicable,,,,0,False,False,False,False,False,False,0,0
CHILDES,EllisWeismer,raw_download,2026-05-31,/private/tmp/talkbank_intake_20260531/EllisWeismer/0phon/TD_54int/11023.xml,data/raw/talkbank/CHILDES/EllisWeismer/download_2026-05-31/0phon/TD_54int/11023.xml,documentation,.xml,1156184,8149cd60fe192e1c23de6a4bdfb98e140116f1ee492993c3068c5c8d8db83751,True,not_applicable,not_applicable,,,,0,False,False,False,False,False,False,0,0
CHILDES,EllisWeismer,raw_download,2026-05-31,/private/tmp/talkbank_intake_20260531/EllisWeismer/0phon/TD_54int/11025.xml,data/raw/talkbank/CHILDES/EllisWeismer/download_2026-05-31/0phon/TD_54int/11025.xml,documentation,.xml,1482215,eec7bb7b0d8fa6016f448ee42939715d8e1cdf888f9e4ed7cbac0cc35c0e3111,True,not_applicable,not_applicable,,,,0,False,False,False,False,False,False,0,0
CHILDES,EllisWeismer,raw_download,2026-05-31,/private/tmp/talkbank_intake_20260531/EllisWeismer/0phon/TD_54int/11051.xml,data/raw/talkbank/CHILDES/EllisWeismer/download_2026-05-31/0phon/TD_54int/11051.xml,documentation,.xml,1510581,25e58ebd615883e2ae57a3154daf09bb87d888efe2ea80b3688492ff69bd5ad5,True,not_applicable,not_applicable,,,,0,False,False,False,False,False,False,0,0
CHILDES,EllisWeismer,raw_download,2026-05-31,/private/tmp/talkbank_intake_20260531/EllisWeismer/0phon/TD_54int/11053.xml,data/raw/talkbank/CHILDES/EllisWeismer/download_2026-05-31/0phon/TD_54int/11053.xml,documentation,.xml,975508,b133e967005700bd5aef71a6a4ddfbee2c70ed42b70a6fda93f4eebc63cae690,True,not_applicable,not_applicable,,,,0,False,False,False,False,False,False,0,0
CHILDES,EllisWeismer,raw_download,2026-05-31,/private/tmp/talkbank_intake_20260531/EllisWeismer/0phon/TD_54int/11055.xml,data/raw/talkbank/CHILDES/EllisWeismer/download_2026-05-31/0phon/TD_54int/11055.xml,documentation,.xml,1079823,77a1730a2da8923aa9edf37b1b5fce63e030553645c2a6f15d847a3f850b433c,True,not_applicable,not_applicable,,,,0,False,False,False,False,False,False,0,0
CHILDES,EllisWeismer,raw_download,2026-05-31,/private/tmp/talkbank_intake_20260531/EllisWeismer/0phon/TD_54int/11057.xml,data/raw/talkbank/CHILDES/EllisWeismer/download_2026-05-31/0phon/TD_54int/11057.xml,documentation,.xml,1157655,29740754fd656d6196a7ac4d67f2bdbdf5d34497022a524c3c8740648be8f9a5,True,not_applicable,not_applicable,,,,0,False,False,False,False,False,False,0,0
CHILDES,EllisWeismer,raw_download,2026-05-31,/private/tmp/talkbank_intake_20260531/EllisWeismer/0phon/TD_54int/12003.xml,data/raw/talkbank/CHILDES/EllisWeismer/download_2026-05-31/0phon/TD_54int/12003.xml,documentation,.xml,1423871,81b354d78d358f248c0448b2c241bd3b76e28b1e48869b69b6c7fd243fdacffc,True,not_applicable,not_applicable,,,,0,False,False,False,False,False,False,0,0
CHILDES,EllisWeismer,raw_download,2026-05-31,/private/tmp/talkbank_intake_20260531/EllisWeismer/0phon/TD_54int/12004.xml,data/raw/talkbank/CHILDES/EllisWeismer/download_2026-05-31/0phon/TD_54int/12004.xml,documentation,.xml,1132632,a8a81f271f806f43f7d3abb6e56dc56d05e367482eb1dd0fb765281996ecaa9c,True,not_applicable,not_applicable,,,,0,False,False,False,False,False,False,0,0
CHILDES,EllisWeismer,raw_download,2026-05-31,/private/tmp/talkbank_intake_20260531/EllisWeismer/0phon/TD_54int/12008.xml,data/raw/talkbank/CHILDES/EllisWeismer/download_2026-05-31/0phon/TD_54int/12008.xml,documentation,.xml,1492633,080383e3b247fec970b87f2da3d41ed8489ae7545591570623f7232d3e4442aa,True,not_applicable,not_applicable,,,,0,False,False,False,False,False,False,0,0
CHILDES,EllisWeismer,raw_download,2026-05-31,/private/tmp/talkbank_intake_20260531/EllisWeismer/0phon/TD_54int/12011.xml,data/raw/talkbank/CHILDES/EllisWeismer/download_2026-05-31/0phon/TD_54int/12011.xml,documentation,.xml,1240191,82094d1600b0ee07ecf9cd9542c111a670451062fb6ff5dc28fcf02a953bb725,True,not_applicable,not_applicable,,,,0,False,False,False,False,False,False,0,0
CHILDES,EllisWeismer,raw_download,2026-05-31,/private/tmp/talkbank_intake_20260531/EllisWeismer/0phon/TD_54int/12014.xml,data/raw/talkbank/CHILDES/EllisWeismer/download_2026-05-31/0phon/TD_54int/12014.xml,documentation,.xml,644071,9766a4a59bf6dd7a241881b35a480479e09a55cc139f92256304d369449ee661,True,not_applicable,not_applicable,,,,0,False,False,False,False,False,False,0,0
CHILDES,EllisWeismer,raw_download,2026-05-31,/private/tmp/talkbank_intake_20260531/EllisWeismer/0phon/TD_54int/12015.xml,data/raw/talkbank/CHILDES/EllisWeismer/download_2026-05-31/0phon/TD_54int/12015.xml,documentation,.xml,977121,fb300b5c5dd73780022011453ece125cac18db59078fa8bcc2b365502a8c2868,True,not_applicable,not_applicable,,,,0,False,False,False,False,False,False,0,0
CHILDES,EllisWeismer,raw_download,2026-05-31,/private/tmp/talkbank_intake_20260531/EllisWeismer/0phon/TD_54int/12029.xml,data/raw/talkbank/CHILDES/EllisWeismer/download_2026-05-31/0phon/TD_54int/12029.xml,documentation,.xml,980787,d074cca2f12db20083d0a958759d9604cbd8d506f8c60c5818c359653f331a92,True,not_applicable,not_applicable,,,,0,False,False,False,False,False,False,0,0
CHILDES,EllisWeismer,raw_download,2026-05-31,/private/tmp/talkbank_intake_20260531/EllisWeismer/0phon/TD_54int/12033.xml,data/raw/talkbank/CHILDES/EllisWeismer/download_2026-05-31/0phon/TD_54int/12033.xml,documentation,.xml,1118058,17ee33c3e8661cc4e6ffdd526d5ac3aae9376c937b07adf31539a41b64cfe44a,True,not_applicable,not_applicable,,,,0,False,False,False,False,False,False,0,0
CHILDES,EllisWeismer,raw_download,2026-05-31,/private/tmp/talkbank_intake_20260531/EllisWeismer/0phon/TD_54int/12050.xml,data/raw/talkbank/CHILDES/EllisWeismer/download_2026-05-31/0phon/TD_54int/12050.xml,documentation,.xml,1099468,fdebc886ec2135d13c9bc93c329214de082abd1e8ee28180260429c50bbd51f0,True,not_applicable,not_applicable,,,,0,False,False,False,False,False,False,0,0
CHILDES,EllisWeismer,raw_download,2026-05-31,/private/tmp/talkbank_intake_20260531/EllisWeismer/0phon/TD_54int/12077.xml,data/raw/talkbank/CHILDES/EllisWeismer/download_2026-05-31/0phon/TD_54int/12077.xml,documentation,.xml,1457701,92df2aa26a2e2e0f32582d73db40ef134252e6f2e1e23d1610771da717cf2593,True,not_applicable,not_applicable,,,,0,False,False,False,False,False,False,0,0
CHILDES,EllisWeismer,raw_download,2026-05-31,/private/tmp/talkbank_intake_20260531/EllisWeismer/0phon/TD_54int/21092.xml,data/raw/talkbank/CHILDES/EllisWeismer/download_2026-05-31/0phon/TD_54int/21092.xml,documentation,.xml,856768,ce4fd8aba083b1885ffe9159f7413c8df6b23eeaa65ba780789f780f312baaf4,True,not_applicable,not_applicable,,,,0,False,False,False,False,False,False,0,0
CHILDES,EllisWeismer,raw_download,2026-05-31,/private/tmp/talkbank_intake_20260531/EllisWeismer/0phon/TD_54int/21097.xml,data/raw/talkbank/CHILDES/EllisWeismer/download_2026-05-31/0phon/TD_54int/21097.xml,documentation,.xml,1377341,dc5808319ba3110f49991d4c407660ab9e119a1a89e52625ce4a4e2e52902c9b,True,not_applicable,not_applicable,,,,0,False,False,False,False,False,False,0,0
CHILDES,EllisWeismer,raw_download,2026-05-31,/private/tmp/talkbank_intake_20260531/EllisWeismer/0phon/TD_54int/21102.xml,data/raw/talkbank/CHILDES/EllisWeismer/download_2026-05-31/0phon/TD_54int/21102.xml,documentation,.xml,819924,23c19801013769eefc52fa6295998d7adb88e83e8414e3f87d48605a578442ed,True,not_applicable,not_applicable,,,,0,False,False,False,False,False,False,0,0
CHILDES,EllisWeismer,raw_download,2026-05-31,/private/tmp/talkbank_intake_20260531/EllisWeismer/0phon/TD_54int/21116.xml,data/raw/talkbank/CHILDES/EllisWeismer/download_2026-05-31/0phon/TD_54int/21116.xml,documentation,.xml,1060809,03a8bf6135db9e48bbe4ec64ec5cc1fba8c681aa9840e65691b7a531cc9e072c,True,not_applicable,not_applicable,,,,0,False,False,False,False,False,False,0,0
CHILDES,EllisWeismer,raw_download,2026-05-31,/private/tmp/talkbank_intake_20260531/EllisWeismer/0phon/TD_54int/21121.xml,data/raw/talkbank/CHILDES/EllisWeismer/download_2026-05-31/0phon/TD_54int/21121.xml,documentation,.xml,1001000,89e84976d47a1aac1fc5cc1fbe404ebc4f85e72d4ecec7daba190ccf0a4c8128,True,not_applicable,not_applicable,,,,0,False,False,False,False,False,False,0,0
CHILDES,EllisWeismer,raw_download,2026-05-31,/private/tmp/talkbank_intake_20260531/EllisWeismer/0phon/TD_54int/21189.xml,data/raw/talkbank/CHILDES/EllisWeismer/download_2026-05-31/0phon/TD_54int/21189.xml,documentation,.xml,973374,8564794d3418726e2209eb4988520919cd39290f7fdfeb7beaafa3297e349e7e,True,not_applicable,not_applicable,,,,0,False,False,False,False,False,False,0,0
CHILDES,EllisWeismer,raw_download,2026-05-31,/private/tmp/talkbank_intake_20260531/EllisWeismer/0phon/TD_54int/21191.xml,data/raw/talkbank/CHILDES/EllisWeismer/download_2026-05-31/0phon/TD_54int/21191.xml,documentation,.xml,1136118,945c02e20955587e11b922c01e425b6d87ebb0ca695655cde2eee9c42435db80,True,not_applicable,not_applicable,,,,0,False,False,False,False,False,False,0,0
CHILDES,EllisWeismer,raw_download,2026-05-31,/private/tmp/talkbank_intake_20260531/EllisWeismer/0phon/TD_54int/22086.xml,data/raw/talkbank/CHILDES/EllisWeismer/download_2026-05-31/0phon/TD_54int/22086.xml,documentation,.xml,956129,064ce6e7dd42aeac2d591d05f2a9745d1a060ace471345f0a5ecc7a821be7864,True,not_applicable,not_applicable,,,,0,False,False,False,False,False,False,0,0
CHILDES,EllisWeismer,raw_download,2026-05-31,/private/tmp/talkbank_intake_20260531/EllisWeismer/0phon/TD_54int/22089.xml,data/raw/talkbank/CHILDES/EllisWeismer/download_2026-05-31/0phon/TD_54int/22089.xml,documentation,.xml,952412,fba61c73b1ed4106618e477da83a55b1bf3cc8d46432855d244dace1945fe3a2,True,not_applicable,not_applicable,,,,0,False,False,False,False,False,False,0,0
CHILDES,EllisWeismer,raw_download,2026-05-31,/private/tmp/talkbank_intake_20260531/EllisWeismer/0phon/TD_54int/22093.xml,data/raw/talkbank/CHILDES/EllisWeismer/download_2026-05-31/0phon/TD_54int/22093.xml,documentation,.xml,1033560,64a010afd44d8992386b8330ed651a45c63923a59286a6f6b2152fa1c184d256,True,not_applicable,not_applicable,,,,0,False,False,False,False,False,False,0,0
CHILDES,EllisWeismer,raw_download,2026-05-31,/private/tmp/talkbank_intake_20260531/EllisWeismer/0phon/TD_54int/22103.xml,data/raw/talkbank/CHILDES/EllisWeismer/download_2026-05-31/0phon/TD_54int/22103.xml,documentation,.xml,1216311,c8c349b922173e438f19634d7b6cc2bf652add0a972870c990dd4efcee79940a,True,not_applicable,not_applicable,,,,0,False,False,False,False,False,False,0,0
CHILDES,EllisWeismer,raw_download,2026-05-31,/private/tmp/talkbank_intake_20260531/EllisWeismer/0phon/TD_54int/22104.xml,data/raw/talkbank/CHILDES/EllisWeismer/download_2026-05-31/0phon/TD_54int/22104.xml,documentation,.xml,1195150,9723a03ed9e75bb8d024257f669deaad56b72a4eca72af0d483de50a304f7708,True,not_applicable,not_applicable,,,,0,False,False,False,False,False,False,0,0
CHILDES,EllisWeismer,raw_download,2026-05-31,/private/tmp/talkbank_intake_20260531/EllisWeismer/0phon/TD_54int/22109.xml,data/raw/talkbank/CHILDES/EllisWeismer/download_2026-05-31/0phon/TD_54int/22109.xml,documentation,.xml,990786,28bb6959e5f3278b0be906118b882af1785aa389cf99fc097c858921617a99b7,True,not_applicable,not_applicable,,,,0,False,False,False,False,False,False,0,0
CHILDES,EllisWeismer,raw_download,2026-05-31,/private/tmp/talkbank_intake_20260531/EllisWeismer/0phon/TD_54int/22120.xml,data/raw/talkbank/CHILDES/EllisWeismer/download_2026-05-31/0phon/TD_54int/22120.xml,documentation,.xml,570296,1331df18faab6ec4f14366291ba23244cc3b4800df6df602f4a2b591771d62ca,True,not_applicable,not_applicable,,,,0,False,False,False,False,False,False,0,0
CHILDES,EllisWeismer,raw_download,2026-05-31,/private/tmp/talkbank_intake_20260531/EllisWeismer/0phon/TD_54int/22128.xml,data/raw/talkbank/CHILDES/EllisWeismer/download_2026-05-31/0phon/TD_54int/22128.xml,documentation,.xml,1429446,7f260f7d766dc8770d9b560d93cbd23bea7366c9d705f4c1c5738e93a1cd9cb8,True,not_applicable,not_applicable,,,,0,False,False,False,False,False,False,0,0
CHILDES,EllisWeismer,raw_download,2026-05-31,/private/tmp/talkbank_intake_20260531/EllisWeismer/0phon/TD_54int/22140.xml,data/raw/talkbank/CHILDES/EllisWeismer/download_2026-05-31/0phon/TD_54int/22140.xml,documentation,.xml,872955,a476b620936c2f1e722bb13d025fee65553839934cda5f8fe7372675e1366f32,True,not_applicable,not_applicable,,,,0,False,False,False,False,False,False,0,0
CHILDES,EllisWeismer,raw_download,2026-05-31,/private/tmp/talkbank_intake_20260531/EllisWeismer/0phon/TD_54int/22148.xml,data/raw/talkbank/CHILDES/EllisWeismer/download_2026-05-31/0phon/TD_54int/22148.xml,documentation,.xml,857881,b3937011791fbb5d7a99efc20f943c0104daa6c9fb6ec3d50fb549e903aea48b,True,not_applicable,not_applicable,,,,0,False,False,False,False,False,False,0,0
CHILDES,EllisWeismer,raw_download,2026-05-31,/private/tmp/talkbank_intake_20260531/EllisWeismer/0phon/TD_54int/22192.xml,data/raw/talkbank/CHILDES/EllisWeismer/download_2026-05-31/0phon/TD_54int/22192.xml,documentation,.xml,932768,1e059aaf32b886876b6b29377c15a6b7e21f37094fb3e49866e58e1ca8441645,True,not_applicable,not_applicable,,,,0,False,False,False,False,False,False,0,0
CHILDES,EllisWeismer,raw_download,2026-05-31,/private/tmp/talkbank_intake_20260531/EllisWeismer/0phon/TD_66conv/11006.xml,data/raw/talkbank/CHILDES/EllisWeismer/download_2026-05-31/0phon/TD_66conv/11006.xml,documentation,.xml,696785,f1c38a236e3e4fb8bb11be046628a0c356f4698ae25010cb1235ea192ca18357,True,not_applicable,not_applicable,,,,0,False,False,False,False,False,False,0,0
CHILDES,EllisWeismer,raw_download,2026-05-31,/private/tmp/talkbank_intake_20260531/EllisWeismer/0phon/TD_66conv/11013.xml,data/raw/talkbank/CHILDES/EllisWeismer/download_2026-05-31/0phon/TD_66conv/11013.xml,documentation,.xml,1034329,c64076e216283f59a40f12575786ca3cae5640b6acc3ac3e612c5eafd90dc2e3,True,not_applicable,not_applicable,,,,0,False,False,False,False,False,False,0,0
CHILDES,EllisWeismer,raw_download,2026-05-31,/private/tmp/talkbank_intake_20260531/EllisWeismer/0phon/TD_66conv/11023.xml,data/raw/talkbank/CHILDES/EllisWeismer/download_2026-05-31/0phon/TD_66conv/11023.xml,documentation,.xml,872494,ae3a83fef6b22603f1d841a88388242a869747bfe9800a55a16416d1651954f8,True,not_applicable,not_applicable,,,,0,False,False,False,False,False,False,0,0
CHILDES,EllisWeismer,raw_download,2026-05-31,/private/tmp/talkbank_intake_20260531/EllisWeismer/0phon/TD_66conv/11025.xml,data/raw/talkbank/CHILDES/EllisWeismer/download_2026-05-31/0phon/TD_66conv/11025.xml,documentation,.xml,680009,dacddb38f11884cf667a25355416d43f174726eea2ddc45dac68e7270852bc6c,True,not_applicable,not_applicable,,,,0,False,False,False,False,False,False,0,0
CHILDES,EllisWeismer,raw_download,2026-05-31,/private/tmp/talkbank_intake_20260531/EllisWeismer/0phon/TD_66conv/11051.xml,data/raw/talkbank/CHILDES/EllisWeismer/download_2026-05-31/0phon/TD_66conv/11051.xml,documentation,.xml,927162,02736959b856135053f3432976547ade29ea743eab49d9874f6536997d93f8eb,True,not_applicable,not_applicable,,,,0,False,False,False,False,False,False,0,0
CHILDES,EllisWeismer,raw_download,2026-05-31,/private/tmp/talkbank_intake_20260531/EllisWeismer/0phon/TD_66conv/11055.xml,data/raw/talkbank/CHILDES/EllisWeismer/download_2026-05-31/0phon/TD_66conv/11055.xml,documentation,.xml,812823,61546b36d3e0c327ab7ab36088a89fb48b0f49f893fe656fb58a7e78b575267f,True,not_applicable,not_applicable,,,,0,False,False,False,False,False,False,0,0
CHILDES,EllisWeismer,raw_download,2026-05-31,/private/tmp/talkbank_intake_20260531/EllisWeismer/0phon/TD_66conv/11057.xml,data/raw/talkbank/CHILDES/EllisWeismer/download_2026-05-31/0phon/TD_66conv/11057.xml,documentation,.xml,717763,ed7c19a03faf72041fbce09cb1329197ec44acff6397902384135a02ec108632,True,not_applicable,not_applicable,,,,0,False,False,False,False,False,False,0,0
CHILDES,EllisWeismer,raw_download,2026-05-31,/private/tmp/talkbank_intake_20260531/EllisWeismer/0phon/TD_66conv/12003.xml,data/raw/talkbank/CHILDES/EllisWeismer/download_2026-05-31/0phon/TD_66conv/12003.xml,documentation,.xml,962425,2944de7928068b83ce2c2d8c1003171b4da543fd44362d8ce4384ec157f3d633,True,not_applicable,not_applicable,,,,0,False,False,False,False,False,False,0,0
CHILDES,EllisWeismer,raw_download,2026-05-31,/private/tmp/talkbank_intake_20260531/EllisWeismer/0phon/TD_66conv/12004.xml,data/raw/talkbank/CHILDES/EllisWeismer/download_2026-05-31/0phon/TD_66conv/12004.xml,documentation,.xml,844478,475e6765763500de9cf231d9527f0431d160e96d65224f295e2484193536d70e,True,not_applicable,not_applicable,,,,0,False,False,False,False,False,False,0,0
CHILDES,EllisWeismer,raw_download,2026-05-31,/private/tmp/talkbank_intake_20260531/EllisWeismer/0phon/TD_66conv/12007.xml,data/raw/talkbank/CHILDES/EllisWeismer/download_2026-05-31/0phon/TD_66conv/12007.xml,documentation,.xml,952885,16356e8aba4968786ccadd8cc2ddf02053e46854f9a8f8d0c8762cc5854f12d0,True,not_applicable,not_applicable,,,,0,False,False,False,False,False,False,0,0
CHILDES,EllisWeismer,raw_download,2026-05-31,/private/tmp/talkbank_intake_20260531/EllisWeismer/0phon/TD_66conv/12008.xml,data/raw/talkbank/CHILDES/EllisWeismer/download_2026-05-31/0phon/TD_66conv/12008.xml,documentation,.xml,926795,1a4705a1a9052067da6ad6db86c12ad72b003e99af4fd8a0a89a52c6d974200a,True,not_applicable,not_applicable,,,,0,False,False,False,False,False,False,0,0
CHILDES,EllisWeismer,raw_download,2026-05-31,/private/tmp/talkbank_intake_20260531/EllisWeismer/0phon/TD_66conv/12011.xml,data/raw/talkbank/CHILDES/EllisWeismer/download_2026-05-31/0phon/TD_66conv/12011.xml,documentation,.xml,879243,81578600e9d6aa56922482e70b3cc3291f7704a1c8951e53e4f20a5d957c0265,True,not_applicable,not_applicable,,,,0,False,False,False,False,False,False,0,0
CHILDES,EllisWeismer,raw_download,2026-05-31,/private/tmp/talkbank_intake_20260531/EllisWeismer/0phon/TD_66conv/12015.xml,data/raw/talkbank/CHILDES/EllisWeismer/download_2026-05-31/0phon/TD_66conv/12015.xml,documentation,.xml,968113,21142bbfce58c65ef571dd2080b66d3d3933f16b75a0b9b0d5de5ef39e5902d5,True,not_applicable,not_applicable,,,,0,False,False,False,False,False,False,0,0
CHILDES,EllisWeismer,raw_download,2026-05-31,/private/tmp/talkbank_intake_20260531/EllisWeismer/0phon/TD_66conv/12029.xml,data/raw/talkbank/CHILDES/EllisWeismer/download_2026-05-31/0phon/TD_66conv/12029.xml,documentation,.xml,651359,41944c30c3f9e185af21aee84f72ca4357bd1423fcf4a6abc4ee7dad8ac100f3,True,not_applicable,not_applicable,,,,0,False,False,False,False,False,False,0,0
CHILDES,EllisWeismer,raw_download,2026-05-31,/private/tmp/talkbank_intake_20260531/EllisWeismer/0phon/TD_66conv/12033.xml,data/raw/talkbank/CHILDES/EllisWeismer/download_2026-05-31/0phon/TD_66conv/12033.xml,documentation,.xml,1332886,e4d2cff37ee60f491d06412966ba41e193a6d27febc7c2f499cfb330f002c527,True,not_applicable,not_applicable,,,,0,False,False,False,False,False,False,0,0
CHILDES,EllisWeismer,raw_download,2026-05-31,/private/tmp/talkbank_intake_20260531/EllisWeismer/0phon/TD_66conv/12037.xml,data/raw/talkbank/CHILDES/EllisWeismer/download_2026-05-31/0phon/TD_66conv/12037.xml,documentation,.xml,891639,a13650ba72dd2690b3322de5b649ad4cfca2e6bd3acd80f8d3560a622ced6c07,True,not_applicable,not_applicable,,,,0,False,False,False,False,False,False,0,0
CHILDES,EllisWeismer,raw_download,2026-05-31,/private/tmp/talkbank_intake_20260531/EllisWeismer/0phon/TD_66conv/12050.xml,data/raw/talkbank/CHILDES/EllisWeismer/download_2026-05-31/0phon/TD_66conv/12050.xml,documentation,.xml,827252,a65171b1b33bbff8a5e37812c2b435b33f2cfd8591b56e2ef26f0cdada105c50,True,not_applicable,not_applicable,,,,0,False,False,False,False,False,False,0,0
CHILDES,EllisWeismer,raw_download,2026-05-31,/private/tmp/talkbank_intake_20260531/EllisWeismer/0phon/TD_66conv/12061.xml,data/raw/talkbank/CHILDES/EllisWeismer/download_2026-05-31/0phon/TD_66conv/12061.xml,documentation,.xml,892412,2d28efd8f34e1a8c709de30706a3020267b2e7adf09bb3366a1f61a3a3dbef1f,True,not_applicable,not_applicable,,,,0,False,False,False,False,False,False,0,0
CHILDES,EllisWeismer,raw_download,2026-05-31,/private/tmp/talkbank_intake_20260531/EllisWeismer/0phon/TD_66conv/12071.xml,data/raw/talkbank/CHILDES/EllisWeismer/download_2026-05-31/0phon/TD_66conv/12071.xml,documentation,.xml,812041,37a7129a865b19640e5be9158c8950bd815499c827475c7ac88d383812193044,True,not_applicable,not_applicable,,,,0,False,False,False,False,False,False,0,0
CHILDES,EllisWeismer,raw_download,2026-05-31,/private/tmp/talkbank_intake_20260531/EllisWeismer/0phon/TD_66conv/12077.xml,data/raw/talkbank/CHILDES/EllisWeismer/download_2026-05-31/0phon/TD_66conv/12077.xml,documentation,.xml,699057,35e59bf8fb95e0211552b373471abfc5d836bff3636b93644c10783cd5bbed57,True,not_applicable,not_applicable,,,,0,False,False,False,False,False,False,0,0
CHILDES,EllisWeismer,raw_download,2026-05-31,/private/tmp/talkbank_intake_20260531/EllisWeismer/0phon/TD_66conv/21092.xml,data/raw/talkbank/CHILDES/EllisWeismer/download_2026-05-31/0phon/TD_66conv/21092.xml,documentation,.xml,998029,d86f089d5e6eae5de1ea85cd31fb045fb6afff3e5f4e2d31eb0b882f9e24429c,True,not_applicable,not_applicable,,,,0,False,False,False,False,False,False,0,0
CHILDES,EllisWeismer,raw_download,2026-05-31,/private/tmp/talkbank_intake_20260531/EllisWeismer/0phon/TD_66conv/21097.xml,data/raw/talkbank/CHILDES/EllisWeismer/download_2026-05-31/0phon/TD_66conv/21097.xml,documentation,.xml,1112516,047c9f09a5749c7b60ed2e6e5cbdc7f5de2e98aefef96ef489bffd6f118957d4,True,not_applicable,not_applicable,,,,0,False,False,False,False,False,False,0,0
CHILDES,EllisWeismer,raw_download,2026-05-31,/private/tmp/talkbank_intake_20260531/EllisWeismer/0phon/TD_66conv/21116.xml,data/raw/talkbank/CHILDES/EllisWeismer/download_2026-05-31/0phon/TD_66conv/21116.xml,documentation,.xml,845257,28829300216ffb433de0c8120aa7b7578db9cce39ae580b8bd13d2a5645643e2,True,not_applicable,not_applicable,,,,0,False,False,False,False,False,False,0,0
CHILDES,EllisWeismer,raw_download,2026-05-31,/private/tmp/talkbank_intake_20260531/EllisWeismer/0phon/TD_66conv/21121.xml,data/raw/talkbank/CHILDES/EllisWeismer/download_2026-05-31/0phon/TD_66conv/21121.xml,documentation,.xml,1075012,3b9832fc948732c0c200354914b67c8e4704df14c8f96e72e37c9d1a34bd1ac3,True,not_applicable,not_applicable,,,,0,False,False,False,False,False,False,0,0
CHILDES,EllisWeismer,raw_download,2026-05-31,/private/tmp/talkbank_intake_20260531/EllisWeismer/0phon/TD_66conv/21160.xml,data/raw/talkbank/CHILDES/EllisWeismer/download_2026-05-31/0phon/TD_66conv/21160.xml,documentation,.xml,1123355,01721fc1e6d48cf07967ed5ab572b69c271063291320ee975c523eeb84a3804b,True,not_applicable,not_applicable,,,,0,False,False,False,False,False,False,0,0
CHILDES,EllisWeismer,raw_download,2026-05-31,/private/tmp/talkbank_intake_20260531/EllisWeismer/0phon/TD_66conv/21189.xml,data/raw/talkbank/CHILDES/EllisWeismer/download_2026-05-31/0phon/TD_66conv/21189.xml,documentation,.xml,875238,be3d2f40c8a5ef06e7fc0fef5a61f56e222d9de71567ba181a5fa24645adb3f0,True,not_applicable,not_applicable,,,,0,False,False,False,False,False,False,0,0
CHILDES,EllisWeismer,raw_download,2026-05-31,/private/tmp/talkbank_intake_20260531/EllisWeismer/0phon/TD_66conv/21191.xml,data/raw/talkbank/CHILDES/EllisWeismer/download_2026-05-31/0phon/TD_66conv/21191.xml,documentation,.xml,1139354,1cd4de991bbc9c095d7c6062241ceefc7cbf27f70f4fdc6cd759c7acc85aa7f1,True,not_applicable,not_applicable,,,,0,False,False,False,False,False,False,0,0
CHILDES,EllisWeismer,raw_download,2026-05-31,/private/tmp/talkbank_intake_20260531/EllisWeismer/0phon/TD_66conv/22093.xml,data/raw/talkbank/CHILDES/EllisWeismer/download_2026-05-31/0phon/TD_66conv/22093.xml,documentation,.xml,891933,5e73999a6888e2f818b2f8625f296ce296e3a83b303301f91e9c6169fb6f53c2,True,not_applicable,not_applicable,,,,0,False,False,False,False,False,False,0,0
CHILDES,EllisWeismer,raw_download,2026-05-31,/private/tmp/talkbank_intake_20260531/EllisWeismer/0phon/TD_66conv/22102.xml,data/raw/talkbank/CHILDES/EllisWeismer/download_2026-05-31/0phon/TD_66conv/22102.xml,documentation,.xml,998196,3f029c639895b4ad49a9c05ba7ce88534520b516f6f30c411390b649f9f805e8,True,not_applicable,not_applicable,,,,0,False,False,False,False,False,False,0,0
CHILDES,EllisWeismer,raw_download,2026-05-31,/private/tmp/talkbank_intake_20260531/EllisWeismer/0phon/TD_66conv/22103.xml,data/raw/talkbank/CHILDES/EllisWeismer/download_2026-05-31/0phon/TD_66conv/22103.xml,documentation,.xml,898196,3a808c7ba7d9dca3d5a5e6fc070f79aad5266a2351f5f00374ac757ca5b10ca2,True,not_applicable,not_applicable,,,,0,False,False,False,False,False,False,0,0
CHILDES,EllisWeismer,raw_download,2026-05-31,/private/tmp/talkbank_intake_20260531/EllisWeismer/0phon/TD_66conv/22104.xml,data/raw/talkbank/CHILDES/EllisWeismer/download_2026-05-31/0phon/TD_66conv/22104.xml,documentation,.xml,906401,723708d42e412aca8da29383606edb438f6ef04bba76362565edf63c864aa80a,True,not_applicable,not_applicable,,,,0,False,False,False,False,False,False,0,0
CHILDES,EllisWeismer,raw_download,2026-05-31,/private/tmp/talkbank_intake_20260531/EllisWeismer/0phon/TD_66conv/22118.xml,data/raw/talkbank/CHILDES/EllisWeismer/download_2026-05-31/0phon/TD_66conv/22118.xml,documentation,.xml,949556,5503b41f54f56c02bafd743dd253db63835d762a7789bbfb15a946ee6395f575,True,not_applicable,not_applicable,,,,0,False,False,False,False,False,False,0,0
CHILDES,EllisWeismer,raw_download,2026-05-31,/private/tmp/talkbank_intake_20260531/EllisWeismer/0phon/TD_66conv/22120.xml,data/raw/talkbank/CHILDES/EllisWeismer/download_2026-05-31/0phon/TD_66conv/22120.xml,documentation,.xml,892592,bc1c57273edca7b981bc057c948e30292d55ce845cb371346d4595ab37ce1df4,True,not_applicable,not_applicable,,,,0,False,False,False,False,False,False,0,0
CHILDES,EllisWeismer,raw_download,2026-05-31,/private/tmp/talkbank_intake_20260531/EllisWeismer/0phon/TD_66conv/22128.xml,data/raw/talkbank/CHILDES/EllisWeismer/download_2026-05-31/0phon/TD_66conv/22128.xml,documentation,.xml,1394965,a33e66dac5b5f312f5a5fa55f8179872aa9f14eb30bd48b89dccd5916ffe8f8b,True,not_applicable,not_applicable,,,,0,False,False,False,False,False,False,0,0
CHILDES,EllisWeismer,raw_download,2026-05-31,/private/tmp/talkbank_intake_20260531/EllisWeismer/0phon/TD_66conv/22140.xml,data/raw/talkbank/CHILDES/EllisWeismer/download_2026-05-31/0phon/TD_66conv/22140.xml,documentation,.xml,1102860,a88af2b0b21b8859010205124073b1814fb4ae5d4aec81cdb490990a1ba9aa3f,True,not_applicable,not_applicable,,,,0,False,False,False,False,False,False,0,0
CHILDES,EllisWeismer,raw_download,2026-05-31,/private/tmp/talkbank_intake_20260531/EllisWeismer/0phon/TD_66conv/22141.xml,data/raw/talkbank/CHILDES/EllisWeismer/download_2026-05-31/0phon/TD_66conv/22141.xml,documentation,.xml,870786,8f87a74d142804e5b383e41d4cfb587f5df66a6d5e737ffe52fc4812803a3d1c,True,not_applicable,not_applicable,,,,0,False,False,False,False,False,False,0,0
CHILDES,EllisWeismer,raw_download,2026-05-31,/private/tmp/talkbank_intake_20260531/EllisWeismer/0phon/TD_66conv/22148.xml,data/raw/talkbank/CHILDES/EllisWeismer/download_2026-05-31/0phon/TD_66conv/22148.xml,documentation,.xml,1265772,a83b91f88bc64dfafb0e887ae88965987f00b3646cf3cb37d98eb4f418c98357,True,not_applicable,not_applicable,,,,0,False,False,False,False,False,False,0,0
CHILDES,EllisWeismer,raw_download,2026-05-31,/private/tmp/talkbank_intake_20260531/EllisWeismer/0phon/project.properties,data/raw/talkbank/CHILDES/EllisWeismer/download_2026-05-31/0phon/project.properties,documentation,.properties,130,c5da1194f7bc025efcc9d682dd0c285b208990f387b5e45aa51b31704bc7a79b,True,not_applicable,not_applicable,,,,0,False,False,False,False,False,False,0,0
CHILDES,EllisWeismer,raw_download,2026-05-31,/private/tmp/talkbank_intake_20260531/EllisWeismer/0status.xlsx,data/raw/talkbank/CHILDES/EllisWeismer/download_2026-05-31/0status.xlsx,sidecar,.xlsx,19353,175138ffa8de65350e6e73186c7e5d7d993392641361e82c842a08356fe0df70,True,not_applicable,not_applicable,,,,0,False,False,False,False,False,False,0,0
CHILDES,EllisWeismer,raw_download,2026-05-31,/private/tmp/talkbank_intake_20260531/EllisWeismer/EllisWeismer.zip,data/raw/talkbank/CHILDES/EllisWeismer/download_2026-05-31/EllisWeismer.zip,archive,.zip,34739650,a08eb9f500b18cf7043fe0ea2fb28199862356c439f11b5d5cbd80bc563c61d6,True,not_applicable,not_applicable,,,,0,False,False,False,False,False,False,0,0
CHILDES,EllisWeismer,raw_download,2026-05-31,/private/tmp/talkbank_intake_20260531/EllisWeismer/LT/0types.txt,data/raw/talkbank/CHILDES/EllisWeismer/download_2026-05-31/LT/0types.txt,sidecar,.txt,26,a6325cf2d531e1737f8793bed4c29d110117d17fb6f993d803c900129a6b38a6,True,not_applicable,not_applicable,,,,0,False,False,False,False,False,False,0,0
CHILDES,EllisWeismer,raw_download,2026-05-31,/private/tmp/talkbank_intake_20260531/EllisWeismer/LT/30ec/11005.cha,data/raw/talkbank/CHILDES/EllisWeismer/download_2026-05-31/LT/30ec/11005.cha,transcript,.cha,40239,87edadfb32ab9220279842c01b6d74486db396782c719ed5753774145bc581d7,True,pass,pass,,eng,"CHI Target_Child, INV Investigator",2,True,True,True,True,True,True,157,330
CHILDES,EllisWeismer,raw_download,2026-05-31,/private/tmp/talkbank_intake_20260531/EllisWeismer/LT/30ec/11016.cha,data/raw/talkbank/CHILDES/EllisWeismer/download_2026-05-31/LT/30ec/11016.cha,transcript,.cha,25945,91eb1f3f14cd1f54896b7fe47a755c0a83edc57588bb14c4d54a5fa8d27b1f1d,True,pass,pass,,eng,"INV Investigator, CHI Target_Child",2,True,True,True,True,True,True,118,195
CHILDES,EllisWeismer,raw_download,2026-05-31,/private/tmp/talkbank_intake_20260531/EllisWeismer/LT/30ec/11031.cha,data/raw/talkbank/CHILDES/EllisWeismer/download_2026-05-31/LT/30ec/11031.cha,transcript,.cha,58886,29ad2c7e4fdbc4dce43d2740be5e6778f67fda31d6f911b13f2059c5d5b07f1d,True,pass,pass,,eng,"INV Investigator, CHI Target_Child",2,True,True,True,True,True,True,131,343
CHILDES,EllisWeismer,raw_download,2026-05-31,/private/tmp/talkbank_intake_20260531/EllisWeismer/LT/30ec/11043.cha,data/raw/talkbank/CHILDES/EllisWeismer/download_2026-05-31/LT/30ec/11043.cha,transcript,.cha,83608,6e4bde8d38acf0b3dc0838abde160a135135b5f0cedfd4dde3b683eadc1de073,True,pass,pass,,eng,"INV Investigator, CHI Target_Child",2,True,True,True,True,True,True,171,467
CHILDES,EllisWeismer,raw_download,2026-05-31,/private/tmp/talkbank_intake_20260531/EllisWeismer/LT/30ec/11065.cha,data/raw/talkbank/CHILDES/EllisWeismer/download_2026-05-31/LT/30ec/11065.cha,transcript,.cha,56770,8faa489f9acecdb984afad7a5cfcad09d53f174a4aa971a192e007c2b9ba7c16,True,pass,pass,,eng,"INV Investigator, CHI Target_Child",2,True,True,True,True,True,True,220,388
CHILDES,EllisWeismer,raw_download,2026-05-31,/private/tmp/talkbank_intake_20260531/EllisWeismer/LT/30ec/11066.cha,data/raw/talkbank/CHILDES/EllisWeismer/download_2026-05-31/LT/30ec/11066.cha,transcript,.cha,49095,3188d042e765dd6961e36cec445b68fd291fcc5f2f56e0017fd18812afa4fed8,True,pass,pass,,eng,"CHI Target_Child, INV Investigator",2,True,True,True,True,True,True,75,197
CHILDES,EllisWeismer,raw_download,2026-05-31,/private/tmp/talkbank_intake_20260531/EllisWeismer/LT/30ec/11068.cha,data/raw/talkbank/CHILDES/EllisWeismer/download_2026-05-31/LT/30ec/11068.cha,transcript,.cha,47574,063890bc6117c6658414db4eaabfa7fea310d9d9a0bc829ba1bfe91f195b4fe8,True,pass,pass,,eng,"INV Investigator, CHI Target_Child",2,True,True,True,True,True,True,208,390
CHILDES,EllisWeismer,raw_download,2026-05-31,/private/tmp/talkbank_intake_20260531/EllisWeismer/LT/30ec/11070.cha,data/raw/talkbank/CHILDES/EllisWeismer/download_2026-05-31/LT/30ec/11070.cha,transcript,.cha,29690,986642fccb668438d760c6b474a56ba19d6fb5d85a690af7eefbb789b2544f40,True,pass,pass,,eng,"INV Investigator, CHI Target_Child",2,True,True,True,True,True,True,107,72
CHILDES,EllisWeismer,raw_download,2026-05-31,/private/tmp/talkbank_intake_20260531/EllisWeismer/LT/30ec/11078.cha,data/raw/talkbank/CHILDES/EllisWeismer/download_2026-05-31/LT/30ec/11078.cha,transcript,.cha,33263,d31a10a44a2134559f3a084a8c0df23cd7ab6e4f92156698065cd8341a64008b,True,pass,pass,,eng,"INV Investigator, CHI Target_Child",2,True,True,True,True,True,True,113,303
CHILDES,EllisWeismer,raw_download,2026-05-31,/private/tmp/talkbank_intake_20260531/EllisWeismer/LT/30ec/12009.cha,data/raw/talkbank/CHILDES/EllisWeismer/download_2026-05-31/LT/30ec/12009.cha,transcript,.cha,42721,9b5fba219e2c89ce2f50b12f245b28ac04640ab1197b50e60b8e8801c8607769,True,pass,pass,,eng,"INV Investigator, CHI Target_Child",2,True,True,True,True,True,True,132,266
CHILDES,EllisWeismer,raw_download,2026-05-31,/private/tmp/talkbank_intake_20260531/EllisWeismer/LT/30ec/12022.cha,data/raw/talkbank/CHILDES/EllisWeismer/download_2026-05-31/LT/30ec/12022.cha,transcript,.cha,34126,af8f89ade5ae7489703eef7dd2ffbdfbf1cdd6252a884bf548bea3e46edc1c52,True,pass,pass,,eng,"CHI Target_Child, INV Investigator",2,True,True,True,True,True,True,77,56
CHILDES,EllisWeismer,raw_download,2026-05-31,/private/tmp/talkbank_intake_20260531/EllisWeismer/LT/30ec/12036.cha,data/raw/talkbank/CHILDES/EllisWeismer/download_2026-05-31/LT/30ec/12036.cha,transcript,.cha,42141,36789b9fb76724137653292a65fc1753235b610e484fde50803d10c59ff20236,True,pass,pass,,eng,"INV Investigator, CHI Target_Child",2,True,True,True,True,True,True,178,457
CHILDES,EllisWeismer,raw_download,2026-05-31,/private/tmp/talkbank_intake_20260531/EllisWeismer/LT/30ec/12038.cha,data/raw/talkbank/CHILDES/EllisWeismer/download_2026-05-31/LT/30ec/12038.cha,transcript,.cha,27503,d5b5494f74c0e6fdd5ba30ea8dc5b4f2df6febacb669d49b3de22bd62f1d90f8,True,pass,pass,,eng,"INV Investigator, CHI Target_Child",2,True,True,True,True,True,True,78,177
CHILDES,EllisWeismer,raw_download,2026-05-31,/private/tmp/talkbank_intake_20260531/EllisWeismer/LT/30ec/12042.cha,data/raw/talkbank/CHILDES/EllisWeismer/download_2026-05-31/LT/30ec/12042.cha,transcript,.cha,30448,48c9bbdf00b472c872905ed94798f3ee59643d3358befcfe9ed2bf7409999de3,True,pass,pass,,eng,"INV Investigator, CHI Target_Child",2,True,True,True,True,True,True,24,36
CHILDES,EllisWeismer,raw_download,2026-05-31,/private/tmp/talkbank_intake_20260531/EllisWeismer/LT/30ec/12058.cha,data/raw/talkbank/CHILDES/EllisWeismer/download_2026-05-31/LT/30ec/12058.cha,transcript,.cha,16492,6ab2f2272504139663f6386dbdaa02caaf9d6b95fb1b7f0352f95212f1340799,True,pass,pass,,eng,"INV Investigator, CHI Target_Child",2,True,True,True,True,True,True,2,2
CHILDES,EllisWeismer,raw_download,2026-05-31,/private/tmp/talkbank_intake_20260531/EllisWeismer/LT/30ec/12059.cha,data/raw/talkbank/CHILDES/EllisWeismer/download_2026-05-31/LT/30ec/12059.cha,transcript,.cha,20675,3c5e1e3be5e15c5b6071dc09f9bb51ce5cf81b48ed85595a9432b83f64009d59,True,pass,pass,,eng,"INV Investigator, CHI Target_Child",2,True,True,True,True,True,True,17,25
CHILDES,EllisWeismer,raw_download,2026-05-31,/private/tmp/talkbank_intake_20260531/EllisWeismer/LT/30ec/12067.cha,data/raw/talkbank/CHILDES/EllisWeismer/download_2026-05-31/LT/30ec/12067.cha,transcript,.cha,48487,99e113cc1de8d9b05a9d26f02b17dd480699439509bdf8987fbd43fe5273fba8,True,pass,pass,,eng,"INV Investigator, CHI Target_Child",2,True,True,True,True,True,True,113,219
CHILDES,EllisWeismer,raw_download,2026-05-31,/private/tmp/talkbank_intake_20260531/EllisWeismer/LT/30ec/12072.cha,data/raw/talkbank/CHILDES/EllisWeismer/download_2026-05-31/LT/30ec/12072.cha,transcript,.cha,64167,4a300ff6d3d18e9e6fc88868d4918123684cffe1f9573c5bb7eec5b70967ce01,True,pass,pass,,eng,"CHI Target_Child, INV Investigator",2,True,True,True,True,True,True,150,324
CHILDES,EllisWeismer,raw_download,2026-05-31,/private/tmp/talkbank_intake_20260531/EllisWeismer/LT/30ec/12074.cha,data/raw/talkbank/CHILDES/EllisWeismer/download_2026-05-31/LT/30ec/12074.cha,transcript,.cha,25604,8e6336151cf0a01240265d35839cb421ad80774a2172cf351c58cc41baaad943,True,pass,pass,,eng,"INV Investigator, CHI Target_Child",2,True,True,True,True,True,True,87,107
CHILDES,EllisWeismer,raw_download,2026-05-31,/private/tmp/talkbank_intake_20260531/EllisWeismer/LT/30ec/12076.cha,data/raw/talkbank/CHILDES/EllisWeismer/download_2026-05-31/LT/30ec/12076.cha,transcript,.cha,50630,09ce8c2ddae4197463152886bf544e6e848e4e63e36ce23d046de7f798725140,True,pass,pass,,eng,"INV Investigator, CHI Target_Child",2,True,True,True,True,True,True,97,88
CHILDES,EllisWeismer,raw_download,2026-05-31,/private/tmp/talkbank_intake_20260531/EllisWeismer/LT/30ec/12079.cha,data/raw/talkbank/CHILDES/EllisWeismer/download_2026-05-31/LT/30ec/12079.cha,transcript,.cha,38833,203249297230483eeedd47dce4fc19c7cfbb15d4443ddb70fc893c02cf382682,True,pass,pass,,eng,"CHI Target_Child, INV Investigator",2,True,True,True,True,True,True,190,210
CHILDES,EllisWeismer,raw_download,2026-05-31,/private/tmp/talkbank_intake_20260531/EllisWeismer/LT/30ec/12080.cha,data/raw/talkbank/CHILDES/EllisWeismer/download_2026-05-31/LT/30ec/12080.cha,transcript,.cha,48793,6277571404346a4df0f49f50937d52ed5ce056bdf909b83e49a6a5098bd1b656,True,pass,pass,,eng,"INV Investigator, CHI Target_Child",2,True,True,True,True,True,True,235,487
CHILDES,EllisWeismer,raw_download,2026-05-31,/private/tmp/talkbank_intake_20260531/EllisWeismer/LT/30ec/12081.cha,data/raw/talkbank/CHILDES/EllisWeismer/download_2026-05-31/LT/30ec/12081.cha,transcript,.cha,31100,f4b8c8d357cf3ef5e3e6ea18b0c9f113cc056db6ae08f64cc597741ceaa5be99,True,pass,pass,,eng,"CHI Target_Child, INV Investigator",2,True,True,True,True,True,True,98,135
CHILDES,EllisWeismer,raw_download,2026-05-31,/private/tmp/talkbank_intake_20260531/EllisWeismer/LT/30ec/12082.cha,data/raw/talkbank/CHILDES/EllisWeismer/download_2026-05-31/LT/30ec/12082.cha,transcript,.cha,60421,f5cbba1568eed4a78b7dc1ce35327ac68a535b1c381b1bb46b4133a152ce1186,True,pass,pass,,eng,"INV Investigator, CHI Target_Child",2,True,True,True,True,True,True,165,176
CHILDES,EllisWeismer,raw_download,2026-05-31,/private/tmp/talkbank_intake_20260531/EllisWeismer/LT/30ec/12083.cha,data/raw/talkbank/CHILDES/EllisWeismer/download_2026-05-31/LT/30ec/12083.cha,transcript,.cha,55239,4e5e582e06722fa50364af1eeb35f18be7b899d00ffec766b25a1ec3a9b98b65,True,pass,pass,,eng,"CHI Target_Child, INV Investigator",2,True,True,True,True,True,True,153,240
CHILDES,EllisWeismer,raw_download,2026-05-31,/private/tmp/talkbank_intake_20260531/EllisWeismer/LT/30ec/12084.cha,data/raw/talkbank/CHILDES/EllisWeismer/download_2026-05-31/LT/30ec/12084.cha,transcript,.cha,63972,993bff8d618945e96eb075d7f13db771ccb62e9b94fae40ec54e0b099a05d369,True,pass,pass,,eng,"INV Investigator, CHI Target_Child",2,True,True,True,True,True,True,209,295
CHILDES,EllisWeismer,raw_download,2026-05-31,/private/tmp/talkbank_intake_20260531/EllisWeismer/LT/30ec/21094.cha,data/raw/talkbank/CHILDES/EllisWeismer/download_2026-05-31/LT/30ec/21094.cha,transcript,.cha,57674,cdecdeda13d0224e11af64782b1b60a5309da57e6edc52acdfa5eabba21c01f0,True,pass,pass,,eng,"INV Investigator, CHI Target_Child",2,True,True,True,True,True,True,224,462
CHILDES,EllisWeismer,raw_download,2026-05-31,/private/tmp/talkbank_intake_20260531/EllisWeismer/LT/30ec/21110.cha,data/raw/talkbank/CHILDES/EllisWeismer/download_2026-05-31/LT/30ec/21110.cha,transcript,.cha,40751,43016ba4ddd5e7fb30b5fe68ed52cd9aa886ba29a5855a3e2f079bb4344a1ae5,True,pass,pass,,eng,"INV Investigator, CHI Target_Child",2,True,True,True,True,True,True,118,97
CHILDES,EllisWeismer,raw_download,2026-05-31,/private/tmp/talkbank_intake_20260531/EllisWeismer/LT/30ec/21129.cha,data/raw/talkbank/CHILDES/EllisWeismer/download_2026-05-31/LT/30ec/21129.cha,transcript,.cha,53020,5db0274764b0a15ea539f338d8d0e7bf92e2c77198ee454cadef97d6c03faaf9,True,pass,pass,,eng,"INV Investigator, CHI Target_Child",2,True,True,True,True,True,True,160,277
CHILDES,EllisWeismer,raw_download,2026-05-31,/private/tmp/talkbank_intake_20260531/EllisWeismer/LT/30ec/21146.cha,data/raw/talkbank/CHILDES/EllisWeismer/download_2026-05-31/LT/30ec/21146.cha,transcript,.cha,36723,b2876b6e79fc3f7e4f9e8ff9e50e536c78d873222ba46e4dc3a4d8633c35aab6,True,pass,pass,,eng,"CHI Target_Child, INV Investigator",2,True,True,True,True,True,True,113,324
CHILDES,EllisWeismer,raw_download,2026-05-31,/private/tmp/talkbank_intake_20260531/EllisWeismer/LT/30ec/21165.cha,data/raw/talkbank/CHILDES/EllisWeismer/download_2026-05-31/LT/30ec/21165.cha,transcript,.cha,28348,88609b31dfd56347de2d9ead70b068352ba9f233577fe81233b2c02958201c45,True,pass,pass,,eng,"CHI Target_Child, INV Investigator",2,True,True,True,True,True,True,78,122
CHILDES,EllisWeismer,raw_download,2026-05-31,/private/tmp/talkbank_intake_20260531/EllisWeismer/LT/30ec/22090.cha,data/raw/talkbank/CHILDES/EllisWeismer/download_2026-05-31/LT/30ec/22090.cha,transcript,.cha,42657,e8ee8b79a3a4a812e1b801cb0d04cf08d2a33a05b3d2556186b3f1a65092feb8,True,pass,pass,,eng,"INV Investigator, CHI Target_Child",2,True,True,True,True,True,True,144,296
CHILDES,EllisWeismer,raw_download,2026-05-31,/private/tmp/talkbank_intake_20260531/EllisWeismer/LT/30ec/22098.cha,data/raw/talkbank/CHILDES/EllisWeismer/download_2026-05-31/LT/30ec/22098.cha,transcript,.cha,35467,f3a0d226f0c0354c330847765a5aad9cb96f1b6075ac0afdd4a2549b476467a8,True,pass,pass,,eng,"CHI Target_Child, INV Investigator",2,True,True,True,True,True,True,105,351
CHILDES,EllisWeismer,raw_download,2026-05-31,/private/tmp/talkbank_intake_20260531/EllisWeismer/LT/30ec/22111.cha,data/raw/talkbank/CHILDES/EllisWeismer/download_2026-05-31/LT/30ec/22111.cha,transcript,.cha,46282,7a1ccba43504b74e541b2476ded44fb00057f6e353f9417a1af1d12a27a63c34,True,pass,pass,,eng,"INV Investigator, CHI Target_Child",2,True,True,True,True,True,True,80,139
CHILDES,EllisWeismer,raw_download,2026-05-31,/private/tmp/talkbank_intake_20260531/EllisWeismer/LT/30ec/22112.cha,data/raw/talkbank/CHILDES/EllisWeismer/download_2026-05-31/LT/30ec/22112.cha,transcript,.cha,28631,fa9e4df8fce9d28d913796ffd04c6eab2ceeea447884c0847cbad1ac41fcd39b,True,pass,pass,,eng,"INV Investigator, CHI Target_Child",2,True,True,True,True,True,True,75,183
CHILDES,EllisWeismer,raw_download,2026-05-31,/private/tmp/talkbank_intake_20260531/EllisWeismer/LT/30ec/22125.cha,data/raw/talkbank/CHILDES/EllisWeismer/download_2026-05-31/LT/30ec/22125.cha,transcript,.cha,51513,e3219a13de6c4dfd729b446d050be80e163698c4010b64451403e23eae485dc1,True,pass,pass,,eng,"INV Investigator, CHI Target_Child",2,True,True,True,True,True,True,177,303
CHILDES,EllisWeismer,raw_download,2026-05-31,/private/tmp/talkbank_intake_20260531/EllisWeismer/LT/30ec/22131.cha,data/raw/talkbank/CHILDES/EllisWeismer/download_2026-05-31/LT/30ec/22131.cha,transcript,.cha,23612,27cfa8d11851da88638fcf7c9603e71c0b87f5ff9c1258f974e899f89b6b2b6f,True,pass,pass,,eng,"CHI Target_Child, INV Investigator",2,True,True,True,True,True,True,80,122
CHILDES,EllisWeismer,raw_download,2026-05-31,/private/tmp/talkbank_intake_20260531/EllisWeismer/LT/30ec/22138.cha,data/raw/talkbank/CHILDES/EllisWeismer/download_2026-05-31/LT/30ec/22138.cha,transcript,.cha,64517,ba45957c2e1cedc5d8c4dc7d7097c3e5c5658a00993bef5a1092ccaef58efb15,True,pass,pass,,eng,"INV Investigator, CHI Target_Child",2,True,True,True,True,True,True,88,182
CHILDES,EllisWeismer,raw_download,2026-05-31,/private/tmp/talkbank_intake_20260531/EllisWeismer/LT/30ec/22142.cha,data/raw/talkbank/CHILDES/EllisWeismer/download_2026-05-31/LT/30ec/22142.cha,transcript,.cha,32126,f4bbc190dbba3561c1faab5df1dd7acf405fcd63195ce196b2fad959d8cf70f6,True,pass,pass,,eng,"CHI Target_Child, INV Investigator",2,True,True,True,True,True,True,63,77
CHILDES,EllisWeismer,raw_download,2026-05-31,/private/tmp/talkbank_intake_20260531/EllisWeismer/LT/30ec/22150.cha,data/raw/talkbank/CHILDES/EllisWeismer/download_2026-05-31/LT/30ec/22150.cha,transcript,.cha,23833,50d7bf885742b01a497617d7d5f91128f6f9c9e718fec227596be61751784aea,True,pass,pass,,eng,"INV Investigator, CHI Target_Child",2,True,True,True,True,True,True,131,147
CHILDES,EllisWeismer,raw_download,2026-05-31,/private/tmp/talkbank_intake_20260531/EllisWeismer/LT/30ec/22156.cha,data/raw/talkbank/CHILDES/EllisWeismer/download_2026-05-31/LT/30ec/22156.cha,transcript,.cha,28342,e6f754409efc026ce0683c0d8898f6b56e491383f4cb6657e8ae0628a24a4595,True,pass,pass,,eng,"INV Investigator, CHI Target_Child",2,True,True,True,True,True,True,114,81
CHILDES,EllisWeismer,raw_download,2026-05-31,/private/tmp/talkbank_intake_20260531/EllisWeismer/LT/30ec/22161.cha,data/raw/talkbank/CHILDES/EllisWeismer/download_2026-05-31/LT/30ec/22161.cha,transcript,.cha,57639,c01f5e09ea23d6fde83f747057c787ee3b407834d680ad69ba9d328fa2be8b03,True,pass,pass,,eng,"INV Investigator, CHI Target_Child",2,True,True,True,True,True,True,141,300
CHILDES,EllisWeismer,raw_download,2026-05-31,/private/tmp/talkbank_intake_20260531/EllisWeismer/LT/30ec/22162.cha,data/raw/talkbank/CHILDES/EllisWeismer/download_2026-05-31/LT/30ec/22162.cha,transcript,.cha,35894,e32d79c1d81b6e78cf50aec4f6efe2cf8ecf352c48e3a842b56d1cd2a4c2cbec,True,pass,pass,,eng,"INV Investigator, CHI Target_Child",2,True,True,True,True,True,True,94,175
CHILDES,EllisWeismer,raw_download,2026-05-31,/private/tmp/talkbank_intake_20260531/EllisWeismer/LT/30ec/22163.cha,data/raw/talkbank/CHILDES/EllisWeismer/download_2026-05-31/LT/30ec/22163.cha,transcript,.cha,63191,0920ba76277a986546eb81c830157c47b888fdc3c916e91b992558f3394bec3b,True,pass,pass,,eng,"INV Investigator, CHI Target_Child",2,True,True,True,True,True,True,117,196
CHILDES,EllisWeismer,raw_download,2026-05-31,/private/tmp/talkbank_intake_20260531/EllisWeismer/LT/30ec/22164.cha,data/raw/talkbank/CHILDES/EllisWeismer/download_2026-05-31/LT/30ec/22164.cha,transcript,.cha,36282,12e4cf0449067490f911c056c6fb194e97726565afafa31e812e3fd394004025,True,pass,pass,,eng,"INV Investigator, CHI Target_Child",2,True,True,True,True,True,True,57,94
CHILDES,EllisWeismer,raw_download,2026-05-31,/private/tmp/talkbank_intake_20260531/EllisWeismer/LT/30ec/22166.cha,data/raw/talkbank/CHILDES/EllisWeismer/download_2026-05-31/LT/30ec/22166.cha,transcript,.cha,50249,44e5ed9e88ef7ff0c603f3e4120e14d9b269ff5d3361708933630d65f5d17ddb,True,pass,pass,,eng,"CHI Target_Child, INV Investigator",2,True,True,True,True,True,True,253,409
CHILDES,EllisWeismer,raw_download,2026-05-31,/private/tmp/talkbank_intake_20260531/EllisWeismer/LT/30ec/22169.cha,data/raw/talkbank/CHILDES/EllisWeismer/download_2026-05-31/LT/30ec/22169.cha,transcript,.cha,32927,435c26855ba7d2dfe9ade23918c32645f8d3a54ee7938ae8cee5ee05e4793605,True,pass,pass,,eng,"INV Investigator, CHI Target_Child",2,True,True,True,True,True,True,25,24
CHILDES,EllisWeismer,raw_download,2026-05-31,/private/tmp/talkbank_intake_20260531/EllisWeismer/LT/30ec/22170.cha,data/raw/talkbank/CHILDES/EllisWeismer/download_2026-05-31/LT/30ec/22170.cha,transcript,.cha,43713,cd355ab53d903b13965ae8108765033d8150c5636f0b77036652b008a1a6749c,True,pass,pass,,eng,"INV Investigator, CHI Target_Child",2,True,True,True,True,True,True,165,314
CHILDES,EllisWeismer,raw_download,2026-05-31,/private/tmp/talkbank_intake_20260531/EllisWeismer/LT/30pc/11005.cha,data/raw/talkbank/CHILDES/EllisWeismer/download_2026-05-31/LT/30pc/11005.cha,transcript,.cha,25164,bc5fbf4b6b52e61db8a28108c213a4d4071317852cc71719b22616bb59c1950b,True,pass,pass,,eng,"CHI Target_Child, MOT Mother",2,True,True,True,True,True,True,120,235
CHILDES,EllisWeismer,raw_download,2026-05-31,/private/tmp/talkbank_intake_20260531/EllisWeismer/LT/30pc/11016.cha,data/raw/talkbank/CHILDES/EllisWeismer/download_2026-05-31/LT/30pc/11016.cha,transcript,.cha,50087,cf59a8f3a81dda7d98d50752911e4baffcd125e2e22b24bf090a9a651f45bc19,True,pass,pass,,eng,"MOT Mother, CHI Target_Child",2,True,True,True,True,True,True,119,206
CHILDES,EllisWeismer,raw_download,2026-05-31,/private/tmp/talkbank_intake_20260531/EllisWeismer/LT/30pc/11031.cha,data/raw/talkbank/CHILDES/EllisWeismer/download_2026-05-31/LT/30pc/11031.cha,transcript,.cha,35378,91cd38b40d1f31572a2fa562b1fb20d6a8ad203c93b5e77630e73fa2a4f26fce,True,pass,pass,,eng,"MOT Mother, CHI Target_Child",2,True,True,True,True,True,True,119,369
CHILDES,EllisWeismer,raw_download,2026-05-31,/private/tmp/talkbank_intake_20260531/EllisWeismer/LT/30pc/11043.cha,data/raw/talkbank/CHILDES/EllisWeismer/download_2026-05-31/LT/30pc/11043.cha,transcript,.cha,32624,154a183bd7365931f416c10a006bc1c1b0d4c529b8735dfad7b943ef4e805b6e,True,pass,pass,,eng,"MOT Mother, CHI Target_Child",2,True,True,True,True,True,True,89,199
CHILDES,EllisWeismer,raw_download,2026-05-31,/private/tmp/talkbank_intake_20260531/EllisWeismer/LT/30pc/11065.cha,data/raw/talkbank/CHILDES/EllisWeismer/download_2026-05-31/LT/30pc/11065.cha,transcript,.cha,43890,7b8182fe09f1bc7d262839c3648ccb0d48b0b5fcc8c53fad6e471394bc4a4b21,True,pass,pass,,eng,"CHI Target_Child, MOT Mother",2,True,True,True,True,True,True,202,356
CHILDES,EllisWeismer,raw_download,2026-05-31,/private/tmp/talkbank_intake_20260531/EllisWeismer/LT/30pc/11066.cha,data/raw/talkbank/CHILDES/EllisWeismer/download_2026-05-31/LT/30pc/11066.cha,transcript,.cha,37119,37f23e593077ed2c35c7005e743ca0a8de2cde63fc65f2539a64ffe5cbac30f9,True,pass,pass,,eng,"MOT Mother, CHI Target_Child",2,True,True,True,True,True,True,61,95
CHILDES,EllisWeismer,raw_download,2026-05-31,/private/tmp/talkbank_intake_20260531/EllisWeismer/LT/30pc/11068.cha,data/raw/talkbank/CHILDES/EllisWeismer/download_2026-05-31/LT/30pc/11068.cha,transcript,.cha,51553,8d5a39c2bffade60e397169ae42a4eac8eeb1337bff6d94de375d1b37d0fcdb8,True,pass,pass,,eng,"CHI Target_Child, MOT Mother",2,True,True,True,True,True,True,129,202
CHILDES,EllisWeismer,raw_download,2026-05-31,/private/tmp/talkbank_intake_20260531/EllisWeismer/LT/30pc/11070.cha,data/raw/talkbank/CHILDES/EllisWeismer/download_2026-05-31/LT/30pc/11070.cha,transcript,.cha,42079,7030d20771f104327193224c0bb4fc963c5d269248f8f14fe8ad873aeb7bf073,True,pass,pass,,eng,"MOT Mother, CHI Target_Child",2,True,True,True,True,True,True,64,65
CHILDES,EllisWeismer,raw_download,2026-05-31,/private/tmp/talkbank_intake_20260531/EllisWeismer/LT/30pc/11078.cha,data/raw/talkbank/CHILDES/EllisWeismer/download_2026-05-31/LT/30pc/11078.cha,transcript,.cha,59788,3559b15253047bada4c9725b4e4fd167eb0253dfc6b1e228b56130cc06b02c6a,True,pass,pass,,eng,"CHI Target_Child, MOT Mother",2,True,True,True,True,True,True,101,215
CHILDES,EllisWeismer,raw_download,2026-05-31,/private/tmp/talkbank_intake_20260531/EllisWeismer/LT/30pc/12009.cha,data/raw/talkbank/CHILDES/EllisWeismer/download_2026-05-31/LT/30pc/12009.cha,transcript,.cha,41657,4dfecb6421cbc143353ac6fa5df1f3a07b727facf476faf336f2d0ca7ecee6b6,True,pass,pass,,eng,"CHI Target_Child, MOT Mother",2,True,True,True,True,True,True,127,225
CHILDES,EllisWeismer,raw_download,2026-05-31,/private/tmp/talkbank_intake_20260531/EllisWeismer/LT/30pc/12022.cha,data/raw/talkbank/CHILDES/EllisWeismer/download_2026-05-31/LT/30pc/12022.cha,transcript,.cha,46307,5e2edb73c32bac1562e6a6d829585a40bfd42f802e628217b0f14abe863e893f,True,pass,pass,,eng,"MOT Mother, CHI Target_Child",2,True,True,True,True,True,True,57,49
CHILDES,EllisWeismer,raw_download,2026-05-31,/private/tmp/talkbank_intake_20260531/EllisWeismer/LT/30pc/12036.cha,data/raw/talkbank/CHILDES/EllisWeismer/download_2026-05-31/LT/30pc/12036.cha,transcript,.cha,51706,21e53723a0fd87cc0ccaf8872531d2cf67ce68993d0e6c629c4a105de71887f0,True,pass,pass,,eng,"MOT Mother, CHI Target_Child",2,True,True,True,True,True,True,124,254
CHILDES,EllisWeismer,raw_download,2026-05-31,/private/tmp/talkbank_intake_20260531/EllisWeismer/LT/30pc/12038.cha,data/raw/talkbank/CHILDES/EllisWeismer/download_2026-05-31/LT/30pc/12038.cha,transcript,.cha,36881,225efc3cbc19004aca4a9068ec4e4359c351cb2595ee49a49a45553d7215e70f,True,pass,pass,,eng,"MOT Mother, CHI Target_Child",2,True,True,True,True,True,True,109,225
CHILDES,EllisWeismer,raw_download,2026-05-31,/private/tmp/talkbank_intake_20260531/EllisWeismer/LT/30pc/12042.cha,data/raw/talkbank/CHILDES/EllisWeismer/download_2026-05-31/LT/30pc/12042.cha,transcript,.cha,60410,b58352a161823ece05f5e59a9e1b425ce7a3a3a16c2f8b68f86ad07005d36453,True,pass,pass,,eng,"MOT Mother, CHI Target_Child",2,True,True,True,True,True,True,167,393
CHILDES,EllisWeismer,raw_download,2026-05-31,/private/tmp/talkbank_intake_20260531/EllisWeismer/LT/30pc/12058.cha,data/raw/talkbank/CHILDES/EllisWeismer/download_2026-05-31/LT/30pc/12058.cha,transcript,.cha,41401,79e14c11f2315d5ee8d93de5e908a6df68911592536b60cd84966e0e7951408f,True,pass,pass,,eng,"CHI Target_Child, MOT Mother",2,True,True,True,True,True,True,148,252
CHILDES,EllisWeismer,raw_download,2026-05-31,/private/tmp/talkbank_intake_20260531/EllisWeismer/LT/30pc/12059.cha,data/raw/talkbank/CHILDES/EllisWeismer/download_2026-05-31/LT/30pc/12059.cha,transcript,.cha,31650,126364d49623c4d3d5440669d4246c1d7b1a359b269405eaa0ea8b740db7687d,True,pass,pass,,eng,"MOT Mother, CHI Target_Child",2,True,True,True,True,True,True,66,130
CHILDES,EllisWeismer,raw_download,2026-05-31,/private/tmp/talkbank_intake_20260531/EllisWeismer/LT/30pc/12067.cha,data/raw/talkbank/CHILDES/EllisWeismer/download_2026-05-31/LT/30pc/12067.cha,transcript,.cha,51801,d9e84316dbb9b091de54b0622688d85ba25e861d29dd92dc642b2f199ee11da8,True,pass,pass,,eng,"CHI Target_Child, MOT Mother",2,True,True,True,True,True,True,122,131
CHILDES,EllisWeismer,raw_download,2026-05-31,/private/tmp/talkbank_intake_20260531/EllisWeismer/LT/30pc/12072.cha,data/raw/talkbank/CHILDES/EllisWeismer/download_2026-05-31/LT/30pc/12072.cha,transcript,.cha,53120,cf088b3ccc3590c0c690283b9a076b88fd32956137556c2480ecaec859a97018,True,pass,pass,,eng,"MOT Mother, CHI Target_Child",2,True,True,True,True,True,True,131,310
CHILDES,EllisWeismer,raw_download,2026-05-31,/private/tmp/talkbank_intake_20260531/EllisWeismer/LT/30pc/12074.cha,data/raw/talkbank/CHILDES/EllisWeismer/download_2026-05-31/LT/30pc/12074.cha,transcript,.cha,30145,32d54bce4cbc5618f9154342ec68adc6c9195b4fcffc0bd8ca36cc30832a502a,True,pass,pass,,eng,"MOT Mother, CHI Target_Child",2,True,True,True,True,True,True,51,43
CHILDES,EllisWeismer,raw_download,2026-05-31,/private/tmp/talkbank_intake_20260531/EllisWeismer/LT/30pc/12076.cha,data/raw/talkbank/CHILDES/EllisWeismer/download_2026-05-31/LT/30pc/12076.cha,transcript,.cha,15799,d8615bb3c3b34e6a4db5a4a272b075c54e4a5b7747a2eda38606c6a7e7d0ad22,True,pass,pass,,eng,"MOT Mother, CHI Target_Child, FAT Father",3,True,True,True,True,True,True,73,67
CHILDES,EllisWeismer,raw_download,2026-05-31,/private/tmp/talkbank_intake_20260531/EllisWeismer/LT/30pc/12079.cha,data/raw/talkbank/CHILDES/EllisWeismer/download_2026-05-31/LT/30pc/12079.cha,transcript,.cha,56495,aa897f0248be61b8048f025367b4efadde03f0b70f3c3604ba1a63640306962e,True,pass,pass,,eng,"MOT Mother, CHI Target_Child",2,True,True,True,True,True,True,140,131
CHILDES,EllisWeismer,raw_download,2026-05-31,/private/tmp/talkbank_intake_20260531/EllisWeismer/LT/30pc/12080.cha,data/raw/talkbank/CHILDES/EllisWeismer/download_2026-05-31/LT/30pc/12080.cha,transcript,.cha,48639,6c9cfd279b5648919479c8121fdc75b34b6b40cf282398affb56989286fe59d5,True,pass,pass,,eng,"MOT Mother, CHI Target_Child",2,True,True,True,True,True,True,150,246
CHILDES,EllisWeismer,raw_download,2026-05-31,/private/tmp/talkbank_intake_20260531/EllisWeismer/LT/30pc/12081.cha,data/raw/talkbank/CHILDES/EllisWeismer/download_2026-05-31/LT/30pc/12081.cha,transcript,.cha,51122,19c72b3d5f9cef826a484d4c762636aad86ac4caf946c23673c646aec4160a6a,True,pass,pass,,eng,"MOT Mother, CHI Target_Child",2,True,True,True,True,True,True,114,121
CHILDES,EllisWeismer,raw_download,2026-05-31,/private/tmp/talkbank_intake_20260531/EllisWeismer/LT/30pc/12082.cha,data/raw/talkbank/CHILDES/EllisWeismer/download_2026-05-31/LT/30pc/12082.cha,transcript,.cha,56146,ac4b4ce9bd4ff4c283383adf9e65d435084d778473ddbd40b02c905dd6df6ce2,True,pass,pass,,eng,"MOT Mother, CHI Target_Child",2,True,True,True,True,True,True,141,149
CHILDES,EllisWeismer,raw_download,2026-05-31,/private/tmp/talkbank_intake_20260531/EllisWeismer/LT/30pc/12083.cha,data/raw/talkbank/CHILDES/EllisWeismer/download_2026-05-31/LT/30pc/12083.cha,transcript,.cha,31330,470e3599faf4a007e17064dd039eb74cec4d5de13d0d78dc4036c68baec30969,True,pass,pass,,eng,"MOT Mother, CHI Target_Child",2,True,True,True,True,True,True,70,59
CHILDES,EllisWeismer,raw_download,2026-05-31,/private/tmp/talkbank_intake_20260531/EllisWeismer/LT/30pc/12084.cha,data/raw/talkbank/CHILDES/EllisWeismer/download_2026-05-31/LT/30pc/12084.cha,transcript,.cha,43015,b3b0df2fdebf049062fa6ce09c5a6b05329334ce47bbbbeab0a00911979c558d,True,pass,pass,,eng,"CHI Target_Child, MOT Mother",2,True,True,True,True,True,True,153,225
CHILDES,EllisWeismer,raw_download,2026-05-31,/private/tmp/talkbank_intake_20260531/EllisWeismer/LT/30pc/21088.cha,data/raw/talkbank/CHILDES/EllisWeismer/download_2026-05-31/LT/30pc/21088.cha,transcript,.cha,47282,ce474f891db1934bb25e5e5b879ef266daccdc1102fb3091eafa4c51e026a7c3,True,pass,pass,,eng,"CHI Target_Child, MOT Mother",2,True,True,True,True,True,True,68,124
CHILDES,EllisWeismer,raw_download,2026-05-31,/private/tmp/talkbank_intake_20260531/EllisWeismer/LT/30pc/21094.cha,data/raw/talkbank/CHILDES/EllisWeismer/download_2026-05-31/LT/30pc/21094.cha,transcript,.cha,53847,5e6705c07f98ab958645fb6c379efcd5800d39b994de2ae152cb02e12ecc0d76,True,pass,pass,,eng,"MOT Mother, CHI Target_Child",2,True,True,True,True,True,True,84,125
CHILDES,EllisWeismer,raw_download,2026-05-31,/private/tmp/talkbank_intake_20260531/EllisWeismer/LT/30pc/21110.cha,data/raw/talkbank/CHILDES/EllisWeismer/download_2026-05-31/LT/30pc/21110.cha,transcript,.cha,48560,16886bd8d9fa8df8d6a30159dc60ecf21c6a5259ad4a6e3d3cfc659ae9dd4928,True,pass,pass,,eng,"MOT Mother, CHI Target_Child",2,True,True,True,True,True,True,168,193
CHILDES,EllisWeismer,raw_download,2026-05-31,/private/tmp/talkbank_intake_20260531/EllisWeismer/LT/30pc/21117.cha,data/raw/talkbank/CHILDES/EllisWeismer/download_2026-05-31/LT/30pc/21117.cha,transcript,.cha,52682,7e48cb561654b56df6b7b2548c6c272419aabd23b820a3093c640a7e4f7928e5,True,pass,pass,,eng,"MOT Mother, CHI Target_Child",2,True,True,True,True,True,True,128,282
CHILDES,EllisWeismer,raw_download,2026-05-31,/private/tmp/talkbank_intake_20260531/EllisWeismer/LT/30pc/21129.cha,data/raw/talkbank/CHILDES/EllisWeismer/download_2026-05-31/LT/30pc/21129.cha,transcript,.cha,47599,6593ede6edcd574b09f29e71e4e1cb011eec7bb4179ae1e36efa70105de76445,True,pass,pass,,eng,"MOT Mother, CHI Target_Child",2,True,True,True,True,True,True,174,327
CHILDES,EllisWeismer,raw_download,2026-05-31,/private/tmp/talkbank_intake_20260531/EllisWeismer/LT/30pc/21146.cha,data/raw/talkbank/CHILDES/EllisWeismer/download_2026-05-31/LT/30pc/21146.cha,transcript,.cha,59137,23c26ef7114aa5ab42b1af8416f7723629e71b8b22a83e49f488bbcabbce2aa0,True,pass,pass,,eng,"MOT Mother, CHI Target_Child",2,True,True,True,True,True,True,177,296
CHILDES,EllisWeismer,raw_download,2026-05-31,/private/tmp/talkbank_intake_20260531/EllisWeismer/LT/30pc/21165.cha,data/raw/talkbank/CHILDES/EllisWeismer/download_2026-05-31/LT/30pc/21165.cha,transcript,.cha,29188,93736a05aafbf1e3d5bf481142ea83042c4c34b58eab9507296ee309944a5423,True,pass,pass,,eng,"MOT Mother, CHI Target_Child",2,True,True,True,True,True,True,95,120
CHILDES,EllisWeismer,raw_download,2026-05-31,/private/tmp/talkbank_intake_20260531/EllisWeismer/LT/30pc/22090.cha,data/raw/talkbank/CHILDES/EllisWeismer/download_2026-05-31/LT/30pc/22090.cha,transcript,.cha,24481,d48956477f44c5339dfe69bee6cec2353b419296c47c2b2c238358af85718b5c,True,pass,pass,,eng,"FAT Father, CHI Target_Child, MOT Mother",3,True,True,True,True,True,True,124,229
CHILDES,EllisWeismer,raw_download,2026-05-31,/private/tmp/talkbank_intake_20260531/EllisWeismer/LT/30pc/22098.cha,data/raw/talkbank/CHILDES/EllisWeismer/download_2026-05-31/LT/30pc/22098.cha,transcript,.cha,46011,7a3e867c8119a63fbebe4fe02a16770fa081c160b5b8ed677d0e02e7daa39562,True,pass,pass,,eng,"CHI Target_Child, MOT Mother",2,True,True,True,True,True,True,83,247
CHILDES,EllisWeismer,raw_download,2026-05-31,/private/tmp/talkbank_intake_20260531/EllisWeismer/LT/30pc/22111.cha,data/raw/talkbank/CHILDES/EllisWeismer/download_2026-05-31/LT/30pc/22111.cha,transcript,.cha,37197,3cc4459f21e93fb563f35442039b0b719998374b87fb69618cfcb565f2c7f2e5,True,pass,pass,,eng,"CHI Target_Child, MOT Mother",2,True,True,True,True,True,True,150,271
CHILDES,EllisWeismer,raw_download,2026-05-31,/private/tmp/talkbank_intake_20260531/EllisWeismer/LT/30pc/22112.cha,data/raw/talkbank/CHILDES/EllisWeismer/download_2026-05-31/LT/30pc/22112.cha,transcript,.cha,44210,89f06d718434b09058562ce0bed427da68e85646b459037c0671bab0f4a2efc6,True,pass,pass,,eng,"MOT Mother, CHI Target_Child",2,True,True,True,True,True,True,158,348
CHILDES,EllisWeismer,raw_download,2026-05-31,/private/tmp/talkbank_intake_20260531/EllisWeismer/LT/30pc/22125.cha,data/raw/talkbank/CHILDES/EllisWeismer/download_2026-05-31/LT/30pc/22125.cha,transcript,.cha,46080,ed1dca4b4e592fb2c3e90549300cd30f1d3b103e61383e41772e06c337403871,True,pass,pass,,eng,"MOT Mother, CHI Target_Child",2,True,True,True,True,True,True,165,299
CHILDES,EllisWeismer,raw_download,2026-05-31,/private/tmp/talkbank_intake_20260531/EllisWeismer/LT/30pc/22131.cha,data/raw/talkbank/CHILDES/EllisWeismer/download_2026-05-31/LT/30pc/22131.cha,transcript,.cha,44472,1dcc5a6d0758001887d8a35d7fc8402c3e6abb413f270ecd05a99344541a9553,True,pass,pass,,eng,"MOT Mother, CHI Target_Child",2,True,True,True,True,True,True,169,166
CHILDES,EllisWeismer,raw_download,2026-05-31,/private/tmp/talkbank_intake_20260531/EllisWeismer/LT/30pc/22138.cha,data/raw/talkbank/CHILDES/EllisWeismer/download_2026-05-31/LT/30pc/22138.cha,transcript,.cha,55751,6c75a9c2f1152a6a578dc7e6ece4f933f73a676fda0ccc7bbbd59b7e6218e8d9,True,pass,pass,,eng,"MOT Mother, CHI Target_Child",2,True,True,True,True,True,True,103,228
CHILDES,EllisWeismer,raw_download,2026-05-31,/private/tmp/talkbank_intake_20260531/EllisWeismer/LT/30pc/22142.cha,data/raw/talkbank/CHILDES/EllisWeismer/download_2026-05-31/LT/30pc/22142.cha,transcript,.cha,55431,5d4446fe77a889f9795d23fc7c7c381de0c0c10c809e7b5e23a607a14e97b07f,True,pass,pass,,eng,"MOT Mother, CHI Target_Child",2,True,True,True,True,True,True,52,71
CHILDES,EllisWeismer,raw_download,2026-05-31,/private/tmp/talkbank_intake_20260531/EllisWeismer/LT/30pc/22150.cha,data/raw/talkbank/CHILDES/EllisWeismer/download_2026-05-31/LT/30pc/22150.cha,transcript,.cha,37233,851d21eb515c67ef58543d3dbd9d690c13feced4c6b44d89a2fe1d5cf65e8438,True,pass,pass,,eng,"MOT Mother, CHI Target_Child",2,True,True,True,True,True,True,148,251
CHILDES,EllisWeismer,raw_download,2026-05-31,/private/tmp/talkbank_intake_20260531/EllisWeismer/LT/30pc/22156.cha,data/raw/talkbank/CHILDES/EllisWeismer/download_2026-05-31/LT/30pc/22156.cha,transcript,.cha,48369,370cb6050a133799316542ea8059784992a0818d20f9c8cfa81b8dd0f7aef4d9,True,pass,pass,,eng,"MOT Mother, CHI Target_Child",2,True,True,True,True,True,True,90,57
CHILDES,EllisWeismer,raw_download,2026-05-31,/private/tmp/talkbank_intake_20260531/EllisWeismer/LT/30pc/22161.cha,data/raw/talkbank/CHILDES/EllisWeismer/download_2026-05-31/LT/30pc/22161.cha,transcript,.cha,67608,6503a21f31a18c785ec84e5d7dcad8868f33001d3ebcbe59baface3faa62d84f,True,pass,pass,,eng,"MOT Mother, CHI Target_Child",2,True,True,True,True,True,True,135,198
CHILDES,EllisWeismer,raw_download,2026-05-31,/private/tmp/talkbank_intake_20260531/EllisWeismer/LT/30pc/22162.cha,data/raw/talkbank/CHILDES/EllisWeismer/download_2026-05-31/LT/30pc/22162.cha,transcript,.cha,56479,7b91fad246d170ada0b0e67901961d54595f3bec24ebca72e2dbcdd09f8a072f,True,pass,pass,,eng,"MOT Mother, CHI Target_Child",2,True,True,True,True,True,True,163,210
CHILDES,EllisWeismer,raw_download,2026-05-31,/private/tmp/talkbank_intake_20260531/EllisWeismer/LT/30pc/22163.cha,data/raw/talkbank/CHILDES/EllisWeismer/download_2026-05-31/LT/30pc/22163.cha,transcript,.cha,47920,aa44ad195cb945481dc6a508eb3a1ec63c49db5e813f4522866acaf1dc6556a9,True,pass,pass,,eng,"MOT Mother, CHI Target_Child",2,True,True,True,True,True,True,168,298
CHILDES,EllisWeismer,raw_download,2026-05-31,/private/tmp/talkbank_intake_20260531/EllisWeismer/LT/30pc/22164.cha,data/raw/talkbank/CHILDES/EllisWeismer/download_2026-05-31/LT/30pc/22164.cha,transcript,.cha,24436,e34d9cad0479d560a5782ebe181b0eb00e10c1556db5adbbf5eda495cb0106a3,True,pass,pass,,eng,"MOT Mother, CHI Target_Child",2,True,True,True,True,True,True,101,174
CHILDES,EllisWeismer,raw_download,2026-05-31,/private/tmp/talkbank_intake_20260531/EllisWeismer/LT/30pc/22166.cha,data/raw/talkbank/CHILDES/EllisWeismer/download_2026-05-31/LT/30pc/22166.cha,transcript,.cha,48010,21175895dbb6b23feabd6e20e37224fa4f4344e62bb66b7860d493abb7b5fbfd,True,pass,pass,,eng,"MOT Mother, CHI Target_Child",2,True,True,True,True,True,True,115,135
CHILDES,EllisWeismer,raw_download,2026-05-31,/private/tmp/talkbank_intake_20260531/EllisWeismer/LT/30pc/22169.cha,data/raw/talkbank/CHILDES/EllisWeismer/download_2026-05-31/LT/30pc/22169.cha,transcript,.cha,38059,4ec6c5d81ed3573929eb07c8c5d0764e901f8df26797eb05831906d5b977f0ec,True,pass,pass,,eng,"MOT Mother, CHI Target_Child",2,True,True,True,True,True,True,55,53
CHILDES,EllisWeismer,raw_download,2026-05-31,/private/tmp/talkbank_intake_20260531/EllisWeismer/LT/30pc/22170.cha,data/raw/talkbank/CHILDES/EllisWeismer/download_2026-05-31/LT/30pc/22170.cha,transcript,.cha,62287,3fdd8c0fcd90597525cb6ee89570ae5fbc57b471f1d18f89ca97f0b6aebd7bfa,True,pass,pass,,eng,"CHI Target_Child, FAT Father, MOT Mother",3,True,True,True,True,True,True,182,320
CHILDES,EllisWeismer,raw_download,2026-05-31,/private/tmp/talkbank_intake_20260531/EllisWeismer/LT/30pc/22175.cha,data/raw/talkbank/CHILDES/EllisWeismer/download_2026-05-31/LT/30pc/22175.cha,transcript,.cha,38524,0493c5e4f97d3b77d58b233ce9aaa138bc30f4dec6766ccf3942fd233351e348,True,pass,pass,,eng,"MOT Mother, CHI Target_Child",2,True,True,True,True,True,True,83,126
CHILDES,EllisWeismer,raw_download,2026-05-31,/private/tmp/talkbank_intake_20260531/EllisWeismer/LT/42ec/11005.cha,data/raw/talkbank/CHILDES/EllisWeismer/download_2026-05-31/LT/42ec/11005.cha,transcript,.cha,56143,4f261ab186a1b736eeca4ade5a8624bd384432507c4fdf7b8d3019631d0710d5,True,pass,pass,,eng,"INV Investigator, CHI Target_Child",2,True,True,True,True,True,True,54,224
CHILDES,EllisWeismer,raw_download,2026-05-31,/private/tmp/talkbank_intake_20260531/EllisWeismer/LT/42ec/11016.cha,data/raw/talkbank/CHILDES/EllisWeismer/download_2026-05-31/LT/42ec/11016.cha,transcript,.cha,56390,fa282530ba71ce61187d9b30e5aef3a6a3cba9f6b78ff758b3052b20b93b1cf9,True,pass,pass,,eng,"INV Investigator, CHI Target_Child",2,True,True,True,True,True,True,80,252
CHILDES,EllisWeismer,raw_download,2026-05-31,/private/tmp/talkbank_intake_20260531/EllisWeismer/LT/42ec/11066.cha,data/raw/talkbank/CHILDES/EllisWeismer/download_2026-05-31/LT/42ec/11066.cha,transcript,.cha,52507,673255c77ed093166817de9f445e225b6829ba18c1e2453909497a0fd6c31a7e,True,pass,pass,,eng,"INV Investigator, CHI Target_Child",2,True,True,True,True,True,True,128,342
CHILDES,EllisWeismer,raw_download,2026-05-31,/private/tmp/talkbank_intake_20260531/EllisWeismer/LT/42ec/11068.cha,data/raw/talkbank/CHILDES/EllisWeismer/download_2026-05-31/LT/42ec/11068.cha,transcript,.cha,53400,91f3650bbbc14e6dc566f6ed0c47a4c711ab8a5f23e56ca69143a1514116c3e4,True,pass,pass,,eng,"CHI Target_Child, INV Investigator",2,True,True,True,True,True,True,106,323
CHILDES,EllisWeismer,raw_download,2026-05-31,/private/tmp/talkbank_intake_20260531/EllisWeismer/LT/42ec/11070.cha,data/raw/talkbank/CHILDES/EllisWeismer/download_2026-05-31/LT/42ec/11070.cha,transcript,.cha,34210,77cae559cf12aed27b7892c04ecb5e4c74cdcd4b156a99f8d0de4e647c8a2041,True,pass,pass,,eng,"INV Investigator, CHI Target_Child",2,True,True,True,True,True,True,93,196
CHILDES,EllisWeismer,raw_download,2026-05-31,/private/tmp/talkbank_intake_20260531/EllisWeismer/LT/42ec/11073.cha,data/raw/talkbank/CHILDES/EllisWeismer/download_2026-05-31/LT/42ec/11073.cha,transcript,.cha,58705,ae4c2b9a253e5bf10cd21b54c2c0cb8a66089656efadc776b4c2f48dc9572fb6,True,pass,pass,,eng,"INV Investigator, CHI Target_Child",2,True,True,True,True,True,True,142,406
CHILDES,EllisWeismer,raw_download,2026-05-31,/private/tmp/talkbank_intake_20260531/EllisWeismer/LT/42ec/11078.cha,data/raw/talkbank/CHILDES/EllisWeismer/download_2026-05-31/LT/42ec/11078.cha,transcript,.cha,52487,ab68cc9bed47c00af59b9b1fe0d32a79bfba98b36f2f261fa269c34a07386899,True,pass,pass,,eng,"INV Investigator, CHI Target_Child",2,True,True,True,True,True,True,170,554
CHILDES,EllisWeismer,raw_download,2026-05-31,/private/tmp/talkbank_intake_20260531/EllisWeismer/LT/42ec/12009.cha,data/raw/talkbank/CHILDES/EllisWeismer/download_2026-05-31/LT/42ec/12009.cha,transcript,.cha,43782,4cbe021180b61a9301c982178b1da3bb2cf2bf5906457f6d8bf221b70e153ae0,True,pass,pass,,eng,"INV Investigator, CHI Target_Child",2,True,True,True,True,True,True,115,411
CHILDES,EllisWeismer,raw_download,2026-05-31,/private/tmp/talkbank_intake_20260531/EllisWeismer/LT/42ec/12022.cha,data/raw/talkbank/CHILDES/EllisWeismer/download_2026-05-31/LT/42ec/12022.cha,transcript,.cha,45131,2a67ae9aab739fd175d4dddd1b83eb4649313bd59c3cf1e412975619c80bdc18,True,pass,pass,,eng,"INV Investigator, CHI Target_Child",2,True,True,True,True,True,True,198,555
CHILDES,EllisWeismer,raw_download,2026-05-31,/private/tmp/talkbank_intake_20260531/EllisWeismer/LT/42ec/12036.cha,data/raw/talkbank/CHILDES/EllisWeismer/download_2026-05-31/LT/42ec/12036.cha,transcript,.cha,48253,74e90017b9bcd5127476aa51acf628f123310b0f0b2492433f559f012ea50c28,True,pass,pass,,eng,"INV Investigator, CHI Target_Child",2,True,True,True,True,True,True,153,511
CHILDES,EllisWeismer,raw_download,2026-05-31,/private/tmp/talkbank_intake_20260531/EllisWeismer/LT/42ec/12038.cha,data/raw/talkbank/CHILDES/EllisWeismer/download_2026-05-31/LT/42ec/12038.cha,transcript,.cha,51116,3935cb8c29fa39d601b37f7dd4fac097ab5253f70391fff01f6a42a1bd391c4b,True,pass,pass,,eng,"INV Investigator, CHI Target_Child",2,True,True,True,True,True,True,148,572
CHILDES,EllisWeismer,raw_download,2026-05-31,/private/tmp/talkbank_intake_20260531/EllisWeismer/LT/42ec/12042.cha,data/raw/talkbank/CHILDES/EllisWeismer/download_2026-05-31/LT/42ec/12042.cha,transcript,.cha,56342,2dcf7e0bb7bbd637061ba4878bda04fc210f8b69544de5be662a6764023a4c0f,True,pass,pass,,eng,"INV Investigator, CHI Target_Child",2,True,True,True,True,True,True,105,298
CHILDES,EllisWeismer,raw_download,2026-05-31,/private/tmp/talkbank_intake_20260531/EllisWeismer/LT/42ec/12058.cha,data/raw/talkbank/CHILDES/EllisWeismer/download_2026-05-31/LT/42ec/12058.cha,transcript,.cha,58298,47c9e8f92a250f47de22570fea1ab44ac5c219a255b987017ce707e9c1ec14b1,True,pass,pass,,eng,"INV Investigator, CHI Target_Child",2,True,True,True,True,True,True,95,274
CHILDES,EllisWeismer,raw_download,2026-05-31,/private/tmp/talkbank_intake_20260531/EllisWeismer/LT/42ec/12059.cha,data/raw/talkbank/CHILDES/EllisWeismer/download_2026-05-31/LT/42ec/12059.cha,transcript,.cha,56435,0b527496fa6a3c6b2de1d915b231314a66fbb9c643e2e98e8596c4eb606a61f6,True,pass,pass,,eng,"CHI Target_Child, INV Investigator",2,True,True,True,True,True,True,175,630
CHILDES,EllisWeismer,raw_download,2026-05-31,/private/tmp/talkbank_intake_20260531/EllisWeismer/LT/42ec/12072.cha,data/raw/talkbank/CHILDES/EllisWeismer/download_2026-05-31/LT/42ec/12072.cha,transcript,.cha,46356,5300b804572b5853888aafd913fae038b3ad3e0bf8671fb0021708e5d810b599,True,pass,pass,,eng,"INV Investigator, CHI Target_Child",2,True,True,True,True,True,True,121,410
CHILDES,EllisWeismer,raw_download,2026-05-31,/private/tmp/talkbank_intake_20260531/EllisWeismer/LT/42ec/12074.cha,data/raw/talkbank/CHILDES/EllisWeismer/download_2026-05-31/LT/42ec/12074.cha,transcript,.cha,31683,22723b6b75413aa822c7d8a44a97d712e6b65ab50ba54d84cc6cd8d7a4d2b2c7,True,pass,pass,,eng,"CHI Target_Child, INV Investigator",2,True,True,True,True,True,True,87,258
CHILDES,EllisWeismer,raw_download,2026-05-31,/private/tmp/talkbank_intake_20260531/EllisWeismer/LT/42ec/12076.cha,data/raw/talkbank/CHILDES/EllisWeismer/download_2026-05-31/LT/42ec/12076.cha,transcript,.cha,37190,5b9ecfcb45d2e86e9f20a2562bfdccef1bed96d537cdf328f7bc2b95dc0c92be,True,pass,pass,,eng,"INV Investigator, CHI Target_Child",2,True,True,True,True,True,True,65,153
CHILDES,EllisWeismer,raw_download,2026-05-31,/private/tmp/talkbank_intake_20260531/EllisWeismer/LT/42ec/12080.cha,data/raw/talkbank/CHILDES/EllisWeismer/download_2026-05-31/LT/42ec/12080.cha,transcript,.cha,51742,4bb2137b665d60838f53ff10734f99c09279a1176fb96f91e02e3fda19c1d530,True,pass,pass,,eng,"CHI Target_Child, INV Investigator",2,True,True,True,True,True,True,159,496
CHILDES,EllisWeismer,raw_download,2026-05-31,/private/tmp/talkbank_intake_20260531/EllisWeismer/LT/42ec/12082.cha,data/raw/talkbank/CHILDES/EllisWeismer/download_2026-05-31/LT/42ec/12082.cha,transcript,.cha,44378,f41025f5f839adcaffcedd61797eb052980116a11f5e9f77f7df2b182c767a93,True,pass,pass,,eng,"CHI Target_Child, INV Investigator",2,True,True,True,True,True,True,150,191
CHILDES,EllisWeismer,raw_download,2026-05-31,/private/tmp/talkbank_intake_20260531/EllisWeismer/LT/42ec/12083.cha,data/raw/talkbank/CHILDES/EllisWeismer/download_2026-05-31/LT/42ec/12083.cha,transcript,.cha,33195,4238461075680ae4df886a14052aec28d0cc515e8138471ede694c6ecf4696df,True,pass,pass,,eng,"INV Investigator, CHI Target_Child",2,True,True,True,True,True,True,137,322
CHILDES,EllisWeismer,raw_download,2026-05-31,/private/tmp/talkbank_intake_20260531/EllisWeismer/LT/42ec/12084.cha,data/raw/talkbank/CHILDES/EllisWeismer/download_2026-05-31/LT/42ec/12084.cha,transcript,.cha,60827,e293ebfce3dec0f6e83c56ed7e8a534cb51918923a45a7508942fedfa8488c83,True,pass,pass,,eng,"INV Investigator, CHI Target_Child",2,True,True,True,True,True,True,92,320
CHILDES,EllisWeismer,raw_download,2026-05-31,/private/tmp/talkbank_intake_20260531/EllisWeismer/LT/42ec/21110.cha,data/raw/talkbank/CHILDES/EllisWeismer/download_2026-05-31/LT/42ec/21110.cha,transcript,.cha,44196,6824bee99c27902c2c1c1535979c4c976d4f9ae257791b66eb720e52294762f3,True,pass,pass,,eng,"INV Investigator, CHI Target_Child",2,True,True,True,True,True,True,85,198
CHILDES,EllisWeismer,raw_download,2026-05-31,/private/tmp/talkbank_intake_20260531/EllisWeismer/LT/42ec/21117.cha,data/raw/talkbank/CHILDES/EllisWeismer/download_2026-05-31/LT/42ec/21117.cha,transcript,.cha,41694,1530e1434a22f535497404dce9201c47d72b054eeeb98f1bfa7bf751bc0ee407,True,pass,pass,,eng,"INV Investigator, CHI Target_Child",2,True,True,True,True,True,True,47,103
CHILDES,EllisWeismer,raw_download,2026-05-31,/private/tmp/talkbank_intake_20260531/EllisWeismer/LT/42ec/21129.cha,data/raw/talkbank/CHILDES/EllisWeismer/download_2026-05-31/LT/42ec/21129.cha,transcript,.cha,47929,b9f6acbd01abb053a07044454d03a1b0a3b4047b267812a91f05f3dfc6fe22fe,True,pass,pass,,eng,"INV Investigator, CHI Target_Child",2,True,True,True,True,True,True,102,289
CHILDES,EllisWeismer,raw_download,2026-05-31,/private/tmp/talkbank_intake_20260531/EllisWeismer/LT/42ec/21146.cha,data/raw/talkbank/CHILDES/EllisWeismer/download_2026-05-31/LT/42ec/21146.cha,transcript,.cha,35448,7e99d4393df7fe939f4f5c682810347cacfe366c2074004c43d9c28f91d14a43,True,pass,pass,,eng,"INV Investigator, CHI Target_Child",2,True,True,True,True,True,True,119,401
CHILDES,EllisWeismer,raw_download,2026-05-31,/private/tmp/talkbank_intake_20260531/EllisWeismer/LT/42ec/21165.cha,data/raw/talkbank/CHILDES/EllisWeismer/download_2026-05-31/LT/42ec/21165.cha,transcript,.cha,33911,023520bab34e088b586807bfcd258d5aa3a869acf00010c98afb8d283af8bdf5,True,pass,pass,,eng,"INV Investigator, CHI Target_Child",2,True,True,True,True,True,True,48,94
CHILDES,EllisWeismer,raw_download,2026-05-31,/private/tmp/talkbank_intake_20260531/EllisWeismer/LT/42ec/22086.cha,data/raw/talkbank/CHILDES/EllisWeismer/download_2026-05-31/LT/42ec/22086.cha,transcript,.cha,49506,46b18e8d65e20ec36e0096efd8068b22f14b71c4132e84fa6d2d69f8bd4e6056,True,pass,pass,,eng,"INV Investigator, CHI Target_Child",2,True,True,True,True,True,True,104,241
CHILDES,EllisWeismer,raw_download,2026-05-31,/private/tmp/talkbank_intake_20260531/EllisWeismer/LT/42ec/22090.cha,data/raw/talkbank/CHILDES/EllisWeismer/download_2026-05-31/LT/42ec/22090.cha,transcript,.cha,30862,4c4fc8ee223457c91b9e613e9422bf75bd861e67f0cc26fff0e86a7610d51caf,True,pass,pass,,eng,"INV Investigator, CHI Target_Child",2,True,True,True,True,True,True,114,322
CHILDES,EllisWeismer,raw_download,2026-05-31,/private/tmp/talkbank_intake_20260531/EllisWeismer/LT/42ec/22111.cha,data/raw/talkbank/CHILDES/EllisWeismer/download_2026-05-31/LT/42ec/22111.cha,transcript,.cha,52867,c6d59389268653dec6d5e5324e582bcd6f8180e65941887fbb26d9d0316d6630,True,pass,pass,,eng,"INV Investigator, CHI Target_Child",2,True,True,True,True,True,True,92,274
CHILDES,EllisWeismer,raw_download,2026-05-31,/private/tmp/talkbank_intake_20260531/EllisWeismer/LT/42ec/22112.cha,data/raw/talkbank/CHILDES/EllisWeismer/download_2026-05-31/LT/42ec/22112.cha,transcript,.cha,55307,6b23edc7ce37b603cca4e6323d19e0f2e13072ab57788a7d19b5e6713de82f32,True,pass,pass,,eng,"INV Investigator, CHI Target_Child",2,True,True,True,True,True,True,159,698
CHILDES,EllisWeismer,raw_download,2026-05-31,/private/tmp/talkbank_intake_20260531/EllisWeismer/LT/42ec/22125.cha,data/raw/talkbank/CHILDES/EllisWeismer/download_2026-05-31/LT/42ec/22125.cha,transcript,.cha,23965,fbaf29566157740a578663248c820d98a6c3d79fcbf988c4ede7e1a032b0ec67,True,pass,pass,,eng,"INV Investigator, CHI Target_Child",2,True,True,True,True,True,True,87,356
CHILDES,EllisWeismer,raw_download,2026-05-31,/private/tmp/talkbank_intake_20260531/EllisWeismer/LT/42ec/22131.cha,data/raw/talkbank/CHILDES/EllisWeismer/download_2026-05-31/LT/42ec/22131.cha,transcript,.cha,36902,fa46b074b5d3ee573ff80b543490fc4ce305c1ac162452adb77fe498025c551b,True,pass,pass,,eng,"CHI Target_Child, INV Investigator",2,True,True,True,True,True,True,121,413
CHILDES,EllisWeismer,raw_download,2026-05-31,/private/tmp/talkbank_intake_20260531/EllisWeismer/LT/42ec/22150.cha,data/raw/talkbank/CHILDES/EllisWeismer/download_2026-05-31/LT/42ec/22150.cha,transcript,.cha,39398,b798cd8ea4edc9db1a43898c51d63fe787b233d36fbd6a68bbd59caa64a68aa8,True,pass,pass,,eng,"INV Investigator, CHI Target_Child",2,True,True,True,True,True,True,110,328
CHILDES,EllisWeismer,raw_download,2026-05-31,/private/tmp/talkbank_intake_20260531/EllisWeismer/LT/42ec/22161.cha,data/raw/talkbank/CHILDES/EllisWeismer/download_2026-05-31/LT/42ec/22161.cha,transcript,.cha,44009,58fdbba0cd906bd539f4eecc3373f682f744da8826d1ea35a42708f48d18e422,True,pass,pass,,eng,"INV Investigator, CHI Target_Child",2,True,True,True,True,True,True,100,424
CHILDES,EllisWeismer,raw_download,2026-05-31,/private/tmp/talkbank_intake_20260531/EllisWeismer/LT/42ec/22162.cha,data/raw/talkbank/CHILDES/EllisWeismer/download_2026-05-31/LT/42ec/22162.cha,transcript,.cha,37885,953cef5322574fadd9d58bde928eb6a956a11965e0229cb2be367af66b093794,True,pass,pass,,eng,"INV Investigator, CHI Target_Child",2,True,True,True,True,True,True,74,165
CHILDES,EllisWeismer,raw_download,2026-05-31,/private/tmp/talkbank_intake_20260531/EllisWeismer/LT/42ec/22163.cha,data/raw/talkbank/CHILDES/EllisWeismer/download_2026-05-31/LT/42ec/22163.cha,transcript,.cha,50484,859038bb84be3afad10b3bcef26072c7fe17c5261fe37b8a9e61f6e1ceae3c0a,True,pass,pass,,eng,"INV Investigator, CHI Target_Child",2,True,True,True,True,True,True,109,291
CHILDES,EllisWeismer,raw_download,2026-05-31,/private/tmp/talkbank_intake_20260531/EllisWeismer/LT/42ec/22164.cha,data/raw/talkbank/CHILDES/EllisWeismer/download_2026-05-31/LT/42ec/22164.cha,transcript,.cha,36277,5f9920201cb4bd06b967b22ef9e516d78e4c626267a4607d55cec9047afa06e5,True,pass,pass,,eng,"CHI Target_Child, INV Investigator",2,True,True,True,True,True,True,42,133
CHILDES,EllisWeismer,raw_download,2026-05-31,/private/tmp/talkbank_intake_20260531/EllisWeismer/LT/42ec/22166.cha,data/raw/talkbank/CHILDES/EllisWeismer/download_2026-05-31/LT/42ec/22166.cha,transcript,.cha,36717,c698227075724710c8b4cc17bbc4ba9ea35f27b5f613a789215a0a94eb8ed697,True,pass,pass,,eng,"CHI Target_Child, INV Investigator",2,True,True,True,True,True,True,105,423
CHILDES,EllisWeismer,raw_download,2026-05-31,/private/tmp/talkbank_intake_20260531/EllisWeismer/LT/42ec/22169.cha,data/raw/talkbank/CHILDES/EllisWeismer/download_2026-05-31/LT/42ec/22169.cha,transcript,.cha,11564,1ed148d5a76e7aedc139bba9e88772fd0ad947cd40f6f11b59d55650d8ce6584,True,pass,warn,missing_child_speech_tier,eng,INV Investigator,1,True,True,True,True,False,False,0,0
CHILDES,EllisWeismer,raw_download,2026-05-31,/private/tmp/talkbank_intake_20260531/EllisWeismer/LT/42ec/22170.cha,data/raw/talkbank/CHILDES/EllisWeismer/download_2026-05-31/LT/42ec/22170.cha,transcript,.cha,35116,518892f598bf650c67ef14dff9785623b0c51095f96dba893d937e1cdb978d01,True,pass,pass,,eng,"CHI Target_Child, INV Investigator",2,True,True,True,True,True,True,115,464
CHILDES,EllisWeismer,raw_download,2026-05-31,/private/tmp/talkbank_intake_20260531/EllisWeismer/LT/42ec/22175.cha,data/raw/talkbank/CHILDES/EllisWeismer/download_2026-05-31/LT/42ec/22175.cha,transcript,.cha,43412,5391bff22269b5438e29d6a8c2f2ecb76dc982650563e1be59bfddb0520f38ab,True,pass,pass,,eng,"CHI Target_Child, INV Investigator",2,True,True,True,True,True,True,143,497
CHILDES,EllisWeismer,raw_download,2026-05-31,/private/tmp/talkbank_intake_20260531/EllisWeismer/LT/42pc/11005.cha,data/raw/talkbank/CHILDES/EllisWeismer/download_2026-05-31/LT/42pc/11005.cha,transcript,.cha,50022,e4b6fbec10ed654bbf09d2408c22ecae985a728864b4187344d02de53733d76c,True,pass,pass,,eng,"CHI Target_Child, MOT Mother",2,True,True,True,True,True,True,184,807
CHILDES,EllisWeismer,raw_download,2026-05-31,/private/tmp/talkbank_intake_20260531/EllisWeismer/LT/42pc/11016.cha,data/raw/talkbank/CHILDES/EllisWeismer/download_2026-05-31/LT/42pc/11016.cha,transcript,.cha,57896,709f597cb3584515ba6d3b21dd02bd1d2d64e8facff3fcb34572b26b84e45837,True,pass,pass,,eng,"MOT Mother, CHI Target_Child",2,True,True,True,True,True,True,150,455
CHILDES,EllisWeismer,raw_download,2026-05-31,/private/tmp/talkbank_intake_20260531/EllisWeismer/LT/42pc/11066.cha,data/raw/talkbank/CHILDES/EllisWeismer/download_2026-05-31/LT/42pc/11066.cha,transcript,.cha,65819,491c672b60c8cbad648c5b5e61069d8a4cedb3b2eec7224b9ffa0f1fde29330d,True,pass,pass,,eng,"MOT Mother, CHI Target_Child",2,True,True,True,True,True,True,141,368
CHILDES,EllisWeismer,raw_download,2026-05-31,/private/tmp/talkbank_intake_20260531/EllisWeismer/LT/42pc/11068.cha,data/raw/talkbank/CHILDES/EllisWeismer/download_2026-05-31/LT/42pc/11068.cha,transcript,.cha,57051,499c80b4344afa6e09d44d9961e7f071436a458227b61ca95a3f65ea64a8fbea,True,pass,pass,,eng,"MOT Mother, CHI Target_Child",2,True,True,True,True,True,True,99,237
CHILDES,EllisWeismer,raw_download,2026-05-31,/private/tmp/talkbank_intake_20260531/EllisWeismer/LT/42pc/11070.cha,data/raw/talkbank/CHILDES/EllisWeismer/download_2026-05-31/LT/42pc/11070.cha,transcript,.cha,64214,d56ec6282d8dcac3638c30adb376e087c60c881898b003ed06aff7ac6a96f554,True,pass,pass,,eng,"MOT Mother, CHI Target_Child",2,True,True,True,True,True,True,140,291
CHILDES,EllisWeismer,raw_download,2026-05-31,/private/tmp/talkbank_intake_20260531/EllisWeismer/LT/42pc/11073.cha,data/raw/talkbank/CHILDES/EllisWeismer/download_2026-05-31/LT/42pc/11073.cha,transcript,.cha,45164,3f272673157f2d8d1289ab1161800ec1914f02ac30ed273d1c86ef2d5e55b4da,True,pass,pass,,eng,"MOT Mother, CHI Target_Child",2,True,True,True,True,True,True,109,230
CHILDES,EllisWeismer,raw_download,2026-05-31,/private/tmp/talkbank_intake_20260531/EllisWeismer/LT/42pc/11078.cha,data/raw/talkbank/CHILDES/EllisWeismer/download_2026-05-31/LT/42pc/11078.cha,transcript,.cha,63807,92b1f5c0e0a88a36f3650454a2d74e5aa3dc5643906495214c8313ded26839cd,True,pass,pass,,eng,"MOT Mother, CHI Target_Child",2,True,True,True,True,True,True,156,360
CHILDES,EllisWeismer,raw_download,2026-05-31,/private/tmp/talkbank_intake_20260531/EllisWeismer/LT/42pc/12009.cha,data/raw/talkbank/CHILDES/EllisWeismer/download_2026-05-31/LT/42pc/12009.cha,transcript,.cha,44647,860d5783b99ccae3d502024392f6cc4431a15560ebe7a0ce575681ab1e1ee571,True,pass,pass,,eng,"CHI Target_Child, MOT Mother",2,True,True,True,True,True,True,124,389
CHILDES,EllisWeismer,raw_download,2026-05-31,/private/tmp/talkbank_intake_20260531/EllisWeismer/LT/42pc/12022.cha,data/raw/talkbank/CHILDES/EllisWeismer/download_2026-05-31/LT/42pc/12022.cha,transcript,.cha,48670,6070dff69e8e9bbb0dcae9947d77d11e2c3c666d5d8b5ec1421fa4f1233df313,True,pass,pass,,eng,"CHI Target_Child, MOT Mother",2,True,True,True,True,True,True,145,335
CHILDES,EllisWeismer,raw_download,2026-05-31,/private/tmp/talkbank_intake_20260531/EllisWeismer/LT/42pc/12036.cha,data/raw/talkbank/CHILDES/EllisWeismer/download_2026-05-31/LT/42pc/12036.cha,transcript,.cha,89033,ad2f88227023c91d3e598b7680144ec27142d7fd0be439adb91106af8efdd057,True,pass,pass,,eng,"MOT Mother, CHI Target_Child",2,True,True,True,True,True,True,214,577
CHILDES,EllisWeismer,raw_download,2026-05-31,/private/tmp/talkbank_intake_20260531/EllisWeismer/LT/42pc/12038.cha,data/raw/talkbank/CHILDES/EllisWeismer/download_2026-05-31/LT/42pc/12038.cha,transcript,.cha,50291,2fc93d928638796e23129a04c64b63700464f3d6bd69c44d5e556d6fa354e3be,True,pass,pass,,eng,"CHI Target_Child, MOT Mother",2,True,True,True,True,True,True,102,293
CHILDES,EllisWeismer,raw_download,2026-05-31,/private/tmp/talkbank_intake_20260531/EllisWeismer/LT/42pc/12042.cha,data/raw/talkbank/CHILDES/EllisWeismer/download_2026-05-31/LT/42pc/12042.cha,transcript,.cha,41849,d16f4e72378ed6a94ba16f39e283939c07109a9aeadabe7e22eecb44a0ce950a,True,pass,pass,,eng,"CHI Target_Child, MOT Mother",2,True,True,True,True,True,True,95,236
CHILDES,EllisWeismer,raw_download,2026-05-31,/private/tmp/talkbank_intake_20260531/EllisWeismer/LT/42pc/12059.cha,data/raw/talkbank/CHILDES/EllisWeismer/download_2026-05-31/LT/42pc/12059.cha,transcript,.cha,61001,6f8cb92b5a53a7d46701873d5b29fddec85e3ecdef45ba414b7f9af9a92961cf,True,pass,pass,,eng,"MOT Mother, CHI Target_Child",2,True,True,True,True,True,True,159,433
CHILDES,EllisWeismer,raw_download,2026-05-31,/private/tmp/talkbank_intake_20260531/EllisWeismer/LT/42pc/12072.cha,data/raw/talkbank/CHILDES/EllisWeismer/download_2026-05-31/LT/42pc/12072.cha,transcript,.cha,64318,ba497423fa73713f5b74537c914148063d71e1b8be4f758a83b042a3d1ee9945,True,pass,pass,,eng,"MOT Mother, CHI Target_Child",2,True,True,True,True,True,True,107,259
CHILDES,EllisWeismer,raw_download,2026-05-31,/private/tmp/talkbank_intake_20260531/EllisWeismer/LT/42pc/12074.cha,data/raw/talkbank/CHILDES/EllisWeismer/download_2026-05-31/LT/42pc/12074.cha,transcript,.cha,46443,af898a047cc5771cf1c22d1325aa87e2e2bf9543a6c7910cb6ece9ee16a1418f,True,pass,pass,,eng,"MOT Mother, CHI Target_Child",2,True,True,True,True,True,True,51,105
CHILDES,EllisWeismer,raw_download,2026-05-31,/private/tmp/talkbank_intake_20260531/EllisWeismer/LT/42pc/12076.cha,data/raw/talkbank/CHILDES/EllisWeismer/download_2026-05-31/LT/42pc/12076.cha,transcript,.cha,46030,c48110894af44faddd98557c11f29e29db5dd18c160ecf0cf932b2d0c379d563,True,pass,pass,,eng,"MOT Mother, CHI Target_Child",2,True,True,True,True,True,True,93,247
CHILDES,EllisWeismer,raw_download,2026-05-31,/private/tmp/talkbank_intake_20260531/EllisWeismer/LT/42pc/12080.cha,data/raw/talkbank/CHILDES/EllisWeismer/download_2026-05-31/LT/42pc/12080.cha,transcript,.cha,78484,de78269457e7411f542c04e8a7b9dc083343e8c66bbe1e97ef550f43e21828d6,True,pass,pass,,eng,"MOT Mother, CHI Target_Child",2,True,True,True,True,True,True,232,781
CHILDES,EllisWeismer,raw_download,2026-05-31,/private/tmp/talkbank_intake_20260531/EllisWeismer/LT/42pc/12081.cha,data/raw/talkbank/CHILDES/EllisWeismer/download_2026-05-31/LT/42pc/12081.cha,transcript,.cha,52732,c13844602ce788de65983cd7e69fe4d075ecadd35f4ac9d074a49cb4d1d95453,True,pass,pass,,eng,"MOT Mother, CHI Target_Child",2,True,True,True,True,True,True,125,307
CHILDES,EllisWeismer,raw_download,2026-05-31,/private/tmp/talkbank_intake_20260531/EllisWeismer/LT/42pc/12082.cha,data/raw/talkbank/CHILDES/EllisWeismer/download_2026-05-31/LT/42pc/12082.cha,transcript,.cha,61364,36ebb7613f13a38772ab533a4eaffaca828d5d2d6ed441a262e90d83959f71ee,True,pass,pass,,eng,"MOT Mother, CHI Target_Child",2,True,True,True,True,True,True,165,257
CHILDES,EllisWeismer,raw_download,2026-05-31,/private/tmp/talkbank_intake_20260531/EllisWeismer/LT/42pc/12083.cha,data/raw/talkbank/CHILDES/EllisWeismer/download_2026-05-31/LT/42pc/12083.cha,transcript,.cha,53731,6cb74725b5dc9e9ca6414c3ee35df792dfd4fe2c9f4eb2c846b9905b6a033fc1,True,pass,pass,,eng,"MOT Mother, CHI Target_Child",2,True,True,True,True,True,True,136,290
CHILDES,EllisWeismer,raw_download,2026-05-31,/private/tmp/talkbank_intake_20260531/EllisWeismer/LT/42pc/12084.cha,data/raw/talkbank/CHILDES/EllisWeismer/download_2026-05-31/LT/42pc/12084.cha,transcript,.cha,56663,682f1613c50b9af54bbb85cf10fa1f2f97bec665cb5839836d1feeb5462fa00e,True,pass,pass,,eng,"MOT Mother, CHI Target_Child",2,True,True,True,True,True,True,137,386
CHILDES,EllisWeismer,raw_download,2026-05-31,/private/tmp/talkbank_intake_20260531/EllisWeismer/LT/42pc/21110.cha,data/raw/talkbank/CHILDES/EllisWeismer/download_2026-05-31/LT/42pc/21110.cha,transcript,.cha,54448,4ac6d4c8c1f0b6de2b212c007a597fb0cbb0ef72b22aa56dcfd4f2c77220d2fa,True,pass,pass,,eng,"CHI Target_Child, MOT Mother",2,True,True,True,True,True,True,129,353
CHILDES,EllisWeismer,raw_download,2026-05-31,/private/tmp/talkbank_intake_20260531/EllisWeismer/LT/42pc/21117.cha,data/raw/talkbank/CHILDES/EllisWeismer/download_2026-05-31/LT/42pc/21117.cha,transcript,.cha,39779,b596959b5a74244200be927a88c5c777160862727712d9f6a4b5d6a514a78af7,True,pass,pass,,eng,"CHI Target_Child, MOT Mother",2,True,True,True,True,True,True,153,564
CHILDES,EllisWeismer,raw_download,2026-05-31,/private/tmp/talkbank_intake_20260531/EllisWeismer/LT/42pc/21129.cha,data/raw/talkbank/CHILDES/EllisWeismer/download_2026-05-31/LT/42pc/21129.cha,transcript,.cha,43593,f7a3f4a848b85133fa7de6e6dcf1e14c4ca85bc0f1cb8cd10989b5dbe9e08f9b,True,pass,pass,,eng,"MOT Mother, CHI Target_Child",2,True,True,True,True,True,True,119,438
CHILDES,EllisWeismer,raw_download,2026-05-31,/private/tmp/talkbank_intake_20260531/EllisWeismer/LT/42pc/21146.cha,data/raw/talkbank/CHILDES/EllisWeismer/download_2026-05-31/LT/42pc/21146.cha,transcript,.cha,57919,49b14dfc1ea245b81a31b23b427216b5bff79c07338080b984d21ffe4e69e048,True,pass,pass,,eng,"MOT Mother, CHI Target_Child",2,True,True,True,True,True,True,161,436
CHILDES,EllisWeismer,raw_download,2026-05-31,/private/tmp/talkbank_intake_20260531/EllisWeismer/LT/42pc/21165.cha,data/raw/talkbank/CHILDES/EllisWeismer/download_2026-05-31/LT/42pc/21165.cha,transcript,.cha,37338,589b9fb856481bc5f39c78d488a96b7dac4a7119c3423d01a857347f0ef1f3be,True,pass,pass,,eng,"MOT Mother, CHI Target_Child",2,True,True,True,True,True,True,106,288
CHILDES,EllisWeismer,raw_download,2026-05-31,/private/tmp/talkbank_intake_20260531/EllisWeismer/LT/42pc/22090.cha,data/raw/talkbank/CHILDES/EllisWeismer/download_2026-05-31/LT/42pc/22090.cha,transcript,.cha,48800,1b22c9ae3ac84c5aa9ed1bcdd6a32517df0e26fab55ab01b787947d81703a5f0,True,pass,pass,,eng,"MOT Mother, CHI Target_Child",2,True,True,True,True,True,True,170,527
CHILDES,EllisWeismer,raw_download,2026-05-31,/private/tmp/talkbank_intake_20260531/EllisWeismer/LT/42pc/22111.cha,data/raw/talkbank/CHILDES/EllisWeismer/download_2026-05-31/LT/42pc/22111.cha,transcript,.cha,53809,b8d00fe12df4918fa7069044772caefaf8af084ac3ac04a83a1d380a38dc84b3,True,pass,pass,,eng,"MOT Mother, CHI Target_Child",2,True,True,True,True,True,True,122,291
CHILDES,EllisWeismer,raw_download,2026-05-31,/private/tmp/talkbank_intake_20260531/EllisWeismer/LT/42pc/22112.cha,data/raw/talkbank/CHILDES/EllisWeismer/download_2026-05-31/LT/42pc/22112.cha,transcript,.cha,44932,e4b00c55ae9309f18bf3032c20485a1a96ac73f11d6612b1567877383c50a7bf,True,pass,pass,,eng,"CHI Target_Child, MOT Mother",2,True,True,True,True,True,True,126,445
CHILDES,EllisWeismer,raw_download,2026-05-31,/private/tmp/talkbank_intake_20260531/EllisWeismer/LT/42pc/22138.cha,data/raw/talkbank/CHILDES/EllisWeismer/download_2026-05-31/LT/42pc/22138.cha,transcript,.cha,48244,40f98a60febae39f68753a3416ada1751a95fbad054799b09f1b5648f27fd1da,True,pass,pass,,eng,"MOT Mother, CHI Target_Child",2,True,True,True,True,True,True,121,365
CHILDES,EllisWeismer,raw_download,2026-05-31,/private/tmp/talkbank_intake_20260531/EllisWeismer/LT/42pc/22150.cha,data/raw/talkbank/CHILDES/EllisWeismer/download_2026-05-31/LT/42pc/22150.cha,transcript,.cha,53009,e0ecbb4c4c589f258901c3c7802ade5bcc9f33c93b54d70790c4cc91cb6ff550,True,pass,pass,,eng,"FAT Father, CHI Target_Child",2,True,True,True,True,True,True,130,300
CHILDES,EllisWeismer,raw_download,2026-05-31,/private/tmp/talkbank_intake_20260531/EllisWeismer/LT/42pc/22161.cha,data/raw/talkbank/CHILDES/EllisWeismer/download_2026-05-31/LT/42pc/22161.cha,transcript,.cha,60270,11e75a5af38ee34748efb4c2a23657bdc124cb22f9bae6b891e5e9dfab7b5b48,True,pass,pass,,eng,"MOT Mother, CHI Target_Child",2,True,True,True,True,True,True,85,214
CHILDES,EllisWeismer,raw_download,2026-05-31,/private/tmp/talkbank_intake_20260531/EllisWeismer/LT/42pc/22162.cha,data/raw/talkbank/CHILDES/EllisWeismer/download_2026-05-31/LT/42pc/22162.cha,transcript,.cha,42668,c1596a21ebc4d186486763572b4919eab3a55a67ecce2cc325ffd4f78a478105,True,pass,pass,,eng,"MOT Mother, CHI Target_Child",2,True,True,True,True,True,True,130,309
CHILDES,EllisWeismer,raw_download,2026-05-31,/private/tmp/talkbank_intake_20260531/EllisWeismer/LT/42pc/22163.cha,data/raw/talkbank/CHILDES/EllisWeismer/download_2026-05-31/LT/42pc/22163.cha,transcript,.cha,55294,e55239a13b2528477cadbc1d87bbe336f0667958b5118304aded6ea822c0f86f,True,pass,pass,,eng,"CHI Target_Child, MOT Mother",2,True,True,True,True,True,True,148,645
CHILDES,EllisWeismer,raw_download,2026-05-31,/private/tmp/talkbank_intake_20260531/EllisWeismer/LT/42pc/22164.cha,data/raw/talkbank/CHILDES/EllisWeismer/download_2026-05-31/LT/42pc/22164.cha,transcript,.cha,50718,a0f0de9bcc3e11f997ab469f42115a4fe473f12ba0d2065a10d777e870b4ea41,True,pass,pass,,eng,"MOT Mother, CHI Target_Child",2,True,True,True,True,True,True,99,262
CHILDES,EllisWeismer,raw_download,2026-05-31,/private/tmp/talkbank_intake_20260531/EllisWeismer/LT/42pc/22166.cha,data/raw/talkbank/CHILDES/EllisWeismer/download_2026-05-31/LT/42pc/22166.cha,transcript,.cha,51692,fc6b7101207676075be574158514ecdaa3c002605f4e8da3d14275a58319bee2,True,pass,pass,,eng,"MOT Mother, CHI Target_Child",2,True,True,True,True,True,True,108,339
CHILDES,EllisWeismer,raw_download,2026-05-31,/private/tmp/talkbank_intake_20260531/EllisWeismer/LT/42pc/22169.cha,data/raw/talkbank/CHILDES/EllisWeismer/download_2026-05-31/LT/42pc/22169.cha,transcript,.cha,36757,e883946525468bc0930b0534f40aca0c21d03c660f95c55c752b1c9b2730dc0e,True,pass,pass,,eng,"MOT Mother, CHI Target_Child, SPE Speaker",3,True,True,True,True,True,True,102,269
CHILDES,EllisWeismer,raw_download,2026-05-31,/private/tmp/talkbank_intake_20260531/EllisWeismer/LT/42pc/22170.cha,data/raw/talkbank/CHILDES/EllisWeismer/download_2026-05-31/LT/42pc/22170.cha,transcript,.cha,50129,67b342f87251cad9ce43fb68a17ca1da1b216e4482a6c159a43e2d343a1037bf,True,pass,pass,,eng,"FAT Father, CHI Target_Child",2,True,True,True,True,True,True,143,343
CHILDES,EllisWeismer,raw_download,2026-05-31,/private/tmp/talkbank_intake_20260531/EllisWeismer/LT/42pc/22175.cha,data/raw/talkbank/CHILDES/EllisWeismer/download_2026-05-31/LT/42pc/22175.cha,transcript,.cha,38974,6914b961c2d0b12b770b51318860b9d06b57c03691e99b34a544558f0c63ce6b,True,pass,pass,,eng,"CHI Target_Child, MOT Mother",2,True,True,True,True,True,True,78,234
CHILDES,EllisWeismer,raw_download,2026-05-31,/private/tmp/talkbank_intake_20260531/EllisWeismer/LT/54ec/11052.cha,data/raw/talkbank/CHILDES/EllisWeismer/download_2026-05-31/LT/54ec/11052.cha,transcript,.cha,31748,0fb39a594a9eb9624175c47ff4f1a30151326c4d7aa500c02b471e7d4e7d66d4,True,pass,pass,,eng,"INV Investigator, CHI Target_Child",2,True,True,True,True,True,True,45,173
CHILDES,EllisWeismer,raw_download,2026-05-31,/private/tmp/talkbank_intake_20260531/EllisWeismer/LT/54ec/11066.cha,data/raw/talkbank/CHILDES/EllisWeismer/download_2026-05-31/LT/54ec/11066.cha,transcript,.cha,48549,e725d3441ff0d9afca2dde2b0447d3b12d498e8c2acfc8b33d49bbe38b469af6,True,pass,pass,,eng,"INV Investigator, CHI Target_Child",2,True,True,True,True,True,True,92,317
CHILDES,EllisWeismer,raw_download,2026-05-31,/private/tmp/talkbank_intake_20260531/EllisWeismer/LT/54ec/11068.cha,data/raw/talkbank/CHILDES/EllisWeismer/download_2026-05-31/LT/54ec/11068.cha,transcript,.cha,55044,dc29bf966bbca8045652ab3986d6821ae68604f7907b4b7be98bc256ae3fcba7,True,pass,pass,,eng,"INV Investigator, CHI Target_Child",2,True,True,True,True,True,True,126,354
CHILDES,EllisWeismer,raw_download,2026-05-31,/private/tmp/talkbank_intake_20260531/EllisWeismer/LT/54ec/11070.cha,data/raw/talkbank/CHILDES/EllisWeismer/download_2026-05-31/LT/54ec/11070.cha,transcript,.cha,26525,5635b30d105ffe26ccafc429f8b5eb9bb4fc3b7d323167166823cf2d71f1f4a5,True,pass,pass,,eng,"INV Investigator, CHI Target_Child",2,True,True,True,True,True,True,82,256
CHILDES,EllisWeismer,raw_download,2026-05-31,/private/tmp/talkbank_intake_20260531/EllisWeismer/LT/54ec/11073.cha,data/raw/talkbank/CHILDES/EllisWeismer/download_2026-05-31/LT/54ec/11073.cha,transcript,.cha,20796,93bf5afbfd2b19c9c18ae32c0b688fca7e770fd3a3af8d084f8afcce3bd35701,True,pass,pass,,eng,"CHI Target_Child, INV Investigator",2,True,True,True,True,True,True,47,167
CHILDES,EllisWeismer,raw_download,2026-05-31,/private/tmp/talkbank_intake_20260531/EllisWeismer/LT/54ec/12009.cha,data/raw/talkbank/CHILDES/EllisWeismer/download_2026-05-31/LT/54ec/12009.cha,transcript,.cha,44097,565eee3e611d453dadd1991bc95a3908d5ed33b299507eadbac7b8fa3df32c69,True,pass,pass,,eng,"INV Investigator, CHI Target_Child",2,True,True,True,True,True,True,129,419
CHILDES,EllisWeismer,raw_download,2026-05-31,/private/tmp/talkbank_intake_20260531/EllisWeismer/LT/54ec/12017.cha,data/raw/talkbank/CHILDES/EllisWeismer/download_2026-05-31/LT/54ec/12017.cha,transcript,.cha,45663,ea45efa6bb7643d41ed3c98598415758c1be42dd6b834fa72587978fec74f60a,True,pass,pass,,eng,"CHI Target_Child, INV Investigator",2,True,True,True,True,True,True,106,417
CHILDES,EllisWeismer,raw_download,2026-05-31,/private/tmp/talkbank_intake_20260531/EllisWeismer/LT/54ec/12022.cha,data/raw/talkbank/CHILDES/EllisWeismer/download_2026-05-31/LT/54ec/12022.cha,transcript,.cha,40297,e101dd2f1b80ec73ee6ae5dd2aa65c0e88e5f237f2c2058088632238749803b4,True,pass,pass,,eng,"CHI Target_Child, INV Investigator",2,True,True,True,True,True,True,112,518
CHILDES,EllisWeismer,raw_download,2026-05-31,/private/tmp/talkbank_intake_20260531/EllisWeismer/LT/54ec/12038.cha,data/raw/talkbank/CHILDES/EllisWeismer/download_2026-05-31/LT/54ec/12038.cha,transcript,.cha,34611,9ea087eec905ab00967ba5b07be5857c0f7992dfd7fdaa79b7689cff698f5a05,True,pass,pass,,eng,"INV Investigator, CHI Target_Child",2,True,True,True,True,True,True,69,325
CHILDES,EllisWeismer,raw_download,2026-05-31,/private/tmp/talkbank_intake_20260531/EllisWeismer/LT/54ec/12042.cha,data/raw/talkbank/CHILDES/EllisWeismer/download_2026-05-31/LT/54ec/12042.cha,transcript,.cha,43188,b56d510d7066a725944be4528e85391a47447c52bea74e5a2b0055ce833c50fe,True,pass,pass,,eng,"INV Investigator, CHI Target_Child",2,True,True,True,True,True,True,74,193
CHILDES,EllisWeismer,raw_download,2026-05-31,/private/tmp/talkbank_intake_20260531/EllisWeismer/LT/54ec/12058.cha,data/raw/talkbank/CHILDES/EllisWeismer/download_2026-05-31/LT/54ec/12058.cha,transcript,.cha,22209,6a5b0415e62fd1c928ff397a3f8f846719597b146b0b5a7de82acf0d8f8fc94b,True,pass,pass,,eng,"INV Investigator, CHI Target_Child",2,True,True,True,True,True,True,18,55
CHILDES,EllisWeismer,raw_download,2026-05-31,/private/tmp/talkbank_intake_20260531/EllisWeismer/LT/54ec/12059.cha,data/raw/talkbank/CHILDES/EllisWeismer/download_2026-05-31/LT/54ec/12059.cha,transcript,.cha,58440,002b6d156e8aa1f7cfe37f6a66e5cbd3e5df545e4f58764067c37c6668d5ca48,True,pass,pass,,eng,"INV Investigator, CHI Target_Child",2,True,True,True,True,True,True,106,564
CHILDES,EllisWeismer,raw_download,2026-05-31,/private/tmp/talkbank_intake_20260531/EllisWeismer/LT/54ec/12072.cha,data/raw/talkbank/CHILDES/EllisWeismer/download_2026-05-31/LT/54ec/12072.cha,transcript,.cha,45524,64416d8dcf5ff70fdfdc6309232ab677c7a2a259fa0063c34b96d3ce233064f5,True,pass,pass,,eng,"CHI Target_Child, INV Investigator",2,True,True,True,True,True,True,101,373
CHILDES,EllisWeismer,raw_download,2026-05-31,/private/tmp/talkbank_intake_20260531/EllisWeismer/LT/54ec/12074.cha,data/raw/talkbank/CHILDES/EllisWeismer/download_2026-05-31/LT/54ec/12074.cha,transcript,.cha,14617,aa8b18d05c4092fffd2aa04ee2e51a56afb8e0fe47509dabb11416346fc76cb4,True,pass,pass,,eng,"INV Investigator, CHI Target_Child",2,True,True,True,True,True,True,37,93
CHILDES,EllisWeismer,raw_download,2026-05-31,/private/tmp/talkbank_intake_20260531/EllisWeismer/LT/54ec/12076.cha,data/raw/talkbank/CHILDES/EllisWeismer/download_2026-05-31/LT/54ec/12076.cha,transcript,.cha,27014,cd2429b8c2ea17f9e27a5e14b61aa98edfc286b70f36ed223198efa03ab7c9e8,True,pass,pass,,eng,"CHI Target_Child, INV Investigator",2,True,True,True,True,True,True,54,229
CHILDES,EllisWeismer,raw_download,2026-05-31,/private/tmp/talkbank_intake_20260531/EllisWeismer/LT/54ec/12080.cha,data/raw/talkbank/CHILDES/EllisWeismer/download_2026-05-31/LT/54ec/12080.cha,transcript,.cha,55705,f35d54333a088f9fa7f3bc9d5693d582536e17fbf847967997e0a97cd227132a,True,pass,pass,,eng,"CHI Target_Child, INV Investigator",2,True,True,True,True,True,True,133,766
CHILDES,EllisWeismer,raw_download,2026-05-31,/private/tmp/talkbank_intake_20260531/EllisWeismer/LT/54ec/12081.cha,data/raw/talkbank/CHILDES/EllisWeismer/download_2026-05-31/LT/54ec/12081.cha,transcript,.cha,19344,dbb3989911f9ee86eb4c691a2a59543da75716734ecca326ccc9d2e2e3b24297,True,pass,pass,,eng,"CHI Target_Child, INV Investigator",2,True,True,True,True,True,True,31,174
CHILDES,EllisWeismer,raw_download,2026-05-31,/private/tmp/talkbank_intake_20260531/EllisWeismer/LT/54ec/12082.cha,data/raw/talkbank/CHILDES/EllisWeismer/download_2026-05-31/LT/54ec/12082.cha,transcript,.cha,61936,2eecc2a776e8c9544415dc878a6b686ab535134ab0584948a10fa04360670ef6,True,pass,pass,,eng,"INV Investigator, CHI Target_Child",2,True,True,True,True,True,True,164,440
CHILDES,EllisWeismer,raw_download,2026-05-31,/private/tmp/talkbank_intake_20260531/EllisWeismer/LT/54ec/12083.cha,data/raw/talkbank/CHILDES/EllisWeismer/download_2026-05-31/LT/54ec/12083.cha,transcript,.cha,63839,a785235246b51c7d48300e62eadac6e272a9f5674bb33df90cf03b5445daecec,True,pass,pass,,eng,"INV Investigator, CHI Target_Child",2,True,True,True,True,True,True,79,276
CHILDES,EllisWeismer,raw_download,2026-05-31,/private/tmp/talkbank_intake_20260531/EllisWeismer/LT/54ec/21110.cha,data/raw/talkbank/CHILDES/EllisWeismer/download_2026-05-31/LT/54ec/21110.cha,transcript,.cha,48223,3689d08338831aeb9a31906e5abc63ed1ed5ff2a7a3a0891cdf57dabe99a8204,True,pass,pass,,eng,"INV Investigator, CHI Target_Child",2,True,True,True,True,True,True,100,325
CHILDES,EllisWeismer,raw_download,2026-05-31,/private/tmp/talkbank_intake_20260531/EllisWeismer/LT/54ec/21117.cha,data/raw/talkbank/CHILDES/EllisWeismer/download_2026-05-31/LT/54ec/21117.cha,transcript,.cha,45705,b44d28c476da830a77a966dc65df45537c49154124da522db696bbd377c24190,True,pass,pass,,eng,"INV Investigator, CHI Target_Child",2,True,True,True,True,True,True,84,259
CHILDES,EllisWeismer,raw_download,2026-05-31,/private/tmp/talkbank_intake_20260531/EllisWeismer/LT/54ec/21129.cha,data/raw/talkbank/CHILDES/EllisWeismer/download_2026-05-31/LT/54ec/21129.cha,transcript,.cha,37525,12a1c1ad32c1cdc2113e138c49173306a3915da03955d79c5b01c6df0eb7d8db,True,pass,pass,,eng,"INV Investigator, CHI Target_Child",2,True,True,True,True,True,True,117,458
CHILDES,EllisWeismer,raw_download,2026-05-31,/private/tmp/talkbank_intake_20260531/EllisWeismer/LT/54ec/21146.cha,data/raw/talkbank/CHILDES/EllisWeismer/download_2026-05-31/LT/54ec/21146.cha,transcript,.cha,49693,14c9a96356cc1ed309049b9fcb2fdeb8ebcffdce8edf8152ebaced4a7b6e4a58,True,pass,pass,,eng,"INV Investigator, CHI Target_Child",2,True,True,True,True,True,True,160,780
CHILDES,EllisWeismer,raw_download,2026-05-31,/private/tmp/talkbank_intake_20260531/EllisWeismer/LT/54ec/21165.cha,data/raw/talkbank/CHILDES/EllisWeismer/download_2026-05-31/LT/54ec/21165.cha,transcript,.cha,32599,2e4ead736419a60fe12c7c7b0ba8b4277f72b717724be8c356095e5a5d27a7aa,True,pass,pass,,eng,"INV Investigator, CHI Target_Child",2,True,True,True,True,True,True,67,191
CHILDES,EllisWeismer,raw_download,2026-05-31,/private/tmp/talkbank_intake_20260531/EllisWeismer/LT/54ec/22090.cha,data/raw/talkbank/CHILDES/EllisWeismer/download_2026-05-31/LT/54ec/22090.cha,transcript,.cha,51415,20ed63a5b5b08471de11c2ecb161e85835d0cccc011b50de5033248cf7dd28ba,True,pass,pass,,eng,"INV Investigator, CHI Target_Child",2,True,True,True,True,True,True,69,249
CHILDES,EllisWeismer,raw_download,2026-05-31,/private/tmp/talkbank_intake_20260531/EllisWeismer/LT/54ec/22111.cha,data/raw/talkbank/CHILDES/EllisWeismer/download_2026-05-31/LT/54ec/22111.cha,transcript,.cha,49040,ff24d9d869432169ad325e39c5db35a12c93fffa4185b96893ff7b492fb86918,True,pass,pass,,eng,"INV Investigator, CHI Target_Child",2,True,True,True,True,True,True,129,457
CHILDES,EllisWeismer,raw_download,2026-05-31,/private/tmp/talkbank_intake_20260531/EllisWeismer/LT/54ec/22112.cha,data/raw/talkbank/CHILDES/EllisWeismer/download_2026-05-31/LT/54ec/22112.cha,transcript,.cha,62179,94471dfdc366aa4bfc77e2b5b925ef82aef6d0b8781746822eb82f99951f6a5e,True,pass,pass,,eng,"INV Investigator, CHI Target_Child",2,True,True,True,True,True,True,85,452
CHILDES,EllisWeismer,raw_download,2026-05-31,/private/tmp/talkbank_intake_20260531/EllisWeismer/LT/54ec/22142.cha,data/raw/talkbank/CHILDES/EllisWeismer/download_2026-05-31/LT/54ec/22142.cha,transcript,.cha,44023,afc0b14540f86bc48b1268df395d758d268b162f9ea697ef7b138301e30cb44e,True,pass,pass,,eng,"INV Investigator, CHI Target_Child",2,True,True,True,True,True,True,100,305
CHILDES,EllisWeismer,raw_download,2026-05-31,/private/tmp/talkbank_intake_20260531/EllisWeismer/LT/54ec/22161.cha,data/raw/talkbank/CHILDES/EllisWeismer/download_2026-05-31/LT/54ec/22161.cha,transcript,.cha,57578,f1ac566b07a081a99184c692acea9b27b36cacd40d201c754c03fcd02707ba22,True,pass,pass,,eng,"INV Investigator, CHI Target_Child",2,True,True,True,True,True,True,85,409
CHILDES,EllisWeismer,raw_download,2026-05-31,/private/tmp/talkbank_intake_20260531/EllisWeismer/LT/54ec/22162.cha,data/raw/talkbank/CHILDES/EllisWeismer/download_2026-05-31/LT/54ec/22162.cha,transcript,.cha,56058,9c02ce4530e24b9ac898dbcddf6a6ecc5ff95323c4267ca1b8c750601b143d5f,True,pass,pass,,eng,"INV Investigator, CHI Target_Child",2,True,True,True,True,True,True,102,322
CHILDES,EllisWeismer,raw_download,2026-05-31,/private/tmp/talkbank_intake_20260531/EllisWeismer/LT/54ec/22164.cha,data/raw/talkbank/CHILDES/EllisWeismer/download_2026-05-31/LT/54ec/22164.cha,transcript,.cha,47985,a0bef326856721a5ea0d308869dc3bdfcc3d1a102135a26f99c96538670af8c9,True,pass,pass,,eng,"INV Investigator, CHI Target_Child",2,True,True,True,True,True,True,104,408
CHILDES,EllisWeismer,raw_download,2026-05-31,/private/tmp/talkbank_intake_20260531/EllisWeismer/LT/54ec/22169.cha,data/raw/talkbank/CHILDES/EllisWeismer/download_2026-05-31/LT/54ec/22169.cha,transcript,.cha,35490,2e05068c1316a8a9a3ab6f5dec9a46b66a039a8bdf4fc04b87b422d54777faec,True,pass,pass,,eng,"INV Investigator, CHI Target_Child",2,True,True,True,True,True,True,130,452
CHILDES,EllisWeismer,raw_download,2026-05-31,/private/tmp/talkbank_intake_20260531/EllisWeismer/LT/54ec/22175.cha,data/raw/talkbank/CHILDES/EllisWeismer/download_2026-05-31/LT/54ec/22175.cha,transcript,.cha,46858,a0be6bc012cb59b3b21db0a13c227a85cbe37615a6bcad37ef984e56e96075c0,True,pass,pass,,eng,"CHI Target_Child, INV Investigator",2,True,True,True,True,True,True,101,358
CHILDES,EllisWeismer,raw_download,2026-05-31,/private/tmp/talkbank_intake_20260531/EllisWeismer/LT/54int/11052.cha,data/raw/talkbank/CHILDES/EllisWeismer/download_2026-05-31/LT/54int/11052.cha,transcript,.cha,62299,af45323c140be52dd709205e8605def6960b903b5430039c79444eea6a1f5d78,True,pass,pass,,eng,"INV Investigator, CHI Target_Child",2,True,True,True,True,True,True,125,864
CHILDES,EllisWeismer,raw_download,2026-05-31,/private/tmp/talkbank_intake_20260531/EllisWeismer/LT/54int/11066.cha,data/raw/talkbank/CHILDES/EllisWeismer/download_2026-05-31/LT/54int/11066.cha,transcript,.cha,60596,ac1d74263bc91de722d30c089ed72a03120f6a1a6480c61b0e6648ab5cac9e91,True,pass,pass,,eng,"INV Investigator, CHI Target_Child",2,True,True,True,True,True,True,133,674
CHILDES,EllisWeismer,raw_download,2026-05-31,/private/tmp/talkbank_intake_20260531/EllisWeismer/LT/54int/11068.cha,data/raw/talkbank/CHILDES/EllisWeismer/download_2026-05-31/LT/54int/11068.cha,transcript,.cha,88633,347bddf5a48737ea3ee60ba10764cd9ba8c995d0835c5d28c7d008a29c96d89f,True,pass,pass,,eng,"INV Investigator, CHI Target_Child",2,True,True,True,True,True,True,185,702
CHILDES,EllisWeismer,raw_download,2026-05-31,/private/tmp/talkbank_intake_20260531/EllisWeismer/LT/54int/11070.cha,data/raw/talkbank/CHILDES/EllisWeismer/download_2026-05-31/LT/54int/11070.cha,transcript,.cha,48223,ea7fbe730d173210937ec40c486311eef73409d290f4373e36c5332d147f4ca0,True,pass,pass,,eng,"INV Investigator, CHI Target_Child",2,True,True,True,True,True,True,77,263
CHILDES,EllisWeismer,raw_download,2026-05-31,/private/tmp/talkbank_intake_20260531/EllisWeismer/LT/54int/11073.cha,data/raw/talkbank/CHILDES/EllisWeismer/download_2026-05-31/LT/54int/11073.cha,transcript,.cha,60216,6dbd02a5b14bd705a20ed590878ff3348b4026f93fea55ac64ca2922d684aa07,True,pass,pass,,eng,"INV Investigator, CHI Target_Child",2,True,True,True,True,True,True,135,978
CHILDES,EllisWeismer,raw_download,2026-05-31,/private/tmp/talkbank_intake_20260531/EllisWeismer/LT/54int/11078.cha,data/raw/talkbank/CHILDES/EllisWeismer/download_2026-05-31/LT/54int/11078.cha,transcript,.cha,57536,b7a379d884ebe848553ed2349e48ceeaef5e510975e0e10f45bae5ce55ab782a,True,pass,pass,,eng,"INV Investigator, CHI Target_Child",2,True,True,True,True,True,True,153,643
CHILDES,EllisWeismer,raw_download,2026-05-31,/private/tmp/talkbank_intake_20260531/EllisWeismer/LT/54int/12009.cha,data/raw/talkbank/CHILDES/EllisWeismer/download_2026-05-31/LT/54int/12009.cha,transcript,.cha,49650,47b6082728d6c7b197cdf9735fb1cc8b7134767a7a03c07794b5431021b69852,True,pass,pass,,eng,"INV Investigator, CHI Target_Child",2,True,True,True,True,True,True,130,657
CHILDES,EllisWeismer,raw_download,2026-05-31,/private/tmp/talkbank_intake_20260531/EllisWeismer/LT/54int/12017.cha,data/raw/talkbank/CHILDES/EllisWeismer/download_2026-05-31/LT/54int/12017.cha,transcript,.cha,57022,6370b1b768ca9faffb38d8ee22f1bbff7921fc5b7f6d0dfe8d0f643ce4f4caf6,True,pass,pass,,eng,"INV Investigator, CHI Target_Child",2,True,True,True,True,True,True,124,556
CHILDES,EllisWeismer,raw_download,2026-05-31,/private/tmp/talkbank_intake_20260531/EllisWeismer/LT/54int/12022.cha,data/raw/talkbank/CHILDES/EllisWeismer/download_2026-05-31/LT/54int/12022.cha,transcript,.cha,65308,794843ea173789f454278721aed0f923f1529a7a1750d93b52509cb34b0951d8,True,pass,pass,,eng,"INV Investigator, CHI Target_Child",2,True,True,True,True,True,True,140,846
CHILDES,EllisWeismer,raw_download,2026-05-31,/private/tmp/talkbank_intake_20260531/EllisWeismer/LT/54int/12036.cha,data/raw/talkbank/CHILDES/EllisWeismer/download_2026-05-31/LT/54int/12036.cha,transcript,.cha,70062,1bfaae762ee7ae1f9f4b9f9a43bf7a218d785efaab2fdd998bfa8937555a4648,True,pass,pass,,eng,"INV Investigator, CHI Target_Child",2,True,True,True,True,True,True,133,906
CHILDES,EllisWeismer,raw_download,2026-05-31,/private/tmp/talkbank_intake_20260531/EllisWeismer/LT/54int/12038.cha,data/raw/talkbank/CHILDES/EllisWeismer/download_2026-05-31/LT/54int/12038.cha,transcript,.cha,78390,e67b7286c1d2eec62dfb646edd6c1828d229bfd15377a1f9d88be208e2504ef7,True,pass,pass,,eng,"INV Investigator, CHI Target_Child",2,True,True,True,True,True,True,150,903
CHILDES,EllisWeismer,raw_download,2026-05-31,/private/tmp/talkbank_intake_20260531/EllisWeismer/LT/54int/12074.cha,data/raw/talkbank/CHILDES/EllisWeismer/download_2026-05-31/LT/54int/12074.cha,transcript,.cha,22851,a6d9588e8943380f94e17289306cc6880cb271dafb926987d76b916f1681069f,True,pass,pass,,eng,"INV Investigator, CHI Target_Child",2,True,True,True,True,True,True,44,260
CHILDES,EllisWeismer,raw_download,2026-05-31,/private/tmp/talkbank_intake_20260531/EllisWeismer/LT/54int/12076.cha,data/raw/talkbank/CHILDES/EllisWeismer/download_2026-05-31/LT/54int/12076.cha,transcript,.cha,50343,ef44b589edffb41fae0a7ec6477ccbf4671feb4cdcabbc6b73e681964f64bafc,True,pass,pass,,eng,"INV Investigator, CHI Target_Child",2,True,True,True,True,True,True,115,851
CHILDES,EllisWeismer,raw_download,2026-05-31,/private/tmp/talkbank_intake_20260531/EllisWeismer/LT/54int/12080.cha,data/raw/talkbank/CHILDES/EllisWeismer/download_2026-05-31/LT/54int/12080.cha,transcript,.cha,73402,f943a4ab8b6b37d404f9b1a8ae96e6ad47ded228087a7f1c72405aef4a722b6a,True,pass,pass,,eng,"INV Investigator, CHI Target_Child",2,True,True,True,True,True,True,155,1466
CHILDES,EllisWeismer,raw_download,2026-05-31,/private/tmp/talkbank_intake_20260531/EllisWeismer/LT/54int/12081.cha,data/raw/talkbank/CHILDES/EllisWeismer/download_2026-05-31/LT/54int/12081.cha,transcript,.cha,54344,f5dd9770af0ad60a582e0746754797a24ae4ee803e0cc2a9663889c9ec4b9c3f,True,pass,pass,,eng,"INV Investigator, CHI Target_Child",2,True,True,True,True,True,True,93,538
CHILDES,EllisWeismer,raw_download,2026-05-31,/private/tmp/talkbank_intake_20260531/EllisWeismer/LT/54int/12082.cha,data/raw/talkbank/CHILDES/EllisWeismer/download_2026-05-31/LT/54int/12082.cha,transcript,.cha,86333,5dd7df9343ff5562942779e40e726f6f9ca3df8608a64d56937700a3b7952e98,True,pass,pass,,eng,"INV Investigator, CHI Target_Child",2,True,True,True,True,True,True,243,922
CHILDES,EllisWeismer,raw_download,2026-05-31,/private/tmp/talkbank_intake_20260531/EllisWeismer/LT/54int/12083.cha,data/raw/talkbank/CHILDES/EllisWeismer/download_2026-05-31/LT/54int/12083.cha,transcript,.cha,86437,795ece1ae860a841b668fe970d28579b91170df29427ce5e63596a2fbdfa57bd,True,pass,pass,,eng,"INV Investigator, CHI Target_Child",2,True,True,True,True,True,True,153,470
CHILDES,EllisWeismer,raw_download,2026-05-31,/private/tmp/talkbank_intake_20260531/EllisWeismer/LT/54int/21110.cha,data/raw/talkbank/CHILDES/EllisWeismer/download_2026-05-31/LT/54int/21110.cha,transcript,.cha,77807,c28fb4050498ecd7a2fbca0bdf3fec3ce67bdcde0cae95f5ced7e637768b3b1f,True,pass,pass,,eng,"INV Investigator, CHI Target_Child",2,True,True,True,True,True,True,174,885
CHILDES,EllisWeismer,raw_download,2026-05-31,/private/tmp/talkbank_intake_20260531/EllisWeismer/LT/54int/21117.cha,data/raw/talkbank/CHILDES/EllisWeismer/download_2026-05-31/LT/54int/21117.cha,transcript,.cha,64293,d80ad037109850a03b379b8d732203530601885cfb45697b58d488e228d28d26,True,pass,pass,,eng,"INV Investigator, CHI Target_Child",2,True,True,True,True,True,True,91,914
CHILDES,EllisWeismer,raw_download,2026-05-31,/private/tmp/talkbank_intake_20260531/EllisWeismer/LT/54int/21129.cha,data/raw/talkbank/CHILDES/EllisWeismer/download_2026-05-31/LT/54int/21129.cha,transcript,.cha,65175,3424a9c3e935e76ef0b4a9d72ae06c3ef69f63b72c254ea39ef27cfeb2b48614,True,pass,pass,,eng,"INV Investigator, CHI Target_Child",2,True,True,True,True,True,True,104,1197
CHILDES,EllisWeismer,raw_download,2026-05-31,/private/tmp/talkbank_intake_20260531/EllisWeismer/LT/54int/21146.cha,data/raw/talkbank/CHILDES/EllisWeismer/download_2026-05-31/LT/54int/21146.cha,transcript,.cha,70227,09b438bba02a4f4fff4372c6347eb95c0102065f720d9b0c6b45f1e19575209b,True,pass,pass,,eng,"INV Investigator, CHI Target_Child",2,True,True,True,True,True,True,145,838
CHILDES,EllisWeismer,raw_download,2026-05-31,/private/tmp/talkbank_intake_20260531/EllisWeismer/LT/54int/21165.cha,data/raw/talkbank/CHILDES/EllisWeismer/download_2026-05-31/LT/54int/21165.cha,transcript,.cha,61073,41785fa3f02bae53617f77a53b4a6969bff7e4931477e54da8e415b9f57027f7,True,pass,pass,,eng,"INV Investigator, CHI Target_Child",2,True,True,True,True,True,True,55,214
CHILDES,EllisWeismer,raw_download,2026-05-31,/private/tmp/talkbank_intake_20260531/EllisWeismer/LT/54int/22111.cha,data/raw/talkbank/CHILDES/EllisWeismer/download_2026-05-31/LT/54int/22111.cha,transcript,.cha,71574,71377e61c45b4a075f5aa1cceb974106c0fee7ed8f38c8d9c9abe7b25fa3e9a9,True,pass,pass,,eng,"INV Investigator, CHI Target_Child",2,True,True,True,True,True,True,136,1219
CHILDES,EllisWeismer,raw_download,2026-05-31,/private/tmp/talkbank_intake_20260531/EllisWeismer/LT/54int/22112.cha,data/raw/talkbank/CHILDES/EllisWeismer/download_2026-05-31/LT/54int/22112.cha,transcript,.cha,61451,f6a61d40f211182652a42c7678769219168c59ee940f3e456f84d03fcf024d30,True,pass,pass,,eng,"INV Investigator, CHI Target_Child",2,True,True,True,True,True,True,126,1180
CHILDES,EllisWeismer,raw_download,2026-05-31,/private/tmp/talkbank_intake_20260531/EllisWeismer/LT/54int/22142.cha,data/raw/talkbank/CHILDES/EllisWeismer/download_2026-05-31/LT/54int/22142.cha,transcript,.cha,81591,4c82600b4fe1644428df060402bd5d4cb11b2519a7d82e4d39cf735889ca47a8,True,pass,pass,,eng,"INV Investigator, CHI Target_Child",2,True,True,True,True,True,True,164,1182
CHILDES,EllisWeismer,raw_download,2026-05-31,/private/tmp/talkbank_intake_20260531/EllisWeismer/LT/54int/22161.cha,data/raw/talkbank/CHILDES/EllisWeismer/download_2026-05-31/LT/54int/22161.cha,transcript,.cha,74958,2c94d5bde81d0cdd0b2ea2af41a9ae0314e7cda80c0ea768bfa0f57723d93246,True,pass,pass,,eng,"INV Investigator, CHI Target_Child",2,True,True,True,True,True,True,144,682
CHILDES,EllisWeismer,raw_download,2026-05-31,/private/tmp/talkbank_intake_20260531/EllisWeismer/LT/54int/22162.cha,data/raw/talkbank/CHILDES/EllisWeismer/download_2026-05-31/LT/54int/22162.cha,transcript,.cha,59606,48328cd976b09184f3b29c456ee9c8032061491cc1e05634a3d0c843b88ac2c1,True,pass,pass,,eng,"INV Investigator, CHI Target_Child",2,True,True,True,True,True,True,134,1129
CHILDES,EllisWeismer,raw_download,2026-05-31,/private/tmp/talkbank_intake_20260531/EllisWeismer/LT/54int/22164.cha,data/raw/talkbank/CHILDES/EllisWeismer/download_2026-05-31/LT/54int/22164.cha,transcript,.cha,67973,0315827f50361b28e4bcadacfcad8cfa8e72a59e0b996422e0451c8ab5ffb668,True,pass,pass,,eng,"INV Investigator, CHI Target_Child",2,True,True,True,True,True,True,132,712
CHILDES,EllisWeismer,raw_download,2026-05-31,/private/tmp/talkbank_intake_20260531/EllisWeismer/LT/54int/22169.cha,data/raw/talkbank/CHILDES/EllisWeismer/download_2026-05-31/LT/54int/22169.cha,transcript,.cha,59041,4f3d5d7e73868bf9b3616b7ae07772ca1b223936f7c842843a6c16f0d3e899cf,True,pass,pass,,eng,"INV Investigator, CHI Target_Child",2,True,True,True,True,True,True,187,1037
CHILDES,EllisWeismer,raw_download,2026-05-31,/private/tmp/talkbank_intake_20260531/EllisWeismer/LT/54int/22170.cha,data/raw/talkbank/CHILDES/EllisWeismer/download_2026-05-31/LT/54int/22170.cha,transcript,.cha,81105,9d98f40039ab28ebf0aaad647696fe39c176720400abeaf8dfdba2b5381ccb4e,True,pass,pass,,eng,"INV Investigator, CHI Target_Child",2,True,True,True,True,True,True,177,921
CHILDES,EllisWeismer,raw_download,2026-05-31,/private/tmp/talkbank_intake_20260531/EllisWeismer/LT/54int/22175.cha,data/raw/talkbank/CHILDES/EllisWeismer/download_2026-05-31/LT/54int/22175.cha,transcript,.cha,58487,b73589fac803f570faaf19c7bcbabcf27d1b00d2bd1c0a2c4b17811c73911821,True,pass,pass,,eng,"INV Investigator, CHI Target_Child",2,True,True,True,True,True,True,150,937
CHILDES,EllisWeismer,raw_download,2026-05-31,/private/tmp/talkbank_intake_20260531/EllisWeismer/LT/66conv/0noaudio/11052.cha,data/raw/talkbank/CHILDES/EllisWeismer/download_2026-05-31/LT/66conv/0noaudio/11052.cha,transcript,.cha,37845,c0200da9996f087f7e4c562e47c1c475f7ef6524a8b744bf1213f828ea92b906,True,pass,pass,,eng,"INV Investigator, CHI Target_Child",2,True,True,True,True,True,True,74,486
CHILDES,EllisWeismer,raw_download,2026-05-31,/private/tmp/talkbank_intake_20260531/EllisWeismer/LT/66conv/11005.cha,data/raw/talkbank/CHILDES/EllisWeismer/download_2026-05-31/LT/66conv/11005.cha,transcript,.cha,52575,e6073a7c017594da3b4d77990b1dc1ff081f94087467f78191e4e45aa2489963,True,pass,pass,,eng,"INV Investigator, CHI Target_Child",2,True,True,True,True,True,True,81,436
CHILDES,EllisWeismer,raw_download,2026-05-31,/private/tmp/talkbank_intake_20260531/EllisWeismer/LT/66conv/11016.cha,data/raw/talkbank/CHILDES/EllisWeismer/download_2026-05-31/LT/66conv/11016.cha,transcript,.cha,73759,34651d36d6b792296a7da2992f6fbde43babfb557ced223b621d2bd2d0b1ddfe,True,pass,pass,,eng,"INV Investigator, CHI Target_Child",2,True,True,True,True,True,True,162,1104
CHILDES,EllisWeismer,raw_download,2026-05-31,/private/tmp/talkbank_intake_20260531/EllisWeismer/LT/66conv/11043.cha,data/raw/talkbank/CHILDES/EllisWeismer/download_2026-05-31/LT/66conv/11043.cha,transcript,.cha,63890,2e66cd225a3ce361298e02a68cda5354acbdc7c96f6be50e86045dee021131d3,True,pass,pass,,eng,"INV Investigator, CHI Target_Child",2,True,True,True,True,True,True,167,978
CHILDES,EllisWeismer,raw_download,2026-05-31,/private/tmp/talkbank_intake_20260531/EllisWeismer/LT/66conv/11066.cha,data/raw/talkbank/CHILDES/EllisWeismer/download_2026-05-31/LT/66conv/11066.cha,transcript,.cha,62181,d650a8e00ef9b9cbbe05736e77754e4ae73d7bb9b10952e8f9397bf88368c05d,True,pass,pass,,eng,"INV Investigator, CHI Target_Child",2,True,True,True,True,True,True,137,883
CHILDES,EllisWeismer,raw_download,2026-05-31,/private/tmp/talkbank_intake_20260531/EllisWeismer/LT/66conv/11068.cha,data/raw/talkbank/CHILDES/EllisWeismer/download_2026-05-31/LT/66conv/11068.cha,transcript,.cha,54487,3b03416149f19dee1150d27166305da9fa49cc23c4e27b96201ce951f42360f5,True,pass,pass,,eng,"INV Investigator, CHI Target_Child",2,True,True,True,True,True,True,132,711
CHILDES,EllisWeismer,raw_download,2026-05-31,/private/tmp/talkbank_intake_20260531/EllisWeismer/LT/66conv/11070.cha,data/raw/talkbank/CHILDES/EllisWeismer/download_2026-05-31/LT/66conv/11070.cha,transcript,.cha,54245,ea25f44c87a4a029ac35c9af44d67f96881339f2f7446e36993bfbdc3912d5a8,True,pass,pass,,eng,"INV Investigator, CHI Target_Child",2,True,True,True,True,True,True,118,287
CHILDES,EllisWeismer,raw_download,2026-05-31,/private/tmp/talkbank_intake_20260531/EllisWeismer/LT/66conv/11078.cha,data/raw/talkbank/CHILDES/EllisWeismer/download_2026-05-31/LT/66conv/11078.cha,transcript,.cha,41862,985234dc3de51581d589bb0c8e6b0957a72429ea10bb0f5a0a9986670bb683e4,True,pass,pass,,eng,"INV Investigator, CHI Target_Child",2,True,True,True,True,True,True,126,826
CHILDES,EllisWeismer,raw_download,2026-05-31,/private/tmp/talkbank_intake_20260531/EllisWeismer/LT/66conv/12009.cha,data/raw/talkbank/CHILDES/EllisWeismer/download_2026-05-31/LT/66conv/12009.cha,transcript,.cha,45098,ffdba26ea59fa878a3bf500212ad80cd77b96f96f69f7a952cbed5c3c9841f13,True,pass,pass,,eng,"INV Investigator, CHI Target_Child",2,True,True,True,True,True,True,107,848
CHILDES,EllisWeismer,raw_download,2026-05-31,/private/tmp/talkbank_intake_20260531/EllisWeismer/LT/66conv/12036.cha,data/raw/talkbank/CHILDES/EllisWeismer/download_2026-05-31/LT/66conv/12036.cha,transcript,.cha,57240,2ac80ec4eef28bb965b8425fc24ae2e287c64f1e221bd278a43bad6f455c85a3,True,pass,pass,,eng,"INV Investigator, CHI Target_Child",2,True,True,True,True,True,True,121,616
CHILDES,EllisWeismer,raw_download,2026-05-31,/private/tmp/talkbank_intake_20260531/EllisWeismer/LT/66conv/12038.cha,data/raw/talkbank/CHILDES/EllisWeismer/download_2026-05-31/LT/66conv/12038.cha,transcript,.cha,65581,c79fa3027ed5012f0d6673190d238a3f140eb7e3bcfb25a4e591ed0210c27f90,True,pass,pass,,eng,"INV Investigator, CHI Target_Child",2,True,True,True,True,True,True,154,969
CHILDES,EllisWeismer,raw_download,2026-05-31,/private/tmp/talkbank_intake_20260531/EllisWeismer/LT/66conv/12058.cha,data/raw/talkbank/CHILDES/EllisWeismer/download_2026-05-31/LT/66conv/12058.cha,transcript,.cha,52369,a58222bb16ee62cf6f015ce3dab8a9b82bf2e6279e735fbc72ea857d3ea8c286,True,pass,pass,,eng,"INV Investigator, CHI Target_Child",2,True,True,True,True,True,True,104,777
CHILDES,EllisWeismer,raw_download,2026-05-31,/private/tmp/talkbank_intake_20260531/EllisWeismer/LT/66conv/12059.cha,data/raw/talkbank/CHILDES/EllisWeismer/download_2026-05-31/LT/66conv/12059.cha,transcript,.cha,54807,e5bf55ce6dfc2dbe674c6088d45e2f18490c3d927ee69afe45ac1e34b9fc7a69,True,pass,pass,,eng,"INV Investigator, CHI Target_Child",2,True,True,True,True,True,True,108,637
CHILDES,EllisWeismer,raw_download,2026-05-31,/private/tmp/talkbank_intake_20260531/EllisWeismer/LT/66conv/12072.cha,data/raw/talkbank/CHILDES/EllisWeismer/download_2026-05-31/LT/66conv/12072.cha,transcript,.cha,69502,8f4a12e061b2fdd209565fd31621736ecadaa06d59c1fc2fc78e386a721edbef,True,pass,pass,,eng,"INV Investigator, CHI Target_Child",2,True,True,True,True,True,True,143,776
CHILDES,EllisWeismer,raw_download,2026-05-31,/private/tmp/talkbank_intake_20260531/EllisWeismer/LT/66conv/12074.cha,data/raw/talkbank/CHILDES/EllisWeismer/download_2026-05-31/LT/66conv/12074.cha,transcript,.cha,52870,d1be7a9a5a5f6cd9cd5415c2ae4422fb396286ccd951a7776b1d326387b9ce02,True,pass,pass,,eng,"INV Investigator, CHI Target_Child",2,True,True,True,True,True,True,97,770
CHILDES,EllisWeismer,raw_download,2026-05-31,/private/tmp/talkbank_intake_20260531/EllisWeismer/LT/66conv/12076.cha,data/raw/talkbank/CHILDES/EllisWeismer/download_2026-05-31/LT/66conv/12076.cha,transcript,.cha,37869,838afd7dc5d68373df165e9666d0f90ec2d83e4887985d8ffe5037f0231e9343,True,pass,pass,,eng,"INV Investigator, CHI Target_Child",2,True,True,True,True,True,True,85,440
CHILDES,EllisWeismer,raw_download,2026-05-31,/private/tmp/talkbank_intake_20260531/EllisWeismer/LT/66conv/12080.cha,data/raw/talkbank/CHILDES/EllisWeismer/download_2026-05-31/LT/66conv/12080.cha,transcript,.cha,51595,1d6b2b28d3ecd34a691a5f5bf988689c5e990d8be7d050b0d40d027dbcf8a7ba,True,pass,pass,,eng,"INV Investigator, CHI Target_Child",2,True,True,True,True,True,True,121,1066
CHILDES,EllisWeismer,raw_download,2026-05-31,/private/tmp/talkbank_intake_20260531/EllisWeismer/LT/66conv/12081.cha,data/raw/talkbank/CHILDES/EllisWeismer/download_2026-05-31/LT/66conv/12081.cha,transcript,.cha,48848,9f0fdc501c74aac756ecdd3de9d75c1a309c9ec2b6b360e5526482304bdeb915,True,pass,pass,,eng,"INV Investigator, CHI Target_Child",2,True,True,True,True,True,True,98,647
CHILDES,EllisWeismer,raw_download,2026-05-31,/private/tmp/talkbank_intake_20260531/EllisWeismer/LT/66conv/12082.cha,data/raw/talkbank/CHILDES/EllisWeismer/download_2026-05-31/LT/66conv/12082.cha,transcript,.cha,80202,a846c7318d21d23ea8eb659fbd4162e3aec2e68f9dc04e450abf535f984dbca8,True,pass,pass,,eng,"INV Investigator, CHI Target_Child",2,True,True,True,True,True,True,207,885
CHILDES,EllisWeismer,raw_download,2026-05-31,/private/tmp/talkbank_intake_20260531/EllisWeismer/LT/66conv/12083.cha,data/raw/talkbank/CHILDES/EllisWeismer/download_2026-05-31/LT/66conv/12083.cha,transcript,.cha,54023,0ead752cad003e39cd6bb2093331d6479e618aa0450464350993c6be199f273c,True,pass,pass,,eng,"INV Investigator, CHI Target_Child",2,True,True,True,True,True,True,127,688
CHILDES,EllisWeismer,raw_download,2026-05-31,/private/tmp/talkbank_intake_20260531/EllisWeismer/LT/66conv/21110.cha,data/raw/talkbank/CHILDES/EllisWeismer/download_2026-05-31/LT/66conv/21110.cha,transcript,.cha,69558,2f2786ad0ba1789d47f389a46a2762e28a9f08637ea237ac481fd1ff9ba27d98,True,pass,pass,,eng,"INV Investigator, CHI Target_Child",2,True,True,True,True,True,True,155,1102
CHILDES,EllisWeismer,raw_download,2026-05-31,/private/tmp/talkbank_intake_20260531/EllisWeismer/LT/66conv/21117.cha,data/raw/talkbank/CHILDES/EllisWeismer/download_2026-05-31/LT/66conv/21117.cha,transcript,.cha,61424,610443f65b769a235731aa426694c3e48e678a47bb11d21e6a68ea9020b7c6dd,True,pass,pass,,eng,"INV Investigator, CHI Target_Child",2,True,True,True,True,True,True,85,295
CHILDES,EllisWeismer,raw_download,2026-05-31,/private/tmp/talkbank_intake_20260531/EllisWeismer/LT/66conv/21129.cha,data/raw/talkbank/CHILDES/EllisWeismer/download_2026-05-31/LT/66conv/21129.cha,transcript,.cha,66038,2232adb6a62af699d7b88a8555e73b732024bf13b313d86c98553ea09089e483,True,pass,pass,,eng,"INV Investigator, CHI Target_Child",2,True,True,True,True,True,True,135,824
CHILDES,EllisWeismer,raw_download,2026-05-31,/private/tmp/talkbank_intake_20260531/EllisWeismer/LT/66conv/21146.cha,data/raw/talkbank/CHILDES/EllisWeismer/download_2026-05-31/LT/66conv/21146.cha,transcript,.cha,69256,6ca9f6248ef8fc982f8739b3b0a618a73e8b7f59da608a556757486e0d39e3cf,True,pass,pass,,eng,"INV Investigator, CHI Target_Child",2,True,True,True,True,True,True,147,666
CHILDES,EllisWeismer,raw_download,2026-05-31,/private/tmp/talkbank_intake_20260531/EllisWeismer/LT/66conv/21165.cha,data/raw/talkbank/CHILDES/EllisWeismer/download_2026-05-31/LT/66conv/21165.cha,transcript,.cha,59194,1998ebca8e394f0a28a40d11934b7244d559f7725679003aaf660c0ba261cded,True,pass,pass,,eng,"INV Investigator, CHI Target_Child",2,True,True,True,True,True,True,147,663
CHILDES,EllisWeismer,raw_download,2026-05-31,/private/tmp/talkbank_intake_20260531/EllisWeismer/LT/66conv/22086.cha,data/raw/talkbank/CHILDES/EllisWeismer/download_2026-05-31/LT/66conv/22086.cha,transcript,.cha,84187,e770d30bcddc0403648f5c935924039c065ed14aca6f6944fafec65d1cedfe14,True,pass,pass,,eng,"CHI Target_Child, INV Investigator",2,True,True,True,True,True,True,207,1438
CHILDES,EllisWeismer,raw_download,2026-05-31,/private/tmp/talkbank_intake_20260531/EllisWeismer/LT/66conv/22090.cha,data/raw/talkbank/CHILDES/EllisWeismer/download_2026-05-31/LT/66conv/22090.cha,transcript,.cha,72748,52d554aebf204851f39d4d446ca4cca3b02196e7b2bd7ffc1f44cc336ba8e909,True,pass,pass,,eng,"INV Investigator, CHI Target_Child",2,True,True,True,True,True,True,156,763
CHILDES,EllisWeismer,raw_download,2026-05-31,/private/tmp/talkbank_intake_20260531/EllisWeismer/LT/66conv/22111.cha,data/raw/talkbank/CHILDES/EllisWeismer/download_2026-05-31/LT/66conv/22111.cha,transcript,.cha,69970,3287ef2fe4690c3916d82219461b13a8abbb7141d0036f940a4541233fc562c8,True,pass,pass,,eng,"INV Investigator, CHI Target_Child",2,True,True,True,True,True,True,150,744
CHILDES,EllisWeismer,raw_download,2026-05-31,/private/tmp/talkbank_intake_20260531/EllisWeismer/LT/66conv/22112.cha,data/raw/talkbank/CHILDES/EllisWeismer/download_2026-05-31/LT/66conv/22112.cha,transcript,.cha,66825,3fe5c03a5d03c890059c656dd17cd7724363a0985ae2fed78f7d795c2d3b2e90,True,pass,pass,,eng,"INV Investigator, CHI Target_Child",2,True,True,True,True,True,True,143,1278
CHILDES,EllisWeismer,raw_download,2026-05-31,/private/tmp/talkbank_intake_20260531/EllisWeismer/LT/66conv/22131.cha,data/raw/talkbank/CHILDES/EllisWeismer/download_2026-05-31/LT/66conv/22131.cha,transcript,.cha,63422,d9c007d653f9e084841bb7c863b8353f990b2931f79236c5408a918f62ff76cb,True,pass,pass,,eng,"INV Investigator, CHI Target_Child",2,True,True,True,True,True,True,90,344
CHILDES,EllisWeismer,raw_download,2026-05-31,/private/tmp/talkbank_intake_20260531/EllisWeismer/LT/66conv/22142.cha,data/raw/talkbank/CHILDES/EllisWeismer/download_2026-05-31/LT/66conv/22142.cha,transcript,.cha,42419,d8ac7d1a9456831e81b44c9b00823010b5312d6cec26cf0e0beb07ab66e39f59,True,pass,pass,,eng,"INV Investigator, CHI Target_Child",2,True,True,True,True,True,True,102,738
CHILDES,EllisWeismer,raw_download,2026-05-31,/private/tmp/talkbank_intake_20260531/EllisWeismer/LT/66conv/22161.cha,data/raw/talkbank/CHILDES/EllisWeismer/download_2026-05-31/LT/66conv/22161.cha,transcript,.cha,57930,8248c93fcf5bf12f8bc8f17b2cc07c44d07fb3409027f7c3ad2697ab64f17b38,True,pass,pass,,eng,"INV Investigator, CHI Target_Child",2,True,True,True,True,True,True,150,657
CHILDES,EllisWeismer,raw_download,2026-05-31,/private/tmp/talkbank_intake_20260531/EllisWeismer/LT/66conv/22162.cha,data/raw/talkbank/CHILDES/EllisWeismer/download_2026-05-31/LT/66conv/22162.cha,transcript,.cha,51728,9b22ecc1eee48bf4892484fb6aff0e5be239586e8c86ab677f15cd95a4007eef,True,pass,pass,,eng,"INV Investigator, CHI Target_Child",2,True,True,True,True,True,True,138,711
CHILDES,EllisWeismer,raw_download,2026-05-31,/private/tmp/talkbank_intake_20260531/EllisWeismer/LT/66conv/22164.cha,data/raw/talkbank/CHILDES/EllisWeismer/download_2026-05-31/LT/66conv/22164.cha,transcript,.cha,56283,b8088219e6a863f9aad50cdca29c2fc870de4633d43f25d28edf46735d1a11a7,True,pass,pass,,eng,"INV Investigator, CHI Target_Child",2,True,True,True,True,True,True,110,440
CHILDES,EllisWeismer,raw_download,2026-05-31,/private/tmp/talkbank_intake_20260531/EllisWeismer/LT/66conv/22169.cha,data/raw/talkbank/CHILDES/EllisWeismer/download_2026-05-31/LT/66conv/22169.cha,transcript,.cha,47519,681d7833a2f74cb31b0949c1bc284516068eb77c2fbac2554ccf5e7c6afeacf8,True,pass,pass,,eng,"CHI Target_Child, INV Investigator",2,True,True,True,True,True,True,129,658
CHILDES,EllisWeismer,raw_download,2026-05-31,/private/tmp/talkbank_intake_20260531/EllisWeismer/LT/66conv/22170.cha,data/raw/talkbank/CHILDES/EllisWeismer/download_2026-05-31/LT/66conv/22170.cha,transcript,.cha,59561,3ab3b006171ad15337619e0fdc64896064d3793b3218ceefe198507c6520d67f,True,pass,pass,,eng,"INV Investigator, CHI Target_Child",2,True,True,True,True,True,True,141,570
CHILDES,EllisWeismer,raw_download,2026-05-31,/private/tmp/talkbank_intake_20260531/EllisWeismer/LT/66conv/22175.cha,data/raw/talkbank/CHILDES/EllisWeismer/download_2026-05-31/LT/66conv/22175.cha,transcript,.cha,59597,1de6c4890a2d097a58eda68ae5ea8b6918372d914d623dd1080d5a7b61f01cf5,True,pass,pass,,eng,"INV Investigator, CHI Target_Child",2,True,True,True,True,True,True,162,776
CHILDES,EllisWeismer,raw_download,2026-05-31,/private/tmp/talkbank_intake_20260531/EllisWeismer/TD/0types.txt,data/raw/talkbank/CHILDES/EllisWeismer/download_2026-05-31/TD/0types.txt,sidecar,.txt,26,918f4c4db374cd02de27d1a1fa161b93229cc22f04513485f0b80f5c4efce9d1,True,not_applicable,not_applicable,,,,0,False,False,False,False,False,False,0,0
CHILDES,EllisWeismer,raw_download,2026-05-31,/private/tmp/talkbank_intake_20260531/EllisWeismer/TD/30ec/11006.cha,data/raw/talkbank/CHILDES/EllisWeismer/download_2026-05-31/TD/30ec/11006.cha,transcript,.cha,50371,985822ebe99d2ac684397b00428ba0271dcec1f0428ab851cc3415893d13c697,True,pass,pass,,eng,"INV Investigator, CHI Target_Child",2,True,True,True,True,True,True,127,476
CHILDES,EllisWeismer,raw_download,2026-05-31,/private/tmp/talkbank_intake_20260531/EllisWeismer/TD/30ec/11012.cha,data/raw/talkbank/CHILDES/EllisWeismer/download_2026-05-31/TD/30ec/11012.cha,transcript,.cha,34494,9410955b1cab07628682dea3503dc864cf22cb36560c5ed744782cbfd7b8eaa2,True,pass,pass,,eng,"INV Investigator, CHI Target_Child",2,True,True,True,True,True,True,81,250
CHILDES,EllisWeismer,raw_download,2026-05-31,/private/tmp/talkbank_intake_20260531/EllisWeismer/TD/30ec/11013.cha,data/raw/talkbank/CHILDES/EllisWeismer/download_2026-05-31/TD/30ec/11013.cha,transcript,.cha,37750,b551d483409833722ea91d717dd11679dfc12aa3a7c432ae3308b4f678d0cbd2,True,pass,pass,,eng,"CHI Target_Child, INV Investigator",2,True,True,True,True,True,True,129,353
CHILDES,EllisWeismer,raw_download,2026-05-31,/private/tmp/talkbank_intake_20260531/EllisWeismer/TD/30ec/11018.cha,data/raw/talkbank/CHILDES/EllisWeismer/download_2026-05-31/TD/30ec/11018.cha,transcript,.cha,53460,68aed5a6c472e74788b0ec907adfc908032deb991c4e6bbdf1345d146db3a5dd,True,pass,pass,,eng,"INV Investigator, CHI Target_Child",2,True,True,True,True,True,True,91,245
CHILDES,EllisWeismer,raw_download,2026-05-31,/private/tmp/talkbank_intake_20260531/EllisWeismer/TD/30ec/11023.cha,data/raw/talkbank/CHILDES/EllisWeismer/download_2026-05-31/TD/30ec/11023.cha,transcript,.cha,54688,dab175ddcc999af175639a49f2ebe948584337290b75443333fdd9610bde14d5,True,pass,pass,,eng,"INV Investigator, CHI Target_Child",2,True,True,True,True,True,True,89,155
CHILDES,EllisWeismer,raw_download,2026-05-31,/private/tmp/talkbank_intake_20260531/EllisWeismer/TD/30ec/11024.cha,data/raw/talkbank/CHILDES/EllisWeismer/download_2026-05-31/TD/30ec/11024.cha,transcript,.cha,113584,38d0e13f2a925f3ff2d9029caf32afd1ad57ce1d8d3bff092af76f99883c81f9,True,pass,pass,,eng,"CHI Target_Child, INV Investigator",2,True,True,True,True,True,True,249,714
CHILDES,EllisWeismer,raw_download,2026-05-31,/private/tmp/talkbank_intake_20260531/EllisWeismer/TD/30ec/11025.cha,data/raw/talkbank/CHILDES/EllisWeismer/download_2026-05-31/TD/30ec/11025.cha,transcript,.cha,40193,73daacac8fa12252490531b1655449598ed7625d5eeb2f88202e4b263eb8d655,True,pass,pass,,eng,"CHI Target_Child, INV Investigator",2,True,True,True,True,True,True,160,409
CHILDES,EllisWeismer,raw_download,2026-05-31,/private/tmp/talkbank_intake_20260531/EllisWeismer/TD/30ec/11027.cha,data/raw/talkbank/CHILDES/EllisWeismer/download_2026-05-31/TD/30ec/11027.cha,transcript,.cha,66705,a800f5670a93cb8623bd8ad53decd1d151de22ed3c2dde014f549f783eb2024b,True,pass,pass,,eng,"INV Investigator, CHI Target_Child",2,True,True,True,True,True,True,127,217
CHILDES,EllisWeismer,raw_download,2026-05-31,/private/tmp/talkbank_intake_20260531/EllisWeismer/TD/30ec/11035.cha,data/raw/talkbank/CHILDES/EllisWeismer/download_2026-05-31/TD/30ec/11035.cha,transcript,.cha,54616,989159736366194ada7635741efa54a73fbc483f9aafcc02f5682cbc88b86ab9,True,pass,pass,,eng,"INV Investigator, CHI Target_Child",2,True,True,True,True,True,True,159,509
CHILDES,EllisWeismer,raw_download,2026-05-31,/private/tmp/talkbank_intake_20260531/EllisWeismer/TD/30ec/11041.cha,data/raw/talkbank/CHILDES/EllisWeismer/download_2026-05-31/TD/30ec/11041.cha,transcript,.cha,71965,91163d9a2a123ddad72144383ca19194e210baf739e1f6ffe0a546deaf884e75,True,pass,pass,,eng,"INV Investigator, CHI Target_Child, PAR Mother",3,True,True,True,True,True,True,137,255
CHILDES,EllisWeismer,raw_download,2026-05-31,/private/tmp/talkbank_intake_20260531/EllisWeismer/TD/30ec/11045.cha,data/raw/talkbank/CHILDES/EllisWeismer/download_2026-05-31/TD/30ec/11045.cha,transcript,.cha,71994,7ceb1195190a09769b3729f51ea12bb06551c99ab65fcd3e3a06ff7e198761e3,True,pass,pass,,eng,"CHI Target_Child, INV Investigator",2,True,True,True,True,True,True,170,544
CHILDES,EllisWeismer,raw_download,2026-05-31,/private/tmp/talkbank_intake_20260531/EllisWeismer/TD/30ec/11051.cha,data/raw/talkbank/CHILDES/EllisWeismer/download_2026-05-31/TD/30ec/11051.cha,transcript,.cha,54313,209c5a3294d2e9652bf1d7d306dccbeca6f78cd731731f368075931147c092e5,True,pass,pass,,eng,"INV Investigator, CHI Target_Child",2,True,True,True,True,True,True,157,326
CHILDES,EllisWeismer,raw_download,2026-05-31,/private/tmp/talkbank_intake_20260531/EllisWeismer/TD/30ec/11053.cha,data/raw/talkbank/CHILDES/EllisWeismer/download_2026-05-31/TD/30ec/11053.cha,transcript,.cha,51115,ac358b85b27f6184a569449935a9909a8d3bdfb9b7692e483d28b428e5ff24f3,True,pass,pass,,eng,"INV Investigator, CHI Target_Child",2,True,True,True,True,True,True,125,323
CHILDES,EllisWeismer,raw_download,2026-05-31,/private/tmp/talkbank_intake_20260531/EllisWeismer/TD/30ec/11055.cha,data/raw/talkbank/CHILDES/EllisWeismer/download_2026-05-31/TD/30ec/11055.cha,transcript,.cha,77916,f9afe8d1a8803b548f905082b4c18bbcc53fcdaaaafd4364cf602bb316f0ce73,True,pass,pass,,eng,"INV Investigator, CHI Target_Child",2,True,True,True,True,True,True,189,560
CHILDES,EllisWeismer,raw_download,2026-05-31,/private/tmp/talkbank_intake_20260531/EllisWeismer/TD/30ec/11057.cha,data/raw/talkbank/CHILDES/EllisWeismer/download_2026-05-31/TD/30ec/11057.cha,transcript,.cha,60650,5482da33cc8488569c8d1c869d287eae674d354a5387b8ee6c5060a672433b6c,True,pass,pass,,eng,"INV Investigator, CHI Target_Child",2,True,True,True,True,True,True,214,751
CHILDES,EllisWeismer,raw_download,2026-05-31,/private/tmp/talkbank_intake_20260531/EllisWeismer/TD/30ec/11062.cha,data/raw/talkbank/CHILDES/EllisWeismer/download_2026-05-31/TD/30ec/11062.cha,transcript,.cha,46441,5e8f6c7b503b6522c2e26eb712734a44d6d93e3b0d728c432e453ead16290949,True,pass,pass,,eng,"CHI Target_Child, INV Investigator",2,True,True,True,True,True,True,140,469
CHILDES,EllisWeismer,raw_download,2026-05-31,/private/tmp/talkbank_intake_20260531/EllisWeismer/TD/30ec/11063.cha,data/raw/talkbank/CHILDES/EllisWeismer/download_2026-05-31/TD/30ec/11063.cha,transcript,.cha,51487,1003f9bf9232557249736387691a539b826aa1423cabca207514d836ebb9ce3e,True,pass,pass,,eng,"INV Investigator, CHI Target_Child",2,True,True,True,True,True,True,72,120
CHILDES,EllisWeismer,raw_download,2026-05-31,/private/tmp/talkbank_intake_20260531/EllisWeismer/TD/30ec/11100.cha,data/raw/talkbank/CHILDES/EllisWeismer/download_2026-05-31/TD/30ec/11100.cha,transcript,.cha,49068,fade411a8fd6d6aa597c0b7a2e2760b72bd6db05b280978ee340a50ea35be388,True,pass,pass,,eng,"INV Investigator, CHI Target_Child",2,True,True,True,True,True,True,128,278
CHILDES,EllisWeismer,raw_download,2026-05-31,/private/tmp/talkbank_intake_20260531/EllisWeismer/TD/30ec/12003.cha,data/raw/talkbank/CHILDES/EllisWeismer/download_2026-05-31/TD/30ec/12003.cha,transcript,.cha,79795,57ee9f7cc3e09821facb9c6d26f8931e403e5a3f473c08126bb369a9bbbdb96f,True,pass,pass,,eng,"INV Investigator, CHI Target_Child",2,True,True,True,True,True,True,162,584
CHILDES,EllisWeismer,raw_download,2026-05-31,/private/tmp/talkbank_intake_20260531/EllisWeismer/TD/30ec/12004.cha,data/raw/talkbank/CHILDES/EllisWeismer/download_2026-05-31/TD/30ec/12004.cha,transcript,.cha,66062,b34529e68ae1d5e5c828d6a56ff511f59ff90849f95ffe8849a040f6dddd79f5,True,pass,pass,,eng,"INV Investigator, CHI Target_Child",2,True,True,True,True,True,True,112,267
CHILDES,EllisWeismer,raw_download,2026-05-31,/private/tmp/talkbank_intake_20260531/EllisWeismer/TD/30ec/12007.cha,data/raw/talkbank/CHILDES/EllisWeismer/download_2026-05-31/TD/30ec/12007.cha,transcript,.cha,55516,b651e449908029f2d634922315901b737dc2fbd46d9347e4e3acc3e97673ca35,True,pass,pass,,eng,"INV Investigator, CHI Target_Child",2,True,True,True,True,True,True,216,488
CHILDES,EllisWeismer,raw_download,2026-05-31,/private/tmp/talkbank_intake_20260531/EllisWeismer/TD/30ec/12008.cha,data/raw/talkbank/CHILDES/EllisWeismer/download_2026-05-31/TD/30ec/12008.cha,transcript,.cha,46205,e6a9e31835d53935b99be2fc2120bda067c621a6598f46cc1bd02cd54c150d72,True,pass,pass,,eng,"CHI Target_Child, INV Investigator",2,True,True,True,True,True,True,87,281
CHILDES,EllisWeismer,raw_download,2026-05-31,/private/tmp/talkbank_intake_20260531/EllisWeismer/TD/30ec/12011.cha,data/raw/talkbank/CHILDES/EllisWeismer/download_2026-05-31/TD/30ec/12011.cha,transcript,.cha,69434,b489e850082aab7e1714d5a666025cc91004c54e598700b4e5197382a68a5ee5,True,pass,pass,,eng,"CHI Target_Child, INV Investigator",2,True,True,True,True,True,True,217,821
CHILDES,EllisWeismer,raw_download,2026-05-31,/private/tmp/talkbank_intake_20260531/EllisWeismer/TD/30ec/12014.cha,data/raw/talkbank/CHILDES/EllisWeismer/download_2026-05-31/TD/30ec/12014.cha,transcript,.cha,77162,a14e734b95355bb712cc981b8094875ae9e95d883b83f5ae201a0937e6285be9,True,pass,pass,,eng,"CHI Target_Child, INV Investigator",2,True,True,True,True,True,True,155,274
CHILDES,EllisWeismer,raw_download,2026-05-31,/private/tmp/talkbank_intake_20260531/EllisWeismer/TD/30ec/12015.cha,data/raw/talkbank/CHILDES/EllisWeismer/download_2026-05-31/TD/30ec/12015.cha,transcript,.cha,59519,4aaedecb5ee90b5b789fd63dc148cff6f34b78930e10123eb19d29e41e46dee7,True,pass,pass,,eng,"INV Investigator, CHI Target_Child",2,True,True,True,True,True,True,192,513
CHILDES,EllisWeismer,raw_download,2026-05-31,/private/tmp/talkbank_intake_20260531/EllisWeismer/TD/30ec/12020.cha,data/raw/talkbank/CHILDES/EllisWeismer/download_2026-05-31/TD/30ec/12020.cha,transcript,.cha,58721,7f38e35a969ddf131095cf0c152302d0253c4332b0a6c17c4ec670d96907aba2,True,pass,pass,,eng,"INV Investigator, CHI Target_Child",2,True,True,True,True,True,True,178,533
CHILDES,EllisWeismer,raw_download,2026-05-31,/private/tmp/talkbank_intake_20260531/EllisWeismer/TD/30ec/12021.cha,data/raw/talkbank/CHILDES/EllisWeismer/download_2026-05-31/TD/30ec/12021.cha,transcript,.cha,49963,1ae8aace68df73f308effc1e9619a0ce8abf64d6437d29650585ce6f3af8edc2,True,pass,pass,,eng,"INV Investigator, CHI Target_Child",2,True,True,True,True,True,True,81,134
CHILDES,EllisWeismer,raw_download,2026-05-31,/private/tmp/talkbank_intake_20260531/EllisWeismer/TD/30ec/12026.cha,data/raw/talkbank/CHILDES/EllisWeismer/download_2026-05-31/TD/30ec/12026.cha,transcript,.cha,58671,9a830d11c85d02e7814f0b4114f14b6d715f8415f49f7010781372f96c3b4f15,True,pass,pass,,eng,"CHI Target_Child, INV Investigator",2,True,True,True,True,True,True,179,505
CHILDES,EllisWeismer,raw_download,2026-05-31,/private/tmp/talkbank_intake_20260531/EllisWeismer/TD/30ec/12028.cha,data/raw/talkbank/CHILDES/EllisWeismer/download_2026-05-31/TD/30ec/12028.cha,transcript,.cha,30931,57d26fa67dd09d214095f6e256d519b837525b65561c7b431a32d6047cf3b249,True,pass,pass,,eng,"INV Investigator, CHI Target_Child",2,True,True,True,True,True,True,82,232
CHILDES,EllisWeismer,raw_download,2026-05-31,/private/tmp/talkbank_intake_20260531/EllisWeismer/TD/30ec/12029.cha,data/raw/talkbank/CHILDES/EllisWeismer/download_2026-05-31/TD/30ec/12029.cha,transcript,.cha,54599,715455c36ed7e32c6b47f18d3fa5d06dcd61c2bcba4d80e7216b676aa02e5fa8,True,pass,pass,,eng,"INV Investigator, CHI Target_Child",2,True,True,True,True,True,True,193,567
CHILDES,EllisWeismer,raw_download,2026-05-31,/private/tmp/talkbank_intake_20260531/EllisWeismer/TD/30ec/12033.cha,data/raw/talkbank/CHILDES/EllisWeismer/download_2026-05-31/TD/30ec/12033.cha,transcript,.cha,71000,4fe9066280a0064e8e6bfe1391a731e781a2fce6247613d0e9ba16b9864723cd,True,pass,pass,,eng,"CHI Target_Child, INV Investigator",2,True,True,True,True,True,True,208,837
CHILDES,EllisWeismer,raw_download,2026-05-31,/private/tmp/talkbank_intake_20260531/EllisWeismer/TD/30ec/12037.cha,data/raw/talkbank/CHILDES/EllisWeismer/download_2026-05-31/TD/30ec/12037.cha,transcript,.cha,60234,b43106e56fb1848c20ad517c57abc5d94d370721fac5cd417a4de4a1c0a5f9b8,True,pass,pass,,eng,"INV Investigator, CHI Target_Child",2,True,True,True,True,True,True,236,833
CHILDES,EllisWeismer,raw_download,2026-05-31,/private/tmp/talkbank_intake_20260531/EllisWeismer/TD/30ec/12040.cha,data/raw/talkbank/CHILDES/EllisWeismer/download_2026-05-31/TD/30ec/12040.cha,transcript,.cha,44290,7971813d93e6ae6ffd6c9c892a9319fe90cb5f6bd101deefcce1eeb0537ac560,True,pass,pass,,eng,"INV Investigator, CHI Target_Child",2,True,True,True,True,True,True,97,422
CHILDES,EllisWeismer,raw_download,2026-05-31,/private/tmp/talkbank_intake_20260531/EllisWeismer/TD/30ec/12044.cha,data/raw/talkbank/CHILDES/EllisWeismer/download_2026-05-31/TD/30ec/12044.cha,transcript,.cha,62903,96e3ccfe2d30850ba98cbfc67f6539a08a75fd0636ba8b6229477dadacc765c4,True,pass,pass,,eng,"INV Investigator, CHI Target_Child",2,True,True,True,True,True,True,155,532
CHILDES,EllisWeismer,raw_download,2026-05-31,/private/tmp/talkbank_intake_20260531/EllisWeismer/TD/30ec/12047.cha,data/raw/talkbank/CHILDES/EllisWeismer/download_2026-05-31/TD/30ec/12047.cha,transcript,.cha,85330,f44679c06a61c9bf9c38bbc345082fd3c185d4b55b138aa12d4833b150744706,True,pass,pass,,eng,"INV Investigator, CHI Target_Child",2,True,True,True,True,True,True,159,590
CHILDES,EllisWeismer,raw_download,2026-05-31,/private/tmp/talkbank_intake_20260531/EllisWeismer/TD/30ec/12050.cha,data/raw/talkbank/CHILDES/EllisWeismer/download_2026-05-31/TD/30ec/12050.cha,transcript,.cha,52661,e689961db585fe84261bfa7362314cfd79c011b52c0758c27059a78f904345ff,True,pass,pass,,eng,"INV Investigator, CHI Target_Child",2,True,True,True,True,True,True,180,483
CHILDES,EllisWeismer,raw_download,2026-05-31,/private/tmp/talkbank_intake_20260531/EllisWeismer/TD/30ec/12054.cha,data/raw/talkbank/CHILDES/EllisWeismer/download_2026-05-31/TD/30ec/12054.cha,transcript,.cha,53263,3f61f2f5604c9a80f16b0db768e2650d2cb3ff9e726a52085a704c77de47eb8a,True,pass,pass,,eng,"INV Investigator, CHI Target_Child",2,True,True,True,True,True,True,67,212
CHILDES,EllisWeismer,raw_download,2026-05-31,/private/tmp/talkbank_intake_20260531/EllisWeismer/TD/30ec/12056.cha,data/raw/talkbank/CHILDES/EllisWeismer/download_2026-05-31/TD/30ec/12056.cha,transcript,.cha,55132,82600112a2cc87daeaea9e88adeb88d284a2afdb2913204678bb9e1e3f2e9434,True,pass,pass,,eng,"INV Investigator, CHI Target_Child",2,True,True,True,True,True,True,153,322
CHILDES,EllisWeismer,raw_download,2026-05-31,/private/tmp/talkbank_intake_20260531/EllisWeismer/TD/30ec/12061.cha,data/raw/talkbank/CHILDES/EllisWeismer/download_2026-05-31/TD/30ec/12061.cha,transcript,.cha,62088,968b60cd400e023306b122b72b20ae96d42db6508d4d82b11a1a93d936ef65cd,True,pass,pass,,eng,"INV Investigator, CHI Target_Child",2,True,True,True,True,True,True,127,361
CHILDES,EllisWeismer,raw_download,2026-05-31,/private/tmp/talkbank_intake_20260531/EllisWeismer/TD/30ec/12071.cha,data/raw/talkbank/CHILDES/EllisWeismer/download_2026-05-31/TD/30ec/12071.cha,transcript,.cha,51016,d47c4833e28dd225a646230e2be7ff10540a4f525cd1006328a3d99e18df3539,True,pass,pass,,eng,"CHI Target_Child, INV Investigator",2,True,True,True,True,True,True,240,616
CHILDES,EllisWeismer,raw_download,2026-05-31,/private/tmp/talkbank_intake_20260531/EllisWeismer/TD/30ec/12077.cha,data/raw/talkbank/CHILDES/EllisWeismer/download_2026-05-31/TD/30ec/12077.cha,transcript,.cha,59011,7ec20168a7d82d4794434f3f2de24d89bb5d8f2ef8c6eed0eabaa08d827a9957,True,pass,pass,,eng,"INV Investigator, CHI Target_Child",2,True,True,True,True,True,True,104,159
CHILDES,EllisWeismer,raw_download,2026-05-31,/private/tmp/talkbank_intake_20260531/EllisWeismer/TD/30ec/12095.cha,data/raw/talkbank/CHILDES/EllisWeismer/download_2026-05-31/TD/30ec/12095.cha,transcript,.cha,42473,34c499824d4069e1a1963d133bee9ebd1c51b5bf1cf0e14b95bc9d7c32b6cf28,True,pass,pass,,eng,"CHI Target_Child, INV Investigator",2,True,True,True,True,True,True,95,359
CHILDES,EllisWeismer,raw_download,2026-05-31,/private/tmp/talkbank_intake_20260531/EllisWeismer/TD/30ec/21092.cha,data/raw/talkbank/CHILDES/EllisWeismer/download_2026-05-31/TD/30ec/21092.cha,transcript,.cha,46371,db94dd845fd631c5cfc2538dce655623d24d72f63e8a060fe0196d26f2556075,True,pass,pass,,eng,"CHI Target_Child, INV Investigator",2,True,True,True,True,True,True,149,365
CHILDES,EllisWeismer,raw_download,2026-05-31,/private/tmp/talkbank_intake_20260531/EllisWeismer/TD/30ec/21096.cha,data/raw/talkbank/CHILDES/EllisWeismer/download_2026-05-31/TD/30ec/21096.cha,transcript,.cha,58752,827228dcb8d5f5f7ce88db367b13cb2f608fb2047a08ad78ff0eb158c58c9c5a,True,pass,pass,,eng,"CHI Target_Child, INV Investigator",2,True,True,True,True,True,True,188,386
CHILDES,EllisWeismer,raw_download,2026-05-31,/private/tmp/talkbank_intake_20260531/EllisWeismer/TD/30ec/21097.cha,data/raw/talkbank/CHILDES/EllisWeismer/download_2026-05-31/TD/30ec/21097.cha,transcript,.cha,60503,0fb7012e7bfaea3061ed0a7e9aabe46c047234fc47df0d571df0285db1aa20a8,True,pass,pass,,eng,"CHI Target_Child, INV Investigator",2,True,True,True,True,True,True,144,418
CHILDES,EllisWeismer,raw_download,2026-05-31,/private/tmp/talkbank_intake_20260531/EllisWeismer/TD/30ec/21099.cha,data/raw/talkbank/CHILDES/EllisWeismer/download_2026-05-31/TD/30ec/21099.cha,transcript,.cha,83969,1330768bfaa04ff008d319c6b4b04c7e8bac91a1ee6dc55458cfbc26058d4514,True,pass,pass,,eng,"CHI Target_Child, INV Investigator",2,True,True,True,True,True,True,199,439
CHILDES,EllisWeismer,raw_download,2026-05-31,/private/tmp/talkbank_intake_20260531/EllisWeismer/TD/30ec/21102.cha,data/raw/talkbank/CHILDES/EllisWeismer/download_2026-05-31/TD/30ec/21102.cha,transcript,.cha,37027,7ae34e0732b0d4d689d116592f34428a304d65e1de905d1b0d4d3563fba6d5ec,True,pass,pass,,eng,"INV Investigator, CHI Target_Child",2,True,True,True,True,True,True,122,208
CHILDES,EllisWeismer,raw_download,2026-05-31,/private/tmp/talkbank_intake_20260531/EllisWeismer/TD/30ec/21106.cha,data/raw/talkbank/CHILDES/EllisWeismer/download_2026-05-31/TD/30ec/21106.cha,transcript,.cha,36207,03ae4233a93cf54ac9e4ba235b564d52f88729a17bfe526f899940b77b2b13cb,True,pass,pass,,eng,"CHI Target_Child, INV Investigator",2,True,True,True,True,True,True,82,218
CHILDES,EllisWeismer,raw_download,2026-05-31,/private/tmp/talkbank_intake_20260531/EllisWeismer/TD/30ec/21116.cha,data/raw/talkbank/CHILDES/EllisWeismer/download_2026-05-31/TD/30ec/21116.cha,transcript,.cha,23694,ff216d3e8d997509a05636560153463811da33f53077137054e09578776eccc8,True,pass,pass,,eng,"INV Investigator, CHI Target_Child",2,True,True,True,True,True,True,51,158
CHILDES,EllisWeismer,raw_download,2026-05-31,/private/tmp/talkbank_intake_20260531/EllisWeismer/TD/30ec/21121.cha,data/raw/talkbank/CHILDES/EllisWeismer/download_2026-05-31/TD/30ec/21121.cha,transcript,.cha,34838,2d90a365227f3b93f5f5891732b1c2a961ebe9f77d25b64be32245494c1f34a5,True,pass,pass,,eng,"CHI Target_Child, INV Investigator",2,True,True,True,True,True,True,126,501
CHILDES,EllisWeismer,raw_download,2026-05-31,/private/tmp/talkbank_intake_20260531/EllisWeismer/TD/30ec/21126.cha,data/raw/talkbank/CHILDES/EllisWeismer/download_2026-05-31/TD/30ec/21126.cha,transcript,.cha,50828,ada7eeb8a7f6f26fe82b9b488410206f5c036cc82e41f934b6bb15a3cbe95596,True,pass,pass,,eng,"INV Investigator, CHI Target_Child",2,True,True,True,True,True,True,92,245
CHILDES,EllisWeismer,raw_download,2026-05-31,/private/tmp/talkbank_intake_20260531/EllisWeismer/TD/30ec/21135.cha,data/raw/talkbank/CHILDES/EllisWeismer/download_2026-05-31/TD/30ec/21135.cha,transcript,.cha,58915,d0c2e1f411cfd3ffd37943676bb5b38f11e3b2c6efcb0054731fe47906540c85,True,pass,pass,,eng,"INV Investigator, CHI Target_Child",2,True,True,True,True,True,True,99,225
CHILDES,EllisWeismer,raw_download,2026-05-31,/private/tmp/talkbank_intake_20260531/EllisWeismer/TD/30ec/21193.cha,data/raw/talkbank/CHILDES/EllisWeismer/download_2026-05-31/TD/30ec/21193.cha,transcript,.cha,42224,844505af37332f2c66a6f1a2a1e7bb9c8be496044fbc97088007cfec50ae0513,True,pass,pass,,eng,"INV Investigator, CHI Target_Child",2,True,True,True,True,True,True,116,271
CHILDES,EllisWeismer,raw_download,2026-05-31,/private/tmp/talkbank_intake_20260531/EllisWeismer/TD/30ec/22089.cha,data/raw/talkbank/CHILDES/EllisWeismer/download_2026-05-31/TD/30ec/22089.cha,transcript,.cha,43509,1a255eb9e43037b6934304e42f9c6a426bfbf33bdbaeccc0bcdfb4427b86e63b,True,pass,pass,,eng,"INV Investigator, CHI Target_Child",2,True,True,True,True,True,True,117,309
CHILDES,EllisWeismer,raw_download,2026-05-31,/private/tmp/talkbank_intake_20260531/EllisWeismer/TD/30ec/22093.cha,data/raw/talkbank/CHILDES/EllisWeismer/download_2026-05-31/TD/30ec/22093.cha,transcript,.cha,46897,8949e6bdabc32e08804e53175f76f0492dd30f0c6d88b27c668bbc95aa27d3a3,True,pass,pass,,eng,"INV Investigator, CHI Target_Child",2,True,True,True,True,True,True,171,277
CHILDES,EllisWeismer,raw_download,2026-05-31,/private/tmp/talkbank_intake_20260531/EllisWeismer/TD/30ec/22101.cha,data/raw/talkbank/CHILDES/EllisWeismer/download_2026-05-31/TD/30ec/22101.cha,transcript,.cha,44903,ab91e0c274d02af09a1f9557e342182a5036f2788a62bee0733266c26abda9bb,True,pass,pass,,eng,"CHI Target_Child, INV Investigator",2,True,True,True,True,True,True,160,568
CHILDES,EllisWeismer,raw_download,2026-05-31,/private/tmp/talkbank_intake_20260531/EllisWeismer/TD/30ec/22104.cha,data/raw/talkbank/CHILDES/EllisWeismer/download_2026-05-31/TD/30ec/22104.cha,transcript,.cha,45737,ee4e042f4dd945ae22c349d1e3f8c8542ee2027124bd57c5ee8992bc50ea86aa,True,pass,pass,,eng,"CHI Target_Child, INV Investigator",2,True,True,True,True,True,True,119,172
CHILDES,EllisWeismer,raw_download,2026-05-31,/private/tmp/talkbank_intake_20260531/EllisWeismer/TD/30ec/22109.cha,data/raw/talkbank/CHILDES/EllisWeismer/download_2026-05-31/TD/30ec/22109.cha,transcript,.cha,49903,a796c8a287a5313ec3e691de7fbfabd6f6b4cc8a2c55b036d81ea5cb8139d8c0,True,pass,pass,,eng,"INV Investigator, CHI Target_Child",2,True,True,True,True,True,True,81,197
CHILDES,EllisWeismer,raw_download,2026-05-31,/private/tmp/talkbank_intake_20260531/EllisWeismer/TD/30ec/22113.cha,data/raw/talkbank/CHILDES/EllisWeismer/download_2026-05-31/TD/30ec/22113.cha,transcript,.cha,44686,4343f3c70625a2a92681f50ca55ca88ee4f71a7b5b0d8fe737c3fc30ca403208,True,pass,pass,,eng,"INV Investigator, CHI Target_Child",2,True,True,True,True,True,True,88,272
CHILDES,EllisWeismer,raw_download,2026-05-31,/private/tmp/talkbank_intake_20260531/EllisWeismer/TD/30ec/22118.cha,data/raw/talkbank/CHILDES/EllisWeismer/download_2026-05-31/TD/30ec/22118.cha,transcript,.cha,50694,b43bead863dbbb293cb5286997efe28e4a85892ad6fbe7066960033e37d15d56,True,pass,pass,,eng,"CLI Investigator, CHI Target_Child",2,True,True,True,True,True,True,169,505
CHILDES,EllisWeismer,raw_download,2026-05-31,/private/tmp/talkbank_intake_20260531/EllisWeismer/TD/30ec/22120.cha,data/raw/talkbank/CHILDES/EllisWeismer/download_2026-05-31/TD/30ec/22120.cha,transcript,.cha,46456,3d69e07f62c01650d2f39f8dc9376ecf3dfe5bfb1f4408524de0a1c124169419,True,pass,pass,,eng,"CHI Target_Child, INV Investigator",2,True,True,True,True,True,True,148,522
CHILDES,EllisWeismer,raw_download,2026-05-31,/private/tmp/talkbank_intake_20260531/EllisWeismer/TD/30ec/22128.cha,data/raw/talkbank/CHILDES/EllisWeismer/download_2026-05-31/TD/30ec/22128.cha,transcript,.cha,40535,efc2161bbb49e30945e783b925641e72195344c55eded91c3aa26b29016bf3ed,True,pass,pass,,eng,"CHI Target_Child, INV Investigator",2,True,True,True,True,True,True,71,186
CHILDES,EllisWeismer,raw_download,2026-05-31,/private/tmp/talkbank_intake_20260531/EllisWeismer/TD/30ec/22141.cha,data/raw/talkbank/CHILDES/EllisWeismer/download_2026-05-31/TD/30ec/22141.cha,transcript,.cha,41298,88ef6122ff8c325e623bdf8e364289a6af023b5f22b4e5c932dfbee120332dfd,True,pass,pass,,eng,"CHI Target_Child, INV Investigator",2,True,True,True,True,True,True,75,202
CHILDES,EllisWeismer,raw_download,2026-05-31,/private/tmp/talkbank_intake_20260531/EllisWeismer/TD/30ec/22148.cha,data/raw/talkbank/CHILDES/EllisWeismer/download_2026-05-31/TD/30ec/22148.cha,transcript,.cha,71207,e8598f68a0303832b15e97de0eb67b49973674d9483332b1d1bf7d6d0144c9a9,True,pass,pass,,eng,"CHI Target_Child, INV Investigator, MOT Mother",3,True,True,True,True,True,True,146,246
CHILDES,EllisWeismer,raw_download,2026-05-31,/private/tmp/talkbank_intake_20260531/EllisWeismer/TD/30ec/22180.cha,data/raw/talkbank/CHILDES/EllisWeismer/download_2026-05-31/TD/30ec/22180.cha,transcript,.cha,53254,bb91b3094b67d38530e736b808c4d517e412d292ecb5d8cbfa575da12eb79a50,True,pass,pass,,eng,"INV Investigator, CHI Target_Child",2,True,True,True,True,True,True,115,255
CHILDES,EllisWeismer,raw_download,2026-05-31,/private/tmp/talkbank_intake_20260531/EllisWeismer/TD/30pc/11006.cha,data/raw/talkbank/CHILDES/EllisWeismer/download_2026-05-31/TD/30pc/11006.cha,transcript,.cha,46060,08e8893eb7cada6fcf9874ce2a9bafa04197929961aaecfd2bba2f06b17fa77b,True,pass,pass,,eng,"MOT Mother, CHI Target_Child",2,True,True,True,True,True,True,142,440
CHILDES,EllisWeismer,raw_download,2026-05-31,/private/tmp/talkbank_intake_20260531/EllisWeismer/TD/30pc/11012.cha,data/raw/talkbank/CHILDES/EllisWeismer/download_2026-05-31/TD/30pc/11012.cha,transcript,.cha,41493,4f2be106422ef811562e00ea3e9e81d36b515937351967719e196e4c401b9155,True,pass,pass,,eng,"CHI Target_Child, MOT Mother",2,True,True,True,True,True,True,88,300
CHILDES,EllisWeismer,raw_download,2026-05-31,/private/tmp/talkbank_intake_20260531/EllisWeismer/TD/30pc/11013.cha,data/raw/talkbank/CHILDES/EllisWeismer/download_2026-05-31/TD/30pc/11013.cha,transcript,.cha,37353,4684d24a620217b1e3d4a6cf5f37e5b5b8081917c90abf8e88078d686e9f8b38,True,pass,pass,,eng,"CHI Target_Child, MOT Mother",2,True,True,True,True,True,True,131,475
CHILDES,EllisWeismer,raw_download,2026-05-31,/private/tmp/talkbank_intake_20260531/EllisWeismer/TD/30pc/11018.cha,data/raw/talkbank/CHILDES/EllisWeismer/download_2026-05-31/TD/30pc/11018.cha,transcript,.cha,55256,d928035927729a5dfcb22cfb36422e7813f48de930c25305bf3c0033a590a096,True,pass,pass,,eng,"MOT Mother, CHI Target_Child",2,True,True,True,True,True,True,85,230
CHILDES,EllisWeismer,raw_download,2026-05-31,/private/tmp/talkbank_intake_20260531/EllisWeismer/TD/30pc/11023.cha,data/raw/talkbank/CHILDES/EllisWeismer/download_2026-05-31/TD/30pc/11023.cha,transcript,.cha,33871,583ab2f23b0bb5ad9e577bc799432d936d4022a0abb9ceb1db97c55c295af9b4,True,pass,pass,,eng,"MOT Mother, CHI Target_Child",2,True,True,True,True,True,True,92,203
CHILDES,EllisWeismer,raw_download,2026-05-31,/private/tmp/talkbank_intake_20260531/EllisWeismer/TD/30pc/11024.cha,data/raw/talkbank/CHILDES/EllisWeismer/download_2026-05-31/TD/30pc/11024.cha,transcript,.cha,60963,2617e775e705c204b7503d78179cd77787dce866879503447dd335bc02895f46,True,pass,pass,,eng,"MOT Mother, CHI Target_Child",2,True,True,True,True,True,True,196,557
CHILDES,EllisWeismer,raw_download,2026-05-31,/private/tmp/talkbank_intake_20260531/EllisWeismer/TD/30pc/11025.cha,data/raw/talkbank/CHILDES/EllisWeismer/download_2026-05-31/TD/30pc/11025.cha,transcript,.cha,40571,82d06d5009880821814a9a1ce7a084c0605c64b9cdf67d1fdd8cb535d4e2c718,True,pass,pass,,eng,"MOT Mother, CHI Target_Child",2,True,True,True,True,True,True,139,363
CHILDES,EllisWeismer,raw_download,2026-05-31,/private/tmp/talkbank_intake_20260531/EllisWeismer/TD/30pc/11027.cha,data/raw/talkbank/CHILDES/EllisWeismer/download_2026-05-31/TD/30pc/11027.cha,transcript,.cha,31338,900f5a3e8a2b9cc5fd528e8a65fbd79a73b1bdf06dc1847d98f02c73e73bcdaf,True,pass,pass,,eng,"MOT Mother, CHI Target_Child",2,True,True,True,True,True,True,92,205
CHILDES,EllisWeismer,raw_download,2026-05-31,/private/tmp/talkbank_intake_20260531/EllisWeismer/TD/30pc/11035.cha,data/raw/talkbank/CHILDES/EllisWeismer/download_2026-05-31/TD/30pc/11035.cha,transcript,.cha,44164,a213db5867444268143fa06f53d5bfda9652bfe22754c595cdb63d23725f4ff4,True,pass,pass,,eng,"MOT Mother, CHI Target_Child",2,True,True,True,True,True,True,55,152
CHILDES,EllisWeismer,raw_download,2026-05-31,/private/tmp/talkbank_intake_20260531/EllisWeismer/TD/30pc/11041.cha,data/raw/talkbank/CHILDES/EllisWeismer/download_2026-05-31/TD/30pc/11041.cha,transcript,.cha,49164,f4edf82e11ff385e115dad0ecc26cc7c9cc00e881a34523492ee60e0bec634eb,True,pass,pass,,eng,"MOT Mother, CHI Target_Child",2,True,True,True,True,True,True,129,241
CHILDES,EllisWeismer,raw_download,2026-05-31,/private/tmp/talkbank_intake_20260531/EllisWeismer/TD/30pc/11045.cha,data/raw/talkbank/CHILDES/EllisWeismer/download_2026-05-31/TD/30pc/11045.cha,transcript,.cha,75440,73b4d6bbb591b3209f7a31a4b84f03e71bdbe6195a01f33377e3c9b9497aab2b,True,pass,pass,,eng,"MOT Mother, CHI Target_Child",2,True,True,True,True,True,True,165,518
CHILDES,EllisWeismer,raw_download,2026-05-31,/private/tmp/talkbank_intake_20260531/EllisWeismer/TD/30pc/11051.cha,data/raw/talkbank/CHILDES/EllisWeismer/download_2026-05-31/TD/30pc/11051.cha,transcript,.cha,71990,2e16ba2011a6300b55ccd7aed26a10b80b9aa80df7182cee2cd548cc2cb9f9e1,True,pass,pass,,eng,"CHI Target_Child, MOT Mother",2,True,True,True,True,True,True,134,271
CHILDES,EllisWeismer,raw_download,2026-05-31,/private/tmp/talkbank_intake_20260531/EllisWeismer/TD/30pc/11053.cha,data/raw/talkbank/CHILDES/EllisWeismer/download_2026-05-31/TD/30pc/11053.cha,transcript,.cha,58387,07179ebe491002460b052e04c69fd32ac55d6d4e344b85941d0f83b46547e148,True,pass,pass,,eng,"MOT Mother, CHI Target_Child",2,True,True,True,True,True,True,120,393
CHILDES,EllisWeismer,raw_download,2026-05-31,/private/tmp/talkbank_intake_20260531/EllisWeismer/TD/30pc/11055.cha,data/raw/talkbank/CHILDES/EllisWeismer/download_2026-05-31/TD/30pc/11055.cha,transcript,.cha,50224,fe4e6583a540c6db64b5b78b12c7d6b26217013aa91c871a9ace8f3357c11da3,True,pass,pass,,eng,"MOT Mother, CHI Target_Child",2,True,True,True,True,True,True,124,345
CHILDES,EllisWeismer,raw_download,2026-05-31,/private/tmp/talkbank_intake_20260531/EllisWeismer/TD/30pc/11057.cha,data/raw/talkbank/CHILDES/EllisWeismer/download_2026-05-31/TD/30pc/11057.cha,transcript,.cha,32947,fca6fe91b21327c4874811f00be094128c45e68257078f2e2f2bcb574aa932a4,True,pass,pass,,eng,"CHI Target_Child, MOT Mother",2,True,True,True,True,True,True,141,497
CHILDES,EllisWeismer,raw_download,2026-05-31,/private/tmp/talkbank_intake_20260531/EllisWeismer/TD/30pc/11062.cha,data/raw/talkbank/CHILDES/EllisWeismer/download_2026-05-31/TD/30pc/11062.cha,transcript,.cha,28374,33bf5bb171e3904c095b87f4a2616966b5992b0b728fc842cd3674991252eb18,True,pass,pass,,eng,"MOT Mother, CHI Target_Child",2,True,True,True,True,True,True,95,199
CHILDES,EllisWeismer,raw_download,2026-05-31,/private/tmp/talkbank_intake_20260531/EllisWeismer/TD/30pc/11063.cha,data/raw/talkbank/CHILDES/EllisWeismer/download_2026-05-31/TD/30pc/11063.cha,transcript,.cha,26583,be10e50719318fa31dc060bf2038f374b4a6db5f787c8ce5c0d3b0027675370f,True,pass,pass,,eng,"MOT Mother, CHI Target_Child",2,True,True,True,True,True,True,107,256
CHILDES,EllisWeismer,raw_download,2026-05-31,/private/tmp/talkbank_intake_20260531/EllisWeismer/TD/30pc/11100.cha,data/raw/talkbank/CHILDES/EllisWeismer/download_2026-05-31/TD/30pc/11100.cha,transcript,.cha,50484,7b742069f0a302d4f8c76b74a39bd93562d49f29fa4eb4634536897aa0b3a12a,True,pass,pass,,eng,"MOT Mother, CHI Target_Child",2,True,True,True,True,True,True,82,130
CHILDES,EllisWeismer,raw_download,2026-05-31,/private/tmp/talkbank_intake_20260531/EllisWeismer/TD/30pc/12003.cha,data/raw/talkbank/CHILDES/EllisWeismer/download_2026-05-31/TD/30pc/12003.cha,transcript,.cha,51575,af4d7194cd3ae2a1bbc7b65ca419dc5099281dba0aa3b4192491bebd94d14274,True,pass,pass,,eng,"CHI Target_Child, MOT Mother",2,True,True,True,True,True,True,148,463
CHILDES,EllisWeismer,raw_download,2026-05-31,/private/tmp/talkbank_intake_20260531/EllisWeismer/TD/30pc/12004.cha,data/raw/talkbank/CHILDES/EllisWeismer/download_2026-05-31/TD/30pc/12004.cha,transcript,.cha,53711,abd3b7953402e70fd18303a5366fbe412619698b484deea9b35e20abf2ecac6c,True,pass,pass,,eng,"MOT Mother, CHI Target_Child",2,True,True,True,True,True,True,146,322
CHILDES,EllisWeismer,raw_download,2026-05-31,/private/tmp/talkbank_intake_20260531/EllisWeismer/TD/30pc/12007.cha,data/raw/talkbank/CHILDES/EllisWeismer/download_2026-05-31/TD/30pc/12007.cha,transcript,.cha,44191,086f7ff449f9c4be8fadba23750d1d6a2506081eba90bf930c3e2b1867922a9f,True,pass,pass,,eng,"MOT Mother, CHI Target_Child",2,True,True,True,True,True,True,135,279
CHILDES,EllisWeismer,raw_download,2026-05-31,/private/tmp/talkbank_intake_20260531/EllisWeismer/TD/30pc/12008.cha,data/raw/talkbank/CHILDES/EllisWeismer/download_2026-05-31/TD/30pc/12008.cha,transcript,.cha,52071,18c98564466cb340dd406f14d614f0a1059a3020c0ffd7436e4486161551a89e,True,pass,pass,,eng,"MOT Mother, CHI Target_Child",2,True,True,True,True,True,True,99,241
CHILDES,EllisWeismer,raw_download,2026-05-31,/private/tmp/talkbank_intake_20260531/EllisWeismer/TD/30pc/12011.cha,data/raw/talkbank/CHILDES/EllisWeismer/download_2026-05-31/TD/30pc/12011.cha,transcript,.cha,48936,6a4fa08e138b015867edde405fb26d819797bde02a6bfca9a63d8ea9845207da,True,pass,pass,,eng,"MOT Mother, CHI Target_Child",2,True,True,True,True,True,True,130,355
CHILDES,EllisWeismer,raw_download,2026-05-31,/private/tmp/talkbank_intake_20260531/EllisWeismer/TD/30pc/12014.cha,data/raw/talkbank/CHILDES/EllisWeismer/download_2026-05-31/TD/30pc/12014.cha,transcript,.cha,50582,81b084f1063f455c0cd57304c00382c2fc5ffda47a3fcd6735a817b3148b27e7,True,pass,pass,,eng,"MOT Mother, CHI Target_Child",2,True,True,True,True,True,True,93,232
CHILDES,EllisWeismer,raw_download,2026-05-31,/private/tmp/talkbank_intake_20260531/EllisWeismer/TD/30pc/12015.cha,data/raw/talkbank/CHILDES/EllisWeismer/download_2026-05-31/TD/30pc/12015.cha,transcript,.cha,57061,3e240f6a2320c126e86f95e13910b79c1c58f72ff295c916bec2a4985e3f15ed,True,pass,pass,,eng,"MOT Mother, CHI Target_Child",2,True,True,True,True,True,True,146,294
CHILDES,EllisWeismer,raw_download,2026-05-31,/private/tmp/talkbank_intake_20260531/EllisWeismer/TD/30pc/12021.cha,data/raw/talkbank/CHILDES/EllisWeismer/download_2026-05-31/TD/30pc/12021.cha,transcript,.cha,54807,30dfc1a76a29772701721478d6f9071e98e039824654031320cac3cd765069cd,True,pass,pass,,eng,"MOT Mother, CHI Target_Child",2,True,True,True,True,True,True,157,316
CHILDES,EllisWeismer,raw_download,2026-05-31,/private/tmp/talkbank_intake_20260531/EllisWeismer/TD/30pc/12026.cha,data/raw/talkbank/CHILDES/EllisWeismer/download_2026-05-31/TD/30pc/12026.cha,transcript,.cha,47607,2a8d013c3ac2bd93003cb4e9cdce1c390c4cc5a59a81317383e79edc5e93099f,True,pass,pass,,eng,"MOT Mother, CHI Target_Child",2,True,True,True,True,True,True,97,317
CHILDES,EllisWeismer,raw_download,2026-05-31,/private/tmp/talkbank_intake_20260531/EllisWeismer/TD/30pc/12028.cha,data/raw/talkbank/CHILDES/EllisWeismer/download_2026-05-31/TD/30pc/12028.cha,transcript,.cha,33256,bd8ad3b7d5f0e232746084d7a93fc997de42d08485bef71358e400dcafae0a6f,True,pass,pass,,eng,"MOT Mother, CHI Target_Child",2,True,True,True,True,True,True,42,120
CHILDES,EllisWeismer,raw_download,2026-05-31,/private/tmp/talkbank_intake_20260531/EllisWeismer/TD/30pc/12029.cha,data/raw/talkbank/CHILDES/EllisWeismer/download_2026-05-31/TD/30pc/12029.cha,transcript,.cha,38258,28059309244fe4bc923372b93bc8355b15f81ff1ce05105a99924d61aeb9792b,True,pass,pass,,eng,"MOT Father, CHI Target_Child",2,True,True,True,True,True,True,128,297
CHILDES,EllisWeismer,raw_download,2026-05-31,/private/tmp/talkbank_intake_20260531/EllisWeismer/TD/30pc/12033.cha,data/raw/talkbank/CHILDES/EllisWeismer/download_2026-05-31/TD/30pc/12033.cha,transcript,.cha,59316,9c101a0d6279ffdc95d5b9f61d32990908e0c1227d8c709b8917e75747becb3d,True,pass,pass,,eng,"CHI Target_Child, MOT Mother",2,True,True,True,True,True,True,161,558
CHILDES,EllisWeismer,raw_download,2026-05-31,/private/tmp/talkbank_intake_20260531/EllisWeismer/TD/30pc/12037.cha,data/raw/talkbank/CHILDES/EllisWeismer/download_2026-05-31/TD/30pc/12037.cha,transcript,.cha,58302,f1f2448c902d825d98b002a69ea37102331ea653ada7debb44fea8242d29fd62,True,pass,pass,,eng,"CHI Target_Child, MOT Mother",2,True,True,True,True,True,True,262,878
CHILDES,EllisWeismer,raw_download,2026-05-31,/private/tmp/talkbank_intake_20260531/EllisWeismer/TD/30pc/12040.cha,data/raw/talkbank/CHILDES/EllisWeismer/download_2026-05-31/TD/30pc/12040.cha,transcript,.cha,35787,012b137c704a665da57b0ee4cd9f54ed1c8fa3217cb3341d0c57b34294a2e628,True,pass,pass,,eng,"MOT Mother, CHI Target_Child",2,True,True,True,True,True,True,66,248
CHILDES,EllisWeismer,raw_download,2026-05-31,/private/tmp/talkbank_intake_20260531/EllisWeismer/TD/30pc/12047.cha,data/raw/talkbank/CHILDES/EllisWeismer/download_2026-05-31/TD/30pc/12047.cha,transcript,.cha,57916,29178a08eacc92a19c51d2e005e1858c1e22bc5f6dbfb0c7ffb0da607df4df0f,True,pass,pass,,eng,"MOT Mother, CHI Target_Child",2,True,True,True,True,True,True,121,370
CHILDES,EllisWeismer,raw_download,2026-05-31,/private/tmp/talkbank_intake_20260531/EllisWeismer/TD/30pc/12050.cha,data/raw/talkbank/CHILDES/EllisWeismer/download_2026-05-31/TD/30pc/12050.cha,transcript,.cha,65836,783f132cedec699a96d17246872d9598901774afa636cb7c2c69b444eea84b98,True,pass,pass,,eng,"MOT Mother, CHI Target_Child",2,True,True,True,True,True,True,154,347
CHILDES,EllisWeismer,raw_download,2026-05-31,/private/tmp/talkbank_intake_20260531/EllisWeismer/TD/30pc/12054.cha,data/raw/talkbank/CHILDES/EllisWeismer/download_2026-05-31/TD/30pc/12054.cha,transcript,.cha,52125,4a37c0fd0c5182d4d3caa45d87d9a9dd1e059d0323e29c492269c9cabd7aa978,True,pass,pass,,eng,"MOT Mother, CHI Target_Child",2,True,True,True,True,True,True,86,210
CHILDES,EllisWeismer,raw_download,2026-05-31,/private/tmp/talkbank_intake_20260531/EllisWeismer/TD/30pc/12056.cha,data/raw/talkbank/CHILDES/EllisWeismer/download_2026-05-31/TD/30pc/12056.cha,transcript,.cha,39179,26327c7dcfacc630cbbb8818cf6ce0cba3bb1d036bd39ee19a492336bd632f55,True,pass,pass,,eng,"MOT Mother, CHI Target_Child",2,True,True,True,True,True,True,112,206
CHILDES,EllisWeismer,raw_download,2026-05-31,/private/tmp/talkbank_intake_20260531/EllisWeismer/TD/30pc/12061.cha,data/raw/talkbank/CHILDES/EllisWeismer/download_2026-05-31/TD/30pc/12061.cha,transcript,.cha,53242,70b385eb5aa838c8d63ea58aba5dd5acbf3c4a98b094cab1582ec591dd541b9f,True,pass,pass,,eng,"CHI Target_Child, MOT Mother",2,True,True,True,True,True,True,98,336
CHILDES,EllisWeismer,raw_download,2026-05-31,/private/tmp/talkbank_intake_20260531/EllisWeismer/TD/30pc/12071.cha,data/raw/talkbank/CHILDES/EllisWeismer/download_2026-05-31/TD/30pc/12071.cha,transcript,.cha,41570,012d0c1c194cae910653ad7b3331d84b5d7ae5843f692f28c91aef0dc1a72007,True,pass,pass,,eng,"MOT Mother, CHI Target_Child",2,True,True,True,True,True,True,138,297
CHILDES,EllisWeismer,raw_download,2026-05-31,/private/tmp/talkbank_intake_20260531/EllisWeismer/TD/30pc/12077.cha,data/raw/talkbank/CHILDES/EllisWeismer/download_2026-05-31/TD/30pc/12077.cha,transcript,.cha,49929,bf4373660dd367459d50fa3f99a723e9808a35a39b8015ac02eb0b61a61818f4,True,pass,pass,,eng,"MOT Mother, CHI Target_Child",2,True,True,True,True,True,True,93,165
CHILDES,EllisWeismer,raw_download,2026-05-31,/private/tmp/talkbank_intake_20260531/EllisWeismer/TD/30pc/12095.cha,data/raw/talkbank/CHILDES/EllisWeismer/download_2026-05-31/TD/30pc/12095.cha,transcript,.cha,33651,21553c7ea5940e830500861c5bd51152795ac3e846f8504608ae869656e9be1b,True,pass,pass,,eng,"MOT Mother, CHI Target_Child",2,True,True,True,True,True,True,58,246
CHILDES,EllisWeismer,raw_download,2026-05-31,/private/tmp/talkbank_intake_20260531/EllisWeismer/TD/30pc/21092.cha,data/raw/talkbank/CHILDES/EllisWeismer/download_2026-05-31/TD/30pc/21092.cha,transcript,.cha,45008,f9e2587be14a6045d41bf79b333eca975097fd5e02395e85fed8e27918f4af07,True,pass,pass,,eng,"MOT Mother, CHI Target_Child",2,True,True,True,True,True,True,82,141
CHILDES,EllisWeismer,raw_download,2026-05-31,/private/tmp/talkbank_intake_20260531/EllisWeismer/TD/30pc/21097.cha,data/raw/talkbank/CHILDES/EllisWeismer/download_2026-05-31/TD/30pc/21097.cha,transcript,.cha,53015,8df5ea681f794b155f4d47724877c713d098a19f96483062a25be6df92695792,True,pass,pass,,eng,"MOT Mother, CHI Target_Child",2,True,True,True,True,True,True,186,506
CHILDES,EllisWeismer,raw_download,2026-05-31,/private/tmp/talkbank_intake_20260531/EllisWeismer/TD/30pc/21099.cha,data/raw/talkbank/CHILDES/EllisWeismer/download_2026-05-31/TD/30pc/21099.cha,transcript,.cha,47360,2ccde75c73cb3bf5f269b4f218b6c804454d5de6874a4d40df6ff1330e2b18c6,True,pass,pass,,eng,"CHI Target_Child, MOT Mother",2,True,True,True,True,True,True,113,298
CHILDES,EllisWeismer,raw_download,2026-05-31,/private/tmp/talkbank_intake_20260531/EllisWeismer/TD/30pc/21102.cha,data/raw/talkbank/CHILDES/EllisWeismer/download_2026-05-31/TD/30pc/21102.cha,transcript,.cha,38467,0a7a4b2bb23db55034ec5b07e460adffab53549c3dfe2e58a01bc36621e96d97,True,pass,pass,,eng,"MOT Mother, CHI Target_Child",2,True,True,True,True,True,True,117,202
CHILDES,EllisWeismer,raw_download,2026-05-31,/private/tmp/talkbank_intake_20260531/EllisWeismer/TD/30pc/21106.cha,data/raw/talkbank/CHILDES/EllisWeismer/download_2026-05-31/TD/30pc/21106.cha,transcript,.cha,48843,942ab886e5ee7378b06bdfe06801420bd3212b320d32032f8db2fb0e62969bee,True,pass,pass,,eng,"MOT Mother, CHI Target_Child",2,True,True,True,True,True,True,173,354
CHILDES,EllisWeismer,raw_download,2026-05-31,/private/tmp/talkbank_intake_20260531/EllisWeismer/TD/30pc/21116.cha,data/raw/talkbank/CHILDES/EllisWeismer/download_2026-05-31/TD/30pc/21116.cha,transcript,.cha,38804,8acdc00eaec365bc4cb3e12a6821d8c0a5f0693795d30c40ca4607d0768931b2,True,pass,pass,,eng,"MOT Mother, CHI Target_Child",2,True,True,True,True,True,True,65,121
CHILDES,EllisWeismer,raw_download,2026-05-31,/private/tmp/talkbank_intake_20260531/EllisWeismer/TD/30pc/21121.cha,data/raw/talkbank/CHILDES/EllisWeismer/download_2026-05-31/TD/30pc/21121.cha,transcript,.cha,56003,f7ac2c3f82f768c655eb5d26f2ff90b35a0afbd3e6c685557087d810a2292b43,True,pass,pass,,eng,"CHI Target_Child, MOT Mother",2,True,True,True,True,True,True,140,433
CHILDES,EllisWeismer,raw_download,2026-05-31,/private/tmp/talkbank_intake_20260531/EllisWeismer/TD/30pc/21126.cha,data/raw/talkbank/CHILDES/EllisWeismer/download_2026-05-31/TD/30pc/21126.cha,transcript,.cha,43657,e2ee233df55e942a788d0507e3f7ce9fbfad4e0941ae7713b2a51f19e6d229e6,True,pass,pass,,eng,"MOT Mother, CHI Target_Child",2,True,True,True,True,True,True,100,251
CHILDES,EllisWeismer,raw_download,2026-05-31,/private/tmp/talkbank_intake_20260531/EllisWeismer/TD/30pc/21134.cha,data/raw/talkbank/CHILDES/EllisWeismer/download_2026-05-31/TD/30pc/21134.cha,transcript,.cha,55156,51aa337032d5515b1bbe215a4775414b0c097b2a7246280f3975570e85e5b6fc,True,pass,pass,,eng,"MOT Mother, CHI Target_Child",2,True,True,True,True,True,True,87,250
CHILDES,EllisWeismer,raw_download,2026-05-31,/private/tmp/talkbank_intake_20260531/EllisWeismer/TD/30pc/21173.cha,data/raw/talkbank/CHILDES/EllisWeismer/download_2026-05-31/TD/30pc/21173.cha,transcript,.cha,43494,024d2994a3f520328f6016af9d08c8b3010b0cf287ed6f89b3af9b70bb5edb7b,True,pass,pass,,eng,"CHI Target_Child, MOT Mother",2,True,True,True,True,True,True,187,601
CHILDES,EllisWeismer,raw_download,2026-05-31,/private/tmp/talkbank_intake_20260531/EllisWeismer/TD/30pc/21193.cha,data/raw/talkbank/CHILDES/EllisWeismer/download_2026-05-31/TD/30pc/21193.cha,transcript,.cha,70630,7a73cc94d979729ddce006cb75ecd0d7deaa39cd43d92bc3f97b6b61b33c2b77,True,pass,pass,,eng,"MOT Mother, CHI Target_Child",2,True,True,True,True,True,True,167,325
CHILDES,EllisWeismer,raw_download,2026-05-31,/private/tmp/talkbank_intake_20260531/EllisWeismer/TD/30pc/22089.cha,data/raw/talkbank/CHILDES/EllisWeismer/download_2026-05-31/TD/30pc/22089.cha,transcript,.cha,46791,ca9572f0422a9ba92ecb6b03e892b112a804cb45dfafde7000e35bd5083fd7b7,True,pass,pass,,eng,"MOT Mother, CHI Target_Child",2,True,True,True,True,True,True,108,310
CHILDES,EllisWeismer,raw_download,2026-05-31,/private/tmp/talkbank_intake_20260531/EllisWeismer/TD/30pc/22093.cha,data/raw/talkbank/CHILDES/EllisWeismer/download_2026-05-31/TD/30pc/22093.cha,transcript,.cha,42701,d01ffe28674c45477f5b5c842945d2cd7a96ea12ccf8d489715ae11adc2e75c5,True,pass,pass,,eng,"MOT Mother, CHI Target_Child",2,True,True,True,True,True,True,119,218
CHILDES,EllisWeismer,raw_download,2026-05-31,/private/tmp/talkbank_intake_20260531/EllisWeismer/TD/30pc/22101.cha,data/raw/talkbank/CHILDES/EllisWeismer/download_2026-05-31/TD/30pc/22101.cha,transcript,.cha,77409,a6aed5a96d6a5d03d70ab5f9f7751697cbc79b10c5e2b8fcdeabb33d7084a100,True,pass,pass,,eng,"MOT Mother, CHI Target_Child",2,True,True,True,True,True,True,195,499
CHILDES,EllisWeismer,raw_download,2026-05-31,/private/tmp/talkbank_intake_20260531/EllisWeismer/TD/30pc/22103.cha,data/raw/talkbank/CHILDES/EllisWeismer/download_2026-05-31/TD/30pc/22103.cha,transcript,.cha,57475,f18ad3fd32fe808a70a0f3dc512383952a6147f70b362a0e5556ec5a97bc8b25,True,pass,pass,,eng,"CHI Target_Child, MOT Mother",2,True,True,True,True,True,True,222,658
CHILDES,EllisWeismer,raw_download,2026-05-31,/private/tmp/talkbank_intake_20260531/EllisWeismer/TD/30pc/22104.cha,data/raw/talkbank/CHILDES/EllisWeismer/download_2026-05-31/TD/30pc/22104.cha,transcript,.cha,53767,4c12025e12fb54fcf74ddd156963406bfb925930b69d2c5e9041b53df221e7c5,True,pass,pass,,eng,"MOT Mother, CHI Target_Child",2,True,True,True,True,True,True,179,444
CHILDES,EllisWeismer,raw_download,2026-05-31,/private/tmp/talkbank_intake_20260531/EllisWeismer/TD/30pc/22109.cha,data/raw/talkbank/CHILDES/EllisWeismer/download_2026-05-31/TD/30pc/22109.cha,transcript,.cha,37673,4e3851ea318e82943a5abede85656182cbe4e0c2c0224c560c41f48106651909,True,pass,pass,,eng,"FAT Father, CHI Target_Child, MOT Mother",3,True,True,True,True,True,True,90,266
CHILDES,EllisWeismer,raw_download,2026-05-31,/private/tmp/talkbank_intake_20260531/EllisWeismer/TD/30pc/22113.cha,data/raw/talkbank/CHILDES/EllisWeismer/download_2026-05-31/TD/30pc/22113.cha,transcript,.cha,39658,ccd1493f01b997855616194ee33433420cf1cc3f7544b358cb767d560e551585,True,pass,pass,,eng,"CHI Target_Child, MOT Mother",2,True,True,True,True,True,True,131,367
CHILDES,EllisWeismer,raw_download,2026-05-31,/private/tmp/talkbank_intake_20260531/EllisWeismer/TD/30pc/22120.cha,data/raw/talkbank/CHILDES/EllisWeismer/download_2026-05-31/TD/30pc/22120.cha,transcript,.cha,54211,2f6f14433bcc452f6ab77c24d779c5c6e9cc2e1d9855ed264f6f1d6f65220f10,True,pass,pass,,eng,"MOT Mother, CHI Target_Child",2,True,True,True,True,True,True,151,406
CHILDES,EllisWeismer,raw_download,2026-05-31,/private/tmp/talkbank_intake_20260531/EllisWeismer/TD/30pc/22128.cha,data/raw/talkbank/CHILDES/EllisWeismer/download_2026-05-31/TD/30pc/22128.cha,transcript,.cha,40327,36f958186d585273388046e718b949d76cc31e0e1c875b831d159713c8513703,True,pass,pass,,eng,"CHI Target_Child, MOT Mother",2,True,True,True,True,True,True,139,475
CHILDES,EllisWeismer,raw_download,2026-05-31,/private/tmp/talkbank_intake_20260531/EllisWeismer/TD/30pc/22141.cha,data/raw/talkbank/CHILDES/EllisWeismer/download_2026-05-31/TD/30pc/22141.cha,transcript,.cha,60776,aff164beb727ff81c019618112f1deb2925a6af958379f1cae8a32ea6b20006e,True,pass,pass,,eng,"MOT Mother, CHI Target_Child",2,True,True,True,True,True,True,111,259
CHILDES,EllisWeismer,raw_download,2026-05-31,/private/tmp/talkbank_intake_20260531/EllisWeismer/TD/30pc/22148.cha,data/raw/talkbank/CHILDES/EllisWeismer/download_2026-05-31/TD/30pc/22148.cha,transcript,.cha,88522,6e9e1847ff70f08ea1b5f6cf6c7c096d5f6bf6abfa5f15bb4c5116eaa2f11b0f,True,pass,pass,,eng,"CHI Target_Child, MOT Mother",2,True,True,True,True,True,True,156,404
CHILDES,EllisWeismer,raw_download,2026-05-31,/private/tmp/talkbank_intake_20260531/EllisWeismer/TD/30pc/22180.cha,data/raw/talkbank/CHILDES/EllisWeismer/download_2026-05-31/TD/30pc/22180.cha,transcript,.cha,84715,24cefce897c2f9224fb2dafc285b04d34d8c27199f929ae2fcde6188bcf9de87,True,pass,pass,,eng,"MOT Mother, CHI Target_Child",2,True,True,True,True,True,True,135,341
CHILDES,EllisWeismer,raw_download,2026-05-31,/private/tmp/talkbank_intake_20260531/EllisWeismer/TD/30pc/22192.cha,data/raw/talkbank/CHILDES/EllisWeismer/download_2026-05-31/TD/30pc/22192.cha,transcript,.cha,74259,f6fc7058663c3980fbcd81ddbd17a8454acd7da0f96a7d6910a328bf60a24808,True,pass,pass,,eng,"CHI Target_Child, MOT Mother",2,True,True,True,True,True,True,118,297
CHILDES,EllisWeismer,raw_download,2026-05-31,/private/tmp/talkbank_intake_20260531/EllisWeismer/TD/42ec/11006.cha,data/raw/talkbank/CHILDES/EllisWeismer/download_2026-05-31/TD/42ec/11006.cha,transcript,.cha,45205,c12cd955f4d21936702d8e90457a2458856de1502ba8748d09e6b31ba38ea6f4,True,pass,pass,,eng,"INV Investigator, CHI Target_Child",2,True,True,True,True,True,True,178,696
CHILDES,EllisWeismer,raw_download,2026-05-31,/private/tmp/talkbank_intake_20260531/EllisWeismer/TD/42ec/11013.cha,data/raw/talkbank/CHILDES/EllisWeismer/download_2026-05-31/TD/42ec/11013.cha,transcript,.cha,71035,5c93190acff0ef759b474fc0887139fe4580dd4d051e907e7daf2fefb61aac9d,True,pass,pass,,eng,"INV Investigator, CHI Target_Child",2,True,True,True,True,True,True,169,634
CHILDES,EllisWeismer,raw_download,2026-05-31,/private/tmp/talkbank_intake_20260531/EllisWeismer/TD/42ec/11023.cha,data/raw/talkbank/CHILDES/EllisWeismer/download_2026-05-31/TD/42ec/11023.cha,transcript,.cha,49152,a8892420235b4c65005c812fc9969c17005098bda3066722e8e83024e271b0fc,True,pass,pass,,eng,"CHI Target_Child, INV Investigator",2,True,True,True,True,True,True,41,131
CHILDES,EllisWeismer,raw_download,2026-05-31,/private/tmp/talkbank_intake_20260531/EllisWeismer/TD/42ec/11025.cha,data/raw/talkbank/CHILDES/EllisWeismer/download_2026-05-31/TD/42ec/11025.cha,transcript,.cha,45461,49a5eab92630673e6d878587eeac7f37f27f4a475f210d6fc9f249d36a020fda,True,pass,pass,,eng,"INV Investigator, CHI Target_Child",2,True,True,True,True,True,True,139,525
CHILDES,EllisWeismer,raw_download,2026-05-31,/private/tmp/talkbank_intake_20260531/EllisWeismer/TD/42ec/11051.cha,data/raw/talkbank/CHILDES/EllisWeismer/download_2026-05-31/TD/42ec/11051.cha,transcript,.cha,59460,e151b4efe2c81dae126af112b75f765960ba096a5d84b6db20a371781bcc9adc,True,pass,pass,,eng,"CHI Target_Child, INV Investigator, MOT Mother",3,True,True,True,True,True,True,162,474
CHILDES,EllisWeismer,raw_download,2026-05-31,/private/tmp/talkbank_intake_20260531/EllisWeismer/TD/42ec/11053.cha,data/raw/talkbank/CHILDES/EllisWeismer/download_2026-05-31/TD/42ec/11053.cha,transcript,.cha,40459,8304b7941458e63c63fab47c1eaca6c59460e5f80dcc13dae88f19b2bac4af7a,True,pass,pass,,eng,"CHI Target_Child, INV Investigator",2,True,True,True,True,True,True,125,486
CHILDES,EllisWeismer,raw_download,2026-05-31,/private/tmp/talkbank_intake_20260531/EllisWeismer/TD/42ec/11055.cha,data/raw/talkbank/CHILDES/EllisWeismer/download_2026-05-31/TD/42ec/11055.cha,transcript,.cha,49791,561986d50eafb8d4ad2fb683a0fe25d56a8a954f33f493b123a9036687d38c24,True,pass,pass,,eng,"INV Investigator, CHI Target_Child",2,True,True,True,True,True,True,113,390
CHILDES,EllisWeismer,raw_download,2026-05-31,/private/tmp/talkbank_intake_20260531/EllisWeismer/TD/42ec/11057.cha,data/raw/talkbank/CHILDES/EllisWeismer/download_2026-05-31/TD/42ec/11057.cha,transcript,.cha,64671,db78608a9613d0dc1ec07059f2a683f4ab15dd3b57dddfd1c363d9d50d576c39,True,pass,pass,,eng,"INV Investigator, CHI Target_Child",2,True,True,True,True,True,True,185,837
CHILDES,EllisWeismer,raw_download,2026-05-31,/private/tmp/talkbank_intake_20260531/EllisWeismer/TD/42ec/12003.cha,data/raw/talkbank/CHILDES/EllisWeismer/download_2026-05-31/TD/42ec/12003.cha,transcript,.cha,65303,c7c7bb6e5d1bbea3bdfc9951c8789af661c78fcb4270fe4c67667bd611cf8d72,True,pass,pass,,eng,"CHI Target_Child, INV Investigator",2,True,True,True,True,True,True,167,799
CHILDES,EllisWeismer,raw_download,2026-05-31,/private/tmp/talkbank_intake_20260531/EllisWeismer/TD/42ec/12004.cha,data/raw/talkbank/CHILDES/EllisWeismer/download_2026-05-31/TD/42ec/12004.cha,transcript,.cha,33404,0ec931def90d41e8dfd083aa6199cc644dfe39e9735434648bd0bba8adf2b74d,True,pass,pass,,eng,"INV Investigator, CHI Target_Child",2,True,True,True,True,True,True,115,233
CHILDES,EllisWeismer,raw_download,2026-05-31,/private/tmp/talkbank_intake_20260531/EllisWeismer/TD/42ec/12007.cha,data/raw/talkbank/CHILDES/EllisWeismer/download_2026-05-31/TD/42ec/12007.cha,transcript,.cha,75927,1dcd3d2afae404841d6f1da0d9b80702f34adcf956bb231a2e0691d2e11fe500,True,pass,pass,,eng,"INV Investigator, CHI Target_Child",2,True,True,True,True,True,True,151,457
CHILDES,EllisWeismer,raw_download,2026-05-31,/private/tmp/talkbank_intake_20260531/EllisWeismer/TD/42ec/12008.cha,data/raw/talkbank/CHILDES/EllisWeismer/download_2026-05-31/TD/42ec/12008.cha,transcript,.cha,53096,0b82f7b4ea311d15ffe530443542baafd58fdc749305f97ac497b6960bdb42be,True,pass,pass,,eng,"INV Investigator, CHI Target_Child",2,True,True,True,True,True,True,111,284
CHILDES,EllisWeismer,raw_download,2026-05-31,/private/tmp/talkbank_intake_20260531/EllisWeismer/TD/42ec/12011.cha,data/raw/talkbank/CHILDES/EllisWeismer/download_2026-05-31/TD/42ec/12011.cha,transcript,.cha,53374,214e145a4136a43843dfce75b2e61d6be06f2c1473838fed2d8f2fe0bd8bd822,True,pass,pass,,eng,"INV Investigator, CHI Target_Child",2,True,True,True,True,True,True,161,641
CHILDES,EllisWeismer,raw_download,2026-05-31,/private/tmp/talkbank_intake_20260531/EllisWeismer/TD/42ec/12014.cha,data/raw/talkbank/CHILDES/EllisWeismer/download_2026-05-31/TD/42ec/12014.cha,transcript,.cha,55852,c3462f6aacf6c81d07e4b0df948b0cb412bd1663b697c9441ddac563fd45f503,True,pass,pass,,eng,"INV Investigator, CHI Target_Child",2,True,True,True,True,True,True,157,451
CHILDES,EllisWeismer,raw_download,2026-05-31,/private/tmp/talkbank_intake_20260531/EllisWeismer/TD/42ec/12015.cha,data/raw/talkbank/CHILDES/EllisWeismer/download_2026-05-31/TD/42ec/12015.cha,transcript,.cha,45433,7171d5b596d96dd5758f82ec429a034918b8f67497bb014ccb6757cc689b900b,True,pass,pass,,eng,"INV Investigator, CHI Target_Child",2,True,True,True,True,True,True,135,437
CHILDES,EllisWeismer,raw_download,2026-05-31,/private/tmp/talkbank_intake_20260531/EllisWeismer/TD/42ec/12029.cha,data/raw/talkbank/CHILDES/EllisWeismer/download_2026-05-31/TD/42ec/12029.cha,transcript,.cha,56981,a81e13fcaaa4a8d70afdcf12f30eb6ba1f93642e0c2d77d4d4c2c486d884ecf4,True,pass,pass,,eng,"INV Investigator, CHI Target_Child",2,True,True,True,True,True,True,106,337
CHILDES,EllisWeismer,raw_download,2026-05-31,/private/tmp/talkbank_intake_20260531/EllisWeismer/TD/42ec/12033.cha,data/raw/talkbank/CHILDES/EllisWeismer/download_2026-05-31/TD/42ec/12033.cha,transcript,.cha,76701,5486cdfb214ef40fa21eb91709fa42ac5a016f84fc9e179c7d5ac2d12c752b36,True,pass,pass,,eng,"INV Investigator, CHI Target_Child",2,True,True,True,True,True,True,157,913
CHILDES,EllisWeismer,raw_download,2026-05-31,/private/tmp/talkbank_intake_20260531/EllisWeismer/TD/42ec/12037.cha,data/raw/talkbank/CHILDES/EllisWeismer/download_2026-05-31/TD/42ec/12037.cha,transcript,.cha,70736,217b512a81bf9cd991fa74684ce668eb05239d5ca88cde7af56bcae019e8067e,True,pass,pass,,eng,"CHI Target_Child, INV Investigator",2,True,True,True,True,True,True,234,1159
CHILDES,EllisWeismer,raw_download,2026-05-31,/private/tmp/talkbank_intake_20260531/EllisWeismer/TD/42ec/12050.cha,data/raw/talkbank/CHILDES/EllisWeismer/download_2026-05-31/TD/42ec/12050.cha,transcript,.cha,55920,63623e96a134980e1dc2ef132d2757dcb25c26ff89b7e74170c0447b19a18339,True,pass,pass,,eng,"INV Investigator, CHI Target_Child",2,True,True,True,True,True,True,128,551
CHILDES,EllisWeismer,raw_download,2026-05-31,/private/tmp/talkbank_intake_20260531/EllisWeismer/TD/42ec/12056.cha,data/raw/talkbank/CHILDES/EllisWeismer/download_2026-05-31/TD/42ec/12056.cha,transcript,.cha,40917,bb738a373791a4edc396a4455e3e28ee93bcf79772a78041780d272912124db0,True,pass,pass,,eng,"INV Investigator, CHI Target_Child",2,True,True,True,True,True,True,18,14
CHILDES,EllisWeismer,raw_download,2026-05-31,/private/tmp/talkbank_intake_20260531/EllisWeismer/TD/42ec/12061.cha,data/raw/talkbank/CHILDES/EllisWeismer/download_2026-05-31/TD/42ec/12061.cha,transcript,.cha,59949,6bef1b4705395a4a2916127065c0ab16d86400c92cf8ab3da1a1b8083d5d3972,True,pass,pass,,eng,"INV Investigator, CHI Target_Child",2,True,True,True,True,True,True,170,558
CHILDES,EllisWeismer,raw_download,2026-05-31,/private/tmp/talkbank_intake_20260531/EllisWeismer/TD/42ec/12071.cha,data/raw/talkbank/CHILDES/EllisWeismer/download_2026-05-31/TD/42ec/12071.cha,transcript,.cha,39665,70892952ad39aee47fa47bfc1dacbc9f296056d5df544c00960b7f8e92123273,True,pass,pass,,eng,"INV Investigator, CHI Target_Child",2,True,True,True,True,True,True,166,459
CHILDES,EllisWeismer,raw_download,2026-05-31,/private/tmp/talkbank_intake_20260531/EllisWeismer/TD/42ec/12077.cha,data/raw/talkbank/CHILDES/EllisWeismer/download_2026-05-31/TD/42ec/12077.cha,transcript,.cha,43905,5f151f53eb2149d5d3f4216691e9efef0ef770cf5801c86c58318df211b3a6f8,True,pass,pass,,eng,"INV Investigator, CHI Target_Child",2,True,True,True,True,True,True,119,444
CHILDES,EllisWeismer,raw_download,2026-05-31,/private/tmp/talkbank_intake_20260531/EllisWeismer/TD/42ec/12095.cha,data/raw/talkbank/CHILDES/EllisWeismer/download_2026-05-31/TD/42ec/12095.cha,transcript,.cha,78423,933efad7ff336c45afc3c5066827c43fb192969afdc2d5fec84591d552707acc,True,pass,pass,,eng,"CHI Target_Child, INV Investigator",2,True,True,True,True,True,True,217,869
CHILDES,EllisWeismer,raw_download,2026-05-31,/private/tmp/talkbank_intake_20260531/EllisWeismer/TD/42ec/21092.cha,data/raw/talkbank/CHILDES/EllisWeismer/download_2026-05-31/TD/42ec/21092.cha,transcript,.cha,50401,3f67de7548ee78917ffb5f7d5bafd29462418473d7bb7b22879e94784ec2d271,True,pass,pass,,eng,"CHI Target_Child, INV Investigator",2,True,True,True,True,True,True,171,548
CHILDES,EllisWeismer,raw_download,2026-05-31,/private/tmp/talkbank_intake_20260531/EllisWeismer/TD/42ec/21097.cha,data/raw/talkbank/CHILDES/EllisWeismer/download_2026-05-31/TD/42ec/21097.cha,transcript,.cha,44236,c5fe6d3abf39bf428aa4617a89313fbad451675bd71a2bbc35017f7116c89b90,True,pass,pass,,eng,"CHI Target_Child, INV Investigator",2,True,True,True,True,True,True,152,706
CHILDES,EllisWeismer,raw_download,2026-05-31,/private/tmp/talkbank_intake_20260531/EllisWeismer/TD/42ec/21116.cha,data/raw/talkbank/CHILDES/EllisWeismer/download_2026-05-31/TD/42ec/21116.cha,transcript,.cha,50555,c8878c0a39fa1b83883fa8369bcff64625a2aff3fc91ad257ea4ac5d43fe2ad3,True,pass,pass,,eng,"INV Investigator, CHI Target_Child",2,True,True,True,True,True,True,113,675
CHILDES,EllisWeismer,raw_download,2026-05-31,/private/tmp/talkbank_intake_20260531/EllisWeismer/TD/42ec/21121.cha,data/raw/talkbank/CHILDES/EllisWeismer/download_2026-05-31/TD/42ec/21121.cha,transcript,.cha,44767,0f0892f13b8ab0dc3dbe58cfaa412e4980ddd8100b8d8b60f447f6ae6aa26bfa,True,pass,pass,,eng,"CHI Target_Child, INV Investigator",2,True,True,True,True,True,True,109,605
CHILDES,EllisWeismer,raw_download,2026-05-31,/private/tmp/talkbank_intake_20260531/EllisWeismer/TD/42ec/21132.cha,data/raw/talkbank/CHILDES/EllisWeismer/download_2026-05-31/TD/42ec/21132.cha,transcript,.cha,9757,6e74859f22aacf70bd6f2bb3b145f5a032c952520c2164d1d84b50b3e4224fb7,True,pass,pass,,eng,"INV Investigator, CHI Target_Child",2,True,True,True,True,True,True,2,5
CHILDES,EllisWeismer,raw_download,2026-05-31,/private/tmp/talkbank_intake_20260531/EllisWeismer/TD/42ec/21135.cha,data/raw/talkbank/CHILDES/EllisWeismer/download_2026-05-31/TD/42ec/21135.cha,transcript,.cha,83539,42d399dc94d9a4eca55e7afdea7adb253c1580b5d281294b830014233b28029b,True,pass,pass,,eng,"INV Investigator, CHI Target_Child",2,True,True,True,True,True,True,157,598
CHILDES,EllisWeismer,raw_download,2026-05-31,/private/tmp/talkbank_intake_20260531/EllisWeismer/TD/42ec/21189.cha,data/raw/talkbank/CHILDES/EllisWeismer/download_2026-05-31/TD/42ec/21189.cha,transcript,.cha,40736,e2c59502986378a6d44996808dd158c497157e127d41c130e9d5719a9f333221,True,pass,pass,,eng,"INV Investigator, CHI Target_Child",2,True,True,True,True,True,True,101,469
CHILDES,EllisWeismer,raw_download,2026-05-31,/private/tmp/talkbank_intake_20260531/EllisWeismer/TD/42ec/21191.cha,data/raw/talkbank/CHILDES/EllisWeismer/download_2026-05-31/TD/42ec/21191.cha,transcript,.cha,50282,1e3779710b9f3485057be574e8c9ec2b1196919ac9f170456985139c249b9047,True,pass,pass,,eng,"INV Investigator, CHI Target_Child",2,True,True,True,True,True,True,107,542
CHILDES,EllisWeismer,raw_download,2026-05-31,/private/tmp/talkbank_intake_20260531/EllisWeismer/TD/42ec/22089.cha,data/raw/talkbank/CHILDES/EllisWeismer/download_2026-05-31/TD/42ec/22089.cha,transcript,.cha,35145,4d8e747848523bbb7c1ca878d3ffd54bfa1be4982834cb15b4999c3661c2cb49,True,pass,pass,,eng,"CHI Target_Child, INV Investigator",2,True,True,True,True,True,True,112,457
CHILDES,EllisWeismer,raw_download,2026-05-31,/private/tmp/talkbank_intake_20260531/EllisWeismer/TD/42ec/22101.cha,data/raw/talkbank/CHILDES/EllisWeismer/download_2026-05-31/TD/42ec/22101.cha,transcript,.cha,74982,f27fc6b5685a028b217076a88ad08d3db28df27051cb7c4a782eb57ecca55be3,True,pass,pass,,eng,"CHI Target_Child, INV Investigator",2,True,True,True,True,True,True,198,923
CHILDES,EllisWeismer,raw_download,2026-05-31,/private/tmp/talkbank_intake_20260531/EllisWeismer/TD/42ec/22103.cha,data/raw/talkbank/CHILDES/EllisWeismer/download_2026-05-31/TD/42ec/22103.cha,transcript,.cha,40682,741e47dbb1a8ce09901974689a0c12bae1a8a664343da8aba793cb24b151a9f6,True,pass,pass,,eng,"INV Investigator, CHI Target_Child",2,True,True,True,True,True,True,112,391
CHILDES,EllisWeismer,raw_download,2026-05-31,/private/tmp/talkbank_intake_20260531/EllisWeismer/TD/42ec/22108.cha,data/raw/talkbank/CHILDES/EllisWeismer/download_2026-05-31/TD/42ec/22108.cha,transcript,.cha,37161,ae01306063c3c6e308487a8d6fbf15d9e3fee1861f196a3bf562c6a05e51548d,True,pass,pass,,eng,"INV Investigator, CHI Target_Child",2,True,True,True,True,True,True,39,227
CHILDES,EllisWeismer,raw_download,2026-05-31,/private/tmp/talkbank_intake_20260531/EllisWeismer/TD/42ec/22109.cha,data/raw/talkbank/CHILDES/EllisWeismer/download_2026-05-31/TD/42ec/22109.cha,transcript,.cha,40307,5b2cfecfc7245fcc5bc623b9412bd4610fe022993c8c016d3265690f1e91d1b0,True,pass,pass,,eng,"INV Investigator, CHI Target_Child",2,True,True,True,True,True,True,105,333
CHILDES,EllisWeismer,raw_download,2026-05-31,/private/tmp/talkbank_intake_20260531/EllisWeismer/TD/42ec/22113.cha,data/raw/talkbank/CHILDES/EllisWeismer/download_2026-05-31/TD/42ec/22113.cha,transcript,.cha,36219,87bfe3e6e4c72dd355f6759911968ba1bd7b3d31035b38d65ac99c0f9d808cb5,True,pass,pass,,eng,"INV Investigator, CHI Target_Child",2,True,True,True,True,True,True,79,353
CHILDES,EllisWeismer,raw_download,2026-05-31,/private/tmp/talkbank_intake_20260531/EllisWeismer/TD/42ec/22118.cha,data/raw/talkbank/CHILDES/EllisWeismer/download_2026-05-31/TD/42ec/22118.cha,transcript,.cha,32873,f9f979873da555ff9eeb8d2f0a892e054c46c58016361e4685069824ec80f184,True,pass,pass,,eng,"CHI Target_Child, INV Investigator",2,True,True,True,True,True,True,84,359
CHILDES,EllisWeismer,raw_download,2026-05-31,/private/tmp/talkbank_intake_20260531/EllisWeismer/TD/42ec/22120.cha,data/raw/talkbank/CHILDES/EllisWeismer/download_2026-05-31/TD/42ec/22120.cha,transcript,.cha,67825,54bbd86afac105566929b72f5a260d9ad931cfb79cbbe97df2c6cc0952697afd,True,pass,pass,,eng,"INV Investigator, CHI Target_Child",2,True,True,True,True,True,True,187,746
CHILDES,EllisWeismer,raw_download,2026-05-31,/private/tmp/talkbank_intake_20260531/EllisWeismer/TD/42ec/22128.cha,data/raw/talkbank/CHILDES/EllisWeismer/download_2026-05-31/TD/42ec/22128.cha,transcript,.cha,37523,bb2e5385230ec1ddf6abc1a69946ef5a18d3cb433a2226e13026b11aa443e030,True,pass,pass,,eng,"INV Investigator, CHI Target_Child",2,True,True,True,True,True,True,42,81
CHILDES,EllisWeismer,raw_download,2026-05-31,/private/tmp/talkbank_intake_20260531/EllisWeismer/TD/42ec/22148.cha,data/raw/talkbank/CHILDES/EllisWeismer/download_2026-05-31/TD/42ec/22148.cha,transcript,.cha,30378,04ba80a444ddc7a68895025f303c9c1966aee9e5edcb8b99d851021a68a8e68b,True,pass,pass,,eng,"CHI Target_Child, INV Investigator",2,True,True,True,True,True,True,78,234
CHILDES,EllisWeismer,raw_download,2026-05-31,/private/tmp/talkbank_intake_20260531/EllisWeismer/TD/42ec/22180.cha,data/raw/talkbank/CHILDES/EllisWeismer/download_2026-05-31/TD/42ec/22180.cha,transcript,.cha,43942,7f2d26cff30ee9da36072805da29a004946aa6b01cd7bdeef026a713b3e0cb2f,True,pass,pass,,eng,"INV Investigator, CHI Target_Child",2,True,True,True,True,True,True,78,293
CHILDES,EllisWeismer,raw_download,2026-05-31,/private/tmp/talkbank_intake_20260531/EllisWeismer/TD/42pc/11013.cha,data/raw/talkbank/CHILDES/EllisWeismer/download_2026-05-31/TD/42pc/11013.cha,transcript,.cha,54891,847b63daf7473daa1b030dac544d0f07690ef04efaa368b1ad89193124a47dca,True,pass,pass,,eng,"MOT Mother, CHI Target_Child",2,True,True,True,True,True,True,218,711
CHILDES,EllisWeismer,raw_download,2026-05-31,/private/tmp/talkbank_intake_20260531/EllisWeismer/TD/42pc/11023.cha,data/raw/talkbank/CHILDES/EllisWeismer/download_2026-05-31/TD/42pc/11023.cha,transcript,.cha,51112,39a73edbaf6203ecaa22369f615d76768c8e6076f96104027bc9356f105552aa,True,pass,pass,,eng,"MOT Mother, CHI Target_Child",2,True,True,True,True,True,True,125,436
CHILDES,EllisWeismer,raw_download,2026-05-31,/private/tmp/talkbank_intake_20260531/EllisWeismer/TD/42pc/11053.cha,data/raw/talkbank/CHILDES/EllisWeismer/download_2026-05-31/TD/42pc/11053.cha,transcript,.cha,74498,9d3ce655ed30d195f3b4e499cae0ec4b7af42936b465a0f880079732a7d78318,True,pass,pass,,eng,"CHI Target_Child, MOT Mother",2,True,True,True,True,True,True,168,581
CHILDES,EllisWeismer,raw_download,2026-05-31,/private/tmp/talkbank_intake_20260531/EllisWeismer/TD/42pc/11055.cha,data/raw/talkbank/CHILDES/EllisWeismer/download_2026-05-31/TD/42pc/11055.cha,transcript,.cha,61250,f59bd60193f519ddda63d14812709bac7fc119e61d713683390da2c31dc89262,True,pass,pass,,eng,"CHI Target_Child, MOT Mother",2,True,True,True,True,True,True,151,554
CHILDES,EllisWeismer,raw_download,2026-05-31,/private/tmp/talkbank_intake_20260531/EllisWeismer/TD/42pc/11057.cha,data/raw/talkbank/CHILDES/EllisWeismer/download_2026-05-31/TD/42pc/11057.cha,transcript,.cha,41783,e20273bd4d64ffa5c4041383116a639a79ab7de9316ac9f67990ec8c3834f25b,True,pass,pass,,eng,"CHI Target_Child, MOT Mother",2,True,True,True,True,True,True,166,722
CHILDES,EllisWeismer,raw_download,2026-05-31,/private/tmp/talkbank_intake_20260531/EllisWeismer/TD/42pc/12003.cha,data/raw/talkbank/CHILDES/EllisWeismer/download_2026-05-31/TD/42pc/12003.cha,transcript,.cha,48862,0176f33dc62f24a9f73a8a68399c154baefbe99e7e093d7655ce852e6df33050,True,pass,pass,,eng,"CHI Target_Child, MOT Mother",2,True,True,True,True,True,True,178,623
CHILDES,EllisWeismer,raw_download,2026-05-31,/private/tmp/talkbank_intake_20260531/EllisWeismer/TD/42pc/12007.cha,data/raw/talkbank/CHILDES/EllisWeismer/download_2026-05-31/TD/42pc/12007.cha,transcript,.cha,46695,8969d81acc808ed8a45850562e06cf6245405f838004f92c04926b934be74c0d,True,pass,pass,,eng,"MOT Mother, CHI Target_Child",2,True,True,True,True,True,True,147,528
CHILDES,EllisWeismer,raw_download,2026-05-31,/private/tmp/talkbank_intake_20260531/EllisWeismer/TD/42pc/12011.cha,data/raw/talkbank/CHILDES/EllisWeismer/download_2026-05-31/TD/42pc/12011.cha,transcript,.cha,59227,6f6bac8d103449b7cc7f9bc9d4dfec27a56aab338e214e6560b2e26933efd6f6,True,pass,pass,,eng,"CHI Target_Child, MOT Mother",2,True,True,True,True,True,True,138,418
CHILDES,EllisWeismer,raw_download,2026-05-31,/private/tmp/talkbank_intake_20260531/EllisWeismer/TD/42pc/12014.cha,data/raw/talkbank/CHILDES/EllisWeismer/download_2026-05-31/TD/42pc/12014.cha,transcript,.cha,45366,821244129feb6023b7f43a703bac086c9b07824f482e31de4b0e860d31e79fb1,True,pass,pass,,eng,"MOT Mother, CHI Target_Child",2,True,True,True,True,True,True,164,510
CHILDES,EllisWeismer,raw_download,2026-05-31,/private/tmp/talkbank_intake_20260531/EllisWeismer/TD/42pc/12029.cha,data/raw/talkbank/CHILDES/EllisWeismer/download_2026-05-31/TD/42pc/12029.cha,transcript,.cha,57199,896a2d71f53f4f7cb36641d34a78efb0b6920b768616205c9e8ad8df1b43d948,True,pass,pass,,eng,"FAT Father, CHI Target_Child",2,True,True,True,True,True,True,223,938
CHILDES,EllisWeismer,raw_download,2026-05-31,/private/tmp/talkbank_intake_20260531/EllisWeismer/TD/42pc/12033.cha,data/raw/talkbank/CHILDES/EllisWeismer/download_2026-05-31/TD/42pc/12033.cha,transcript,.cha,77290,2dda59dda013bdc4cb1133141485bf2c545227d21563273925d7fbbb5d821442,True,pass,pass,,eng,"MOT Mother, CHI Target_Child",2,True,True,True,True,True,True,148,570
CHILDES,EllisWeismer,raw_download,2026-05-31,/private/tmp/talkbank_intake_20260531/EllisWeismer/TD/42pc/12050.cha,data/raw/talkbank/CHILDES/EllisWeismer/download_2026-05-31/TD/42pc/12050.cha,transcript,.cha,59870,14366a036fd11e209aafb27a5d2c0345b7a78ba0c170069a2576be8de1907bcd,True,pass,pass,,eng,"MOT Mother, CHI Target_Child",2,True,True,True,True,True,True,120,415
CHILDES,EllisWeismer,raw_download,2026-05-31,/private/tmp/talkbank_intake_20260531/EllisWeismer/TD/42pc/12056.cha,data/raw/talkbank/CHILDES/EllisWeismer/download_2026-05-31/TD/42pc/12056.cha,transcript,.cha,42707,fc37f5339ce4374f671c4c159b69fcd6c1ae6443f8926cd49d1f138455fe97aa,True,pass,pass,,eng,"CHI Target_Child, MOT Mother",2,True,True,True,True,True,True,129,377
CHILDES,EllisWeismer,raw_download,2026-05-31,/private/tmp/talkbank_intake_20260531/EllisWeismer/TD/42pc/12071.cha,data/raw/talkbank/CHILDES/EllisWeismer/download_2026-05-31/TD/42pc/12071.cha,transcript,.cha,58830,cbeb64c3eabafb4a170e67af5c9729be008c3e9557dd119285ce565f1b871b88,True,pass,pass,,eng,"MOT Mother, CHI Target_Child",2,True,True,True,True,True,True,166,486
CHILDES,EllisWeismer,raw_download,2026-05-31,/private/tmp/talkbank_intake_20260531/EllisWeismer/TD/42pc/12077.cha,data/raw/talkbank/CHILDES/EllisWeismer/download_2026-05-31/TD/42pc/12077.cha,transcript,.cha,65064,20178d36b929b4d4d287f6966924b0878106270eaa927354ae0f3b76106036f9,True,pass,pass,,eng,"MOT Mother, CHI Target_Child",2,True,True,True,True,True,True,131,359
CHILDES,EllisWeismer,raw_download,2026-05-31,/private/tmp/talkbank_intake_20260531/EllisWeismer/TD/42pc/12095.cha,data/raw/talkbank/CHILDES/EllisWeismer/download_2026-05-31/TD/42pc/12095.cha,transcript,.cha,54246,098c7d4c514906226d990badf77118f791e0e0845dd30997eaad6948853f8a73,True,pass,pass,,eng,"CHI Target_Child, MOT Mother",2,True,True,True,True,True,True,115,408
CHILDES,EllisWeismer,raw_download,2026-05-31,/private/tmp/talkbank_intake_20260531/EllisWeismer/TD/42pc/21097.cha,data/raw/talkbank/CHILDES/EllisWeismer/download_2026-05-31/TD/42pc/21097.cha,transcript,.cha,58733,3cbcccf58a825c661432c6f98a9c29be63cbc4d055aaa60395b135a2f0480d9e,True,pass,pass,,eng,"CHI Target_Child, FAT Father",2,True,True,True,True,True,True,183,693
CHILDES,EllisWeismer,raw_download,2026-05-31,/private/tmp/talkbank_intake_20260531/EllisWeismer/TD/42pc/21116.cha,data/raw/talkbank/CHILDES/EllisWeismer/download_2026-05-31/TD/42pc/21116.cha,transcript,.cha,48797,298c46237bcb331e86ac230e1d21de10a7727ff70c7ebe2f0bd10dbc9a847698,True,pass,pass,,eng,"MOT Mother, CHI Target_Child",2,True,True,True,True,True,True,117,401
CHILDES,EllisWeismer,raw_download,2026-05-31,/private/tmp/talkbank_intake_20260531/EllisWeismer/TD/42pc/21121.cha,data/raw/talkbank/CHILDES/EllisWeismer/download_2026-05-31/TD/42pc/21121.cha,transcript,.cha,50136,f041705ff885ed1941a1c6ec033014ba80b8aff958a901c6784e4d66c1ef2b64,True,pass,pass,,eng,"MOT Mother, CHI Target_Child",2,True,True,True,True,True,True,119,402
CHILDES,EllisWeismer,raw_download,2026-05-31,/private/tmp/talkbank_intake_20260531/EllisWeismer/TD/42pc/21135.cha,data/raw/talkbank/CHILDES/EllisWeismer/download_2026-05-31/TD/42pc/21135.cha,transcript,.cha,73026,34cb8461dc2af81b7c53dac0b006c2b3b308bc9f425420992806d93bf9f81f81,True,pass,pass,,eng,"MOT Mother, CHI Target_Child",2,True,True,True,True,True,True,166,476
CHILDES,EllisWeismer,raw_download,2026-05-31,/private/tmp/talkbank_intake_20260531/EllisWeismer/TD/42pc/21189.cha,data/raw/talkbank/CHILDES/EllisWeismer/download_2026-05-31/TD/42pc/21189.cha,transcript,.cha,60697,fd5c2227a06a3e0eacce649e6a9323d0a09113ed50a63acee7eebaaecb83cc4e,True,pass,pass,,eng,"MOT Mother, CHI Target_Child",2,True,True,True,True,True,True,137,450
CHILDES,EllisWeismer,raw_download,2026-05-31,/private/tmp/talkbank_intake_20260531/EllisWeismer/TD/42pc/22103.cha,data/raw/talkbank/CHILDES/EllisWeismer/download_2026-05-31/TD/42pc/22103.cha,transcript,.cha,45768,0ccdf4e3c4e81e1297cebe3c6b55b055377790184e924b0fa762af95cb7c652e,True,pass,pass,,eng,"MOT Mother, CHI Target_Child",2,True,True,True,True,True,True,104,347
CHILDES,EllisWeismer,raw_download,2026-05-31,/private/tmp/talkbank_intake_20260531/EllisWeismer/TD/42pc/22108.cha,data/raw/talkbank/CHILDES/EllisWeismer/download_2026-05-31/TD/42pc/22108.cha,transcript,.cha,62302,67c6afa44ef0f4c98c0ce5fe9765af297ead3066b026a62b8ff1c2c2a5affedd,True,pass,pass,,eng,"MOT Mother, CHI Target_Child",2,True,True,True,True,True,True,171,697
CHILDES,EllisWeismer,raw_download,2026-05-31,/private/tmp/talkbank_intake_20260531/EllisWeismer/TD/42pc/22113.cha,data/raw/talkbank/CHILDES/EllisWeismer/download_2026-05-31/TD/42pc/22113.cha,transcript,.cha,41637,bb2516516997dd12bcf854acd872d74cc528e4d209f947951765672c698cbca9,True,pass,pass,,eng,"MOT Mother, CHI Target_Child, INV Investigator",3,True,True,True,True,True,True,99,346
CHILDES,EllisWeismer,raw_download,2026-05-31,/private/tmp/talkbank_intake_20260531/EllisWeismer/TD/42pc/22118.cha,data/raw/talkbank/CHILDES/EllisWeismer/download_2026-05-31/TD/42pc/22118.cha,transcript,.cha,41440,761c2f4f4dcb474820359b535ec04e8b32960aeb78f48132af9e6456057d16d8,True,pass,pass,,eng,"CHI Target_Child, MOT Mother",2,True,True,True,True,True,True,155,654
CHILDES,EllisWeismer,raw_download,2026-05-31,/private/tmp/talkbank_intake_20260531/EllisWeismer/TD/42pc/22120.cha,data/raw/talkbank/CHILDES/EllisWeismer/download_2026-05-31/TD/42pc/22120.cha,transcript,.cha,50137,6f8cf49c755da3a5be3da6bab58cc43b283e39160ff8d5ce593e355442f9a01f,True,pass,pass,,eng,"CHI Target_Child, MOT Mother",2,True,True,True,True,True,True,147,554
CHILDES,EllisWeismer,raw_download,2026-05-31,/private/tmp/talkbank_intake_20260531/EllisWeismer/TD/42pc/22128.cha,data/raw/talkbank/CHILDES/EllisWeismer/download_2026-05-31/TD/42pc/22128.cha,transcript,.cha,22407,c6ce3fed1d89d99ede1dc2fb3c7c456433d48f706f3fac3048b95b8fc03670a0,True,pass,pass,,eng,"MOT Mother, CHI Target_Child",2,True,True,True,True,True,True,62,217
CHILDES,EllisWeismer,raw_download,2026-05-31,/private/tmp/talkbank_intake_20260531/EllisWeismer/TD/42pc/22148.cha,data/raw/talkbank/CHILDES/EllisWeismer/download_2026-05-31/TD/42pc/22148.cha,transcript,.cha,66124,a889aed6939663ba2f0c7c0662345540f37615ac68821b212382aba1485ea276,True,pass,pass,,eng,"MOT Mother, CHI Target_Child",2,True,True,True,True,True,True,114,438
CHILDES,EllisWeismer,raw_download,2026-05-31,/private/tmp/talkbank_intake_20260531/EllisWeismer/TD/42pc/22180.cha,data/raw/talkbank/CHILDES/EllisWeismer/download_2026-05-31/TD/42pc/22180.cha,transcript,.cha,54686,c81b6a3efcc2154323bf53cbbcc46d7a4e096c3d03534558137a79804cd72587,True,pass,pass,,eng,"CHI Target_Child, MOT Mother",2,True,True,True,True,True,True,109,387
CHILDES,EllisWeismer,raw_download,2026-05-31,/private/tmp/talkbank_intake_20260531/EllisWeismer/TD/54ec/11006.cha,data/raw/talkbank/CHILDES/EllisWeismer/download_2026-05-31/TD/54ec/11006.cha,transcript,.cha,66214,635ee4af8f4945490f5cb4475fe09a08f4ed314459c531a38453d829679dd3be,True,pass,pass,,eng,"INV Investigator, CHI Target_Child",2,True,True,True,True,True,True,137,506
CHILDES,EllisWeismer,raw_download,2026-05-31,/private/tmp/talkbank_intake_20260531/EllisWeismer/TD/54ec/11013.cha,data/raw/talkbank/CHILDES/EllisWeismer/download_2026-05-31/TD/54ec/11013.cha,transcript,.cha,64122,ee1f829a660645132a0554e536d9e9930349100f5a645e3bbf9a56f8f5821204,True,pass,pass,,eng,"INV Investigator, CHI Target_Child",2,True,True,True,True,True,True,182,797
CHILDES,EllisWeismer,raw_download,2026-05-31,/private/tmp/talkbank_intake_20260531/EllisWeismer/TD/54ec/11023.cha,data/raw/talkbank/CHILDES/EllisWeismer/download_2026-05-31/TD/54ec/11023.cha,transcript,.cha,52163,1d42ee2a559499b20ccf2e490409c847ce316bf24b908fc59c5dbfd4374bc503,True,pass,pass,,eng,"INV Investigator, CHI Target_Child",2,True,True,True,True,True,True,52,165
CHILDES,EllisWeismer,raw_download,2026-05-31,/private/tmp/talkbank_intake_20260531/EllisWeismer/TD/54ec/11051.cha,data/raw/talkbank/CHILDES/EllisWeismer/download_2026-05-31/TD/54ec/11051.cha,transcript,.cha,43649,caa0d7b9d3559e51b6ea94d170b7833854a576a7c3bca158ce12751383e23f51,True,pass,pass,,eng,"INV Investigator, CHI Target_Child",2,True,True,True,True,True,True,85,405
CHILDES,EllisWeismer,raw_download,2026-05-31,/private/tmp/talkbank_intake_20260531/EllisWeismer/TD/54ec/12004.cha,data/raw/talkbank/CHILDES/EllisWeismer/download_2026-05-31/TD/54ec/12004.cha,transcript,.cha,38435,6a9d0ba75740053d6898b39411a404bef6a00a7eb5372fb1c45ecc0c62cdaae1,True,pass,pass,,eng,"INV Investigator, CHI Target_Child",2,True,True,True,True,True,True,80,307
CHILDES,EllisWeismer,raw_download,2026-05-31,/private/tmp/talkbank_intake_20260531/EllisWeismer/TD/54ec/12007.cha,data/raw/talkbank/CHILDES/EllisWeismer/download_2026-05-31/TD/54ec/12007.cha,transcript,.cha,79530,81ce7601142fd2a778c68b141f6bfc592daba277afbe87aa7ff5dd853b48bb0d,True,pass,pass,,eng,"INV Investigator, CHI Target_Child",2,True,True,True,True,True,True,220,1199
CHILDES,EllisWeismer,raw_download,2026-05-31,/private/tmp/talkbank_intake_20260531/EllisWeismer/TD/54ec/12008.cha,data/raw/talkbank/CHILDES/EllisWeismer/download_2026-05-31/TD/54ec/12008.cha,transcript,.cha,78337,ac886cc85bb3f06b03ad3ad8518a89c8a783993dbfa58cf9976ee6bcfc67db21,True,pass,pass,,eng,"INV Investigator, CHI Target_Child",2,True,True,True,True,True,True,165,638
CHILDES,EllisWeismer,raw_download,2026-05-31,/private/tmp/talkbank_intake_20260531/EllisWeismer/TD/54ec/12014.cha,data/raw/talkbank/CHILDES/EllisWeismer/download_2026-05-31/TD/54ec/12014.cha,transcript,.cha,24917,d46ad1639fcab3cdbe9db3a11164be44b52e3e717ca80b72253a546b024b4e89,True,pass,pass,,eng,"INV Investigator, CHI Target_Child",2,True,True,True,True,True,True,77,272
CHILDES,EllisWeismer,raw_download,2026-05-31,/private/tmp/talkbank_intake_20260531/EllisWeismer/TD/54ec/12015.cha,data/raw/talkbank/CHILDES/EllisWeismer/download_2026-05-31/TD/54ec/12015.cha,transcript,.cha,57721,1df79b746e1b66c4b0d5fd31a7f9877218477dc017ba269b267af3d35eff4f48,True,pass,pass,,eng,"CHI Target_Child, INV Investigator",2,True,True,True,True,True,True,152,647
CHILDES,EllisWeismer,raw_download,2026-05-31,/private/tmp/talkbank_intake_20260531/EllisWeismer/TD/54ec/12029.cha,data/raw/talkbank/CHILDES/EllisWeismer/download_2026-05-31/TD/54ec/12029.cha,transcript,.cha,53205,de5f9f6d8d79a0e45c1e5999f8c19a4551cbc6b81fa672506edae66b9263f61d,True,pass,pass,,eng,"INV Investigator, CHI Target_Child",2,True,True,True,True,True,True,109,606
CHILDES,EllisWeismer,raw_download,2026-05-31,/private/tmp/talkbank_intake_20260531/EllisWeismer/TD/54ec/12077.cha,data/raw/talkbank/CHILDES/EllisWeismer/download_2026-05-31/TD/54ec/12077.cha,transcript,.cha,75168,fc0a755fcb407484477f3489261f29cdce2e07d9c78db612baaaedb8aadf419c,True,pass,pass,,eng,"INV Investigator, CHI Target_Child",2,True,True,True,True,True,True,165,559
CHILDES,EllisWeismer,raw_download,2026-05-31,/private/tmp/talkbank_intake_20260531/EllisWeismer/TD/54ec/21160.cha,data/raw/talkbank/CHILDES/EllisWeismer/download_2026-05-31/TD/54ec/21160.cha,transcript,.cha,53201,8154f0605f20a9d001834615b20d3dddc79c8ebc3d209f6e826074db92d6f1f7,True,pass,pass,,eng,"INV Investigator, CHI Target_Child",2,True,True,True,True,True,True,156,896
CHILDES,EllisWeismer,raw_download,2026-05-31,/private/tmp/talkbank_intake_20260531/EllisWeismer/TD/54ec/21189.cha,data/raw/talkbank/CHILDES/EllisWeismer/download_2026-05-31/TD/54ec/21189.cha,transcript,.cha,69004,874c48782563eb7eac6438acaeb5ef664a97d388e552e8a7026be6167918b7f6,True,pass,pass,,eng,"CHI Target_Child, INV Investigator",2,True,True,True,True,True,True,208,724
CHILDES,EllisWeismer,raw_download,2026-05-31,/private/tmp/talkbank_intake_20260531/EllisWeismer/TD/54ec/22103.cha,data/raw/talkbank/CHILDES/EllisWeismer/download_2026-05-31/TD/54ec/22103.cha,transcript,.cha,44982,641c2f40c46234c9d7446e7dd3babde49c52ac0230ca32a0a7366aeb2e66a615,True,pass,pass,,eng,"INV Investigator, CHI Target_Child",2,True,True,True,True,True,True,67,215
CHILDES,EllisWeismer,raw_download,2026-05-31,/private/tmp/talkbank_intake_20260531/EllisWeismer/TD/54ec/22104.cha,data/raw/talkbank/CHILDES/EllisWeismer/download_2026-05-31/TD/54ec/22104.cha,transcript,.cha,52653,97c4bc3167fd04c14cbbce11231492e3d2bb7e1a8be44fddaef83de65ce9ba4e,True,pass,pass,,eng,"INV Investigator, CHI Target_Child",2,True,True,True,True,True,True,132,616
CHILDES,EllisWeismer,raw_download,2026-05-31,/private/tmp/talkbank_intake_20260531/EllisWeismer/TD/54ec/22118.cha,data/raw/talkbank/CHILDES/EllisWeismer/download_2026-05-31/TD/54ec/22118.cha,transcript,.cha,74205,21f5b044e402ec50eb7f7ba42f9fdcbe8d2172af770c920b3f9f1f5fabba7289,True,pass,pass,,eng,"INV Investigator, CHI Target_Child",2,True,True,True,True,True,True,174,358
CHILDES,EllisWeismer,raw_download,2026-05-31,/private/tmp/talkbank_intake_20260531/EllisWeismer/TD/54ec/22120.cha,data/raw/talkbank/CHILDES/EllisWeismer/download_2026-05-31/TD/54ec/22120.cha,transcript,.cha,39108,1008544ab83331eaa2c16b698b4c541fa4e93566e9394929a16035676faef602,True,pass,pass,,eng,"INV Investigator, CHI Target_Child",2,True,True,True,True,True,True,101,349
CHILDES,EllisWeismer,raw_download,2026-05-31,/private/tmp/talkbank_intake_20260531/EllisWeismer/TD/54ec/22128.cha,data/raw/talkbank/CHILDES/EllisWeismer/download_2026-05-31/TD/54ec/22128.cha,transcript,.cha,40472,4eb9cd0bc21c972b7b8eb1d50e8a75f3d8f2897fb4ca8d3a9988915069d39dc6,True,pass,pass,,eng,"INV Investigator, CHI Target_Child",2,True,True,True,True,True,True,62,209
CHILDES,EllisWeismer,raw_download,2026-05-31,/private/tmp/talkbank_intake_20260531/EllisWeismer/TD/54ec/22140.cha,data/raw/talkbank/CHILDES/EllisWeismer/download_2026-05-31/TD/54ec/22140.cha,transcript,.cha,56303,a36634f7e8ed5897efee98d81b6a5dcacb6e7545a439dd8cda8373c04d24d50c,True,pass,pass,,eng,"INV Investigator, CHI Target_Child",2,True,True,True,True,True,True,207,727
CHILDES,EllisWeismer,raw_download,2026-05-31,/private/tmp/talkbank_intake_20260531/EllisWeismer/TD/54ec/22148.cha,data/raw/talkbank/CHILDES/EllisWeismer/download_2026-05-31/TD/54ec/22148.cha,transcript,.cha,53711,25c7898320535ea4c3842c21eab7959dac052630db7e6d09c7b325f17fee4738,True,pass,pass,,eng,"CHI Target_Child, INV Investigator",2,True,True,True,True,True,True,96,274
CHILDES,EllisWeismer,raw_download,2026-05-31,/private/tmp/talkbank_intake_20260531/EllisWeismer/TD/54int/11006.cha,data/raw/talkbank/CHILDES/EllisWeismer/download_2026-05-31/TD/54int/11006.cha,transcript,.cha,97108,c5db60de08c723dc8b249584ce67229c49bd8bc46662e90a55782654f85bd737,True,pass,pass,,eng,"INV Investigator, CHI Target_Child",2,True,True,True,True,True,True,209,1673
CHILDES,EllisWeismer,raw_download,2026-05-31,/private/tmp/talkbank_intake_20260531/EllisWeismer/TD/54int/11013.cha,data/raw/talkbank/CHILDES/EllisWeismer/download_2026-05-31/TD/54int/11013.cha,transcript,.cha,54380,6caa780381d470c400c1cba4884f3e2554ac81cb4f2d40d6241eec15afe81546,True,pass,pass,,eng,"INV Investigator, CHI Target_Child",2,True,True,True,True,True,True,135,693
CHILDES,EllisWeismer,raw_download,2026-05-31,/private/tmp/talkbank_intake_20260531/EllisWeismer/TD/54int/11023.cha,data/raw/talkbank/CHILDES/EllisWeismer/download_2026-05-31/TD/54int/11023.cha,transcript,.cha,74361,f4effa4d07ba374953cc9c47354e55999eb2a2a7a0d65afb6531461e1bd52908,True,pass,pass,,eng,"INV Investigator, CHI Target_Child",2,True,True,True,True,True,True,83,589
CHILDES,EllisWeismer,raw_download,2026-05-31,/private/tmp/talkbank_intake_20260531/EllisWeismer/TD/54int/11025.cha,data/raw/talkbank/CHILDES/EllisWeismer/download_2026-05-31/TD/54int/11025.cha,transcript,.cha,94281,81a87bce417e2f681a98578a7163208c28f2b88c98d1ae53e452a53f2ba34e3e,True,pass,pass,,eng,"INV Investigator, CHI Target_Child",2,True,True,True,True,True,True,140,758
CHILDES,EllisWeismer,raw_download,2026-05-31,/private/tmp/talkbank_intake_20260531/EllisWeismer/TD/54int/11051.cha,data/raw/talkbank/CHILDES/EllisWeismer/download_2026-05-31/TD/54int/11051.cha,transcript,.cha,95851,5d2e03e816f1ef4b3074258caadf39f714ca5678730e5cdc7d5754e16f46592c,True,pass,pass,,eng,"INV Investigator, CHI Target_Child",2,True,True,True,True,True,True,218,1109
CHILDES,EllisWeismer,raw_download,2026-05-31,/private/tmp/talkbank_intake_20260531/EllisWeismer/TD/54int/11053.cha,data/raw/talkbank/CHILDES/EllisWeismer/download_2026-05-31/TD/54int/11053.cha,transcript,.cha,60388,84c3d0ce5b65bf058620cca7a324801d42646961377edf3ae0b123a48d499e27,True,pass,pass,,eng,"INV Investigator, CHI Target_Child",2,True,True,True,True,True,True,139,998
CHILDES,EllisWeismer,raw_download,2026-05-31,/private/tmp/talkbank_intake_20260531/EllisWeismer/TD/54int/11055.cha,data/raw/talkbank/CHILDES/EllisWeismer/download_2026-05-31/TD/54int/11055.cha,transcript,.cha,67179,fdead4434f07e51422060d1e3faa657f6b25bd941efea92c56f2e781b714ed54,True,pass,pass,,eng,"CHI Target_Child, INV Investigator",2,True,True,True,True,True,True,134,772
CHILDES,EllisWeismer,raw_download,2026-05-31,/private/tmp/talkbank_intake_20260531/EllisWeismer/TD/54int/11057.cha,data/raw/talkbank/CHILDES/EllisWeismer/download_2026-05-31/TD/54int/11057.cha,transcript,.cha,72225,30eef1027df23f190eba631cf4593e6c5f0cd6a5b3590d042c300f4d5cce870a,True,pass,pass,,eng,"INV Investigator, CHI Target_Child",2,True,True,True,True,True,True,140,878
CHILDES,EllisWeismer,raw_download,2026-05-31,/private/tmp/talkbank_intake_20260531/EllisWeismer/TD/54int/12003.cha,data/raw/talkbank/CHILDES/EllisWeismer/download_2026-05-31/TD/54int/12003.cha,transcript,.cha,87427,25a7116ad36f9c901396367f023a12a018ab453ed49d2ac3269f2217afe14d2e,True,pass,pass,,eng,"INV Investigator, CHI Target_Child",2,True,True,True,True,True,True,158,1005
CHILDES,EllisWeismer,raw_download,2026-05-31,/private/tmp/talkbank_intake_20260531/EllisWeismer/TD/54int/12004.cha,data/raw/talkbank/CHILDES/EllisWeismer/download_2026-05-31/TD/54int/12004.cha,transcript,.cha,70792,c3b9be48a16a4b67fc49b2e27dbbf6fcd44f03f9e44d1511aab6356ec87215c1,True,pass,pass,,eng,"INV Investigator, CHI Target_Child",2,True,True,True,True,True,True,123,940
CHILDES,EllisWeismer,raw_download,2026-05-31,/private/tmp/talkbank_intake_20260531/EllisWeismer/TD/54int/12008.cha,data/raw/talkbank/CHILDES/EllisWeismer/download_2026-05-31/TD/54int/12008.cha,transcript,.cha,96342,2606897e2facaebec159c417c17d11589f958ce3acba804fe90fd283d362761a,True,pass,pass,,eng,"INV Investigator, CHI Target_Child",2,True,True,True,True,True,True,158,648
CHILDES,EllisWeismer,raw_download,2026-05-31,/private/tmp/talkbank_intake_20260531/EllisWeismer/TD/54int/12011.cha,data/raw/talkbank/CHILDES/EllisWeismer/download_2026-05-31/TD/54int/12011.cha,transcript,.cha,79074,7d1a999e64bf73bd0ff2498f9b2cc4eba9ba89cf3cdc8299f7185e952073f926,True,pass,pass,,eng,"INV Investigator, CHI Target_Child",2,True,True,True,True,True,True,142,918
CHILDES,EllisWeismer,raw_download,2026-05-31,/private/tmp/talkbank_intake_20260531/EllisWeismer/TD/54int/12014.cha,data/raw/talkbank/CHILDES/EllisWeismer/download_2026-05-31/TD/54int/12014.cha,transcript,.cha,40711,e3c5032d455d7e1909af3b84ef5d2859f1733651193885b1ce297f5a0b68c8f8,True,pass,pass,,eng,"INV Investigator, CHI Target_Child",2,True,True,True,True,True,True,98,553
CHILDES,EllisWeismer,raw_download,2026-05-31,/private/tmp/talkbank_intake_20260531/EllisWeismer/TD/54int/12015.cha,data/raw/talkbank/CHILDES/EllisWeismer/download_2026-05-31/TD/54int/12015.cha,transcript,.cha,59914,fde0344d6f873b2412897ed14cedc8393de31cfb01c440524c35ac30b14f3116,True,pass,pass,,eng,"INV Investigator, CHI Target_Child",2,True,True,True,True,True,True,88,773
CHILDES,EllisWeismer,raw_download,2026-05-31,/private/tmp/talkbank_intake_20260531/EllisWeismer/TD/54int/12029.cha,data/raw/talkbank/CHILDES/EllisWeismer/download_2026-05-31/TD/54int/12029.cha,transcript,.cha,60550,bee410e1a40da3931ca2d53e0bd43a754d6a9b9b9deb329c7f93278c60911aa1,True,pass,pass,,eng,"INV Investigator, CHI Target_Child",2,True,True,True,True,True,True,121,912
CHILDES,EllisWeismer,raw_download,2026-05-31,/private/tmp/talkbank_intake_20260531/EllisWeismer/TD/54int/12033.cha,data/raw/talkbank/CHILDES/EllisWeismer/download_2026-05-31/TD/54int/12033.cha,transcript,.cha,69167,2eeaed2ebcdbb90be7daebe8c2b91c4bf665bb084e4b177e1b65ae7cd6241a1a,True,pass,pass,,eng,"INV Investigator, CHI Target_Child",2,True,True,True,True,True,True,169,1295
CHILDES,EllisWeismer,raw_download,2026-05-31,/private/tmp/talkbank_intake_20260531/EllisWeismer/TD/54int/12050.cha,data/raw/talkbank/CHILDES/EllisWeismer/download_2026-05-31/TD/54int/12050.cha,transcript,.cha,69188,02180a4ee76d0e428e1ac4e619b7489682880847859703e1b5d355fb244761df,True,pass,pass,,eng,"INV Investigator, CHI Target_Child",2,True,True,True,True,True,True,185,1127
CHILDES,EllisWeismer,raw_download,2026-05-31,/private/tmp/talkbank_intake_20260531/EllisWeismer/TD/54int/12077.cha,data/raw/talkbank/CHILDES/EllisWeismer/download_2026-05-31/TD/54int/12077.cha,transcript,.cha,90820,42f41acb1f4d514ece7226155cdb0d812dd813e0198f2520eca35070bfe08798,True,pass,pass,,eng,"INV Investigator, CHI Target_Child",2,True,True,True,True,True,True,196,1247
CHILDES,EllisWeismer,raw_download,2026-05-31,/private/tmp/talkbank_intake_20260531/EllisWeismer/TD/54int/21092.cha,data/raw/talkbank/CHILDES/EllisWeismer/download_2026-05-31/TD/54int/21092.cha,transcript,.cha,54226,d90c1711c6019398254499687e9d35c790c2e1b58597bd48093a59efd9a97a51,True,pass,pass,,eng,"INV Investigator, CHI Target_Child",2,True,True,True,True,True,True,129,1071
CHILDES,EllisWeismer,raw_download,2026-05-31,/private/tmp/talkbank_intake_20260531/EllisWeismer/TD/54int/21097.cha,data/raw/talkbank/CHILDES/EllisWeismer/download_2026-05-31/TD/54int/21097.cha,transcript,.cha,86973,575c5e2934eb0313ae8005b9794d9915cb8a8b00802da7aa667af6ea4db87856,True,pass,pass,,eng,"INV Investigator, CHI Target_Child",2,True,True,True,True,True,True,154,1257
CHILDES,EllisWeismer,raw_download,2026-05-31,/private/tmp/talkbank_intake_20260531/EllisWeismer/TD/54int/21102.cha,data/raw/talkbank/CHILDES/EllisWeismer/download_2026-05-31/TD/54int/21102.cha,transcript,.cha,52115,cff8c8bad9507725570a156e8cf07bd2d3038c7e60ef0b95e43cf2c2fb4f7a24,True,pass,pass,,eng,"INV Investigator, CHI Target_Child",2,True,True,True,True,True,True,100,825
CHILDES,EllisWeismer,raw_download,2026-05-31,/private/tmp/talkbank_intake_20260531/EllisWeismer/TD/54int/21116.cha,data/raw/talkbank/CHILDES/EllisWeismer/download_2026-05-31/TD/54int/21116.cha,transcript,.cha,67045,a8d6656a02c809390cfd62e55084de23a1d26dd177742a14320f3c508d761cce,True,pass,pass,,eng,"INV Investigator, CHI Target_Child",2,True,True,True,True,True,True,149,1200
CHILDES,EllisWeismer,raw_download,2026-05-31,/private/tmp/talkbank_intake_20260531/EllisWeismer/TD/54int/21121.cha,data/raw/talkbank/CHILDES/EllisWeismer/download_2026-05-31/TD/54int/21121.cha,transcript,.cha,62309,259bdaa4858a9b93e8719020057bce34cdc60288055653e95ecaee3340f31591,True,pass,pass,,eng,"INV Investigator, CHI Target_Child",2,True,True,True,True,True,True,128,803
CHILDES,EllisWeismer,raw_download,2026-05-31,/private/tmp/talkbank_intake_20260531/EllisWeismer/TD/54int/21189.cha,data/raw/talkbank/CHILDES/EllisWeismer/download_2026-05-31/TD/54int/21189.cha,transcript,.cha,60278,e4686c4247e78ba513aafdd0d591828c7835cdb245a9a5aa058d471911ab1f90,True,pass,pass,,eng,"INV Investigator, CHI Target_Child",2,True,True,True,True,True,True,171,1419
CHILDES,EllisWeismer,raw_download,2026-05-31,/private/tmp/talkbank_intake_20260531/EllisWeismer/TD/54int/21191.cha,data/raw/talkbank/CHILDES/EllisWeismer/download_2026-05-31/TD/54int/21191.cha,transcript,.cha,72286,af8bb578a997a089dddb868bbe8e9519127a6da03ebc4bae92dd8995ebc602c1,True,pass,pass,,eng,"INV Investigator, CHI Target_Child",2,True,True,True,True,True,True,134,1067
CHILDES,EllisWeismer,raw_download,2026-05-31,/private/tmp/talkbank_intake_20260531/EllisWeismer/TD/54int/22086.cha,data/raw/talkbank/CHILDES/EllisWeismer/download_2026-05-31/TD/54int/22086.cha,transcript,.cha,59529,11e5bc7f99de3cf8e317ccb4821632db5953e7d834cf277d7e7a12b54930f1ee,True,pass,pass,,eng,"INV Investigator, CHI Target_Child",2,True,True,True,True,True,True,170,970
CHILDES,EllisWeismer,raw_download,2026-05-31,/private/tmp/talkbank_intake_20260531/EllisWeismer/TD/54int/22089.cha,data/raw/talkbank/CHILDES/EllisWeismer/download_2026-05-31/TD/54int/22089.cha,transcript,.cha,60429,5ea2d51bbb208cecbfc36b5a83baaf0efd5d24454f9d3cdb506d7bd9f9221a67,True,pass,pass,,eng,"INV Investigator, CHI Target_Child",2,True,True,True,True,True,True,133,966
CHILDES,EllisWeismer,raw_download,2026-05-31,/private/tmp/talkbank_intake_20260531/EllisWeismer/TD/54int/22093.cha,data/raw/talkbank/CHILDES/EllisWeismer/download_2026-05-31/TD/54int/22093.cha,transcript,.cha,64423,57377dbfe849b7b5c6c666823c9b416dcd5e3441d8a4bfd9d701bd36aaf2b6a3,True,pass,pass,,eng,"INV Investigator, CHI Target_Child",2,True,True,True,True,True,True,88,362
CHILDES,EllisWeismer,raw_download,2026-05-31,/private/tmp/talkbank_intake_20260531/EllisWeismer/TD/54int/22103.cha,data/raw/talkbank/CHILDES/EllisWeismer/download_2026-05-31/TD/54int/22103.cha,transcript,.cha,73812,ab000279855a47a201d56893144f8b1ad84aa18f580a0069c1f47b8fe974121f,True,pass,pass,,eng,"INV Investigator, CHI Target_Child",2,True,True,True,True,True,True,135,1003
CHILDES,EllisWeismer,raw_download,2026-05-31,/private/tmp/talkbank_intake_20260531/EllisWeismer/TD/54int/22104.cha,data/raw/talkbank/CHILDES/EllisWeismer/download_2026-05-31/TD/54int/22104.cha,transcript,.cha,75419,4860f669f6cf583a5181b943ba6cec537cbf28e6c22902b4762b2a1762b0483d,True,pass,pass,,eng,"INV Investigator, CHI Target_Child",2,True,True,True,True,True,True,174,1200
CHILDES,EllisWeismer,raw_download,2026-05-31,/private/tmp/talkbank_intake_20260531/EllisWeismer/TD/54int/22109.cha,data/raw/talkbank/CHILDES/EllisWeismer/download_2026-05-31/TD/54int/22109.cha,transcript,.cha,63707,63291f064e6e80d873f6c2979483acf5837a05105c343369823f7f25c5a990bb,True,pass,pass,,eng,"INV Investigator, CHI Target_Child",2,True,True,True,True,True,True,112,658
CHILDES,EllisWeismer,raw_download,2026-05-31,/private/tmp/talkbank_intake_20260531/EllisWeismer/TD/54int/22120.cha,data/raw/talkbank/CHILDES/EllisWeismer/download_2026-05-31/TD/54int/22120.cha,transcript,.cha,34107,0aa12e98728a2750637aa59921bd7a16872b77c5bc7c5c038e7a4f1ef043886f,True,pass,pass,,eng,"INV Investigator, CHI Target_Child",2,True,True,True,True,True,True,69,533
CHILDES,EllisWeismer,raw_download,2026-05-31,/private/tmp/talkbank_intake_20260531/EllisWeismer/TD/54int/22128.cha,data/raw/talkbank/CHILDES/EllisWeismer/download_2026-05-31/TD/54int/22128.cha,transcript,.cha,91449,c1c6a21385a1cc6500141e81f55723aae185524ecc526d25ca028463f48ebf0e,True,pass,pass,,eng,"INV Investigator, CHI Target_Child",2,True,True,True,True,True,True,203,1022
CHILDES,EllisWeismer,raw_download,2026-05-31,/private/tmp/talkbank_intake_20260531/EllisWeismer/TD/54int/22140.cha,data/raw/talkbank/CHILDES/EllisWeismer/download_2026-05-31/TD/54int/22140.cha,transcript,.cha,54842,9a4a6665c8ac451fd1982f1906d290810d969f6fddfdceae1ad0645d009938ac,True,pass,pass,,eng,"INV Investigator, CHI Target_Child",2,True,True,True,True,True,True,127,1022
CHILDES,EllisWeismer,raw_download,2026-05-31,/private/tmp/talkbank_intake_20260531/EllisWeismer/TD/54int/22148.cha,data/raw/talkbank/CHILDES/EllisWeismer/download_2026-05-31/TD/54int/22148.cha,transcript,.cha,54065,e36567fc6c40d7e29db28b2d419cd9943933b34ef0b208f32349c62fad9521de,True,pass,pass,,eng,"INV Investigator, CHI Target_Child",2,True,True,True,True,True,True,111,826
CHILDES,EllisWeismer,raw_download,2026-05-31,/private/tmp/talkbank_intake_20260531/EllisWeismer/TD/54int/22192.cha,data/raw/talkbank/CHILDES/EllisWeismer/download_2026-05-31/TD/54int/22192.cha,transcript,.cha,58136,e2b1f0054aecd44b33dfbff5a11bbd2fe4cae9484b4b949de63e0128844b10a0,True,pass,pass,,eng,"INV Investigator, CHI Target_Child",2,True,True,True,True,True,True,139,912
CHILDES,EllisWeismer,raw_download,2026-05-31,/private/tmp/talkbank_intake_20260531/EllisWeismer/TD/66conv/11006.cha,data/raw/talkbank/CHILDES/EllisWeismer/download_2026-05-31/TD/66conv/11006.cha,transcript,.cha,43383,e1a032036f9a804585945782c1e7398ac93341c203cdba0d95df5a8eeb8c9eab,True,pass,pass,,eng,"INV Investigator, CHI Target_Child",2,True,True,True,True,True,True,98,729
CHILDES,EllisWeismer,raw_download,2026-05-31,/private/tmp/talkbank_intake_20260531/EllisWeismer/TD/66conv/11013.cha,data/raw/talkbank/CHILDES/EllisWeismer/download_2026-05-31/TD/66conv/11013.cha,transcript,.cha,66987,a04aff5b32dcb08ca3376d71be1d8353c5fe7c5ac69c86f5b248c7c173263099,True,pass,pass,,eng,"CHI Target_Child, INV Investigator",2,True,True,True,True,True,True,136,794
CHILDES,EllisWeismer,raw_download,2026-05-31,/private/tmp/talkbank_intake_20260531/EllisWeismer/TD/66conv/11023.cha,data/raw/talkbank/CHILDES/EllisWeismer/download_2026-05-31/TD/66conv/11023.cha,transcript,.cha,54806,0746b8a1f14e31753cce583315f16c6446ecd0cec10a7d6b7f962845f33a6531,True,pass,pass,,eng,"INV Investigator, CHI Target_Child",2,True,True,True,True,True,True,110,529
CHILDES,EllisWeismer,raw_download,2026-05-31,/private/tmp/talkbank_intake_20260531/EllisWeismer/TD/66conv/11025.cha,data/raw/talkbank/CHILDES/EllisWeismer/download_2026-05-31/TD/66conv/11025.cha,transcript,.cha,43003,bc530633152b1ae2f6f9a174f2f1d2aee7a9bee755a472e38095e5b2e87fae10,True,pass,pass,,eng,"INV Investigator, CHI Target_Child",2,True,True,True,True,True,True,86,678
CHILDES,EllisWeismer,raw_download,2026-05-31,/private/tmp/talkbank_intake_20260531/EllisWeismer/TD/66conv/11051.cha,data/raw/talkbank/CHILDES/EllisWeismer/download_2026-05-31/TD/66conv/11051.cha,transcript,.cha,57230,c400d0413c7b57f99f58066e5ceecc3591ac6303ec0a616c0ce1cad956cbcec1,True,pass,pass,,eng,"INV Investigator, CHI Target_Child",2,True,True,True,True,True,True,109,320
CHILDES,EllisWeismer,raw_download,2026-05-31,/private/tmp/talkbank_intake_20260531/EllisWeismer/TD/66conv/11055.cha,data/raw/talkbank/CHILDES/EllisWeismer/download_2026-05-31/TD/66conv/11055.cha,transcript,.cha,50105,a8f484c9a4eeaae99e830e323d7cf73897c91469c60dcda5b9370384bc052520,True,pass,pass,,eng,"INV Investigator, CHI Target_Child",2,True,True,True,True,True,True,95,620
CHILDES,EllisWeismer,raw_download,2026-05-31,/private/tmp/talkbank_intake_20260531/EllisWeismer/TD/66conv/11057.cha,data/raw/talkbank/CHILDES/EllisWeismer/download_2026-05-31/TD/66conv/11057.cha,transcript,.cha,44155,3390e39eb811aaa276ac4906a79584667bdc0d8c67594dda730a1725a8d018a4,True,pass,pass,,eng,"INV Investigator, CHI Target_Child",2,True,True,True,True,True,True,92,644
CHILDES,EllisWeismer,raw_download,2026-05-31,/private/tmp/talkbank_intake_20260531/EllisWeismer/TD/66conv/12003.cha,data/raw/talkbank/CHILDES/EllisWeismer/download_2026-05-31/TD/66conv/12003.cha,transcript,.cha,59372,e7596a9f143edf78bc625f890d65d495cf526e34084b4007daae78a2a285a06f,True,pass,pass,,eng,"INV Investigator, CHI Target_Child",2,True,True,True,True,True,True,104,779
CHILDES,EllisWeismer,raw_download,2026-05-31,/private/tmp/talkbank_intake_20260531/EllisWeismer/TD/66conv/12004.cha,data/raw/talkbank/CHILDES/EllisWeismer/download_2026-05-31/TD/66conv/12004.cha,transcript,.cha,50406,2da6f4afddb316ef913c2649e33654c7b3b2f457bb83b661af950622e745eeca,True,pass,pass,,eng,"INV Investigator, CHI Target_Child",2,True,True,True,True,True,True,84,611
CHILDES,EllisWeismer,raw_download,2026-05-31,/private/tmp/talkbank_intake_20260531/EllisWeismer/TD/66conv/12007.cha,data/raw/talkbank/CHILDES/EllisWeismer/download_2026-05-31/TD/66conv/12007.cha,transcript,.cha,58167,62eced725846384d1ad6b8fb278c1a8a319b86ec419a30447438df1026bedaa2,True,pass,pass,,eng,"INV Investigator, CHI Target_Child",2,True,True,True,True,True,True,156,1472
CHILDES,EllisWeismer,raw_download,2026-05-31,/private/tmp/talkbank_intake_20260531/EllisWeismer/TD/66conv/12008.cha,data/raw/talkbank/CHILDES/EllisWeismer/download_2026-05-31/TD/66conv/12008.cha,transcript,.cha,57487,98875e5bf6faf5b73fa76555d94ac8a921b40eba515bac328786898deca47424,True,pass,pass,,eng,"INV Investigator, CHI Target_Child",2,True,True,True,True,True,True,128,581
CHILDES,EllisWeismer,raw_download,2026-05-31,/private/tmp/talkbank_intake_20260531/EllisWeismer/TD/66conv/12011.cha,data/raw/talkbank/CHILDES/EllisWeismer/download_2026-05-31/TD/66conv/12011.cha,transcript,.cha,55451,36d9b3ebf1fd3f1863ca579cced720621e7126a5f6a6c9f234a41842aa082e43,True,pass,pass,,eng,"INV Investigator, CHI Target_Child",2,True,True,True,True,True,True,128,810
CHILDES,EllisWeismer,raw_download,2026-05-31,/private/tmp/talkbank_intake_20260531/EllisWeismer/TD/66conv/12015.cha,data/raw/talkbank/CHILDES/EllisWeismer/download_2026-05-31/TD/66conv/12015.cha,transcript,.cha,60834,7afb84a30c23bff111432a9e45a6f53a581b16d5aef31425c390ff44f5f68916,True,pass,pass,,eng,"INV Investigator, CHI Target_Child",2,True,True,True,True,True,True,114,430
CHILDES,EllisWeismer,raw_download,2026-05-31,/private/tmp/talkbank_intake_20260531/EllisWeismer/TD/66conv/12029.cha,data/raw/talkbank/CHILDES/EllisWeismer/download_2026-05-31/TD/66conv/12029.cha,transcript,.cha,41268,cd3574c203cebb50566cd3657bf5dc84c0846830eaab7cfaa7dc24cad874a6ff,True,pass,pass,,eng,"INV Investigator, CHI Target_Child",2,True,True,True,True,True,True,90,727
CHILDES,EllisWeismer,raw_download,2026-05-31,/private/tmp/talkbank_intake_20260531/EllisWeismer/TD/66conv/12033.cha,data/raw/talkbank/CHILDES/EllisWeismer/download_2026-05-31/TD/66conv/12033.cha,transcript,.cha,80680,fc601d3ef7693ad83f4fe8b8cfe43c22ba6e373f90168edb266a7b11c85e609b,True,pass,pass,,eng,"INV Investigator, CHI Target_Child",2,True,True,True,True,True,True,212,1433
CHILDES,EllisWeismer,raw_download,2026-05-31,/private/tmp/talkbank_intake_20260531/EllisWeismer/TD/66conv/12037.cha,data/raw/talkbank/CHILDES/EllisWeismer/download_2026-05-31/TD/66conv/12037.cha,transcript,.cha,56989,0969ae28437a23895a9de7e3b5242ef5c254fc7415bf0a1ed1e89885d0540bc9,True,pass,pass,,eng,"CHI Target_Child, INV Investigator",2,True,True,True,True,True,True,146,793
CHILDES,EllisWeismer,raw_download,2026-05-31,/private/tmp/talkbank_intake_20260531/EllisWeismer/TD/66conv/12050.cha,data/raw/talkbank/CHILDES/EllisWeismer/download_2026-05-31/TD/66conv/12050.cha,transcript,.cha,51693,096de9a28ed5c0ea4682309ac5e981c35287ce074fc58a25dec036a532ce7e29,True,pass,pass,,eng,"INV Investigator, CHI Target_Child",2,True,True,True,True,True,True,111,1001
CHILDES,EllisWeismer,raw_download,2026-05-31,/private/tmp/talkbank_intake_20260531/EllisWeismer/TD/66conv/12061.cha,data/raw/talkbank/CHILDES/EllisWeismer/download_2026-05-31/TD/66conv/12061.cha,transcript,.cha,54850,b841f81bf0d2081b375d785cabd254378ef8984a1e887df92f9e73248410c48d,True,pass,pass,,eng,"INV Investigator, CHI Target_Child",2,True,True,True,True,True,True,139,657
CHILDES,EllisWeismer,raw_download,2026-05-31,/private/tmp/talkbank_intake_20260531/EllisWeismer/TD/66conv/12071.cha,data/raw/talkbank/CHILDES/EllisWeismer/download_2026-05-31/TD/66conv/12071.cha,transcript,.cha,50626,3f907638f024adcd6746073fdb8b48c3e28b3b94beedffb744343d1c394909bd,True,pass,pass,,eng,"INV Investigator, CHI Target_Child",2,True,True,True,True,True,True,138,1092
CHILDES,EllisWeismer,raw_download,2026-05-31,/private/tmp/talkbank_intake_20260531/EllisWeismer/TD/66conv/12077.cha,data/raw/talkbank/CHILDES/EllisWeismer/download_2026-05-31/TD/66conv/12077.cha,transcript,.cha,42307,9303c3858860cef81a297e480ebf4aa1c8a8314590229b2fb5b361e4a971cbe7,True,pass,pass,,eng,"INV Investigator, CHI Target_Child",2,True,True,True,True,True,True,97,746
CHILDES,EllisWeismer,raw_download,2026-05-31,/private/tmp/talkbank_intake_20260531/EllisWeismer/TD/66conv/21092.cha,data/raw/talkbank/CHILDES/EllisWeismer/download_2026-05-31/TD/66conv/21092.cha,transcript,.cha,64115,6ee9a5aca096d6281d513f1c8d3e70da48f3161ee7f8255088b257f171922364,True,pass,pass,,eng,"INV Investigator, CHI Target_Child",2,True,True,True,True,True,True,126,608
CHILDES,EllisWeismer,raw_download,2026-05-31,/private/tmp/talkbank_intake_20260531/EllisWeismer/TD/66conv/21097.cha,data/raw/talkbank/CHILDES/EllisWeismer/download_2026-05-31/TD/66conv/21097.cha,transcript,.cha,68831,badf9a8be3dbca889e4b8af814f2c105dc8924e8546deb102aeed5700b49eb29,True,pass,pass,,eng,"INV Investigator, CHI Target_Child",2,True,True,True,True,True,True,162,1330
CHILDES,EllisWeismer,raw_download,2026-05-31,/private/tmp/talkbank_intake_20260531/EllisWeismer/TD/66conv/21116.cha,data/raw/talkbank/CHILDES/EllisWeismer/download_2026-05-31/TD/66conv/21116.cha,transcript,.cha,54600,d3ca14f291f71b4360edc2c6bfe35ded02d286da6e18eb54feb3fe849a1e83f9,True,pass,pass,,eng,"INV Investigator, CHI Target_Child",2,True,True,True,True,True,True,120,568
CHILDES,EllisWeismer,raw_download,2026-05-31,/private/tmp/talkbank_intake_20260531/EllisWeismer/TD/66conv/21121.cha,data/raw/talkbank/CHILDES/EllisWeismer/download_2026-05-31/TD/66conv/21121.cha,transcript,.cha,68016,6e3e4e87ea1e7d34b2ba385b318cd46f7932936054d98bbdb2a6110ff2c7d6ed,True,pass,pass,,eng,"INV Investigator, CHI Target_Child",2,True,True,True,True,True,True,127,578
CHILDES,EllisWeismer,raw_download,2026-05-31,/private/tmp/talkbank_intake_20260531/EllisWeismer/TD/66conv/21160.cha,data/raw/talkbank/CHILDES/EllisWeismer/download_2026-05-31/TD/66conv/21160.cha,transcript,.cha,67959,8d32a9a131396631bb61a3a28dce23f31bcf5c4326cd2844886876f6263def7e,True,pass,pass,,eng,"CHI Target_Child, INV Investigator",2,True,True,True,True,True,True,212,1408
CHILDES,EllisWeismer,raw_download,2026-05-31,/private/tmp/talkbank_intake_20260531/EllisWeismer/TD/66conv/21189.cha,data/raw/talkbank/CHILDES/EllisWeismer/download_2026-05-31/TD/66conv/21189.cha,transcript,.cha,54550,8d8523b3ad8e166483ca5e647ca1416540f1ef47cbe95f13cc8a444dcec084d6,True,pass,pass,,eng,"INV Investigator, CHI Target_Child",2,True,True,True,True,True,True,148,932
CHILDES,EllisWeismer,raw_download,2026-05-31,/private/tmp/talkbank_intake_20260531/EllisWeismer/TD/66conv/21191.cha,data/raw/talkbank/CHILDES/EllisWeismer/download_2026-05-31/TD/66conv/21191.cha,transcript,.cha,73535,ecf9b3bba189f46975b96952401659a8efe660fcc600bcc5e3540c444f12d043,True,pass,pass,,eng,"INV Investigator, CHI Target_Child",2,True,True,True,True,True,True,132,611
CHILDES,EllisWeismer,raw_download,2026-05-31,/private/tmp/talkbank_intake_20260531/EllisWeismer/TD/66conv/22093.cha,data/raw/talkbank/CHILDES/EllisWeismer/download_2026-05-31/TD/66conv/22093.cha,transcript,.cha,56273,6fd696fdb7bf214ccdc05fddee218f329b238748c77236d0179d2fc8dc2d9e24,True,pass,pass,,eng,"INV Investigator, CHI Target_Child",2,True,True,True,True,True,True,119,693
CHILDES,EllisWeismer,raw_download,2026-05-31,/private/tmp/talkbank_intake_20260531/EllisWeismer/TD/66conv/22102.cha,data/raw/talkbank/CHILDES/EllisWeismer/download_2026-05-31/TD/66conv/22102.cha,transcript,.cha,64680,38d3a90a7ab77825dc8ecb7cbfac7bc11a4d6bf2b6e7ef202ee8d37c321ed1f7,True,pass,pass,,eng,"INV Investigator, CHI Target_Child",2,True,True,True,True,True,True,119,562
CHILDES,EllisWeismer,raw_download,2026-05-31,/private/tmp/talkbank_intake_20260531/EllisWeismer/TD/66conv/22103.cha,data/raw/talkbank/CHILDES/EllisWeismer/download_2026-05-31/TD/66conv/22103.cha,transcript,.cha,54558,12b24ca6c65b0e8566d445fc6109ad5b3b12bb2a241884cdf7c8d0795ddc364b,True,pass,pass,,eng,"INV Investigator, CHI Target_Child",2,True,True,True,True,True,True,96,658
CHILDES,EllisWeismer,raw_download,2026-05-31,/private/tmp/talkbank_intake_20260531/EllisWeismer/TD/66conv/22104.cha,data/raw/talkbank/CHILDES/EllisWeismer/download_2026-05-31/TD/66conv/22104.cha,transcript,.cha,56744,d06831293f5046235ac422aca8b13292bfaaf3b07f7663de6a236f9155c2d3be,True,pass,pass,,eng,"INV Investigator, CHI Target_Child",2,True,True,True,True,True,True,118,727
CHILDES,EllisWeismer,raw_download,2026-05-31,/private/tmp/talkbank_intake_20260531/EllisWeismer/TD/66conv/22118.cha,data/raw/talkbank/CHILDES/EllisWeismer/download_2026-05-31/TD/66conv/22118.cha,transcript,.cha,59066,7d456c3b677e10db3311be9a06944f3f553c8c72666bde7b541d382ea01c40d0,True,pass,pass,,eng,"INV Investigator, CHI Target_Child",2,True,True,True,True,True,True,126,613
CHILDES,EllisWeismer,raw_download,2026-05-31,/private/tmp/talkbank_intake_20260531/EllisWeismer/TD/66conv/22120.cha,data/raw/talkbank/CHILDES/EllisWeismer/download_2026-05-31/TD/66conv/22120.cha,transcript,.cha,54472,9cb34ddd26d72e02218b74023dafe447dc5c7035edb3f7282cc23bd51997b39e,True,pass,pass,,eng,"INV Investigator, CHI Target_Child",2,True,True,True,True,True,True,126,549
CHILDES,EllisWeismer,raw_download,2026-05-31,/private/tmp/talkbank_intake_20260531/EllisWeismer/TD/66conv/22128.cha,data/raw/talkbank/CHILDES/EllisWeismer/download_2026-05-31/TD/66conv/22128.cha,transcript,.cha,86723,02697de3517286d460b4f9605387de441b4a77ce1520a8019ec2b77696e68038,True,pass,pass,,eng,"INV Investigator, CHI Target_Child",2,True,True,True,True,True,True,219,1018
CHILDES,EllisWeismer,raw_download,2026-05-31,/private/tmp/talkbank_intake_20260531/EllisWeismer/TD/66conv/22140.cha,data/raw/talkbank/CHILDES/EllisWeismer/download_2026-05-31/TD/66conv/22140.cha,transcript,.cha,67061,684c617f8a3bb3e3095d32d2be283c4be354323e9ad3726fd6f2e499d13813b1,True,pass,pass,,eng,"INV Investigator, CHI Target_Child",2,True,True,True,True,True,True,158,928
CHILDES,EllisWeismer,raw_download,2026-05-31,/private/tmp/talkbank_intake_20260531/EllisWeismer/TD/66conv/22141.cha,data/raw/talkbank/CHILDES/EllisWeismer/download_2026-05-31/TD/66conv/22141.cha,transcript,.cha,55588,f44866e37d166c8c362dd950011119948ab0d16f7db3cf0cbce3a5a5dd03bd4d,True,pass,pass,,eng,"INV Investigator, CHI Target_Child",2,True,True,True,True,True,True,101,290
CHILDES,EllisWeismer,raw_download,2026-05-31,/private/tmp/talkbank_intake_20260531/EllisWeismer/TD/66conv/22148.cha,data/raw/talkbank/CHILDES/EllisWeismer/download_2026-05-31/TD/66conv/22148.cha,transcript,.cha,76777,09bd100cb0adc313ff7c86e44a4279473b1d385e905062b9d26b382b8b5ddcf8,True,pass,pass,,eng,"INV Investigator, CHI Target_Child",2,True,True,True,True,True,True,191,997
project_data,NYU-Emerson,existing_project_data,,data/NYU-Emerson/0demo.csv,,sidecar,.csv,5590,d87288841afb66d5c20335e4f8bb6537f568f7e2c4823c702861c3ea504f7659,False,not_applicable,not_applicable,,,,0,False,False,False,False,False,False,0,0
project_data,NYU-Emerson,existing_project_data,,data/NYU-Emerson/0metadata.cdc,,sidecar,.cdc,191,dcc5c72f0e2d6cf38a0cf1ea70b068152e70310709293a1f49f807530b8d58a9,False,not_applicable,not_applicable,,,,0,False,False,False,False,False,False,0,0
project_data,NYU-Emerson,existing_project_data,,data/NYU-Emerson/0types.txt,,sidecar,.txt,28,974a46049d1bc27666c5508f380e0d7c0b0c0ff4e31e149c12f95be598e90e0c,False,not_applicable,not_applicable,,,,0,False,False,False,False,False,False,0,0
project_data,NYU-Emerson,existing_project_data,,data/NYU-Emerson/2001.cha,,transcript,.cha,135686,818d05d0542aa962b201d440d400734db6bd60f0e5804fa249795d681291148e,False,pass,pass,,eng,"CHI Childname Target_Child, MOT Mothername Mother, INV Investigatorname Investigator",3,True,True,True,True,True,True,353,662
project_data,NYU-Emerson,existing_project_data,,data/NYU-Emerson/2002.cha,,transcript,.cha,100819,c14daf4fa4d926d636fc7d4607aec573846c0747c3cf4fb0a98886c56346e938,False,pass,pass,,eng,"CHI Childname Target_Child, MOT Mothername Mother, INV Investigatorname Investigator",3,True,True,True,True,True,True,162,111
project_data,NYU-Emerson,existing_project_data,,data/NYU-Emerson/2003.cha,,transcript,.cha,117838,b77ff0658210750f0fca49ee5ea2511ad499612100372b2f852b0c127266dd6d,False,pass,pass,,eng,"CHI Childname Target_Child, MOT Mothername Mother, FAT Fathername Father, INV Investigatorname Investigator, MED Media",5,True,True,True,True,True,True,222,591
project_data,NYU-Emerson,existing_project_data,,data/NYU-Emerson/2004.cha,,transcript,.cha,67692,d2ce5957e6a841f434b61ca2ec7e923ece166a423e780e6e61f1d231e5f02bfe,False,pass,pass,,eng,"CHI Childname Target_Child, MOT Mothername Mother, INV Investigatorname Investigator, MED1 First_Media Media, MED2 Second_Media Media, MED3 Third_Media Media",6,True,True,True,True,True,True,76,26
project_data,NYU-Emerson,existing_project_data,,data/NYU-Emerson/2005.cha,,transcript,.cha,128846,ec3d77a77d3e9d0c88b54e15e4f739d5a66aae29785c8599b6014ae36097b94c,False,pass,pass,,eng,"CHI Childname Target_Child, MOT Mothername Mother, FAT Fathername Father, INV Investigatorname Investigator",4,True,True,True,True,True,True,211,376
project_data,NYU-Emerson,existing_project_data,,data/NYU-Emerson/2006.cha,,transcript,.cha,140720,4ab5c7c05650316129b325e51c687070ef5628638242a6252ab8044426578f60,False,pass,pass,,eng,"CHI Childname Target_Child, MOT Mothername Mother, INV Investigatorname Investigator",3,True,True,True,True,True,True,235,647
project_data,NYU-Emerson,existing_project_data,,data/NYU-Emerson/2007.cha,,transcript,.cha,91018,81a6ebf688540c0be52cc231f4e25e5c06660c3c7efeab263e4007de0492c6fc,False,pass,pass,,eng,"CHI Childname Target_Child, MOT Mothername Mother, PAR Participantname Participant, INV Investigatorname Investigator, MED Media",5,True,True,True,True,True,True,259,434
project_data,NYU-Emerson,existing_project_data,,data/NYU-Emerson/2008.cha,,transcript,.cha,98349,403bdb5b68d5b8ba81a9396554cfc8c6949f63a967234f0fa657fd28a21aa21f,False,pass,pass,,eng,"CHI Childname Target_Child, MOT Mothername Mother, INV Investigatorname Investigator",3,True,True,True,True,True,True,118,63
project_data,NYU-Emerson,existing_project_data,,data/NYU-Emerson/2009.cha,,transcript,.cha,71112,9f3cde1753189a9f8a4a64fab0184a81cd123891ec59f150f0889099ff99e879,False,pass,pass,,eng,"CHI Childname Target_Child, MOT Mothername Mother, INV Investigatorname Investigator, MED Media",4,True,True,True,True,True,True,185,192
project_data,NYU-Emerson,existing_project_data,,data/NYU-Emerson/2010.cha,,transcript,.cha,95021,6859c01dce87e8d6b7b176cd35e571b0c3dbae2abfa55ebd3683f8758c368d70,False,pass,pass,,eng,"CHI Childname Target_Child, MOT Mothername Mother, FAT Fathername Father, INV Investigatorname Investigator",4,True,True,True,True,True,True,111,189
project_data,NYU-Emerson,existing_project_data,,data/NYU-Emerson/2011.cha,,transcript,.cha,106389,c9debc220d1936a012e2d19ab71c2cabfce666c3d012894d1efc86cac522051a,False,pass,pass,,eng,"CHI Childname Target_Child, MOT Mothername Mother, INV Investigatorname Investigator",3,True,True,True,True,True,True,209,519
project_data,NYU-Emerson,existing_project_data,,data/NYU-Emerson/2012.cha,,transcript,.cha,77964,4b11e79c6d51667cbbe0d00b8aca7acf423a12325367f9198cefaadaee5c011c,False,pass,pass,,eng,"CHI Childname Target_Child, MOT Mothername Mother, INV Investigatorname Investigator, MED Media",4,True,True,True,True,True,True,220,349
project_data,NYU-Emerson,existing_project_data,,data/NYU-Emerson/2013.cha,,transcript,.cha,66288,e661602d68e9fb527c2e7d97695593e113fff7b3f5cb2aa05a7e138ee1219c60,False,pass,pass,,eng,"CHI Childname Target_Child, MOT Mothername Mother, FAT Fathername Father, INV Investigatorname Investigator",4,True,True,True,True,True,True,199,78
project_data,NYU-Emerson,existing_project_data,,data/NYU-Emerson/2014.cha,,transcript,.cha,69699,0984a5b468678db6894c9f106193706bb4672431f1ad73135cc5c6672bb0cead,False,pass,pass,,eng,"CHI Childname Target_Child, MOT Mothername Mother, ADU Adultname Adult, INV Investigatorname Investigator",4,True,True,True,True,True,True,84,2
project_data,NYU-Emerson,existing_project_data,,data/NYU-Emerson/2015.cha,,transcript,.cha,131342,88b3d9ef1e5a69d1328782806a5dee04f30b7d4a1054d5f8c41cf333c2a0d64f,False,pass,pass,,eng,"CHI Childname Target_Child, MOT Mothername Mother, INV Investigatorname Investigator, MED Media",4,True,True,True,True,True,True,257,758
project_data,NYU-Emerson,existing_project_data,,data/NYU-Emerson/2016.cha,,transcript,.cha,61969,b2b4ae173ec14c2bfc37f363fb87c3e2a12bf65b38ac210f18a64d5b70cbcc97,False,pass,pass,,eng,"CHI Childname Target_Child, MOT Mothername Mother, INV Investigatorname Investigator, MED Media",4,True,True,True,True,True,True,48,3
project_data,NYU-Emerson,existing_project_data,,data/NYU-Emerson/2017.cha,,transcript,.cha,111118,7dd6c01a23f36c8829f8d68c56b2d2e48638d7a2abde2e0a7002ac70d222edb8,False,pass,pass,,eng,"CHI Childname Target_Child, MOT Mothername Mother, INV Investigatorname Investigator",3,True,True,True,True,True,True,228,284
project_data,NYU-Emerson,existing_project_data,,data/NYU-Emerson/2018.cha,,transcript,.cha,95889,a3faa144eecbdd08b077e6b02ff0d707deec2658cee109e3605d0c88c4498486,False,pass,pass,,eng,"CHI Childname Target_Child, MOT Mothername Mother, INV Investigatorname Investigator, MED Media",4,True,True,True,True,True,True,97,340
project_data,NYU-Emerson,existing_project_data,,data/NYU-Emerson/2019.cha,,transcript,.cha,47930,385b0b59e41a27f97e74c9ff45125f4ddf70638dff14e15a674daadd024bf858,False,pass,pass,,eng,"CHI Childname Target_Child, MOT Mothername Mother, INV Investigatorname Investigator, MED Media",4,True,True,True,True,True,True,25,22
project_data,NYU-Emerson,existing_project_data,,data/NYU-Emerson/2020.cha,,transcript,.cha,119218,562eba32adac7b2027930157219c57d8c871da2a93a49a5df8e39de10f67bc9d,False,pass,pass,,eng,"CHI Childname Target_Child, MOT Mothername Mother, FAT Fathername Father, INV Investigatorname Investigator, MED Media",5,True,True,True,True,True,True,202,339
project_data,NYU-Emerson,existing_project_data,,data/NYU-Emerson/2021.cha,,transcript,.cha,95764,ba9c2f94f71480ac8e641d4bee7973b9f2e582968f18604c94b1a372063186b5,False,pass,pass,,eng,"CHI Childname Target_Child, MOT Mothername Mother, ADU Adultname Adult, INV Investigatorname Investigator",4,True,True,True,True,True,True,234,581
project_data,NYU-Emerson,existing_project_data,,data/NYU-Emerson/2022.cha,,transcript,.cha,110644,234d6b2067bac6027c59bb64c1a69e1d6a3ac00041e8d5946470e43c45d70686,False,pass,pass,,eng,"CHI Childname Target_Child, MOT Mothername Mother, INV Investigatorname Investigator",3,True,True,True,True,True,True,319,827
project_data,NYU-Emerson,existing_project_data,,data/NYU-Emerson/2023.cha,,transcript,.cha,94187,b0db9f0c9f3881985060efc8adc8d7aa0eaafc0b97aca863b6fa91ffbb93e76e,False,pass,pass,,eng,"CHI Childname Target_Child, MOT Mothername Mother, INV Investigatorname Investigator",3,True,True,True,True,True,True,137,15
project_data,NYU-Emerson,existing_project_data,,data/NYU-Emerson/2024.cha,,transcript,.cha,64927,d3920abd47b00c5f7a145bae5e874ad22f1fe9061dc26272899b9f4bac452988,False,pass,pass,,eng,"CHI Childname Target_Child, MOT Mothername Mother, FAT Fathername Father, INV Investigatorname Investigator, MED Media",5,True,True,True,True,True,True,71,46
project_data,NYU-Emerson,existing_project_data,,data/NYU-Emerson/2025.cha,,transcript,.cha,98264,025958d48879fc6f07cb6a9ff5cb00343c88fd8b3a2e67334ef5f3b6ce10594d,False,pass,pass,,"eng, spa","CHI Childname Target_Child, MOT Mothername Mother, FAT Fathername Father, INV Investigatorname Investigator, MED Media",5,True,True,True,True,True,True,157,195
project_data,NYU-Emerson,existing_project_data,,data/NYU-Emerson/2026.cha,,transcript,.cha,87568,47d546dde92a974a4449d6c673da8268bca95787e9942d255363a910f53d7953,False,pass,pass,,eng,"CHI Childname Target_Child, MOT Mothername Mother, INV Investigatorname Investigator",3,True,True,True,True,True,True,128,134
project_data,NYU-Emerson,existing_project_data,,data/NYU-Emerson/2027.cha,,transcript,.cha,109418,dd30ef5b795a669510ae025af92f47f8d5920064a416e38571db99ea58521040,False,pass,pass,,eng,"CHI Childname Target_Child, FAT Fathername Father, SIB Siblingname Sibling, INV Investigatorname Investigator, MED Media",5,True,True,True,True,True,True,247,434
project_data,NYU-Emerson,existing_project_data,,data/NYU-Emerson/2028.cha,,transcript,.cha,84771,07ac2a430d9cf54e4396e8f1153f40908d6807f67da1f35b12985bd6efa0e8af,False,pass,pass,,eng,"CHI Childname Target_Child, MOT Mothername Mother, ADU Adultname Adult, INV Investigatorname Investigator, MED Media",5,True,True,True,True,True,True,44,3
project_data,NYU-Emerson,existing_project_data,,data/NYU-Emerson/2029.cha,,transcript,.cha,81056,c0026519b572785b3bcabb1c7a341bd95cd4495869437f90b7207e89237ee0f2,False,pass,pass,,eng,"CHI Childname Target_Child, MOT Mothername Mother, INV Investigatorname Investigator, MED Media",4,True,True,True,True,True,True,136,71
project_data,NYU-Emerson,existing_project_data,,data/NYU-Emerson/2030.cha,,transcript,.cha,84090,59f6df679f40710e2870c9db63969ef346cde2394751bd3db2df1e8f3ae1abfd,False,pass,pass,,eng,"CHI Childname Target_Child, MOT Mothername Mother, INV Investigatorname Investigator",3,True,True,True,True,True,True,138,235
project_data,Nadig,existing_project_data,,data/Nadig/0metadata.cdc,,sidecar,.cdc,204,695c3a047ecdd2ae44070756675e8ce834587ed8696c40d00c51cb635ca20b01,False,not_applicable,not_applicable,,,,0,False,False,False,False,False,False,0,0
project_data,Nadig,existing_project_data,,data/Nadig/0types.txt,,sidecar,.txt,28,974a46049d1bc27666c5508f380e0d7c0b0c0ff4e31e149c12f95be598e90e0c,False,not_applicable,not_applicable,,,,0,False,False,False,False,False,False,0,0
project_data,Nadig,existing_project_data,,data/Nadig/101.cha,,transcript,.cha,52940,9452d67c3aee76f3caf22f51bf1bba9433658931d810359078505b8b3b63381a,False,warn_nonstrict,warn,pylangacq_nonstrict_only,eng,"MOT Mother, CHI Child",2,True,True,True,True,True,True,77,180
project_data,Nadig,existing_project_data,,data/Nadig/102.cha,,transcript,.cha,46126,f24f71a7be6f7f21142c13c5d22899923a417cfad09ca85ffc5f26159cb30b02,False,pass,pass,,eng,"MOT Mother, CHI Child",2,True,True,True,True,True,True,19,12
project_data,Nadig,existing_project_data,,data/Nadig/103.cha,,transcript,.cha,39244,443cfd0a30fa9acd6cd3c8e2cc45bf261ac4d755e9e5d7d4591bc2a2cd2b42f9,False,warn_nonstrict,warn,pylangacq_nonstrict_only,eng,"CHI Child, MOT Mother",2,True,True,True,True,True,True,76,174
project_data,Nadig,existing_project_data,,data/Nadig/104.cha,,transcript,.cha,32329,6e3ef94b7c9f3965405015edb5041c5cf1a03b91400be9e72ec715a69cb82cb4,False,pass,pass,,eng,"MOT Mother, CHI Child",2,True,True,True,True,True,True,71,122
project_data,Nadig,existing_project_data,,data/Nadig/108.cha,,transcript,.cha,30399,0e7daaa9172bf369e1c38e48edd05d7584c85fde3b6d524a83f28c2112d0b1c3,False,pass,pass,,eng,"MOT Mother, CHI Child",2,True,True,True,True,True,True,94,374
project_data,Nadig,existing_project_data,,data/Nadig/109.cha,,transcript,.cha,44151,5a4c02a04e52cdcd54fea8c0ebe3925edb65dbb190086bcbe99ecebde4483f2a,False,pass,pass,,eng,"MOT Mother, CHI Child",2,True,True,True,True,True,True,81,268
project_data,Nadig,existing_project_data,,data/Nadig/110.cha,,transcript,.cha,35574,ce472c9b81cccf0ad85c99e495b9e3a2f496c7df6ef4564360787682a63537df,False,pass,pass,,eng,"MOT Mother, CHI Child",2,True,True,True,True,True,True,56,162
project_data,Nadig,existing_project_data,,data/Nadig/111.cha,,transcript,.cha,34479,d76edda6f7d80b1433c4128214c74abd1b5e94f1b7b7e6e354207657e9e55463,False,pass,pass,,eng,"MOT Mother, CHI Child",2,True,True,True,True,True,True,76,508
project_data,Nadig,existing_project_data,,data/Nadig/115.cha,,transcript,.cha,25904,64f41e806409bd8a6cc4c884280a7c81a244e1c7250612590c34eaa3f965ee30,False,pass,pass,,eng,"MOT Mother, CHI Child",2,True,True,True,True,True,True,82,212
project_data,Nadig,existing_project_data,,data/Nadig/117.cha,,transcript,.cha,58722,3acdba5e97642da04a25cbd1329f00f182b832f374474f738a2d1a6d120c5be0,False,pass,pass,,eng,"MOT Mother, CHI Child",2,True,True,True,True,True,True,125,367
project_data,Nadig,existing_project_data,,data/Nadig/119.cha,,transcript,.cha,26822,6b6caf5b74388f83698c04d5ce2eadd9650be528bdc531dc151ad306ede94162,False,pass,pass,,eng,"CHI Child, MOT Mother",2,True,True,True,True,True,True,112,370
project_data,Nadig,existing_project_data,,data/Nadig/120.cha,,transcript,.cha,20098,d3c95bb4866ea5bfdcd36f1b91b83a6790695e5f64d28c575935c111e214b682,False,pass,pass,,eng,"CHI Child, FAT Father",2,True,True,True,True,True,True,44,86
project_data,Nadig,existing_project_data,,data/Nadig/121.cha,,transcript,.cha,56656,c6ff18cefce00d9a524e4c77105174676e0575c6d0e1625ca7f1e089a4e7cd3c,False,pass,pass,,eng,"MOT Mother, CHI Child",2,True,True,True,True,True,True,105,300
project_data,Nadig,existing_project_data,,data/Nadig/122.cha,,transcript,.cha,41620,941bb957b38a1d857bde51261b8ff74ed339df7ccf0efc6fe256996a074d5d7a,False,pass,pass,,eng,"CHI Child, MOT Mother",2,True,True,True,True,True,True,102,351
project_data,Nadig,existing_project_data,,data/Nadig/123.cha,,transcript,.cha,59679,6d3dcf6a77164cc430dc6be7e29a2a0aad2766ebad69253c507d268215e86cd3,False,pass,pass,,eng,"MOT Mother, CHI Child",2,True,True,True,True,True,True,108,310
project_data,Nadig,existing_project_data,,data/Nadig/124.cha,,transcript,.cha,36573,e028e493f864a838c34ab2eef822fd7338b672976c93c4fea40cff583ae6e496,False,pass,pass,,eng,"CHI Child, MOT Mother",2,True,True,True,True,True,True,87,142
project_data,Nadig,existing_project_data,,data/Nadig/125.cha,,transcript,.cha,38899,64416740439a2fa2ddfc0d133008d0989ebbecc1a8ce80a107fd557327b94a64,False,pass,pass,,eng,"MOT Mother, CHI Child",2,True,True,True,True,True,True,147,169
project_data,Nadig,existing_project_data,,data/Nadig/126.cha,,transcript,.cha,36257,62346d911594db27f05cb21507e7ebdabaf4b2436b1d8955baf4cdc120f8fd65,False,pass,pass,,eng,"FAT Father, CHI Child",2,True,True,True,True,True,True,95,106
project_data,Nadig,existing_project_data,,data/Nadig/127.cha,,transcript,.cha,24428,fa40d42757a1c48bd5b39f003e04ecc297bf7722fe4d22b334e95ca953ef5074,False,pass,pass,,eng,"MOT Mother, CHI Child",2,True,True,True,True,True,True,79,244
project_data,Nadig,existing_project_data,,data/Nadig/128.cha,,transcript,.cha,37676,efb0ac5e9fd2b6694b17e7d696b2d0a47be1341f620afcf2fd05ecce82a8df54,False,pass,pass,,eng,"MOT Mother, CHI Child",2,True,True,True,True,True,True,82,87
project_data,Nadig,existing_project_data,,data/Nadig/132.cha,,transcript,.cha,44299,1c14a26803307440811b37aebfdd08e52e0c732d49b000071abf946d86d5238d,False,pass,pass,,eng,"MOT Mother, CHI Child",2,True,True,True,True,True,True,113,397
project_data,Nadig,existing_project_data,,data/Nadig/133.cha,,transcript,.cha,32415,c0c6a9c987f5202f50262b5d915fe9a538ac2abac55236f1608dcce1fcffef79,False,pass,pass,,eng,"FAT Father, CHI Child",2,True,True,True,True,True,True,39,36
project_data,Nadig,existing_project_data,,data/Nadig/134.cha,,transcript,.cha,46700,44b7fc31c5e2108872399399ee79b3c262d22ec98af55813ea178723171e66f1,False,pass,pass,,eng,"MOT Mother, CHI Child",2,True,True,True,True,True,True,90,137
project_data,Nadig,existing_project_data,,data/Nadig/135.cha,,transcript,.cha,40370,d6dda2613603a280dfdedbb241269fc85ee3b74778034e963fda09225e58e9a5,False,pass,pass,,eng,"CHI Child, MOT Mother",2,True,True,True,True,True,True,98,350
project_data,Nadig,existing_project_data,,data/Nadig/138.cha,,transcript,.cha,36103,2088f36f992527d08a5c7a4ec096662110bccd0f921a01975ca8176da634a16c,False,pass,pass,,eng,"CHI Child, MOT Mother",2,True,True,True,True,True,True,30,125
project_data,Nadig,existing_project_data,,data/Nadig/139.cha,,transcript,.cha,41019,66a3bb1731866f1007cd97b98d6885906c8dce263ef20b9903e8c833e3eabe89,False,pass,pass,,eng,"MOT Mother, CHI Child",2,True,True,True,True,True,True,92,172
project_data,Nadig,existing_project_data,,data/Nadig/140.cha,,transcript,.cha,8705,408de2bb146e2e0be7425901b5f069dbe2d3e8d0b426d36af8cc204fad2dd939,False,pass,pass,,eng,"MOT Mother, CHI Child",2,True,True,True,True,True,True,3,2
project_data,Nadig,existing_project_data,,data/Nadig/141.cha,,transcript,.cha,40063,6666431f026e03a83f4d481f65c1772253f457f3f5d7928948e8a22cc031acb3,False,pass,pass,,eng,"MOT Mother, CHI Child",2,True,True,True,True,True,True,100,244
project_data,Nadig,existing_project_data,,data/Nadig/143.cha,,transcript,.cha,43454,3c918da30d8fbf8a4b119c918ac7363afb5e68c737cd5329b9cc64771570602f,False,pass,pass,,eng,"MOT Mother, CHI Child",2,True,True,True,True,True,True,131,468
project_data,Nadig,existing_project_data,,data/Nadig/145.cha,,transcript,.cha,25061,239e950849e3c4c395954fc121ecea93456b259296e244a072c3a5bb24a8c4d3,False,pass,pass,,eng,"CHI Child, MOT Mother",2,True,True,True,True,True,True,61,101
project_data,Nadig,existing_project_data,,data/Nadig/149.cha,,transcript,.cha,48816,eb7e79908cab0dbbbebb783d5e2f9b3261a50b9aebd8c8118adc29ec990d66cb,False,pass,pass,,eng,"MOT Mother, CHI Child",2,True,True,True,True,True,True,105,170
project_data,Nadig,existing_project_data,,data/Nadig/157.cha,,transcript,.cha,36580,ea2376de310ccccb0e3e8d9fb3cf552377e4d20c6cde0e79b94f4ea16a0cadf0,False,pass,pass,,eng,"CHI Child, MOT Mother",2,True,True,True,True,True,True,139,273
project_data,Nadig,existing_project_data,,data/Nadig/159.cha,,transcript,.cha,20917,9705a062db0c3f34ba600c710b1c486285a8cf0e2ab6dd3c2f054259ee4c7842,False,pass,pass,,eng,"MOT Mother, CHI Child",2,True,True,True,True,True,True,70,203
project_data,Nadig,existing_project_data,,data/Nadig/161.cha,,transcript,.cha,22411,89e5719cf6199ef5f5fe660b16dc6d407bc798f2fa9551939ea8869b40eae4a0,False,pass,pass,,eng,"MOT Mother, CHI Child",2,True,True,True,True,True,True,12,10
project_data,Nadig,existing_project_data,,data/Nadig/163.cha,,transcript,.cha,23187,6d5320eae20a63975c32d41b4b8a87b88ebc3cf4c390546f7eeffbc15872a669,False,pass,pass,,eng,"MOT Mother, CHI Child",2,True,True,True,True,True,True,74,95
project_data,Nadig,existing_project_data,,data/Nadig/165.cha,,transcript,.cha,39133,a2e6dd720241b7138b0518cc71e22cdc59d9342564c73f9d454f6276c82961bc,False,pass,pass,,eng,"MOT Mother, CHI Child",2,True,True,True,True,True,True,52,47
project_data,Nadig,existing_project_data,,data/Nadig/167.cha,,transcript,.cha,28239,8eb782245768a70f75b1d000b292587b7ce87b855f7a217df6864463e845ce2f,False,pass,pass,,eng,"CHI Child, MOT Mother",2,True,True,True,True,True,True,87,340
project_data,Nadig,existing_project_data,,data/Nadig/169.cha,,transcript,.cha,40514,6b57cf21545de97b0705e9342d8abec6886cdfd81f38aeea6cd6dce1319f342a,False,pass,pass,,eng,"MOT Mother, CHI Child",2,True,True,True,True,True,True,66,192
